transaction_id,amount,transaction_type,location,timestamp,is_fraud
TXN0000000,20.12,Online,FL,2024-01-01 00:00:00,0
TXN0000001,28.75,Transfer,NY,2024-01-01 00:15:00,0
TXN0000002,14.45,ATM,WA,2024-01-01 00:30:00,0
TXN0000003,6.9,Online,NY,2024-01-01 00:45:00,0
TXN0000004,11.64,POS,TX,2024-01-01 01:00:00,0
TXN0000005,6.11,POS,TX,2024-01-01 01:15:00,0
TXN0000006,21.59,POS,FL,2024-01-01 01:30:00,0
TXN0000007,100.31,POS,CA,2024-01-01 01:45:00,0
TXN0000008,11.13,Online,IL,2024-01-01 02:00:00,0
TXN0000009,9.54,Online,NY,2024-01-01 02:15:00,0
TXN0000010,36.15,POS,FL,2024-01-01 02:30:00,0
TXN0000011,30.82,POS,NY,2024-01-01 02:45:00,0
TXN0000012,22.79,ATM,CA,2024-01-01 03:00:00,0
TXN0000013,6.58,Online,WA,2024-01-01 03:15:00,0
TXN0000014,19.39,Transfer,WA,2024-01-01 03:30:00,0
TXN0000015,46.26,ATM,FL,2024-01-01 03:45:00,0
TXN0000016,4.0,POS,WA,2024-01-01 04:00:00,0
TXN0000017,11.6,ATM,NY,2024-01-01 04:15:00,0
TXN0000018,2.05,ATM,IL,2024-01-01 04:30:00,0
TXN0000019,4.27,ATM,FL,2024-01-01 04:45:00,0
TXN0000020,2.2,Online,FL,2024-01-01 05:00:00,0
TXN0000021,15.15,Transfer,CA,2024-01-01 05:15:00,0
TXN0000022,4.39,POS,TX,2024-01-01 05:30:00,0
TXN0000023,27.81,POS,CA,2024-01-01 05:45:00,0
TXN0000024,24.24,POS,FL,2024-01-01 06:00:00,0
TXN0000025,16.05,Transfer,TX,2024-01-01 06:15:00,0
TXN0000026,0.98,Transfer,TX,2024-01-01 06:30:00,0
TXN0000027,10.52,ATM,NY,2024-01-01 06:45:00,0
TXN0000028,18.95,Transfer,WA,2024-01-01 07:00:00,0
TXN0000029,23.01,Transfer,FL,2024-01-01 07:15:00,0
TXN0000030,3.2,Online,TX,2024-01-01 07:30:00,0
TXN0000031,11.32,ATM,FL,2024-01-01 07:45:00,0
TXN0000032,6.21,ATM,IL,2024-01-01 08:00:00,0
TXN0000033,7.61,Online,TX,2024-01-01 08:15:00,0
TXN0000034,71.74,Transfer,WA,2024-01-01 08:30:00,0
TXN0000035,7.62,Transfer,TX,2024-01-01 08:45:00,0
TXN0000036,19.32,POS,NY,2024-01-01 09:00:00,0
TXN0000037,58.05,ATM,CA,2024-01-01 09:15:00,0
TXN0000038,9.97,POS,TX,2024-01-01 09:30:00,0
TXN0000039,17.57,Transfer,TX,2024-01-01 09:45:00,0
TXN0000040,22.93,Online,NY,2024-01-01 10:00:00,0
TXN0000041,21.68,Transfer,IL,2024-01-01 10:15:00,0
TXN0000042,4.62,POS,NY,2024-01-01 10:30:00,0
TXN0000043,22.01,Online,CA,2024-01-01 10:45:00,0
TXN0000044,102.57,Online,TX,2024-01-01 11:00:00,0
TXN0000045,3.14,POS,FL,2024-01-01 11:15:00,0
TXN0000046,56.33,POS,CA,2024-01-01 11:30:00,0
TXN0000047,23.18,POS,TX,2024-01-01 11:45:00,0
TXN0000048,9.3,Online,WA,2024-01-01 12:00:00,0
TXN0000049,221.52,Transfer,WA,2024-01-01 12:15:00,0
TXN0000050,50.13,ATM,IL,2024-01-01 12:30:00,0
TXN0000051,4.76,Online,WA,2024-01-01 12:45:00,0
TXN0000052,21.96,Online,NY,2024-01-01 13:00:00,1
TXN0000053,40.13,ATM,FL,2024-01-01 13:15:00,0
TXN0000054,16.01,Transfer,FL,2024-01-01 13:30:00,0
TXN0000055,45.58,Online,NY,2024-01-01 13:45:00,0
TXN0000056,18.54,POS,WA,2024-01-01 14:00:00,0
TXN0000057,44.73,POS,WA,2024-01-01 14:15:00,0
TXN0000058,112.87,Transfer,FL,2024-01-01 14:30:00,0
TXN0000059,8.93,POS,TX,2024-01-01 14:45:00,0
TXN0000060,25.63,ATM,IL,2024-01-01 15:00:00,0
TXN0000061,11.52,Online,IL,2024-01-01 15:15:00,0
TXN0000062,23.4,POS,IL,2024-01-01 15:30:00,0
TXN0000063,4.83,Transfer,TX,2024-01-01 15:45:00,0
TXN0000064,10.02,POS,NY,2024-01-01 16:00:00,1
TXN0000065,15.87,ATM,CA,2024-01-01 16:15:00,0
TXN0000066,59.06,Online,FL,2024-01-01 16:30:00,0
TXN0000067,79.38,Transfer,CA,2024-01-01 16:45:00,0
TXN0000068,4.1,Transfer,TX,2024-01-01 17:00:00,0
TXN0000069,7.74,Online,NY,2024-01-01 17:15:00,0
TXN0000070,43.65,POS,CA,2024-01-01 17:30:00,0
TXN0000071,1.84,ATM,TX,2024-01-01 17:45:00,0
TXN0000072,11.52,Transfer,NY,2024-01-01 18:00:00,0
TXN0000073,17.87,ATM,TX,2024-01-01 18:15:00,0
TXN0000074,90.78,Online,CA,2024-01-01 18:30:00,0
TXN0000075,45.94,Transfer,NY,2024-01-01 18:45:00,0
TXN0000076,13.56,POS,TX,2024-01-01 19:00:00,0
TXN0000077,12.91,Online,WA,2024-01-01 19:15:00,0
TXN0000078,14.88,POS,NY,2024-01-01 19:30:00,0
TXN0000079,124.99,Online,FL,2024-01-01 19:45:00,0
TXN0000080,12.02,Online,NY,2024-01-01 20:00:00,0
TXN0000081,13.95,POS,IL,2024-01-01 20:15:00,0
TXN0000082,30.66,POS,WA,2024-01-01 20:30:00,0
TXN0000083,17.38,Transfer,IL,2024-01-01 20:45:00,0
TXN0000084,15.85,Online,FL,2024-01-01 21:00:00,0
TXN0000085,5.28,Online,IL,2024-01-01 21:15:00,0
TXN0000086,19.81,Online,IL,2024-01-01 21:30:00,0
TXN0000087,11.8,ATM,IL,2024-01-01 21:45:00,0
TXN0000088,81.4,Transfer,TX,2024-01-01 22:00:00,0
TXN0000089,43.98,POS,WA,2024-01-01 22:15:00,0
TXN0000090,19.51,POS,CA,2024-01-01 22:30:00,0
TXN0000091,44.79,Online,TX,2024-01-01 22:45:00,0
TXN0000092,13.36,ATM,IL,2024-01-01 23:00:00,0
TXN0000093,70.99,Transfer,WA,2024-01-01 23:15:00,0
TXN0000094,19.96,Online,IL,2024-01-01 23:30:00,0
TXN0000095,40.45,POS,TX,2024-01-01 23:45:00,0
TXN0000096,4.27,ATM,CA,2024-01-02 00:00:00,0
TXN0000097,30.45,POS,IL,2024-01-02 00:15:00,0
TXN0000098,2.65,Transfer,WA,2024-01-02 00:30:00,0
TXN0000099,1.75,Transfer,CA,2024-01-02 00:45:00,0
TXN0000100,13.94,ATM,CA,2024-01-02 01:00:00,0
TXN0000101,6.82,ATM,WA,2024-01-02 01:15:00,0
TXN0000102,24.46,Online,NY,2024-01-02 01:30:00,0
TXN0000103,296.99,Transfer,CA,2024-01-02 01:45:00,0
TXN0000104,7.4,Transfer,NY,2024-01-02 02:00:00,0
TXN0000105,9.5,Online,CA,2024-01-02 02:15:00,0
TXN0000106,25.7,POS,WA,2024-01-02 02:30:00,0
TXN0000107,36.29,Transfer,CA,2024-01-02 02:45:00,1
TXN0000108,16.25,Online,FL,2024-01-02 03:00:00,0
TXN0000109,15.69,Online,TX,2024-01-02 03:15:00,0
TXN0000110,46.66,ATM,CA,2024-01-02 03:30:00,0
TXN0000111,37.48,Transfer,CA,2024-01-02 03:45:00,0
TXN0000112,5.81,POS,IL,2024-01-02 04:00:00,0
TXN0000113,18.26,POS,NY,2024-01-02 04:15:00,0
TXN0000114,20.95,Transfer,WA,2024-01-02 04:30:00,0
TXN0000115,5.67,Transfer,TX,2024-01-02 04:45:00,0
TXN0000116,27.43,ATM,IL,2024-01-02 05:00:00,0
TXN0000117,7.17,POS,FL,2024-01-02 05:15:00,0
TXN0000118,64.49,POS,TX,2024-01-02 05:30:00,0
TXN0000119,25.31,Transfer,WA,2024-01-02 05:45:00,0
TXN0000120,22.36,ATM,WA,2024-01-02 06:00:00,0
TXN0000121,9.88,POS,FL,2024-01-02 06:15:00,0
TXN0000122,17.42,Transfer,WA,2024-01-02 06:30:00,1
TXN0000123,1.83,Online,FL,2024-01-02 06:45:00,0
TXN0000124,5.17,POS,IL,2024-01-02 07:00:00,0
TXN0000125,31.04,ATM,IL,2024-01-02 07:15:00,0
TXN0000126,1.56,POS,TX,2024-01-02 07:30:00,0
TXN0000127,55.47,Online,TX,2024-01-02 07:45:00,0
TXN0000128,2.47,Transfer,FL,2024-01-02 08:00:00,0
TXN0000129,49.8,Transfer,NY,2024-01-02 08:15:00,0
TXN0000130,7.28,Online,WA,2024-01-02 08:30:00,0
TXN0000131,51.15,Transfer,NY,2024-01-02 08:45:00,0
TXN0000132,23.5,Transfer,WA,2024-01-02 09:00:00,0
TXN0000133,3.18,POS,WA,2024-01-02 09:15:00,0
TXN0000134,89.93,Transfer,IL,2024-01-02 09:30:00,0
TXN0000135,113.3,Online,NY,2024-01-02 09:45:00,0
TXN0000136,18.56,Transfer,FL,2024-01-02 10:00:00,0
TXN0000137,14.46,Transfer,NY,2024-01-02 10:15:00,0
TXN0000138,16.58,Transfer,WA,2024-01-02 10:30:00,0
TXN0000139,6.23,Transfer,NY,2024-01-02 10:45:00,0
TXN0000140,75.06,POS,NY,2024-01-02 11:00:00,0
TXN0000141,10.47,Transfer,TX,2024-01-02 11:15:00,0
TXN0000142,18.89,ATM,NY,2024-01-02 11:30:00,0
TXN0000143,7.75,Transfer,FL,2024-01-02 11:45:00,0
TXN0000144,9.48,Online,CA,2024-01-02 12:00:00,0
TXN0000145,4.34,Online,NY,2024-01-02 12:15:00,0
TXN0000146,90.78,Transfer,FL,2024-01-02 12:30:00,0
TXN0000147,16.69,Transfer,CA,2024-01-02 12:45:00,0
TXN0000148,64.01,Transfer,TX,2024-01-02 13:00:00,0
TXN0000149,20.41,POS,FL,2024-01-02 13:15:00,0
TXN0000150,8.73,Transfer,FL,2024-01-02 13:30:00,0
TXN0000151,13.57,POS,FL,2024-01-02 13:45:00,0
TXN0000152,10.25,POS,NY,2024-01-02 14:00:00,0
TXN0000153,20.28,POS,NY,2024-01-02 14:15:00,0
TXN0000154,12.8,Transfer,FL,2024-01-02 14:30:00,0
TXN0000155,14.01,Transfer,FL,2024-01-02 14:45:00,0
TXN0000156,3.84,POS,NY,2024-01-02 15:00:00,0
TXN0000157,7.63,Transfer,FL,2024-01-02 15:15:00,0
TXN0000158,146.18,ATM,CA,2024-01-02 15:30:00,0
TXN0000159,8.98,POS,IL,2024-01-02 15:45:00,0
TXN0000160,5.67,Transfer,WA,2024-01-02 16:00:00,0
TXN0000161,30.11,Online,TX,2024-01-02 16:15:00,0
TXN0000162,108.71,ATM,TX,2024-01-02 16:30:00,0
TXN0000163,3.51,POS,TX,2024-01-02 16:45:00,0
TXN0000164,15.64,Online,TX,2024-01-02 17:00:00,0
TXN0000165,9.41,Online,FL,2024-01-02 17:15:00,0
TXN0000166,2.43,POS,FL,2024-01-02 17:30:00,0
TXN0000167,48.52,Online,IL,2024-01-02 17:45:00,0
TXN0000168,19.53,Online,WA,2024-01-02 18:00:00,0
TXN0000169,21.88,POS,TX,2024-01-02 18:15:00,0
TXN0000170,8.14,Online,FL,2024-01-02 18:30:00,0
TXN0000171,34.67,POS,CA,2024-01-02 18:45:00,0
TXN0000172,10.52,Online,CA,2024-01-02 19:00:00,0
TXN0000173,16.92,Online,WA,2024-01-02 19:15:00,1
TXN0000174,5.31,ATM,CA,2024-01-02 19:30:00,0
TXN0000175,4.67,Transfer,FL,2024-01-02 19:45:00,0
TXN0000176,99.75,Online,FL,2024-01-02 20:00:00,0
TXN0000177,10.93,Transfer,IL,2024-01-02 20:15:00,0
TXN0000178,28.5,ATM,CA,2024-01-02 20:30:00,0
TXN0000179,19.29,Transfer,FL,2024-01-02 20:45:00,0
TXN0000180,11.83,ATM,FL,2024-01-02 21:00:00,0
TXN0000181,10.92,POS,WA,2024-01-02 21:15:00,0
TXN0000182,42.78,POS,CA,2024-01-02 21:30:00,0
TXN0000183,13.98,ATM,CA,2024-01-02 21:45:00,0
TXN0000184,16.75,ATM,IL,2024-01-02 22:00:00,0
TXN0000185,20.63,Transfer,FL,2024-01-02 22:15:00,0
TXN0000186,82.42,Transfer,FL,2024-01-02 22:30:00,0
TXN0000187,45.45,Transfer,NY,2024-01-02 22:45:00,0
TXN0000188,31.79,Online,IL,2024-01-02 23:00:00,0
TXN0000189,10.21,Transfer,FL,2024-01-02 23:15:00,0
TXN0000190,3.83,POS,TX,2024-01-02 23:30:00,0
TXN0000191,62.77,ATM,TX,2024-01-02 23:45:00,0
TXN0000192,64.05,POS,IL,2024-01-03 00:00:00,0
TXN0000193,16.96,POS,FL,2024-01-03 00:15:00,0
TXN0000194,38.48,ATM,WA,2024-01-03 00:30:00,0
TXN0000195,51.3,POS,CA,2024-01-03 00:45:00,0
TXN0000196,54.46,Online,FL,2024-01-03 01:00:00,0
TXN0000197,60.68,Online,FL,2024-01-03 01:15:00,0
TXN0000198,11.63,Online,TX,2024-01-03 01:30:00,0
TXN0000199,123.71,Transfer,IL,2024-01-03 01:45:00,0
TXN0000200,4.5,Online,WA,2024-01-03 02:00:00,0
TXN0000201,56.49,POS,CA,2024-01-03 02:15:00,0
TXN0000202,36.33,ATM,NY,2024-01-03 02:30:00,0
TXN0000203,57.3,ATM,IL,2024-01-03 02:45:00,0
TXN0000204,191.49,Online,NY,2024-01-03 03:00:00,1
TXN0000205,119.26,Transfer,NY,2024-01-03 03:15:00,0
TXN0000206,5.08,POS,IL,2024-01-03 03:30:00,1
TXN0000207,2.65,Online,WA,2024-01-03 03:45:00,0
TXN0000208,53.53,Transfer,CA,2024-01-03 04:00:00,0
TXN0000209,5.94,POS,FL,2024-01-03 04:15:00,0
TXN0000210,19.79,Transfer,IL,2024-01-03 04:30:00,0
TXN0000211,55.02,Transfer,WA,2024-01-03 04:45:00,0
TXN0000212,2.79,ATM,CA,2024-01-03 05:00:00,0
TXN0000213,1.6,POS,TX,2024-01-03 05:15:00,0
TXN0000214,27.42,Online,WA,2024-01-03 05:30:00,0
TXN0000215,21.18,POS,CA,2024-01-03 05:45:00,0
TXN0000216,14.95,Online,FL,2024-01-03 06:00:00,0
TXN0000217,21.04,ATM,IL,2024-01-03 06:15:00,0
TXN0000218,7.15,POS,TX,2024-01-03 06:30:00,0
TXN0000219,3.27,Online,TX,2024-01-03 06:45:00,0
TXN0000220,16.44,ATM,TX,2024-01-03 07:00:00,0
TXN0000221,6.26,Transfer,CA,2024-01-03 07:15:00,0
TXN0000222,2.79,Online,WA,2024-01-03 07:30:00,0
TXN0000223,36.85,ATM,TX,2024-01-03 07:45:00,0
TXN0000224,18.66,ATM,WA,2024-01-03 08:00:00,0
TXN0000225,32.72,Transfer,WA,2024-01-03 08:15:00,0
TXN0000226,6.13,Transfer,FL,2024-01-03 08:30:00,0
TXN0000227,9.12,Online,CA,2024-01-03 08:45:00,0
TXN0000228,6.06,Online,CA,2024-01-03 09:00:00,0
TXN0000229,6.93,Online,NY,2024-01-03 09:15:00,0
TXN0000230,25.39,POS,TX,2024-01-03 09:30:00,0
TXN0000231,7.85,ATM,NY,2024-01-03 09:45:00,0
TXN0000232,30.79,Transfer,IL,2024-01-03 10:00:00,1
TXN0000233,30.2,ATM,IL,2024-01-03 10:15:00,0
TXN0000234,228.19,ATM,CA,2024-01-03 10:30:00,0
TXN0000235,3.78,Transfer,CA,2024-01-03 10:45:00,0
TXN0000236,58.29,Transfer,WA,2024-01-03 11:00:00,0
TXN0000237,18.04,Transfer,CA,2024-01-03 11:15:00,0
TXN0000238,19.75,Online,TX,2024-01-03 11:30:00,0
TXN0000239,3.53,Transfer,IL,2024-01-03 11:45:00,0
TXN0000240,11.56,POS,TX,2024-01-03 12:00:00,0
TXN0000241,49.0,Online,NY,2024-01-03 12:15:00,0
TXN0000242,18.19,Online,FL,2024-01-03 12:30:00,0
TXN0000243,22.14,ATM,WA,2024-01-03 12:45:00,0
TXN0000244,14.17,POS,NY,2024-01-03 13:00:00,0
TXN0000245,80.28,Transfer,TX,2024-01-03 13:15:00,0
TXN0000246,19.57,POS,TX,2024-01-03 13:30:00,1
TXN0000247,1.43,ATM,IL,2024-01-03 13:45:00,0
TXN0000248,8.75,ATM,FL,2024-01-03 14:00:00,0
TXN0000249,1.89,Online,IL,2024-01-03 14:15:00,0
TXN0000250,0.41,Online,FL,2024-01-03 14:30:00,0
TXN0000251,10.63,POS,TX,2024-01-03 14:45:00,0
TXN0000252,99.51,ATM,WA,2024-01-03 15:00:00,0
TXN0000253,21.25,POS,IL,2024-01-03 15:15:00,0
TXN0000254,4.92,ATM,NY,2024-01-03 15:30:00,0
TXN0000255,6.5,Online,FL,2024-01-03 15:45:00,1
TXN0000256,78.0,Transfer,NY,2024-01-03 16:00:00,0
TXN0000257,24.27,ATM,CA,2024-01-03 16:15:00,0
TXN0000258,21.28,ATM,CA,2024-01-03 16:30:00,0
TXN0000259,18.84,Online,IL,2024-01-03 16:45:00,0
TXN0000260,21.03,POS,CA,2024-01-03 17:00:00,0
TXN0000261,52.8,Online,TX,2024-01-03 17:15:00,0
TXN0000262,38.98,Online,CA,2024-01-03 17:30:00,0
TXN0000263,26.02,ATM,NY,2024-01-03 17:45:00,0
TXN0000264,5.75,POS,CA,2024-01-03 18:00:00,0
TXN0000265,37.09,POS,TX,2024-01-03 18:15:00,0
TXN0000266,8.84,Online,IL,2024-01-03 18:30:00,0
TXN0000267,74.64,Transfer,CA,2024-01-03 18:45:00,0
TXN0000268,4.37,POS,NY,2024-01-03 19:00:00,0
TXN0000269,17.03,Online,FL,2024-01-03 19:15:00,1
TXN0000270,19.91,ATM,WA,2024-01-03 19:30:00,0
TXN0000271,4.1,Transfer,FL,2024-01-03 19:45:00,0
TXN0000272,158.6,POS,WA,2024-01-03 20:00:00,0
TXN0000273,115.87,ATM,IL,2024-01-03 20:15:00,0
TXN0000274,11.52,ATM,IL,2024-01-03 20:30:00,0
TXN0000275,50.71,POS,WA,2024-01-03 20:45:00,0
TXN0000276,31.64,Transfer,CA,2024-01-03 21:00:00,0
TXN0000277,0.87,POS,FL,2024-01-03 21:15:00,0
TXN0000278,27.13,Transfer,IL,2024-01-03 21:30:00,0
TXN0000279,18.66,Transfer,NY,2024-01-03 21:45:00,0
TXN0000280,22.19,Transfer,CA,2024-01-03 22:00:00,0
TXN0000281,5.52,Transfer,NY,2024-01-03 22:15:00,0
TXN0000282,14.54,ATM,FL,2024-01-03 22:30:00,0
TXN0000283,16.22,POS,IL,2024-01-03 22:45:00,0
TXN0000284,83.57,Online,FL,2024-01-03 23:00:00,0
TXN0000285,30.0,ATM,NY,2024-01-03 23:15:00,0
TXN0000286,19.95,POS,TX,2024-01-03 23:30:00,0
TXN0000287,125.81,POS,WA,2024-01-03 23:45:00,0
TXN0000288,10.32,ATM,IL,2024-01-04 00:00:00,0
TXN0000289,12.59,ATM,NY,2024-01-04 00:15:00,0
TXN0000290,2.27,Online,IL,2024-01-04 00:30:00,0
TXN0000291,132.02,Transfer,IL,2024-01-04 00:45:00,1
TXN0000292,63.89,ATM,NY,2024-01-04 01:00:00,0
TXN0000293,60.35,POS,TX,2024-01-04 01:15:00,0
TXN0000294,44.82,Transfer,FL,2024-01-04 01:30:00,0
TXN0000295,22.92,Online,FL,2024-01-04 01:45:00,0
TXN0000296,26.01,Online,WA,2024-01-04 02:00:00,0
TXN0000297,14.84,Online,NY,2024-01-04 02:15:00,0
TXN0000298,15.73,POS,FL,2024-01-04 02:30:00,0
TXN0000299,21.44,Transfer,FL,2024-01-04 02:45:00,0
TXN0000300,123.25,POS,WA,2024-01-04 03:00:00,0
TXN0000301,39.13,POS,TX,2024-01-04 03:15:00,0
TXN0000302,18.72,ATM,FL,2024-01-04 03:30:00,0
TXN0000303,10.02,Transfer,IL,2024-01-04 03:45:00,0
TXN0000304,9.37,POS,IL,2024-01-04 04:00:00,0
TXN0000305,137.45,Transfer,CA,2024-01-04 04:15:00,0
TXN0000306,36.89,Transfer,FL,2024-01-04 04:30:00,0
TXN0000307,21.78,ATM,TX,2024-01-04 04:45:00,0
TXN0000308,13.26,Online,WA,2024-01-04 05:00:00,0
TXN0000309,5.31,Online,IL,2024-01-04 05:15:00,0
TXN0000310,18.54,Transfer,TX,2024-01-04 05:30:00,0
TXN0000311,57.31,Transfer,IL,2024-01-04 05:45:00,0
TXN0000312,12.54,Transfer,NY,2024-01-04 06:00:00,0
TXN0000313,15.29,POS,IL,2024-01-04 06:15:00,0
TXN0000314,15.41,ATM,WA,2024-01-04 06:30:00,0
TXN0000315,22.91,Transfer,NY,2024-01-04 06:45:00,0
TXN0000316,2.97,Online,WA,2024-01-04 07:00:00,0
TXN0000317,15.14,Online,WA,2024-01-04 07:15:00,0
TXN0000318,7.2,Transfer,TX,2024-01-04 07:30:00,0
TXN0000319,58.06,Transfer,TX,2024-01-04 07:45:00,0
TXN0000320,7.97,POS,FL,2024-01-04 08:00:00,0
TXN0000321,40.14,Transfer,TX,2024-01-04 08:15:00,0
TXN0000322,125.13,Transfer,TX,2024-01-04 08:30:00,0
TXN0000323,13.79,Transfer,TX,2024-01-04 08:45:00,0
TXN0000324,9.76,Transfer,IL,2024-01-04 09:00:00,0
TXN0000325,25.27,ATM,FL,2024-01-04 09:15:00,0
TXN0000326,20.04,Transfer,NY,2024-01-04 09:30:00,0
TXN0000327,6.1,Transfer,IL,2024-01-04 09:45:00,0
TXN0000328,34.92,Online,IL,2024-01-04 10:00:00,0
TXN0000329,225.57,Online,NY,2024-01-04 10:15:00,0
TXN0000330,14.74,Online,TX,2024-01-04 10:30:00,0
TXN0000331,15.75,POS,IL,2024-01-04 10:45:00,0
TXN0000332,5.73,ATM,CA,2024-01-04 11:00:00,1
TXN0000333,29.46,Online,FL,2024-01-04 11:15:00,0
TXN0000334,4.5,Online,NY,2024-01-04 11:30:00,0
TXN0000335,5.32,Transfer,TX,2024-01-04 11:45:00,0
TXN0000336,93.28,Transfer,FL,2024-01-04 12:00:00,0
TXN0000337,6.78,ATM,CA,2024-01-04 12:15:00,0
TXN0000338,73.53,Transfer,NY,2024-01-04 12:30:00,0
TXN0000339,125.11,Transfer,NY,2024-01-04 12:45:00,0
TXN0000340,27.42,POS,WA,2024-01-04 13:00:00,0
TXN0000341,39.02,Online,WA,2024-01-04 13:15:00,0
TXN0000342,209.08,Transfer,CA,2024-01-04 13:30:00,0
TXN0000343,15.86,Online,TX,2024-01-04 13:45:00,0
TXN0000344,9.86,ATM,CA,2024-01-04 14:00:00,0
TXN0000345,3.96,Online,IL,2024-01-04 14:15:00,0
TXN0000346,21.12,Transfer,NY,2024-01-04 14:30:00,0
TXN0000347,118.51,Transfer,NY,2024-01-04 14:45:00,0
TXN0000348,63.53,ATM,IL,2024-01-04 15:00:00,0
TXN0000349,6.48,ATM,FL,2024-01-04 15:15:00,0
TXN0000350,7.2,Online,NY,2024-01-04 15:30:00,0
TXN0000351,10.97,Online,CA,2024-01-04 15:45:00,0
TXN0000352,28.52,ATM,IL,2024-01-04 16:00:00,0
TXN0000353,15.7,Online,IL,2024-01-04 16:15:00,0
TXN0000354,25.98,Online,CA,2024-01-04 16:30:00,0
TXN0000355,28.68,ATM,IL,2024-01-04 16:45:00,0
TXN0000356,14.03,POS,FL,2024-01-04 17:00:00,0
TXN0000357,19.14,Online,WA,2024-01-04 17:15:00,0
TXN0000358,25.74,Transfer,TX,2024-01-04 17:30:00,0
TXN0000359,18.16,ATM,CA,2024-01-04 17:45:00,0
TXN0000360,36.75,Online,TX,2024-01-04 18:00:00,0
TXN0000361,189.63,Online,IL,2024-01-04 18:15:00,0
TXN0000362,40.87,Transfer,IL,2024-01-04 18:30:00,0
TXN0000363,21.48,Transfer,CA,2024-01-04 18:45:00,1
TXN0000364,2.66,Transfer,TX,2024-01-04 19:00:00,0
TXN0000365,31.99,POS,WA,2024-01-04 19:15:00,0
TXN0000366,1.94,POS,IL,2024-01-04 19:30:00,0
TXN0000367,3.7,Transfer,TX,2024-01-04 19:45:00,0
TXN0000368,56.01,Online,CA,2024-01-04 20:00:00,0
TXN0000369,46.87,POS,CA,2024-01-04 20:15:00,0
TXN0000370,16.78,Online,TX,2024-01-04 20:30:00,0
TXN0000371,2.58,Online,FL,2024-01-04 20:45:00,0
TXN0000372,12.86,Online,FL,2024-01-04 21:00:00,0
TXN0000373,8.9,Online,IL,2024-01-04 21:15:00,0
TXN0000374,43.13,POS,NY,2024-01-04 21:30:00,0
TXN0000375,301.65,Transfer,IL,2024-01-04 21:45:00,0
TXN0000376,26.06,Online,IL,2024-01-04 22:00:00,0
TXN0000377,7.88,POS,IL,2024-01-04 22:15:00,0
TXN0000378,4.93,Transfer,TX,2024-01-04 22:30:00,0
TXN0000379,18.78,ATM,FL,2024-01-04 22:45:00,0
TXN0000380,16.25,Transfer,TX,2024-01-04 23:00:00,0
TXN0000381,5.04,Online,CA,2024-01-04 23:15:00,0
TXN0000382,23.1,Transfer,TX,2024-01-04 23:30:00,0
TXN0000383,5.05,POS,FL,2024-01-04 23:45:00,0
TXN0000384,76.29,Online,CA,2024-01-05 00:00:00,0
TXN0000385,71.89,ATM,CA,2024-01-05 00:15:00,0
TXN0000386,73.83,Online,NY,2024-01-05 00:30:00,0
TXN0000387,11.37,Transfer,TX,2024-01-05 00:45:00,0
TXN0000388,37.24,ATM,WA,2024-01-05 01:00:00,0
TXN0000389,17.14,Transfer,NY,2024-01-05 01:15:00,0
TXN0000390,12.6,POS,NY,2024-01-05 01:30:00,0
TXN0000391,13.37,POS,WA,2024-01-05 01:45:00,0
TXN0000392,4.22,POS,CA,2024-01-05 02:00:00,0
TXN0000393,3.55,POS,WA,2024-01-05 02:15:00,0
TXN0000394,52.1,Transfer,FL,2024-01-05 02:30:00,0
TXN0000395,15.97,Online,FL,2024-01-05 02:45:00,0
TXN0000396,26.04,POS,CA,2024-01-05 03:00:00,0
TXN0000397,66.82,ATM,CA,2024-01-05 03:15:00,0
TXN0000398,2.51,ATM,NY,2024-01-05 03:30:00,0
TXN0000399,7.84,ATM,IL,2024-01-05 03:45:00,0
TXN0000400,24.79,Online,FL,2024-01-05 04:00:00,0
TXN0000401,32.15,POS,WA,2024-01-05 04:15:00,0
TXN0000402,12.78,ATM,NY,2024-01-05 04:30:00,0
TXN0000403,69.06,Online,FL,2024-01-05 04:45:00,1
TXN0000404,25.85,POS,TX,2024-01-05 05:00:00,0
TXN0000405,4.68,Online,IL,2024-01-05 05:15:00,0
TXN0000406,6.57,ATM,WA,2024-01-05 05:30:00,0
TXN0000407,52.8,Online,WA,2024-01-05 05:45:00,0
TXN0000408,35.04,ATM,WA,2024-01-05 06:00:00,1
TXN0000409,2.06,Transfer,NY,2024-01-05 06:15:00,0
TXN0000410,101.22,Online,IL,2024-01-05 06:30:00,0
TXN0000411,41.17,Transfer,IL,2024-01-05 06:45:00,0
TXN0000412,100.69,Transfer,FL,2024-01-05 07:00:00,0
TXN0000413,12.67,POS,NY,2024-01-05 07:15:00,0
TXN0000414,14.09,ATM,FL,2024-01-05 07:30:00,0
TXN0000415,5.2,Transfer,FL,2024-01-05 07:45:00,0
TXN0000416,421.71,ATM,FL,2024-01-05 08:00:00,0
TXN0000417,16.27,ATM,WA,2024-01-05 08:15:00,0
TXN0000418,134.97,POS,CA,2024-01-05 08:30:00,0
TXN0000419,9.24,ATM,TX,2024-01-05 08:45:00,0
TXN0000420,24.45,Transfer,IL,2024-01-05 09:00:00,0
TXN0000421,2.7,Transfer,IL,2024-01-05 09:15:00,0
TXN0000422,12.69,POS,FL,2024-01-05 09:30:00,1
TXN0000423,65.4,POS,CA,2024-01-05 09:45:00,0
TXN0000424,4.47,POS,TX,2024-01-05 10:00:00,0
TXN0000425,72.72,ATM,NY,2024-01-05 10:15:00,0
TXN0000426,30.1,ATM,NY,2024-01-05 10:30:00,0
TXN0000427,5.74,Transfer,CA,2024-01-05 10:45:00,0
TXN0000428,11.0,ATM,NY,2024-01-05 11:00:00,0
TXN0000429,11.58,Transfer,NY,2024-01-05 11:15:00,0
TXN0000430,18.93,Transfer,CA,2024-01-05 11:30:00,0
TXN0000431,10.56,ATM,CA,2024-01-05 11:45:00,0
TXN0000432,7.44,ATM,CA,2024-01-05 12:00:00,0
TXN0000433,13.94,POS,IL,2024-01-05 12:15:00,0
TXN0000434,5.86,Online,CA,2024-01-05 12:30:00,0
TXN0000435,4.27,Online,NY,2024-01-05 12:45:00,0
TXN0000436,18.96,ATM,TX,2024-01-05 13:00:00,0
TXN0000437,57.94,POS,IL,2024-01-05 13:15:00,0
TXN0000438,3.21,Online,CA,2024-01-05 13:30:00,1
TXN0000439,20.17,POS,FL,2024-01-05 13:45:00,0
TXN0000440,9.21,Transfer,TX,2024-01-05 14:00:00,0
TXN0000441,6.22,POS,CA,2024-01-05 14:15:00,0
TXN0000442,55.93,Online,CA,2024-01-05 14:30:00,0
TXN0000443,10.79,Online,TX,2024-01-05 14:45:00,0
TXN0000444,121.26,POS,FL,2024-01-05 15:00:00,0
TXN0000445,7.88,Transfer,WA,2024-01-05 15:15:00,0
TXN0000446,31.94,ATM,FL,2024-01-05 15:30:00,0
TXN0000447,15.29,Online,TX,2024-01-05 15:45:00,0
TXN0000448,8.13,ATM,CA,2024-01-05 16:00:00,0
TXN0000449,40.66,ATM,IL,2024-01-05 16:15:00,0
TXN0000450,16.68,Online,TX,2024-01-05 16:30:00,0
TXN0000451,41.42,Online,IL,2024-01-05 16:45:00,0
TXN0000452,18.98,Online,FL,2024-01-05 17:00:00,0
TXN0000453,5.46,POS,IL,2024-01-05 17:15:00,0
TXN0000454,17.77,ATM,TX,2024-01-05 17:30:00,0
TXN0000455,21.38,Transfer,FL,2024-01-05 17:45:00,0
TXN0000456,63.44,POS,NY,2024-01-05 18:00:00,0
TXN0000457,6.77,POS,TX,2024-01-05 18:15:00,0
TXN0000458,19.16,ATM,WA,2024-01-05 18:30:00,0
TXN0000459,2.54,Online,CA,2024-01-05 18:45:00,0
TXN0000460,43.89,Transfer,FL,2024-01-05 19:00:00,0
TXN0000461,5.49,ATM,TX,2024-01-05 19:15:00,0
TXN0000462,2.3,Online,NY,2024-01-05 19:30:00,0
TXN0000463,18.71,Transfer,NY,2024-01-05 19:45:00,0
TXN0000464,75.7,Transfer,TX,2024-01-05 20:00:00,0
TXN0000465,3.22,Online,TX,2024-01-05 20:15:00,0
TXN0000466,5.44,Online,IL,2024-01-05 20:30:00,0
TXN0000467,8.23,ATM,WA,2024-01-05 20:45:00,0
TXN0000468,5.18,POS,CA,2024-01-05 21:00:00,0
TXN0000469,31.67,Online,IL,2024-01-05 21:15:00,0
TXN0000470,7.62,Transfer,IL,2024-01-05 21:30:00,0
TXN0000471,8.45,Transfer,WA,2024-01-05 21:45:00,0
TXN0000472,40.45,Online,CA,2024-01-05 22:00:00,0
TXN0000473,8.11,ATM,FL,2024-01-05 22:15:00,0
TXN0000474,33.76,POS,TX,2024-01-05 22:30:00,0
TXN0000475,6.26,Transfer,NY,2024-01-05 22:45:00,0
TXN0000476,4.69,ATM,IL,2024-01-05 23:00:00,0
TXN0000477,2.22,Transfer,TX,2024-01-05 23:15:00,0
TXN0000478,187.44,ATM,NY,2024-01-05 23:30:00,0
TXN0000479,13.68,ATM,WA,2024-01-05 23:45:00,0
TXN0000480,26.92,Online,IL,2024-01-06 00:00:00,0
TXN0000481,19.35,Transfer,IL,2024-01-06 00:15:00,0
TXN0000482,24.34,POS,TX,2024-01-06 00:30:00,0
TXN0000483,21.32,POS,CA,2024-01-06 00:45:00,0
TXN0000484,198.32,Online,WA,2024-01-06 01:00:00,0
TXN0000485,5.77,POS,WA,2024-01-06 01:15:00,0
TXN0000486,3.1,ATM,FL,2024-01-06 01:30:00,0
TXN0000487,5.96,Transfer,FL,2024-01-06 01:45:00,0
TXN0000488,4.05,Online,TX,2024-01-06 02:00:00,0
TXN0000489,49.22,POS,TX,2024-01-06 02:15:00,0
TXN0000490,53.76,Transfer,WA,2024-01-06 02:30:00,0
TXN0000491,6.34,Transfer,CA,2024-01-06 02:45:00,0
TXN0000492,3.79,Transfer,WA,2024-01-06 03:00:00,0
TXN0000493,13.12,POS,NY,2024-01-06 03:15:00,0
TXN0000494,106.63,Online,FL,2024-01-06 03:30:00,0
TXN0000495,0.68,Online,IL,2024-01-06 03:45:00,0
TXN0000496,37.79,ATM,IL,2024-01-06 04:00:00,0
TXN0000497,5.52,ATM,TX,2024-01-06 04:15:00,0
TXN0000498,70.0,POS,WA,2024-01-06 04:30:00,0
TXN0000499,5.51,Transfer,FL,2024-01-06 04:45:00,0
TXN0000500,14.26,Online,FL,2024-01-06 05:00:00,0
TXN0000501,3.3,Online,CA,2024-01-06 05:15:00,0
TXN0000502,6.22,POS,NY,2024-01-06 05:30:00,0
TXN0000503,105.95,Transfer,NY,2024-01-06 05:45:00,0
TXN0000504,53.77,Transfer,NY,2024-01-06 06:00:00,0
TXN0000505,12.4,POS,IL,2024-01-06 06:15:00,0
TXN0000506,7.07,POS,NY,2024-01-06 06:30:00,0
TXN0000507,2.07,POS,TX,2024-01-06 06:45:00,0
TXN0000508,12.52,Online,NY,2024-01-06 07:00:00,0
TXN0000509,19.35,ATM,FL,2024-01-06 07:15:00,0
TXN0000510,18.16,Transfer,FL,2024-01-06 07:30:00,0
TXN0000511,17.95,ATM,WA,2024-01-06 07:45:00,0
TXN0000512,5.23,ATM,CA,2024-01-06 08:00:00,0
TXN0000513,18.55,POS,CA,2024-01-06 08:15:00,0
TXN0000514,19.17,Online,WA,2024-01-06 08:30:00,0
TXN0000515,94.51,Transfer,CA,2024-01-06 08:45:00,0
TXN0000516,188.69,Online,WA,2024-01-06 09:00:00,0
TXN0000517,17.04,Online,NY,2024-01-06 09:15:00,0
TXN0000518,8.01,Online,FL,2024-01-06 09:30:00,0
TXN0000519,18.58,ATM,WA,2024-01-06 09:45:00,0
TXN0000520,9.69,ATM,NY,2024-01-06 10:00:00,0
TXN0000521,8.24,Online,NY,2024-01-06 10:15:00,0
TXN0000522,18.72,Online,TX,2024-01-06 10:30:00,0
TXN0000523,5.74,Transfer,WA,2024-01-06 10:45:00,0
TXN0000524,41.57,Online,TX,2024-01-06 11:00:00,0
TXN0000525,17.73,ATM,WA,2024-01-06 11:15:00,0
TXN0000526,27.11,ATM,NY,2024-01-06 11:30:00,0
TXN0000527,16.13,POS,TX,2024-01-06 11:45:00,1
TXN0000528,8.39,POS,IL,2024-01-06 12:00:00,0
TXN0000529,6.44,POS,IL,2024-01-06 12:15:00,0
TXN0000530,15.11,Online,FL,2024-01-06 12:30:00,1
TXN0000531,10.4,ATM,IL,2024-01-06 12:45:00,1
TXN0000532,26.59,Online,FL,2024-01-06 13:00:00,0
TXN0000533,19.98,Transfer,NY,2024-01-06 13:15:00,0
TXN0000534,3.92,ATM,TX,2024-01-06 13:30:00,0
TXN0000535,21.77,Online,WA,2024-01-06 13:45:00,0
TXN0000536,4.01,Online,TX,2024-01-06 14:00:00,1
TXN0000537,9.59,POS,CA,2024-01-06 14:15:00,0
TXN0000538,14.11,Online,CA,2024-01-06 14:30:00,0
TXN0000539,1.66,POS,NY,2024-01-06 14:45:00,0
TXN0000540,22.42,Online,CA,2024-01-06 15:00:00,0
TXN0000541,24.08,POS,IL,2024-01-06 15:15:00,0
TXN0000542,16.62,Online,WA,2024-01-06 15:30:00,0
TXN0000543,12.07,Online,NY,2024-01-06 15:45:00,0
TXN0000544,12.83,ATM,FL,2024-01-06 16:00:00,1
TXN0000545,6.22,POS,IL,2024-01-06 16:15:00,0
TXN0000546,14.53,ATM,TX,2024-01-06 16:30:00,0
TXN0000547,10.35,POS,IL,2024-01-06 16:45:00,0
TXN0000548,22.42,Transfer,FL,2024-01-06 17:00:00,0
TXN0000549,4.74,ATM,FL,2024-01-06 17:15:00,0
TXN0000550,26.65,POS,CA,2024-01-06 17:30:00,0
TXN0000551,23.85,POS,NY,2024-01-06 17:45:00,0
TXN0000552,16.95,Online,IL,2024-01-06 18:00:00,0
TXN0000553,11.86,Transfer,TX,2024-01-06 18:15:00,0
TXN0000554,38.97,Online,IL,2024-01-06 18:30:00,0
TXN0000555,2.73,Transfer,WA,2024-01-06 18:45:00,0
TXN0000556,34.9,ATM,CA,2024-01-06 19:00:00,0
TXN0000557,26.89,ATM,IL,2024-01-06 19:15:00,0
TXN0000558,28.22,ATM,NY,2024-01-06 19:30:00,0
TXN0000559,31.82,Transfer,IL,2024-01-06 19:45:00,0
TXN0000560,9.17,POS,CA,2024-01-06 20:00:00,0
TXN0000561,14.71,ATM,TX,2024-01-06 20:15:00,0
TXN0000562,43.14,Online,NY,2024-01-06 20:30:00,0
TXN0000563,33.68,POS,WA,2024-01-06 20:45:00,0
TXN0000564,25.74,ATM,TX,2024-01-06 21:00:00,0
TXN0000565,3.26,ATM,TX,2024-01-06 21:15:00,0
TXN0000566,38.3,ATM,NY,2024-01-06 21:30:00,0
TXN0000567,81.73,Transfer,TX,2024-01-06 21:45:00,0
TXN0000568,67.46,ATM,IL,2024-01-06 22:00:00,0
TXN0000569,26.59,ATM,FL,2024-01-06 22:15:00,0
TXN0000570,3.1,ATM,IL,2024-01-06 22:30:00,0
TXN0000571,62.24,Transfer,IL,2024-01-06 22:45:00,0
TXN0000572,16.83,Transfer,WA,2024-01-06 23:00:00,0
TXN0000573,0.96,POS,IL,2024-01-06 23:15:00,0
TXN0000574,31.58,ATM,TX,2024-01-06 23:30:00,0
TXN0000575,3.35,ATM,CA,2024-01-06 23:45:00,0
TXN0000576,4.24,POS,TX,2024-01-07 00:00:00,0
TXN0000577,9.38,ATM,CA,2024-01-07 00:15:00,0
TXN0000578,92.49,POS,FL,2024-01-07 00:30:00,0
TXN0000579,12.87,ATM,WA,2024-01-07 00:45:00,0
TXN0000580,27.8,ATM,IL,2024-01-07 01:00:00,1
TXN0000581,163.62,POS,CA,2024-01-07 01:15:00,0
TXN0000582,136.02,ATM,CA,2024-01-07 01:30:00,0
TXN0000583,17.74,Online,CA,2024-01-07 01:45:00,0
TXN0000584,15.03,Transfer,FL,2024-01-07 02:00:00,0
TXN0000585,4.42,Online,NY,2024-01-07 02:15:00,0
TXN0000586,8.73,ATM,NY,2024-01-07 02:30:00,0
TXN0000587,33.46,Online,NY,2024-01-07 02:45:00,0
TXN0000588,32.29,Online,WA,2024-01-07 03:00:00,0
TXN0000589,22.93,Online,NY,2024-01-07 03:15:00,0
TXN0000590,66.27,POS,WA,2024-01-07 03:30:00,0
TXN0000591,7.95,POS,CA,2024-01-07 03:45:00,0
TXN0000592,18.78,ATM,WA,2024-01-07 04:00:00,0
TXN0000593,48.3,POS,NY,2024-01-07 04:15:00,0
TXN0000594,40.49,Online,TX,2024-01-07 04:30:00,0
TXN0000595,72.61,ATM,IL,2024-01-07 04:45:00,0
TXN0000596,32.34,POS,WA,2024-01-07 05:00:00,0
TXN0000597,13.86,Transfer,TX,2024-01-07 05:15:00,0
TXN0000598,31.02,Online,IL,2024-01-07 05:30:00,0
TXN0000599,6.03,POS,WA,2024-01-07 05:45:00,0
TXN0000600,2.81,POS,WA,2024-01-07 06:00:00,0
TXN0000601,40.32,POS,NY,2024-01-07 06:15:00,0
TXN0000602,18.8,ATM,NY,2024-01-07 06:30:00,0
TXN0000603,29.08,ATM,FL,2024-01-07 06:45:00,0
TXN0000604,2.62,ATM,CA,2024-01-07 07:00:00,0
TXN0000605,12.96,ATM,WA,2024-01-07 07:15:00,0
TXN0000606,9.78,ATM,NY,2024-01-07 07:30:00,0
TXN0000607,7.12,Online,WA,2024-01-07 07:45:00,0
TXN0000608,1.34,ATM,FL,2024-01-07 08:00:00,0
TXN0000609,13.44,Transfer,TX,2024-01-07 08:15:00,0
TXN0000610,58.95,Online,FL,2024-01-07 08:30:00,0
TXN0000611,31.73,POS,WA,2024-01-07 08:45:00,1
TXN0000612,9.77,POS,CA,2024-01-07 09:00:00,0
TXN0000613,19.73,ATM,WA,2024-01-07 09:15:00,0
TXN0000614,49.81,POS,WA,2024-01-07 09:30:00,0
TXN0000615,0.73,ATM,NY,2024-01-07 09:45:00,0
TXN0000616,17.3,POS,FL,2024-01-07 10:00:00,0
TXN0000617,38.55,Transfer,TX,2024-01-07 10:15:00,0
TXN0000618,45.54,Online,FL,2024-01-07 10:30:00,0
TXN0000619,154.61,POS,NY,2024-01-07 10:45:00,0
TXN0000620,78.42,POS,IL,2024-01-07 11:00:00,0
TXN0000621,29.23,POS,CA,2024-01-07 11:15:00,0
TXN0000622,28.86,Transfer,IL,2024-01-07 11:30:00,0
TXN0000623,51.64,Transfer,TX,2024-01-07 11:45:00,0
TXN0000624,10.52,Online,FL,2024-01-07 12:00:00,0
TXN0000625,19.14,Transfer,NY,2024-01-07 12:15:00,0
TXN0000626,59.59,Online,FL,2024-01-07 12:30:00,0
TXN0000627,210.38,ATM,IL,2024-01-07 12:45:00,0
TXN0000628,16.59,Online,IL,2024-01-07 13:00:00,0
TXN0000629,18.95,Transfer,IL,2024-01-07 13:15:00,0
TXN0000630,25.49,ATM,TX,2024-01-07 13:30:00,0
TXN0000631,100.67,Online,FL,2024-01-07 13:45:00,0
TXN0000632,19.37,Online,NY,2024-01-07 14:00:00,0
TXN0000633,117.12,ATM,NY,2024-01-07 14:15:00,0
TXN0000634,6.3,Transfer,FL,2024-01-07 14:30:00,0
TXN0000635,16.07,POS,IL,2024-01-07 14:45:00,0
TXN0000636,15.83,ATM,IL,2024-01-07 15:00:00,0
TXN0000637,51.61,ATM,WA,2024-01-07 15:15:00,0
TXN0000638,70.41,ATM,FL,2024-01-07 15:30:00,0
TXN0000639,3.28,ATM,FL,2024-01-07 15:45:00,0
TXN0000640,6.7,Online,IL,2024-01-07 16:00:00,0
TXN0000641,30.09,POS,NY,2024-01-07 16:15:00,0
TXN0000642,9.11,Online,TX,2024-01-07 16:30:00,0
TXN0000643,3.23,Transfer,NY,2024-01-07 16:45:00,0
TXN0000644,69.84,Transfer,FL,2024-01-07 17:00:00,0
TXN0000645,36.33,Transfer,IL,2024-01-07 17:15:00,0
TXN0000646,36.3,POS,FL,2024-01-07 17:30:00,0
TXN0000647,11.35,Online,IL,2024-01-07 17:45:00,0
TXN0000648,69.04,Transfer,TX,2024-01-07 18:00:00,0
TXN0000649,15.06,Transfer,CA,2024-01-07 18:15:00,0
TXN0000650,74.87,POS,FL,2024-01-07 18:30:00,0
TXN0000651,6.73,ATM,TX,2024-01-07 18:45:00,0
TXN0000652,7.21,POS,IL,2024-01-07 19:00:00,0
TXN0000653,25.68,Transfer,FL,2024-01-07 19:15:00,0
TXN0000654,8.65,Online,WA,2024-01-07 19:30:00,0
TXN0000655,45.17,POS,WA,2024-01-07 19:45:00,0
TXN0000656,27.44,Online,IL,2024-01-07 20:00:00,0
TXN0000657,6.64,POS,WA,2024-01-07 20:15:00,0
TXN0000658,21.92,Online,FL,2024-01-07 20:30:00,0
TXN0000659,13.18,ATM,WA,2024-01-07 20:45:00,0
TXN0000660,60.28,ATM,WA,2024-01-07 21:00:00,0
TXN0000661,9.4,Transfer,IL,2024-01-07 21:15:00,0
TXN0000662,11.86,Transfer,TX,2024-01-07 21:30:00,0
TXN0000663,85.93,POS,IL,2024-01-07 21:45:00,0
TXN0000664,294.8,Online,WA,2024-01-07 22:00:00,0
TXN0000665,221.14,ATM,TX,2024-01-07 22:15:00,0
TXN0000666,21.67,Transfer,WA,2024-01-07 22:30:00,0
TXN0000667,26.12,POS,WA,2024-01-07 22:45:00,0
TXN0000668,126.49,Transfer,NY,2024-01-07 23:00:00,0
TXN0000669,17.3,POS,NY,2024-01-07 23:15:00,0
TXN0000670,6.22,Transfer,TX,2024-01-07 23:30:00,0
TXN0000671,23.11,POS,IL,2024-01-07 23:45:00,0
TXN0000672,34.53,POS,CA,2024-01-08 00:00:00,0
TXN0000673,7.43,POS,FL,2024-01-08 00:15:00,0
TXN0000674,2.79,Online,FL,2024-01-08 00:30:00,0
TXN0000675,3.58,Transfer,NY,2024-01-08 00:45:00,0
TXN0000676,44.63,POS,WA,2024-01-08 01:00:00,0
TXN0000677,8.08,Transfer,WA,2024-01-08 01:15:00,0
TXN0000678,16.95,ATM,FL,2024-01-08 01:30:00,0
TXN0000679,25.92,Online,FL,2024-01-08 01:45:00,0
TXN0000680,42.22,POS,IL,2024-01-08 02:00:00,0
TXN0000681,13.44,Online,WA,2024-01-08 02:15:00,0
TXN0000682,36.54,Transfer,CA,2024-01-08 02:30:00,0
TXN0000683,6.9,Online,IL,2024-01-08 02:45:00,0
TXN0000684,13.01,POS,FL,2024-01-08 03:00:00,0
TXN0000685,5.87,Online,NY,2024-01-08 03:15:00,0
TXN0000686,78.11,Online,FL,2024-01-08 03:30:00,0
TXN0000687,19.44,Online,TX,2024-01-08 03:45:00,0
TXN0000688,8.27,Online,IL,2024-01-08 04:00:00,0
TXN0000689,13.16,Online,WA,2024-01-08 04:15:00,1
TXN0000690,15.39,ATM,TX,2024-01-08 04:30:00,1
TXN0000691,46.55,POS,WA,2024-01-08 04:45:00,0
TXN0000692,2.96,POS,IL,2024-01-08 05:00:00,0
TXN0000693,5.79,POS,FL,2024-01-08 05:15:00,0
TXN0000694,12.76,ATM,TX,2024-01-08 05:30:00,0
TXN0000695,419.38,ATM,CA,2024-01-08 05:45:00,0
TXN0000696,63.23,ATM,WA,2024-01-08 06:00:00,0
TXN0000697,17.57,ATM,FL,2024-01-08 06:15:00,0
TXN0000698,47.2,Online,FL,2024-01-08 06:30:00,0
TXN0000699,237.2,Online,FL,2024-01-08 06:45:00,0
TXN0000700,15.17,POS,CA,2024-01-08 07:00:00,0
TXN0000701,12.94,ATM,WA,2024-01-08 07:15:00,0
TXN0000702,86.0,ATM,CA,2024-01-08 07:30:00,0
TXN0000703,36.34,ATM,IL,2024-01-08 07:45:00,0
TXN0000704,44.95,ATM,NY,2024-01-08 08:00:00,0
TXN0000705,10.91,Online,NY,2024-01-08 08:15:00,0
TXN0000706,202.16,ATM,FL,2024-01-08 08:30:00,0
TXN0000707,156.26,Transfer,TX,2024-01-08 08:45:00,0
TXN0000708,39.61,Online,CA,2024-01-08 09:00:00,0
TXN0000709,45.66,Online,WA,2024-01-08 09:15:00,0
TXN0000710,1.76,Online,WA,2024-01-08 09:30:00,0
TXN0000711,43.17,ATM,NY,2024-01-08 09:45:00,0
TXN0000712,15.91,POS,WA,2024-01-08 10:00:00,0
TXN0000713,33.81,ATM,NY,2024-01-08 10:15:00,0
TXN0000714,45.56,Online,TX,2024-01-08 10:30:00,0
TXN0000715,13.34,Online,IL,2024-01-08 10:45:00,1
TXN0000716,2.64,Online,WA,2024-01-08 11:00:00,0
TXN0000717,31.23,Online,NY,2024-01-08 11:15:00,0
TXN0000718,8.25,ATM,NY,2024-01-08 11:30:00,0
TXN0000719,13.51,Online,CA,2024-01-08 11:45:00,0
TXN0000720,9.72,Online,IL,2024-01-08 12:00:00,0
TXN0000721,13.33,Transfer,IL,2024-01-08 12:15:00,0
TXN0000722,1.26,Transfer,IL,2024-01-08 12:30:00,0
TXN0000723,86.52,Transfer,NY,2024-01-08 12:45:00,0
TXN0000724,27.22,Transfer,WA,2024-01-08 13:00:00,0
TXN0000725,76.22,Transfer,IL,2024-01-08 13:15:00,0
TXN0000726,216.11,POS,IL,2024-01-08 13:30:00,0
TXN0000727,20.64,Online,CA,2024-01-08 13:45:00,0
TXN0000728,2.31,Transfer,NY,2024-01-08 14:00:00,0
TXN0000729,6.87,POS,WA,2024-01-08 14:15:00,0
TXN0000730,4.72,POS,IL,2024-01-08 14:30:00,0
TXN0000731,11.0,ATM,WA,2024-01-08 14:45:00,0
TXN0000732,22.1,Transfer,TX,2024-01-08 15:00:00,0
TXN0000733,1.82,Online,TX,2024-01-08 15:15:00,0
TXN0000734,30.29,POS,IL,2024-01-08 15:30:00,0
TXN0000735,3.28,Online,WA,2024-01-08 15:45:00,0
TXN0000736,28.7,POS,TX,2024-01-08 16:00:00,0
TXN0000737,17.61,POS,FL,2024-01-08 16:15:00,0
TXN0000738,13.79,ATM,IL,2024-01-08 16:30:00,0
TXN0000739,18.4,Online,CA,2024-01-08 16:45:00,0
TXN0000740,10.51,POS,CA,2024-01-08 17:00:00,0
TXN0000741,9.63,POS,WA,2024-01-08 17:15:00,0
TXN0000742,2.67,ATM,TX,2024-01-08 17:30:00,0
TXN0000743,19.38,ATM,IL,2024-01-08 17:45:00,0
TXN0000744,183.95,ATM,NY,2024-01-08 18:00:00,1
TXN0000745,216.28,Online,NY,2024-01-08 18:15:00,0
TXN0000746,98.12,Transfer,IL,2024-01-08 18:30:00,0
TXN0000747,46.85,Transfer,CA,2024-01-08 18:45:00,0
TXN0000748,8.92,POS,WA,2024-01-08 19:00:00,0
TXN0000749,113.44,POS,CA,2024-01-08 19:15:00,1
TXN0000750,18.78,POS,NY,2024-01-08 19:30:00,0
TXN0000751,18.49,POS,WA,2024-01-08 19:45:00,0
TXN0000752,14.16,Online,FL,2024-01-08 20:00:00,0
TXN0000753,22.43,ATM,WA,2024-01-08 20:15:00,0
TXN0000754,11.91,Online,FL,2024-01-08 20:30:00,0
TXN0000755,18.16,Transfer,FL,2024-01-08 20:45:00,0
TXN0000756,5.47,POS,TX,2024-01-08 21:00:00,0
TXN0000757,12.83,Online,WA,2024-01-08 21:15:00,0
TXN0000758,310.03,ATM,WA,2024-01-08 21:30:00,0
TXN0000759,18.48,Online,FL,2024-01-08 21:45:00,0
TXN0000760,15.08,POS,FL,2024-01-08 22:00:00,0
TXN0000761,38.05,ATM,IL,2024-01-08 22:15:00,0
TXN0000762,46.98,POS,WA,2024-01-08 22:30:00,0
TXN0000763,5.28,Transfer,WA,2024-01-08 22:45:00,0
TXN0000764,15.66,Online,WA,2024-01-08 23:00:00,0
TXN0000765,60.46,Online,IL,2024-01-08 23:15:00,0
TXN0000766,27.77,Transfer,IL,2024-01-08 23:30:00,0
TXN0000767,23.25,POS,CA,2024-01-08 23:45:00,0
TXN0000768,129.65,Online,TX,2024-01-09 00:00:00,0
TXN0000769,8.91,Online,IL,2024-01-09 00:15:00,0
TXN0000770,22.18,Transfer,TX,2024-01-09 00:30:00,0
TXN0000771,10.76,Online,IL,2024-01-09 00:45:00,0
TXN0000772,120.11,ATM,FL,2024-01-09 01:00:00,0
TXN0000773,1.93,Transfer,NY,2024-01-09 01:15:00,0
TXN0000774,8.99,ATM,WA,2024-01-09 01:30:00,0
TXN0000775,10.64,Transfer,TX,2024-01-09 01:45:00,0
TXN0000776,44.53,Online,CA,2024-01-09 02:00:00,0
TXN0000777,41.58,ATM,CA,2024-01-09 02:15:00,0
TXN0000778,107.15,Transfer,FL,2024-01-09 02:30:00,0
TXN0000779,3.04,Online,FL,2024-01-09 02:45:00,0
TXN0000780,49.43,Transfer,FL,2024-01-09 03:00:00,0
TXN0000781,14.13,ATM,NY,2024-01-09 03:15:00,0
TXN0000782,9.04,ATM,IL,2024-01-09 03:30:00,0
TXN0000783,38.38,ATM,NY,2024-01-09 03:45:00,0
TXN0000784,6.66,POS,CA,2024-01-09 04:00:00,1
TXN0000785,1.66,POS,IL,2024-01-09 04:15:00,0
TXN0000786,12.88,Online,NY,2024-01-09 04:30:00,0
TXN0000787,3.33,Transfer,FL,2024-01-09 04:45:00,0
TXN0000788,9.22,ATM,CA,2024-01-09 05:00:00,0
TXN0000789,31.37,Transfer,CA,2024-01-09 05:15:00,0
TXN0000790,29.21,Transfer,FL,2024-01-09 05:30:00,0
TXN0000791,134.87,Online,IL,2024-01-09 05:45:00,0
TXN0000792,15.81,ATM,CA,2024-01-09 06:00:00,0
TXN0000793,3.19,Online,TX,2024-01-09 06:15:00,0
TXN0000794,8.11,POS,IL,2024-01-09 06:30:00,0
TXN0000795,6.66,POS,CA,2024-01-09 06:45:00,0
TXN0000796,4.66,POS,WA,2024-01-09 07:00:00,1
TXN0000797,33.87,ATM,IL,2024-01-09 07:15:00,0
TXN0000798,9.26,ATM,WA,2024-01-09 07:30:00,0
TXN0000799,1.87,Transfer,NY,2024-01-09 07:45:00,0
TXN0000800,46.35,POS,CA,2024-01-09 08:00:00,0
TXN0000801,17.57,Transfer,TX,2024-01-09 08:15:00,0
TXN0000802,30.82,Transfer,NY,2024-01-09 08:30:00,0
TXN0000803,22.8,Transfer,CA,2024-01-09 08:45:00,0
TXN0000804,42.86,ATM,CA,2024-01-09 09:00:00,0
TXN0000805,21.02,ATM,TX,2024-01-09 09:15:00,0
TXN0000806,88.54,Online,TX,2024-01-09 09:30:00,0
TXN0000807,33.45,Online,CA,2024-01-09 09:45:00,0
TXN0000808,32.15,ATM,IL,2024-01-09 10:00:00,0
TXN0000809,32.85,POS,IL,2024-01-09 10:15:00,0
TXN0000810,3.5,ATM,TX,2024-01-09 10:30:00,0
TXN0000811,16.48,Online,NY,2024-01-09 10:45:00,0
TXN0000812,14.71,ATM,WA,2024-01-09 11:00:00,0
TXN0000813,25.77,ATM,FL,2024-01-09 11:15:00,0
TXN0000814,3.93,POS,IL,2024-01-09 11:30:00,0
TXN0000815,142.73,Online,TX,2024-01-09 11:45:00,0
TXN0000816,22.77,POS,IL,2024-01-09 12:00:00,0
TXN0000817,4.69,Transfer,CA,2024-01-09 12:15:00,1
TXN0000818,2.58,Transfer,TX,2024-01-09 12:30:00,0
TXN0000819,14.33,ATM,IL,2024-01-09 12:45:00,0
TXN0000820,18.04,Transfer,NY,2024-01-09 13:00:00,0
TXN0000821,8.48,Transfer,WA,2024-01-09 13:15:00,0
TXN0000822,22.43,POS,IL,2024-01-09 13:30:00,0
TXN0000823,9.31,ATM,WA,2024-01-09 13:45:00,0
TXN0000824,38.94,Online,WA,2024-01-09 14:00:00,0
TXN0000825,8.42,ATM,TX,2024-01-09 14:15:00,0
TXN0000826,19.18,ATM,TX,2024-01-09 14:30:00,0
TXN0000827,65.01,POS,WA,2024-01-09 14:45:00,0
TXN0000828,439.66,Online,WA,2024-01-09 15:00:00,0
TXN0000829,5.99,Transfer,WA,2024-01-09 15:15:00,0
TXN0000830,11.5,Online,CA,2024-01-09 15:30:00,0
TXN0000831,7.33,Transfer,WA,2024-01-09 15:45:00,0
TXN0000832,51.48,POS,NY,2024-01-09 16:00:00,0
TXN0000833,5.06,Online,TX,2024-01-09 16:15:00,0
TXN0000834,11.23,POS,FL,2024-01-09 16:30:00,0
TXN0000835,19.38,Online,WA,2024-01-09 16:45:00,0
TXN0000836,6.21,Online,WA,2024-01-09 17:00:00,0
TXN0000837,6.37,Online,IL,2024-01-09 17:15:00,0
TXN0000838,11.35,ATM,CA,2024-01-09 17:30:00,0
TXN0000839,1.62,ATM,WA,2024-01-09 17:45:00,0
TXN0000840,3.54,ATM,CA,2024-01-09 18:00:00,0
TXN0000841,12.24,POS,FL,2024-01-09 18:15:00,0
TXN0000842,24.0,ATM,IL,2024-01-09 18:30:00,0
TXN0000843,16.07,Online,FL,2024-01-09 18:45:00,0
TXN0000844,2.39,Online,NY,2024-01-09 19:00:00,0
TXN0000845,11.51,ATM,FL,2024-01-09 19:15:00,0
TXN0000846,52.36,Transfer,IL,2024-01-09 19:30:00,0
TXN0000847,39.14,Online,CA,2024-01-09 19:45:00,0
TXN0000848,18.27,Online,CA,2024-01-09 20:00:00,0
TXN0000849,6.93,Transfer,NY,2024-01-09 20:15:00,0
TXN0000850,42.84,Online,CA,2024-01-09 20:30:00,0
TXN0000851,10.03,Transfer,WA,2024-01-09 20:45:00,0
TXN0000852,4.94,ATM,IL,2024-01-09 21:00:00,0
TXN0000853,7.67,Online,NY,2024-01-09 21:15:00,0
TXN0000854,114.21,ATM,IL,2024-01-09 21:30:00,0
TXN0000855,26.16,ATM,CA,2024-01-09 21:45:00,0
TXN0000856,80.73,POS,WA,2024-01-09 22:00:00,0
TXN0000857,11.3,ATM,NY,2024-01-09 22:15:00,0
TXN0000858,61.92,Transfer,WA,2024-01-09 22:30:00,0
TXN0000859,9.76,POS,IL,2024-01-09 22:45:00,0
TXN0000860,16.63,Transfer,IL,2024-01-09 23:00:00,0
TXN0000861,396.87,POS,FL,2024-01-09 23:15:00,0
TXN0000862,50.43,ATM,TX,2024-01-09 23:30:00,0
TXN0000863,11.01,Transfer,NY,2024-01-09 23:45:00,0
TXN0000864,18.14,ATM,TX,2024-01-10 00:00:00,0
TXN0000865,29.71,Online,CA,2024-01-10 00:15:00,0
TXN0000866,85.85,Transfer,WA,2024-01-10 00:30:00,0
TXN0000867,11.17,Transfer,TX,2024-01-10 00:45:00,0
TXN0000868,2.49,Transfer,NY,2024-01-10 01:00:00,0
TXN0000869,14.36,POS,IL,2024-01-10 01:15:00,0
TXN0000870,20.46,ATM,CA,2024-01-10 01:30:00,0
TXN0000871,22.91,ATM,NY,2024-01-10 01:45:00,0
TXN0000872,97.52,Online,WA,2024-01-10 02:00:00,0
TXN0000873,29.37,ATM,WA,2024-01-10 02:15:00,0
TXN0000874,53.28,POS,WA,2024-01-10 02:30:00,0
TXN0000875,5.36,Transfer,FL,2024-01-10 02:45:00,0
TXN0000876,56.91,Online,CA,2024-01-10 03:00:00,0
TXN0000877,248.51,Online,IL,2024-01-10 03:15:00,0
TXN0000878,50.78,ATM,TX,2024-01-10 03:30:00,0
TXN0000879,27.23,Online,NY,2024-01-10 03:45:00,0
TXN0000880,24.16,ATM,FL,2024-01-10 04:00:00,0
TXN0000881,171.5,Online,WA,2024-01-10 04:15:00,0
TXN0000882,6.6,Transfer,WA,2024-01-10 04:30:00,0
TXN0000883,17.58,POS,CA,2024-01-10 04:45:00,0
TXN0000884,34.89,Online,IL,2024-01-10 05:00:00,0
TXN0000885,49.05,Online,IL,2024-01-10 05:15:00,0
TXN0000886,11.88,POS,TX,2024-01-10 05:30:00,0
TXN0000887,29.04,Transfer,TX,2024-01-10 05:45:00,0
TXN0000888,14.39,Online,IL,2024-01-10 06:00:00,0
TXN0000889,23.21,POS,FL,2024-01-10 06:15:00,0
TXN0000890,17.14,Online,IL,2024-01-10 06:30:00,0
TXN0000891,5.1,POS,WA,2024-01-10 06:45:00,0
TXN0000892,19.58,Online,FL,2024-01-10 07:00:00,0
TXN0000893,57.55,Transfer,FL,2024-01-10 07:15:00,0
TXN0000894,6.29,Transfer,FL,2024-01-10 07:30:00,0
TXN0000895,15.04,Transfer,WA,2024-01-10 07:45:00,0
TXN0000896,44.6,Transfer,NY,2024-01-10 08:00:00,0
TXN0000897,5.56,Online,WA,2024-01-10 08:15:00,0
TXN0000898,25.01,Transfer,WA,2024-01-10 08:30:00,0
TXN0000899,5.63,Online,IL,2024-01-10 08:45:00,0
TXN0000900,78.38,Transfer,IL,2024-01-10 09:00:00,0
TXN0000901,322.27,ATM,WA,2024-01-10 09:15:00,0
TXN0000902,227.4,POS,CA,2024-01-10 09:30:00,0
TXN0000903,15.44,POS,NY,2024-01-10 09:45:00,0
TXN0000904,48.82,Online,TX,2024-01-10 10:00:00,0
TXN0000905,23.22,Transfer,TX,2024-01-10 10:15:00,0
TXN0000906,22.7,ATM,NY,2024-01-10 10:30:00,0
TXN0000907,128.68,POS,WA,2024-01-10 10:45:00,0
TXN0000908,4.12,POS,IL,2024-01-10 11:00:00,0
TXN0000909,71.26,POS,IL,2024-01-10 11:15:00,0
TXN0000910,18.94,Transfer,NY,2024-01-10 11:30:00,0
TXN0000911,108.88,POS,FL,2024-01-10 11:45:00,0
TXN0000912,25.15,Online,NY,2024-01-10 12:00:00,0
TXN0000913,8.96,Online,TX,2024-01-10 12:15:00,0
TXN0000914,28.01,Transfer,NY,2024-01-10 12:30:00,0
TXN0000915,48.58,Online,NY,2024-01-10 12:45:00,0
TXN0000916,20.97,POS,WA,2024-01-10 13:00:00,0
TXN0000917,36.08,Online,TX,2024-01-10 13:15:00,0
TXN0000918,10.74,ATM,CA,2024-01-10 13:30:00,0
TXN0000919,1.55,ATM,WA,2024-01-10 13:45:00,0
TXN0000920,59.15,POS,FL,2024-01-10 14:00:00,0
TXN0000921,46.48,POS,FL,2024-01-10 14:15:00,0
TXN0000922,23.99,ATM,IL,2024-01-10 14:30:00,0
TXN0000923,21.8,Transfer,CA,2024-01-10 14:45:00,0
TXN0000924,69.66,ATM,NY,2024-01-10 15:00:00,0
TXN0000925,11.61,Transfer,WA,2024-01-10 15:15:00,0
TXN0000926,8.6,POS,TX,2024-01-10 15:30:00,0
TXN0000927,16.02,POS,NY,2024-01-10 15:45:00,0
TXN0000928,83.67,Transfer,NY,2024-01-10 16:00:00,0
TXN0000929,3.8,Online,NY,2024-01-10 16:15:00,0
TXN0000930,83.95,Transfer,TX,2024-01-10 16:30:00,0
TXN0000931,9.33,Online,IL,2024-01-10 16:45:00,0
TXN0000932,5.36,Transfer,NY,2024-01-10 17:00:00,0
TXN0000933,91.11,Transfer,IL,2024-01-10 17:15:00,0
TXN0000934,17.88,Online,FL,2024-01-10 17:30:00,0
TXN0000935,4.22,Online,CA,2024-01-10 17:45:00,0
TXN0000936,13.06,ATM,IL,2024-01-10 18:00:00,0
TXN0000937,61.39,ATM,TX,2024-01-10 18:15:00,0
TXN0000938,83.97,POS,IL,2024-01-10 18:30:00,0
TXN0000939,12.03,Online,CA,2024-01-10 18:45:00,0
TXN0000940,32.71,ATM,WA,2024-01-10 19:00:00,0
TXN0000941,47.32,Transfer,NY,2024-01-10 19:15:00,0
TXN0000942,9.27,Online,IL,2024-01-10 19:30:00,0
TXN0000943,30.75,ATM,WA,2024-01-10 19:45:00,0
TXN0000944,19.33,ATM,IL,2024-01-10 20:00:00,0
TXN0000945,10.56,ATM,WA,2024-01-10 20:15:00,0
TXN0000946,11.13,POS,TX,2024-01-10 20:30:00,0
TXN0000947,21.77,ATM,FL,2024-01-10 20:45:00,0
TXN0000948,20.82,Online,IL,2024-01-10 21:00:00,0
TXN0000949,10.19,Online,FL,2024-01-10 21:15:00,0
TXN0000950,12.05,Transfer,FL,2024-01-10 21:30:00,0
TXN0000951,76.4,Online,FL,2024-01-10 21:45:00,0
TXN0000952,25.96,Online,CA,2024-01-10 22:00:00,0
TXN0000953,58.1,Transfer,FL,2024-01-10 22:15:00,0
TXN0000954,84.96,Transfer,FL,2024-01-10 22:30:00,0
TXN0000955,40.72,ATM,FL,2024-01-10 22:45:00,0
TXN0000956,306.45,ATM,WA,2024-01-10 23:00:00,0
TXN0000957,7.46,ATM,WA,2024-01-10 23:15:00,0
TXN0000958,52.99,ATM,IL,2024-01-10 23:30:00,0
TXN0000959,13.71,Online,WA,2024-01-10 23:45:00,0
TXN0000960,186.22,Transfer,IL,2024-01-11 00:00:00,0
TXN0000961,154.55,Transfer,FL,2024-01-11 00:15:00,0
TXN0000962,1.93,Online,NY,2024-01-11 00:30:00,0
TXN0000963,6.28,ATM,WA,2024-01-11 00:45:00,0
TXN0000964,44.58,ATM,WA,2024-01-11 01:00:00,0
TXN0000965,51.82,POS,NY,2024-01-11 01:15:00,0
TXN0000966,48.61,POS,CA,2024-01-11 01:30:00,0
TXN0000967,18.45,Online,FL,2024-01-11 01:45:00,0
TXN0000968,34.68,Online,WA,2024-01-11 02:00:00,0
TXN0000969,43.98,POS,CA,2024-01-11 02:15:00,0
TXN0000970,18.29,POS,IL,2024-01-11 02:30:00,1
TXN0000971,68.91,Transfer,FL,2024-01-11 02:45:00,0
TXN0000972,1.33,POS,TX,2024-01-11 03:00:00,0
TXN0000973,42.97,Transfer,CA,2024-01-11 03:15:00,0
TXN0000974,5.81,Online,NY,2024-01-11 03:30:00,0
TXN0000975,63.46,Online,IL,2024-01-11 03:45:00,0
TXN0000976,15.27,Online,TX,2024-01-11 04:00:00,0
TXN0000977,6.91,ATM,WA,2024-01-11 04:15:00,0
TXN0000978,31.46,POS,NY,2024-01-11 04:30:00,0
TXN0000979,6.73,Transfer,WA,2024-01-11 04:45:00,0
TXN0000980,6.72,Online,NY,2024-01-11 05:00:00,0
TXN0000981,3.06,POS,FL,2024-01-11 05:15:00,0
TXN0000982,19.45,Transfer,CA,2024-01-11 05:30:00,0
TXN0000983,36.46,Transfer,WA,2024-01-11 05:45:00,0
TXN0000984,68.55,ATM,CA,2024-01-11 06:00:00,0
TXN0000985,16.94,Transfer,CA,2024-01-11 06:15:00,0
TXN0000986,70.63,ATM,NY,2024-01-11 06:30:00,0
TXN0000987,20.52,POS,TX,2024-01-11 06:45:00,0
TXN0000988,17.96,POS,NY,2024-01-11 07:00:00,0
TXN0000989,39.98,Online,WA,2024-01-11 07:15:00,0
TXN0000990,71.53,Transfer,IL,2024-01-11 07:30:00,0
TXN0000991,13.33,POS,WA,2024-01-11 07:45:00,0
TXN0000992,14.99,ATM,IL,2024-01-11 08:00:00,0
TXN0000993,16.56,Transfer,CA,2024-01-11 08:15:00,0
TXN0000994,22.18,Transfer,WA,2024-01-11 08:30:00,0
TXN0000995,6.82,POS,FL,2024-01-11 08:45:00,0
TXN0000996,68.97,Online,WA,2024-01-11 09:00:00,0
TXN0000997,12.42,POS,NY,2024-01-11 09:15:00,0
TXN0000998,34.99,Transfer,IL,2024-01-11 09:30:00,0
TXN0000999,7.46,POS,FL,2024-01-11 09:45:00,0
TXN0001000,30.89,Transfer,FL,2024-01-11 10:00:00,0
TXN0001001,32.13,Transfer,CA,2024-01-11 10:15:00,0
TXN0001002,12.12,Online,FL,2024-01-11 10:30:00,0
TXN0001003,227.03,ATM,NY,2024-01-11 10:45:00,0
TXN0001004,31.35,ATM,WA,2024-01-11 11:00:00,0
TXN0001005,169.41,Online,TX,2024-01-11 11:15:00,0
TXN0001006,63.5,Online,IL,2024-01-11 11:30:00,0
TXN0001007,9.07,POS,TX,2024-01-11 11:45:00,0
TXN0001008,12.7,Transfer,TX,2024-01-11 12:00:00,1
TXN0001009,33.9,POS,NY,2024-01-11 12:15:00,0
TXN0001010,21.62,Transfer,TX,2024-01-11 12:30:00,0
TXN0001011,21.31,Transfer,WA,2024-01-11 12:45:00,0
TXN0001012,14.25,Online,CA,2024-01-11 13:00:00,0
TXN0001013,2.29,ATM,NY,2024-01-11 13:15:00,0
TXN0001014,15.32,POS,WA,2024-01-11 13:30:00,0
TXN0001015,1.4,Online,WA,2024-01-11 13:45:00,0
TXN0001016,31.38,POS,IL,2024-01-11 14:00:00,0
TXN0001017,8.4,Online,NY,2024-01-11 14:15:00,0
TXN0001018,8.51,ATM,IL,2024-01-11 14:30:00,0
TXN0001019,15.44,POS,NY,2024-01-11 14:45:00,0
TXN0001020,27.86,ATM,WA,2024-01-11 15:00:00,0
TXN0001021,3.6,ATM,CA,2024-01-11 15:15:00,0
TXN0001022,2.46,Transfer,TX,2024-01-11 15:30:00,0
TXN0001023,5.59,ATM,CA,2024-01-11 15:45:00,0
TXN0001024,1.73,Transfer,NY,2024-01-11 16:00:00,0
TXN0001025,6.3,POS,IL,2024-01-11 16:15:00,0
TXN0001026,135.51,ATM,IL,2024-01-11 16:30:00,0
TXN0001027,5.65,POS,FL,2024-01-11 16:45:00,0
TXN0001028,43.89,Online,FL,2024-01-11 17:00:00,0
TXN0001029,3.87,POS,NY,2024-01-11 17:15:00,0
TXN0001030,28.76,Transfer,IL,2024-01-11 17:30:00,0
TXN0001031,13.69,Online,FL,2024-01-11 17:45:00,0
TXN0001032,18.69,Online,WA,2024-01-11 18:00:00,0
TXN0001033,39.75,POS,CA,2024-01-11 18:15:00,0
TXN0001034,165.25,POS,WA,2024-01-11 18:30:00,0
TXN0001035,25.37,ATM,IL,2024-01-11 18:45:00,0
TXN0001036,23.32,ATM,IL,2024-01-11 19:00:00,0
TXN0001037,6.25,POS,CA,2024-01-11 19:15:00,0
TXN0001038,40.45,ATM,IL,2024-01-11 19:30:00,0
TXN0001039,14.95,Transfer,TX,2024-01-11 19:45:00,0
TXN0001040,54.51,Transfer,FL,2024-01-11 20:00:00,0
TXN0001041,19.06,ATM,WA,2024-01-11 20:15:00,0
TXN0001042,162.23,POS,CA,2024-01-11 20:30:00,0
TXN0001043,1.86,Online,TX,2024-01-11 20:45:00,0
TXN0001044,14.07,Transfer,TX,2024-01-11 21:00:00,0
TXN0001045,57.85,POS,NY,2024-01-11 21:15:00,0
TXN0001046,13.19,POS,CA,2024-01-11 21:30:00,0
TXN0001047,7.76,Online,IL,2024-01-11 21:45:00,0
TXN0001048,14.6,Online,NY,2024-01-11 22:00:00,0
TXN0001049,3.83,Online,FL,2024-01-11 22:15:00,0
TXN0001050,23.17,POS,WA,2024-01-11 22:30:00,0
TXN0001051,375.61,Online,TX,2024-01-11 22:45:00,0
TXN0001052,79.36,ATM,WA,2024-01-11 23:00:00,0
TXN0001053,5.31,Online,CA,2024-01-11 23:15:00,0
TXN0001054,7.04,POS,WA,2024-01-11 23:30:00,0
TXN0001055,12.36,Online,FL,2024-01-11 23:45:00,0
TXN0001056,67.04,Transfer,NY,2024-01-12 00:00:00,0
TXN0001057,7.49,Transfer,WA,2024-01-12 00:15:00,0
TXN0001058,8.77,POS,NY,2024-01-12 00:30:00,0
TXN0001059,58.07,Online,WA,2024-01-12 00:45:00,0
TXN0001060,56.69,Online,NY,2024-01-12 01:00:00,0
TXN0001061,12.83,POS,CA,2024-01-12 01:15:00,0
TXN0001062,5.25,Transfer,NY,2024-01-12 01:30:00,0
TXN0001063,3.13,ATM,IL,2024-01-12 01:45:00,0
TXN0001064,8.68,ATM,IL,2024-01-12 02:00:00,0
TXN0001065,1.38,Online,WA,2024-01-12 02:15:00,0
TXN0001066,49.39,Online,FL,2024-01-12 02:30:00,0
TXN0001067,9.43,POS,TX,2024-01-12 02:45:00,0
TXN0001068,35.79,Online,CA,2024-01-12 03:00:00,0
TXN0001069,189.05,POS,CA,2024-01-12 03:15:00,0
TXN0001070,82.07,POS,NY,2024-01-12 03:30:00,0
TXN0001071,5.05,POS,WA,2024-01-12 03:45:00,0
TXN0001072,57.0,Transfer,NY,2024-01-12 04:00:00,0
TXN0001073,80.59,ATM,TX,2024-01-12 04:15:00,0
TXN0001074,8.2,ATM,FL,2024-01-12 04:30:00,0
TXN0001075,6.4,ATM,CA,2024-01-12 04:45:00,0
TXN0001076,17.61,POS,WA,2024-01-12 05:00:00,0
TXN0001077,2.94,ATM,CA,2024-01-12 05:15:00,0
TXN0001078,117.32,ATM,TX,2024-01-12 05:30:00,0
TXN0001079,1.12,POS,TX,2024-01-12 05:45:00,0
TXN0001080,5.32,ATM,TX,2024-01-12 06:00:00,0
TXN0001081,14.53,Online,IL,2024-01-12 06:15:00,0
TXN0001082,15.29,Online,NY,2024-01-12 06:30:00,0
TXN0001083,24.52,ATM,TX,2024-01-12 06:45:00,0
TXN0001084,27.82,ATM,WA,2024-01-12 07:00:00,0
TXN0001085,15.54,ATM,TX,2024-01-12 07:15:00,0
TXN0001086,78.59,POS,CA,2024-01-12 07:30:00,0
TXN0001087,1.54,ATM,CA,2024-01-12 07:45:00,0
TXN0001088,20.08,ATM,CA,2024-01-12 08:00:00,0
TXN0001089,8.52,ATM,TX,2024-01-12 08:15:00,0
TXN0001090,23.55,Transfer,CA,2024-01-12 08:30:00,0
TXN0001091,26.18,Transfer,WA,2024-01-12 08:45:00,0
TXN0001092,6.72,POS,CA,2024-01-12 09:00:00,0
TXN0001093,9.31,Transfer,CA,2024-01-12 09:15:00,0
TXN0001094,51.99,ATM,IL,2024-01-12 09:30:00,0
TXN0001095,30.53,POS,NY,2024-01-12 09:45:00,0
TXN0001096,8.88,Online,WA,2024-01-12 10:00:00,0
TXN0001097,232.26,Online,NY,2024-01-12 10:15:00,0
TXN0001098,320.86,ATM,IL,2024-01-12 10:30:00,0
TXN0001099,3.47,Online,FL,2024-01-12 10:45:00,0
TXN0001100,28.85,Transfer,IL,2024-01-12 11:00:00,0
TXN0001101,407.81,ATM,WA,2024-01-12 11:15:00,0
TXN0001102,51.45,Online,CA,2024-01-12 11:30:00,0
TXN0001103,26.19,Transfer,NY,2024-01-12 11:45:00,0
TXN0001104,15.65,ATM,WA,2024-01-12 12:00:00,0
TXN0001105,10.49,ATM,CA,2024-01-12 12:15:00,1
TXN0001106,15.56,Transfer,FL,2024-01-12 12:30:00,0
TXN0001107,10.37,Transfer,WA,2024-01-12 12:45:00,0
TXN0001108,49.1,ATM,WA,2024-01-12 13:00:00,0
TXN0001109,12.46,Online,NY,2024-01-12 13:15:00,0
TXN0001110,11.83,Online,FL,2024-01-12 13:30:00,0
TXN0001111,4.75,Online,FL,2024-01-12 13:45:00,0
TXN0001112,18.93,Transfer,NY,2024-01-12 14:00:00,0
TXN0001113,6.87,ATM,TX,2024-01-12 14:15:00,0
TXN0001114,16.17,ATM,FL,2024-01-12 14:30:00,0
TXN0001115,70.12,Transfer,CA,2024-01-12 14:45:00,0
TXN0001116,31.16,Online,IL,2024-01-12 15:00:00,0
TXN0001117,36.81,Online,IL,2024-01-12 15:15:00,0
TXN0001118,30.79,Transfer,TX,2024-01-12 15:30:00,0
TXN0001119,21.56,Transfer,CA,2024-01-12 15:45:00,1
TXN0001120,17.24,Transfer,TX,2024-01-12 16:00:00,0
TXN0001121,13.88,POS,NY,2024-01-12 16:15:00,0
TXN0001122,49.95,POS,TX,2024-01-12 16:30:00,0
TXN0001123,5.47,Online,NY,2024-01-12 16:45:00,0
TXN0001124,100.37,Transfer,CA,2024-01-12 17:00:00,0
TXN0001125,20.92,ATM,WA,2024-01-12 17:15:00,0
TXN0001126,8.18,POS,WA,2024-01-12 17:30:00,1
TXN0001127,11.17,Transfer,CA,2024-01-12 17:45:00,0
TXN0001128,8.91,POS,CA,2024-01-12 18:00:00,0
TXN0001129,24.34,Transfer,NY,2024-01-12 18:15:00,0
TXN0001130,8.49,ATM,CA,2024-01-12 18:30:00,0
TXN0001131,79.09,Transfer,TX,2024-01-12 18:45:00,0
TXN0001132,7.86,ATM,TX,2024-01-12 19:00:00,0
TXN0001133,1.31,POS,CA,2024-01-12 19:15:00,0
TXN0001134,8.35,POS,IL,2024-01-12 19:30:00,0
TXN0001135,1.8,Transfer,TX,2024-01-12 19:45:00,0
TXN0001136,19.15,ATM,IL,2024-01-12 20:00:00,0
TXN0001137,71.59,POS,NY,2024-01-12 20:15:00,0
TXN0001138,43.7,Online,FL,2024-01-12 20:30:00,0
TXN0001139,4.03,Transfer,CA,2024-01-12 20:45:00,0
TXN0001140,8.05,Transfer,TX,2024-01-12 21:00:00,0
TXN0001141,169.76,ATM,IL,2024-01-12 21:15:00,0
TXN0001142,29.44,Online,TX,2024-01-12 21:30:00,0
TXN0001143,20.19,POS,FL,2024-01-12 21:45:00,0
TXN0001144,71.33,Online,NY,2024-01-12 22:00:00,0
TXN0001145,381.19,Online,WA,2024-01-12 22:15:00,0
TXN0001146,95.19,Transfer,TX,2024-01-12 22:30:00,0
TXN0001147,23.74,POS,NY,2024-01-12 22:45:00,0
TXN0001148,30.74,POS,IL,2024-01-12 23:00:00,0
TXN0001149,42.12,ATM,FL,2024-01-12 23:15:00,0
TXN0001150,9.63,Transfer,FL,2024-01-12 23:30:00,0
TXN0001151,5.64,Online,TX,2024-01-12 23:45:00,0
TXN0001152,21.39,Transfer,WA,2024-01-13 00:00:00,0
TXN0001153,6.45,POS,CA,2024-01-13 00:15:00,0
TXN0001154,18.66,Transfer,IL,2024-01-13 00:30:00,0
TXN0001155,22.54,Online,TX,2024-01-13 00:45:00,0
TXN0001156,333.37,POS,CA,2024-01-13 01:00:00,0
TXN0001157,7.23,Online,WA,2024-01-13 01:15:00,0
TXN0001158,17.35,Transfer,FL,2024-01-13 01:30:00,0
TXN0001159,16.49,POS,WA,2024-01-13 01:45:00,0
TXN0001160,33.95,Online,FL,2024-01-13 02:00:00,0
TXN0001161,70.53,Online,FL,2024-01-13 02:15:00,0
TXN0001162,11.15,Transfer,FL,2024-01-13 02:30:00,0
TXN0001163,7.5,ATM,FL,2024-01-13 02:45:00,0
TXN0001164,2.8,Transfer,WA,2024-01-13 03:00:00,0
TXN0001165,6.61,ATM,NY,2024-01-13 03:15:00,0
TXN0001166,38.23,Transfer,NY,2024-01-13 03:30:00,0
TXN0001167,21.22,POS,NY,2024-01-13 03:45:00,0
TXN0001168,5.94,ATM,NY,2024-01-13 04:00:00,0
TXN0001169,12.84,Online,FL,2024-01-13 04:15:00,0
TXN0001170,20.86,Transfer,TX,2024-01-13 04:30:00,0
TXN0001171,36.76,POS,NY,2024-01-13 04:45:00,0
TXN0001172,9.85,Online,TX,2024-01-13 05:00:00,0
TXN0001173,14.87,Online,WA,2024-01-13 05:15:00,0
TXN0001174,2.27,POS,CA,2024-01-13 05:30:00,0
TXN0001175,5.04,ATM,NY,2024-01-13 05:45:00,0
TXN0001176,139.95,ATM,IL,2024-01-13 06:00:00,0
TXN0001177,1.45,Transfer,NY,2024-01-13 06:15:00,0
TXN0001178,13.39,ATM,NY,2024-01-13 06:30:00,0
TXN0001179,26.13,Online,FL,2024-01-13 06:45:00,0
TXN0001180,12.82,POS,TX,2024-01-13 07:00:00,0
TXN0001181,7.62,POS,TX,2024-01-13 07:15:00,0
TXN0001182,18.67,Transfer,CA,2024-01-13 07:30:00,0
TXN0001183,19.97,POS,FL,2024-01-13 07:45:00,0
TXN0001184,18.2,ATM,IL,2024-01-13 08:00:00,0
TXN0001185,2.11,Online,IL,2024-01-13 08:15:00,0
TXN0001186,16.83,Transfer,WA,2024-01-13 08:30:00,0
TXN0001187,7.2,Transfer,TX,2024-01-13 08:45:00,0
TXN0001188,10.41,ATM,NY,2024-01-13 09:00:00,0
TXN0001189,26.37,Online,CA,2024-01-13 09:15:00,0
TXN0001190,43.33,Transfer,FL,2024-01-13 09:30:00,0
TXN0001191,58.92,Online,FL,2024-01-13 09:45:00,0
TXN0001192,11.07,ATM,CA,2024-01-13 10:00:00,0
TXN0001193,60.87,Online,NY,2024-01-13 10:15:00,0
TXN0001194,82.14,Transfer,WA,2024-01-13 10:30:00,0
TXN0001195,78.57,POS,FL,2024-01-13 10:45:00,0
TXN0001196,106.45,Online,TX,2024-01-13 11:00:00,0
TXN0001197,16.86,ATM,IL,2024-01-13 11:15:00,0
TXN0001198,16.3,Transfer,WA,2024-01-13 11:30:00,0
TXN0001199,54.06,ATM,NY,2024-01-13 11:45:00,0
TXN0001200,3.9,Online,WA,2024-01-13 12:00:00,0
TXN0001201,25.82,POS,FL,2024-01-13 12:15:00,0
TXN0001202,10.63,POS,WA,2024-01-13 12:30:00,0
TXN0001203,12.9,Online,NY,2024-01-13 12:45:00,0
TXN0001204,2.48,Online,FL,2024-01-13 13:00:00,0
TXN0001205,6.9,Transfer,IL,2024-01-13 13:15:00,0
TXN0001206,19.6,Online,WA,2024-01-13 13:30:00,0
TXN0001207,58.33,Online,IL,2024-01-13 13:45:00,0
TXN0001208,65.89,POS,NY,2024-01-13 14:00:00,0
TXN0001209,18.24,POS,IL,2024-01-13 14:15:00,0
TXN0001210,16.0,ATM,TX,2024-01-13 14:30:00,0
TXN0001211,7.41,ATM,IL,2024-01-13 14:45:00,0
TXN0001212,32.55,ATM,FL,2024-01-13 15:00:00,0
TXN0001213,14.92,Online,IL,2024-01-13 15:15:00,1
TXN0001214,41.56,POS,FL,2024-01-13 15:30:00,0
TXN0001215,164.35,Online,FL,2024-01-13 15:45:00,0
TXN0001216,19.32,ATM,TX,2024-01-13 16:00:00,1
TXN0001217,3.33,POS,TX,2024-01-13 16:15:00,0
TXN0001218,7.15,POS,FL,2024-01-13 16:30:00,0
TXN0001219,3.49,POS,NY,2024-01-13 16:45:00,0
TXN0001220,4.78,Online,WA,2024-01-13 17:00:00,0
TXN0001221,96.19,Online,WA,2024-01-13 17:15:00,0
TXN0001222,26.36,Transfer,TX,2024-01-13 17:30:00,0
TXN0001223,3.24,Transfer,WA,2024-01-13 17:45:00,0
TXN0001224,44.01,Online,IL,2024-01-13 18:00:00,0
TXN0001225,91.14,Online,CA,2024-01-13 18:15:00,0
TXN0001226,13.04,Online,NY,2024-01-13 18:30:00,0
TXN0001227,8.92,POS,WA,2024-01-13 18:45:00,0
TXN0001228,13.4,Transfer,FL,2024-01-13 19:00:00,0
TXN0001229,28.26,Online,FL,2024-01-13 19:15:00,0
TXN0001230,43.29,Online,TX,2024-01-13 19:30:00,0
TXN0001231,82.99,Online,CA,2024-01-13 19:45:00,0
TXN0001232,86.05,ATM,IL,2024-01-13 20:00:00,0
TXN0001233,83.3,Transfer,NY,2024-01-13 20:15:00,0
TXN0001234,102.96,POS,FL,2024-01-13 20:30:00,1
TXN0001235,44.42,POS,TX,2024-01-13 20:45:00,0
TXN0001236,3.2,Transfer,WA,2024-01-13 21:00:00,0
TXN0001237,17.16,ATM,TX,2024-01-13 21:15:00,1
TXN0001238,29.27,Online,FL,2024-01-13 21:30:00,0
TXN0001239,12.68,ATM,CA,2024-01-13 21:45:00,0
TXN0001240,59.95,Online,IL,2024-01-13 22:00:00,0
TXN0001241,13.04,Transfer,TX,2024-01-13 22:15:00,0
TXN0001242,6.61,Online,CA,2024-01-13 22:30:00,0
TXN0001243,113.65,Transfer,CA,2024-01-13 22:45:00,0
TXN0001244,44.67,ATM,WA,2024-01-13 23:00:00,0
TXN0001245,26.13,POS,WA,2024-01-13 23:15:00,0
TXN0001246,61.07,ATM,FL,2024-01-13 23:30:00,0
TXN0001247,71.88,ATM,NY,2024-01-13 23:45:00,0
TXN0001248,30.24,Online,CA,2024-01-14 00:00:00,0
TXN0001249,1.05,Online,IL,2024-01-14 00:15:00,0
TXN0001250,8.93,ATM,IL,2024-01-14 00:30:00,0
TXN0001251,11.61,ATM,CA,2024-01-14 00:45:00,0
TXN0001252,6.17,POS,TX,2024-01-14 01:00:00,0
TXN0001253,25.49,Online,TX,2024-01-14 01:15:00,0
TXN0001254,83.99,POS,CA,2024-01-14 01:30:00,0
TXN0001255,11.22,Online,CA,2024-01-14 01:45:00,0
TXN0001256,5.15,ATM,IL,2024-01-14 02:00:00,0
TXN0001257,228.98,Transfer,FL,2024-01-14 02:15:00,0
TXN0001258,11.68,ATM,WA,2024-01-14 02:30:00,0
TXN0001259,4.57,Transfer,IL,2024-01-14 02:45:00,0
TXN0001260,26.71,Transfer,CA,2024-01-14 03:00:00,0
TXN0001261,33.48,ATM,TX,2024-01-14 03:15:00,0
TXN0001262,8.62,ATM,TX,2024-01-14 03:30:00,0
TXN0001263,51.86,Transfer,FL,2024-01-14 03:45:00,0
TXN0001264,11.19,ATM,IL,2024-01-14 04:00:00,0
TXN0001265,6.64,Transfer,IL,2024-01-14 04:15:00,0
TXN0001266,24.89,POS,NY,2024-01-14 04:30:00,0
TXN0001267,50.65,POS,CA,2024-01-14 04:45:00,0
TXN0001268,9.39,POS,TX,2024-01-14 05:00:00,0
TXN0001269,29.87,Transfer,WA,2024-01-14 05:15:00,0
TXN0001270,17.95,Transfer,TX,2024-01-14 05:30:00,0
TXN0001271,595.45,POS,WA,2024-01-14 05:45:00,0
TXN0001272,8.58,Online,CA,2024-01-14 06:00:00,0
TXN0001273,105.74,ATM,FL,2024-01-14 06:15:00,0
TXN0001274,18.86,Transfer,WA,2024-01-14 06:30:00,0
TXN0001275,17.25,Online,NY,2024-01-14 06:45:00,0
TXN0001276,47.75,POS,FL,2024-01-14 07:00:00,0
TXN0001277,58.72,POS,FL,2024-01-14 07:15:00,0
TXN0001278,91.87,Transfer,WA,2024-01-14 07:30:00,0
TXN0001279,29.8,POS,FL,2024-01-14 07:45:00,0
TXN0001280,9.77,Online,WA,2024-01-14 08:00:00,0
TXN0001281,10.54,ATM,TX,2024-01-14 08:15:00,0
TXN0001282,37.02,Transfer,CA,2024-01-14 08:30:00,0
TXN0001283,40.33,Online,NY,2024-01-14 08:45:00,0
TXN0001284,107.52,Online,WA,2024-01-14 09:00:00,0
TXN0001285,33.19,Transfer,CA,2024-01-14 09:15:00,0
TXN0001286,71.68,Transfer,CA,2024-01-14 09:30:00,0
TXN0001287,123.98,Transfer,NY,2024-01-14 09:45:00,0
TXN0001288,24.48,ATM,NY,2024-01-14 10:00:00,0
TXN0001289,3.38,Online,TX,2024-01-14 10:15:00,0
TXN0001290,4.88,Transfer,NY,2024-01-14 10:30:00,0
TXN0001291,3.58,Online,CA,2024-01-14 10:45:00,0
TXN0001292,135.63,ATM,WA,2024-01-14 11:00:00,0
TXN0001293,7.27,Online,TX,2024-01-14 11:15:00,0
TXN0001294,88.08,ATM,IL,2024-01-14 11:30:00,0
TXN0001295,40.56,Online,IL,2024-01-14 11:45:00,0
TXN0001296,157.33,ATM,WA,2024-01-14 12:00:00,0
TXN0001297,66.93,Transfer,IL,2024-01-14 12:15:00,0
TXN0001298,17.76,Transfer,FL,2024-01-14 12:30:00,0
TXN0001299,15.8,Online,WA,2024-01-14 12:45:00,0
TXN0001300,22.25,ATM,TX,2024-01-14 13:00:00,0
TXN0001301,24.79,ATM,WA,2024-01-14 13:15:00,0
TXN0001302,10.62,Online,TX,2024-01-14 13:30:00,0
TXN0001303,19.31,ATM,CA,2024-01-14 13:45:00,0
TXN0001304,138.54,POS,TX,2024-01-14 14:00:00,0
TXN0001305,2.61,Transfer,CA,2024-01-14 14:15:00,0
TXN0001306,27.39,ATM,WA,2024-01-14 14:30:00,0
TXN0001307,6.76,POS,TX,2024-01-14 14:45:00,0
TXN0001308,25.14,Online,TX,2024-01-14 15:00:00,1
TXN0001309,55.03,Online,FL,2024-01-14 15:15:00,0
TXN0001310,18.74,ATM,IL,2024-01-14 15:30:00,0
TXN0001311,50.78,ATM,IL,2024-01-14 15:45:00,0
TXN0001312,2.98,Transfer,FL,2024-01-14 16:00:00,0
TXN0001313,75.82,POS,CA,2024-01-14 16:15:00,0
TXN0001314,9.74,Online,FL,2024-01-14 16:30:00,0
TXN0001315,42.39,Online,FL,2024-01-14 16:45:00,0
TXN0001316,25.0,ATM,CA,2024-01-14 17:00:00,0
TXN0001317,0.9,Transfer,IL,2024-01-14 17:15:00,0
TXN0001318,8.11,ATM,WA,2024-01-14 17:30:00,0
TXN0001319,26.17,POS,FL,2024-01-14 17:45:00,0
TXN0001320,129.64,ATM,CA,2024-01-14 18:00:00,0
TXN0001321,28.35,Online,WA,2024-01-14 18:15:00,0
TXN0001322,27.36,Online,CA,2024-01-14 18:30:00,0
TXN0001323,3.69,Transfer,NY,2024-01-14 18:45:00,0
TXN0001324,111.87,Online,FL,2024-01-14 19:00:00,0
TXN0001325,175.65,Transfer,NY,2024-01-14 19:15:00,0
TXN0001326,20.79,ATM,IL,2024-01-14 19:30:00,0
TXN0001327,15.43,POS,CA,2024-01-14 19:45:00,1
TXN0001328,2.88,Transfer,CA,2024-01-14 20:00:00,0
TXN0001329,57.97,Transfer,CA,2024-01-14 20:15:00,0
TXN0001330,514.26,Transfer,NY,2024-01-14 20:30:00,0
TXN0001331,47.49,POS,IL,2024-01-14 20:45:00,0
TXN0001332,91.51,ATM,WA,2024-01-14 21:00:00,0
TXN0001333,38.49,ATM,CA,2024-01-14 21:15:00,1
TXN0001334,6.16,POS,FL,2024-01-14 21:30:00,0
TXN0001335,99.88,POS,NY,2024-01-14 21:45:00,0
TXN0001336,4.57,ATM,FL,2024-01-14 22:00:00,0
TXN0001337,15.6,Online,FL,2024-01-14 22:15:00,0
TXN0001338,28.07,Online,IL,2024-01-14 22:30:00,0
TXN0001339,57.94,Transfer,NY,2024-01-14 22:45:00,0
TXN0001340,33.09,Transfer,WA,2024-01-14 23:00:00,0
TXN0001341,31.95,Online,WA,2024-01-14 23:15:00,0
TXN0001342,8.05,Online,CA,2024-01-14 23:30:00,0
TXN0001343,4.27,Online,IL,2024-01-14 23:45:00,0
TXN0001344,21.62,Transfer,FL,2024-01-15 00:00:00,0
TXN0001345,8.57,POS,NY,2024-01-15 00:15:00,0
TXN0001346,4.18,POS,WA,2024-01-15 00:30:00,0
TXN0001347,4.4,Online,FL,2024-01-15 00:45:00,0
TXN0001348,11.15,ATM,WA,2024-01-15 01:00:00,0
TXN0001349,2.17,Transfer,IL,2024-01-15 01:15:00,0
TXN0001350,3.99,Online,CA,2024-01-15 01:30:00,0
TXN0001351,2.82,Transfer,TX,2024-01-15 01:45:00,0
TXN0001352,25.0,POS,CA,2024-01-15 02:00:00,0
TXN0001353,32.77,POS,FL,2024-01-15 02:15:00,0
TXN0001354,223.31,Transfer,NY,2024-01-15 02:30:00,0
TXN0001355,3.33,Online,WA,2024-01-15 02:45:00,0
TXN0001356,8.89,Online,IL,2024-01-15 03:00:00,0
TXN0001357,60.05,ATM,FL,2024-01-15 03:15:00,0
TXN0001358,15.48,ATM,CA,2024-01-15 03:30:00,0
TXN0001359,13.57,POS,WA,2024-01-15 03:45:00,0
TXN0001360,156.18,Online,FL,2024-01-15 04:00:00,0
TXN0001361,13.38,Transfer,NY,2024-01-15 04:15:00,0
TXN0001362,5.02,Online,TX,2024-01-15 04:30:00,0
TXN0001363,4.14,POS,TX,2024-01-15 04:45:00,1
TXN0001364,30.05,Online,FL,2024-01-15 05:00:00,0
TXN0001365,28.97,ATM,CA,2024-01-15 05:15:00,0
TXN0001366,3.87,Online,NY,2024-01-15 05:30:00,0
TXN0001367,6.16,Transfer,IL,2024-01-15 05:45:00,0
TXN0001368,38.15,ATM,IL,2024-01-15 06:00:00,0
TXN0001369,40.15,Transfer,WA,2024-01-15 06:15:00,1
TXN0001370,9.28,POS,WA,2024-01-15 06:30:00,0
TXN0001371,42.38,Online,CA,2024-01-15 06:45:00,0
TXN0001372,39.89,ATM,IL,2024-01-15 07:00:00,0
TXN0001373,2.36,POS,WA,2024-01-15 07:15:00,0
TXN0001374,13.81,ATM,CA,2024-01-15 07:30:00,0
TXN0001375,33.05,ATM,IL,2024-01-15 07:45:00,0
TXN0001376,10.1,POS,CA,2024-01-15 08:00:00,0
TXN0001377,1.54,Transfer,CA,2024-01-15 08:15:00,1
TXN0001378,14.3,ATM,IL,2024-01-15 08:30:00,0
TXN0001379,49.53,Transfer,CA,2024-01-15 08:45:00,0
TXN0001380,133.82,POS,FL,2024-01-15 09:00:00,0
TXN0001381,1.45,Transfer,WA,2024-01-15 09:15:00,0
TXN0001382,462.19,ATM,TX,2024-01-15 09:30:00,0
TXN0001383,5.19,ATM,IL,2024-01-15 09:45:00,0
TXN0001384,63.33,Transfer,FL,2024-01-15 10:00:00,0
TXN0001385,88.33,Transfer,IL,2024-01-15 10:15:00,0
TXN0001386,65.34,Transfer,TX,2024-01-15 10:30:00,0
TXN0001387,24.04,Transfer,WA,2024-01-15 10:45:00,0
TXN0001388,4.98,POS,NY,2024-01-15 11:00:00,0
TXN0001389,42.6,Online,WA,2024-01-15 11:15:00,0
TXN0001390,8.51,Transfer,TX,2024-01-15 11:30:00,0
TXN0001391,0.97,Transfer,FL,2024-01-15 11:45:00,0
TXN0001392,598.65,Online,CA,2024-01-15 12:00:00,0
TXN0001393,46.98,POS,IL,2024-01-15 12:15:00,1
TXN0001394,177.98,ATM,WA,2024-01-15 12:30:00,0
TXN0001395,6.73,Online,FL,2024-01-15 12:45:00,0
TXN0001396,116.86,Online,WA,2024-01-15 13:00:00,0
TXN0001397,135.35,POS,NY,2024-01-15 13:15:00,0
TXN0001398,129.73,ATM,WA,2024-01-15 13:30:00,0
TXN0001399,19.58,ATM,NY,2024-01-15 13:45:00,0
TXN0001400,4.74,Online,IL,2024-01-15 14:00:00,0
TXN0001401,16.24,POS,NY,2024-01-15 14:15:00,1
TXN0001402,1.43,ATM,NY,2024-01-15 14:30:00,0
TXN0001403,2.61,ATM,FL,2024-01-15 14:45:00,0
TXN0001404,22.43,POS,FL,2024-01-15 15:00:00,0
TXN0001405,6.11,Transfer,WA,2024-01-15 15:15:00,0
TXN0001406,16.49,Transfer,IL,2024-01-15 15:30:00,0
TXN0001407,17.62,POS,IL,2024-01-15 15:45:00,0
TXN0001408,203.75,Transfer,TX,2024-01-15 16:00:00,0
TXN0001409,95.31,Online,TX,2024-01-15 16:15:00,0
TXN0001410,19.03,Online,TX,2024-01-15 16:30:00,0
TXN0001411,85.69,ATM,NY,2024-01-15 16:45:00,0
TXN0001412,7.88,Transfer,NY,2024-01-15 17:00:00,0
TXN0001413,13.41,Online,IL,2024-01-15 17:15:00,0
TXN0001414,59.88,Transfer,CA,2024-01-15 17:30:00,0
TXN0001415,4.53,Transfer,CA,2024-01-15 17:45:00,0
TXN0001416,14.37,Online,IL,2024-01-15 18:00:00,0
TXN0001417,4.12,Transfer,FL,2024-01-15 18:15:00,0
TXN0001418,23.13,Online,CA,2024-01-15 18:30:00,0
TXN0001419,142.45,POS,NY,2024-01-15 18:45:00,0
TXN0001420,8.15,ATM,FL,2024-01-15 19:00:00,0
TXN0001421,26.34,ATM,IL,2024-01-15 19:15:00,0
TXN0001422,6.84,Online,NY,2024-01-15 19:30:00,0
TXN0001423,5.06,ATM,CA,2024-01-15 19:45:00,0
TXN0001424,4.56,Online,TX,2024-01-15 20:00:00,0
TXN0001425,115.09,Transfer,WA,2024-01-15 20:15:00,0
TXN0001426,342.04,Online,CA,2024-01-15 20:30:00,0
TXN0001427,35.86,Transfer,FL,2024-01-15 20:45:00,0
TXN0001428,8.5,Online,FL,2024-01-15 21:00:00,0
TXN0001429,46.8,ATM,CA,2024-01-15 21:15:00,0
TXN0001430,13.45,Transfer,CA,2024-01-15 21:30:00,0
TXN0001431,52.55,POS,WA,2024-01-15 21:45:00,0
TXN0001432,28.48,ATM,FL,2024-01-15 22:00:00,0
TXN0001433,28.1,Online,FL,2024-01-15 22:15:00,0
TXN0001434,41.63,POS,CA,2024-01-15 22:30:00,0
TXN0001435,10.02,Transfer,IL,2024-01-15 22:45:00,0
TXN0001436,12.36,Online,CA,2024-01-15 23:00:00,0
TXN0001437,2.55,POS,WA,2024-01-15 23:15:00,0
TXN0001438,11.82,Transfer,IL,2024-01-15 23:30:00,0
TXN0001439,3.64,Online,TX,2024-01-15 23:45:00,0
TXN0001440,16.88,ATM,IL,2024-01-16 00:00:00,0
TXN0001441,6.37,Transfer,IL,2024-01-16 00:15:00,0
TXN0001442,22.68,POS,IL,2024-01-16 00:30:00,0
TXN0001443,34.6,Transfer,WA,2024-01-16 00:45:00,0
TXN0001444,3.65,Online,WA,2024-01-16 01:00:00,0
TXN0001445,7.57,POS,CA,2024-01-16 01:15:00,0
TXN0001446,6.48,POS,TX,2024-01-16 01:30:00,0
TXN0001447,49.2,ATM,TX,2024-01-16 01:45:00,0
TXN0001448,155.65,POS,IL,2024-01-16 02:00:00,0
TXN0001449,55.8,Transfer,WA,2024-01-16 02:15:00,1
TXN0001450,13.21,POS,IL,2024-01-16 02:30:00,0
TXN0001451,116.51,POS,CA,2024-01-16 02:45:00,0
TXN0001452,3.26,POS,WA,2024-01-16 03:00:00,0
TXN0001453,121.42,Online,FL,2024-01-16 03:15:00,0
TXN0001454,9.14,Transfer,NY,2024-01-16 03:30:00,0
TXN0001455,0.71,Transfer,IL,2024-01-16 03:45:00,0
TXN0001456,483.46,Transfer,FL,2024-01-16 04:00:00,0
TXN0001457,133.44,Transfer,IL,2024-01-16 04:15:00,0
TXN0001458,5.82,ATM,FL,2024-01-16 04:30:00,0
TXN0001459,24.6,Transfer,CA,2024-01-16 04:45:00,0
TXN0001460,15.53,Online,IL,2024-01-16 05:00:00,0
TXN0001461,22.71,Online,FL,2024-01-16 05:15:00,0
TXN0001462,3.39,ATM,WA,2024-01-16 05:30:00,0
TXN0001463,8.87,POS,TX,2024-01-16 05:45:00,0
TXN0001464,35.22,Transfer,CA,2024-01-16 06:00:00,0
TXN0001465,26.24,Online,TX,2024-01-16 06:15:00,0
TXN0001466,84.7,ATM,CA,2024-01-16 06:30:00,0
TXN0001467,22.1,ATM,FL,2024-01-16 06:45:00,0
TXN0001468,336.66,POS,WA,2024-01-16 07:00:00,0
TXN0001469,8.51,Transfer,NY,2024-01-16 07:15:00,0
TXN0001470,27.42,Online,IL,2024-01-16 07:30:00,0
TXN0001471,2.01,ATM,CA,2024-01-16 07:45:00,0
TXN0001472,4.46,Transfer,IL,2024-01-16 08:00:00,0
TXN0001473,98.91,Online,CA,2024-01-16 08:15:00,0
TXN0001474,6.48,ATM,WA,2024-01-16 08:30:00,0
TXN0001475,37.97,Online,TX,2024-01-16 08:45:00,0
TXN0001476,18.65,POS,NY,2024-01-16 09:00:00,0
TXN0001477,5.73,Transfer,FL,2024-01-16 09:15:00,0
TXN0001478,13.22,ATM,FL,2024-01-16 09:30:00,0
TXN0001479,10.84,Online,CA,2024-01-16 09:45:00,0
TXN0001480,11.19,ATM,WA,2024-01-16 10:00:00,0
TXN0001481,49.62,Transfer,NY,2024-01-16 10:15:00,0
TXN0001482,43.94,POS,IL,2024-01-16 10:30:00,0
TXN0001483,10.05,ATM,TX,2024-01-16 10:45:00,0
TXN0001484,6.76,POS,CA,2024-01-16 11:00:00,0
TXN0001485,28.19,POS,WA,2024-01-16 11:15:00,0
TXN0001486,17.81,ATM,NY,2024-01-16 11:30:00,0
TXN0001487,68.99,POS,CA,2024-01-16 11:45:00,0
TXN0001488,486.07,POS,NY,2024-01-16 12:00:00,0
TXN0001489,55.23,Transfer,IL,2024-01-16 12:15:00,0
TXN0001490,19.27,Transfer,WA,2024-01-16 12:30:00,0
TXN0001491,16.34,Transfer,NY,2024-01-16 12:45:00,0
TXN0001492,7.18,Transfer,CA,2024-01-16 13:00:00,0
TXN0001493,6.77,Online,FL,2024-01-16 13:15:00,0
TXN0001494,6.02,POS,TX,2024-01-16 13:30:00,0
TXN0001495,12.5,Transfer,NY,2024-01-16 13:45:00,0
TXN0001496,12.03,Transfer,CA,2024-01-16 14:00:00,0
TXN0001497,49.03,ATM,TX,2024-01-16 14:15:00,0
TXN0001498,12.44,Transfer,FL,2024-01-16 14:30:00,0
TXN0001499,15.85,Online,TX,2024-01-16 14:45:00,0
TXN0001500,4.66,ATM,FL,2024-01-16 15:00:00,0
TXN0001501,144.53,Online,CA,2024-01-16 15:15:00,1
TXN0001502,36.91,Online,WA,2024-01-16 15:30:00,0
TXN0001503,171.85,Online,NY,2024-01-16 15:45:00,0
TXN0001504,52.26,Transfer,FL,2024-01-16 16:00:00,0
TXN0001505,120.01,Transfer,FL,2024-01-16 16:15:00,0
TXN0001506,14.91,POS,CA,2024-01-16 16:30:00,1
TXN0001507,47.49,ATM,TX,2024-01-16 16:45:00,0
TXN0001508,516.26,Online,FL,2024-01-16 17:00:00,0
TXN0001509,4.63,Online,WA,2024-01-16 17:15:00,0
TXN0001510,82.39,POS,IL,2024-01-16 17:30:00,0
TXN0001511,154.09,POS,CA,2024-01-16 17:45:00,0
TXN0001512,33.29,Online,TX,2024-01-16 18:00:00,0
TXN0001513,50.31,ATM,IL,2024-01-16 18:15:00,0
TXN0001514,93.28,ATM,NY,2024-01-16 18:30:00,0
TXN0001515,8.99,Online,CA,2024-01-16 18:45:00,0
TXN0001516,33.15,Transfer,TX,2024-01-16 19:00:00,0
TXN0001517,6.92,POS,NY,2024-01-16 19:15:00,0
TXN0001518,8.76,POS,CA,2024-01-16 19:30:00,0
TXN0001519,9.41,POS,TX,2024-01-16 19:45:00,0
TXN0001520,16.85,POS,TX,2024-01-16 20:00:00,0
TXN0001521,24.04,ATM,WA,2024-01-16 20:15:00,0
TXN0001522,35.01,POS,FL,2024-01-16 20:30:00,0
TXN0001523,3.52,Online,IL,2024-01-16 20:45:00,0
TXN0001524,228.64,Online,CA,2024-01-16 21:00:00,0
TXN0001525,83.12,ATM,NY,2024-01-16 21:15:00,0
TXN0001526,49.02,Transfer,CA,2024-01-16 21:30:00,1
TXN0001527,12.94,Online,NY,2024-01-16 21:45:00,0
TXN0001528,18.0,Online,CA,2024-01-16 22:00:00,0
TXN0001529,39.39,ATM,CA,2024-01-16 22:15:00,0
TXN0001530,33.31,Online,CA,2024-01-16 22:30:00,0
TXN0001531,2.55,Online,CA,2024-01-16 22:45:00,0
TXN0001532,49.96,POS,CA,2024-01-16 23:00:00,0
TXN0001533,724.8,ATM,IL,2024-01-16 23:15:00,0
TXN0001534,2.07,Transfer,NY,2024-01-16 23:30:00,0
TXN0001535,68.28,Online,TX,2024-01-16 23:45:00,0
TXN0001536,31.63,POS,TX,2024-01-17 00:00:00,0
TXN0001537,17.51,Online,FL,2024-01-17 00:15:00,0
TXN0001538,108.68,POS,TX,2024-01-17 00:30:00,0
TXN0001539,4.68,Transfer,IL,2024-01-17 00:45:00,0
TXN0001540,24.55,Transfer,NY,2024-01-17 01:00:00,0
TXN0001541,121.8,Online,WA,2024-01-17 01:15:00,0
TXN0001542,15.76,POS,FL,2024-01-17 01:30:00,0
TXN0001543,12.0,Online,NY,2024-01-17 01:45:00,0
TXN0001544,23.14,Online,TX,2024-01-17 02:00:00,0
TXN0001545,11.61,ATM,TX,2024-01-17 02:15:00,0
TXN0001546,135.23,Transfer,CA,2024-01-17 02:30:00,0
TXN0001547,6.57,ATM,NY,2024-01-17 02:45:00,0
TXN0001548,58.93,Online,CA,2024-01-17 03:00:00,0
TXN0001549,4.29,Online,FL,2024-01-17 03:15:00,0
TXN0001550,45.84,Transfer,TX,2024-01-17 03:30:00,0
TXN0001551,17.65,ATM,TX,2024-01-17 03:45:00,0
TXN0001552,0.83,ATM,FL,2024-01-17 04:00:00,0
TXN0001553,19.94,Transfer,CA,2024-01-17 04:15:00,0
TXN0001554,5.39,POS,IL,2024-01-17 04:30:00,0
TXN0001555,11.61,Online,FL,2024-01-17 04:45:00,0
TXN0001556,134.0,ATM,IL,2024-01-17 05:00:00,0
TXN0001557,5.06,POS,TX,2024-01-17 05:15:00,0
TXN0001558,5.43,Transfer,IL,2024-01-17 05:30:00,0
TXN0001559,118.75,Online,FL,2024-01-17 05:45:00,0
TXN0001560,23.17,Transfer,FL,2024-01-17 06:00:00,0
TXN0001561,134.52,ATM,CA,2024-01-17 06:15:00,0
TXN0001562,29.94,Online,WA,2024-01-17 06:30:00,0
TXN0001563,6.76,Online,NY,2024-01-17 06:45:00,0
TXN0001564,18.51,Online,IL,2024-01-17 07:00:00,0
TXN0001565,91.56,POS,WA,2024-01-17 07:15:00,0
TXN0001566,64.14,Online,FL,2024-01-17 07:30:00,0
TXN0001567,20.11,Online,NY,2024-01-17 07:45:00,0
TXN0001568,21.33,Transfer,NY,2024-01-17 08:00:00,0
TXN0001569,17.48,Transfer,IL,2024-01-17 08:15:00,0
TXN0001570,9.84,POS,WA,2024-01-17 08:30:00,0
TXN0001571,217.69,Online,TX,2024-01-17 08:45:00,1
TXN0001572,20.26,POS,CA,2024-01-17 09:00:00,0
TXN0001573,4.98,POS,CA,2024-01-17 09:15:00,0
TXN0001574,11.15,POS,IL,2024-01-17 09:30:00,0
TXN0001575,49.21,ATM,IL,2024-01-17 09:45:00,0
TXN0001576,44.32,Online,TX,2024-01-17 10:00:00,0
TXN0001577,16.96,Online,CA,2024-01-17 10:15:00,0
TXN0001578,8.8,ATM,FL,2024-01-17 10:30:00,0
TXN0001579,20.69,ATM,CA,2024-01-17 10:45:00,1
TXN0001580,2.55,Transfer,CA,2024-01-17 11:00:00,0
TXN0001581,4.03,Online,WA,2024-01-17 11:15:00,0
TXN0001582,53.82,Transfer,FL,2024-01-17 11:30:00,0
TXN0001583,11.12,Online,CA,2024-01-17 11:45:00,0
TXN0001584,31.9,Online,CA,2024-01-17 12:00:00,0
TXN0001585,90.3,Transfer,WA,2024-01-17 12:15:00,0
TXN0001586,44.77,Online,CA,2024-01-17 12:30:00,0
TXN0001587,20.6,Online,TX,2024-01-17 12:45:00,1
TXN0001588,277.43,POS,FL,2024-01-17 13:00:00,0
TXN0001589,45.78,POS,FL,2024-01-17 13:15:00,0
TXN0001590,12.97,ATM,WA,2024-01-17 13:30:00,0
TXN0001591,49.56,POS,IL,2024-01-17 13:45:00,0
TXN0001592,33.22,Online,CA,2024-01-17 14:00:00,0
TXN0001593,6.99,ATM,CA,2024-01-17 14:15:00,0
TXN0001594,21.98,Transfer,TX,2024-01-17 14:30:00,1
TXN0001595,16.39,Online,CA,2024-01-17 14:45:00,0
TXN0001596,1.78,ATM,FL,2024-01-17 15:00:00,0
TXN0001597,16.24,Online,FL,2024-01-17 15:15:00,0
TXN0001598,14.16,Online,NY,2024-01-17 15:30:00,1
TXN0001599,11.7,POS,NY,2024-01-17 15:45:00,0
TXN0001600,2.64,POS,FL,2024-01-17 16:00:00,0
TXN0001601,12.97,ATM,NY,2024-01-17 16:15:00,0
TXN0001602,19.13,ATM,CA,2024-01-17 16:30:00,0
TXN0001603,22.78,Transfer,NY,2024-01-17 16:45:00,0
TXN0001604,4.95,POS,WA,2024-01-17 17:00:00,0
TXN0001605,43.83,ATM,WA,2024-01-17 17:15:00,0
TXN0001606,4.48,ATM,FL,2024-01-17 17:30:00,0
TXN0001607,15.24,Online,IL,2024-01-17 17:45:00,0
TXN0001608,100.48,POS,NY,2024-01-17 18:00:00,0
TXN0001609,8.55,POS,WA,2024-01-17 18:15:00,0
TXN0001610,10.7,POS,CA,2024-01-17 18:30:00,0
TXN0001611,75.49,ATM,CA,2024-01-17 18:45:00,0
TXN0001612,12.51,Online,TX,2024-01-17 19:00:00,0
TXN0001613,13.93,Transfer,FL,2024-01-17 19:15:00,0
TXN0001614,26.39,Online,WA,2024-01-17 19:30:00,0
TXN0001615,73.27,Transfer,TX,2024-01-17 19:45:00,1
TXN0001616,1.33,Online,FL,2024-01-17 20:00:00,0
TXN0001617,7.23,Online,IL,2024-01-17 20:15:00,0
TXN0001618,5.8,ATM,NY,2024-01-17 20:30:00,0
TXN0001619,5.27,Transfer,TX,2024-01-17 20:45:00,0
TXN0001620,7.01,Transfer,WA,2024-01-17 21:00:00,0
TXN0001621,7.14,ATM,WA,2024-01-17 21:15:00,0
TXN0001622,29.11,Online,TX,2024-01-17 21:30:00,0
TXN0001623,6.72,ATM,IL,2024-01-17 21:45:00,0
TXN0001624,23.35,Online,WA,2024-01-17 22:00:00,0
TXN0001625,32.91,ATM,CA,2024-01-17 22:15:00,0
TXN0001626,8.19,POS,IL,2024-01-17 22:30:00,1
TXN0001627,23.59,ATM,NY,2024-01-17 22:45:00,0
TXN0001628,150.36,Transfer,TX,2024-01-17 23:00:00,0
TXN0001629,29.85,POS,TX,2024-01-17 23:15:00,1
TXN0001630,9.17,Online,TX,2024-01-17 23:30:00,0
TXN0001631,18.54,Online,WA,2024-01-17 23:45:00,0
TXN0001632,6.52,Online,IL,2024-01-18 00:00:00,0
TXN0001633,28.01,POS,WA,2024-01-18 00:15:00,0
TXN0001634,57.91,Transfer,CA,2024-01-18 00:30:00,0
TXN0001635,7.35,Online,IL,2024-01-18 00:45:00,0
TXN0001636,15.54,POS,FL,2024-01-18 01:00:00,0
TXN0001637,78.63,Transfer,TX,2024-01-18 01:15:00,0
TXN0001638,10.91,Transfer,IL,2024-01-18 01:30:00,0
TXN0001639,25.29,POS,FL,2024-01-18 01:45:00,0
TXN0001640,5.72,Online,FL,2024-01-18 02:00:00,0
TXN0001641,7.36,Transfer,IL,2024-01-18 02:15:00,0
TXN0001642,10.72,Transfer,TX,2024-01-18 02:30:00,0
TXN0001643,273.58,ATM,IL,2024-01-18 02:45:00,0
TXN0001644,12.29,POS,WA,2024-01-18 03:00:00,0
TXN0001645,10.63,ATM,TX,2024-01-18 03:15:00,0
TXN0001646,10.22,Online,CA,2024-01-18 03:30:00,0
TXN0001647,16.47,ATM,IL,2024-01-18 03:45:00,0
TXN0001648,44.13,Online,CA,2024-01-18 04:00:00,0
TXN0001649,25.21,Transfer,IL,2024-01-18 04:15:00,0
TXN0001650,237.31,Transfer,TX,2024-01-18 04:30:00,0
TXN0001651,25.96,Transfer,CA,2024-01-18 04:45:00,0
TXN0001652,114.08,ATM,IL,2024-01-18 05:00:00,0
TXN0001653,28.0,Online,TX,2024-01-18 05:15:00,0
TXN0001654,41.54,ATM,IL,2024-01-18 05:30:00,0
TXN0001655,3.55,ATM,IL,2024-01-18 05:45:00,0
TXN0001656,17.25,Transfer,FL,2024-01-18 06:00:00,0
TXN0001657,18.49,Transfer,TX,2024-01-18 06:15:00,0
TXN0001658,15.01,Transfer,CA,2024-01-18 06:30:00,0
TXN0001659,1.52,ATM,WA,2024-01-18 06:45:00,0
TXN0001660,57.79,Online,TX,2024-01-18 07:00:00,0
TXN0001661,12.62,Transfer,FL,2024-01-18 07:15:00,0
TXN0001662,11.87,Transfer,IL,2024-01-18 07:30:00,0
TXN0001663,14.79,ATM,TX,2024-01-18 07:45:00,0
TXN0001664,15.28,ATM,FL,2024-01-18 08:00:00,0
TXN0001665,32.74,POS,FL,2024-01-18 08:15:00,0
TXN0001666,4.37,Online,IL,2024-01-18 08:30:00,0
TXN0001667,6.57,Online,CA,2024-01-18 08:45:00,0
TXN0001668,28.47,Transfer,WA,2024-01-18 09:00:00,0
TXN0001669,23.92,Online,CA,2024-01-18 09:15:00,0
TXN0001670,12.78,Online,FL,2024-01-18 09:30:00,0
TXN0001671,10.09,ATM,IL,2024-01-18 09:45:00,0
TXN0001672,7.38,POS,IL,2024-01-18 10:00:00,0
TXN0001673,18.73,POS,FL,2024-01-18 10:15:00,0
TXN0001674,82.84,POS,FL,2024-01-18 10:30:00,0
TXN0001675,5.64,Transfer,WA,2024-01-18 10:45:00,0
TXN0001676,124.96,Transfer,NY,2024-01-18 11:00:00,0
TXN0001677,55.3,Transfer,IL,2024-01-18 11:15:00,0
TXN0001678,11.66,Online,CA,2024-01-18 11:30:00,0
TXN0001679,51.4,Transfer,CA,2024-01-18 11:45:00,0
TXN0001680,3.46,Transfer,WA,2024-01-18 12:00:00,0
TXN0001681,2.51,Transfer,TX,2024-01-18 12:15:00,0
TXN0001682,4.27,Transfer,IL,2024-01-18 12:30:00,0
TXN0001683,12.28,Transfer,FL,2024-01-18 12:45:00,0
TXN0001684,13.59,POS,NY,2024-01-18 13:00:00,0
TXN0001685,10.82,Online,TX,2024-01-18 13:15:00,0
TXN0001686,22.63,POS,CA,2024-01-18 13:30:00,0
TXN0001687,1.55,Online,NY,2024-01-18 13:45:00,0
TXN0001688,36.39,Transfer,NY,2024-01-18 14:00:00,0
TXN0001689,3.66,Transfer,TX,2024-01-18 14:15:00,0
TXN0001690,9.09,POS,WA,2024-01-18 14:30:00,1
TXN0001691,12.24,POS,CA,2024-01-18 14:45:00,0
TXN0001692,5.02,ATM,CA,2024-01-18 15:00:00,0
TXN0001693,3.88,Transfer,TX,2024-01-18 15:15:00,0
TXN0001694,6.01,Online,CA,2024-01-18 15:30:00,0
TXN0001695,19.8,ATM,TX,2024-01-18 15:45:00,0
TXN0001696,40.77,Online,NY,2024-01-18 16:00:00,0
TXN0001697,39.53,Transfer,FL,2024-01-18 16:15:00,0
TXN0001698,6.09,POS,CA,2024-01-18 16:30:00,0
TXN0001699,7.77,Online,CA,2024-01-18 16:45:00,0
TXN0001700,6.65,Transfer,IL,2024-01-18 17:00:00,0
TXN0001701,34.46,POS,IL,2024-01-18 17:15:00,0
TXN0001702,1.74,Online,TX,2024-01-18 17:30:00,0
TXN0001703,88.77,ATM,WA,2024-01-18 17:45:00,0
TXN0001704,11.23,Transfer,IL,2024-01-18 18:00:00,0
TXN0001705,7.84,Online,FL,2024-01-18 18:15:00,0
TXN0001706,30.18,POS,IL,2024-01-18 18:30:00,0
TXN0001707,69.35,ATM,NY,2024-01-18 18:45:00,0
TXN0001708,30.3,ATM,WA,2024-01-18 19:00:00,0
TXN0001709,71.04,ATM,TX,2024-01-18 19:15:00,0
TXN0001710,23.6,Transfer,TX,2024-01-18 19:30:00,0
TXN0001711,87.84,POS,FL,2024-01-18 19:45:00,0
TXN0001712,89.5,POS,CA,2024-01-18 20:00:00,0
TXN0001713,17.83,Online,CA,2024-01-18 20:15:00,0
TXN0001714,112.96,ATM,WA,2024-01-18 20:30:00,0
TXN0001715,24.48,ATM,IL,2024-01-18 20:45:00,0
TXN0001716,22.29,Online,WA,2024-01-18 21:00:00,0
TXN0001717,6.65,Online,NY,2024-01-18 21:15:00,0
TXN0001718,14.2,POS,IL,2024-01-18 21:30:00,0
TXN0001719,51.06,ATM,IL,2024-01-18 21:45:00,0
TXN0001720,4.16,Online,WA,2024-01-18 22:00:00,0
TXN0001721,43.8,Transfer,CA,2024-01-18 22:15:00,0
TXN0001722,30.52,Transfer,TX,2024-01-18 22:30:00,0
TXN0001723,28.02,POS,TX,2024-01-18 22:45:00,0
TXN0001724,1.42,Online,FL,2024-01-18 23:00:00,0
TXN0001725,17.75,Transfer,NY,2024-01-18 23:15:00,0
TXN0001726,43.72,Online,WA,2024-01-18 23:30:00,0
TXN0001727,8.04,Online,NY,2024-01-18 23:45:00,0
TXN0001728,22.38,Online,CA,2024-01-19 00:00:00,0
TXN0001729,1.16,POS,FL,2024-01-19 00:15:00,0
TXN0001730,44.96,Transfer,NY,2024-01-19 00:30:00,0
TXN0001731,9.07,Transfer,TX,2024-01-19 00:45:00,0
TXN0001732,57.15,ATM,CA,2024-01-19 01:00:00,0
TXN0001733,2.2,Transfer,TX,2024-01-19 01:15:00,0
TXN0001734,46.1,Transfer,IL,2024-01-19 01:30:00,0
TXN0001735,15.11,Transfer,CA,2024-01-19 01:45:00,0
TXN0001736,52.94,Transfer,IL,2024-01-19 02:00:00,0
TXN0001737,6.61,Transfer,FL,2024-01-19 02:15:00,0
TXN0001738,9.56,Online,TX,2024-01-19 02:30:00,0
TXN0001739,296.17,Online,TX,2024-01-19 02:45:00,0
TXN0001740,7.42,POS,FL,2024-01-19 03:00:00,0
TXN0001741,8.61,Transfer,TX,2024-01-19 03:15:00,0
TXN0001742,14.41,Transfer,TX,2024-01-19 03:30:00,0
TXN0001743,5.89,Transfer,WA,2024-01-19 03:45:00,0
TXN0001744,83.81,POS,NY,2024-01-19 04:00:00,0
TXN0001745,159.18,Transfer,NY,2024-01-19 04:15:00,0
TXN0001746,8.63,POS,TX,2024-01-19 04:30:00,0
TXN0001747,2.53,POS,FL,2024-01-19 04:45:00,0
TXN0001748,81.97,Online,TX,2024-01-19 05:00:00,0
TXN0001749,75.95,Online,WA,2024-01-19 05:15:00,0
TXN0001750,53.84,ATM,NY,2024-01-19 05:30:00,0
TXN0001751,80.46,Transfer,WA,2024-01-19 05:45:00,0
TXN0001752,7.09,POS,CA,2024-01-19 06:00:00,0
TXN0001753,16.41,POS,FL,2024-01-19 06:15:00,0
TXN0001754,3.82,POS,WA,2024-01-19 06:30:00,0
TXN0001755,3.66,POS,FL,2024-01-19 06:45:00,0
TXN0001756,65.19,POS,IL,2024-01-19 07:00:00,0
TXN0001757,8.97,Transfer,IL,2024-01-19 07:15:00,0
TXN0001758,309.66,Online,TX,2024-01-19 07:30:00,0
TXN0001759,21.96,Online,CA,2024-01-19 07:45:00,0
TXN0001760,9.31,ATM,CA,2024-01-19 08:00:00,0
TXN0001761,52.32,POS,FL,2024-01-19 08:15:00,0
TXN0001762,174.43,Transfer,NY,2024-01-19 08:30:00,0
TXN0001763,35.99,POS,IL,2024-01-19 08:45:00,0
TXN0001764,4.66,Online,FL,2024-01-19 09:00:00,0
TXN0001765,31.35,Transfer,FL,2024-01-19 09:15:00,0
TXN0001766,104.66,Online,FL,2024-01-19 09:30:00,0
TXN0001767,11.11,Transfer,NY,2024-01-19 09:45:00,0
TXN0001768,7.94,ATM,IL,2024-01-19 10:00:00,0
TXN0001769,68.02,Online,IL,2024-01-19 10:15:00,0
TXN0001770,23.76,ATM,CA,2024-01-19 10:30:00,0
TXN0001771,5.35,POS,NY,2024-01-19 10:45:00,0
TXN0001772,12.73,POS,FL,2024-01-19 11:00:00,0
TXN0001773,8.11,Transfer,WA,2024-01-19 11:15:00,0
TXN0001774,28.66,POS,FL,2024-01-19 11:30:00,0
TXN0001775,22.91,Online,CA,2024-01-19 11:45:00,1
TXN0001776,79.88,Online,IL,2024-01-19 12:00:00,0
TXN0001777,47.07,ATM,FL,2024-01-19 12:15:00,1
TXN0001778,3.08,Transfer,IL,2024-01-19 12:30:00,0
TXN0001779,32.73,POS,FL,2024-01-19 12:45:00,0
TXN0001780,58.93,POS,CA,2024-01-19 13:00:00,0
TXN0001781,34.71,Transfer,IL,2024-01-19 13:15:00,0
TXN0001782,69.14,POS,TX,2024-01-19 13:30:00,0
TXN0001783,10.39,POS,TX,2024-01-19 13:45:00,0
TXN0001784,6.42,ATM,NY,2024-01-19 14:00:00,0
TXN0001785,61.32,ATM,TX,2024-01-19 14:15:00,0
TXN0001786,5.59,Online,TX,2024-01-19 14:30:00,0
TXN0001787,1.5,ATM,WA,2024-01-19 14:45:00,0
TXN0001788,68.74,Online,NY,2024-01-19 15:00:00,0
TXN0001789,8.42,Online,TX,2024-01-19 15:15:00,0
TXN0001790,13.91,Online,NY,2024-01-19 15:30:00,0
TXN0001791,3.75,Online,FL,2024-01-19 15:45:00,0
TXN0001792,4.09,Transfer,IL,2024-01-19 16:00:00,0
TXN0001793,5.01,Online,WA,2024-01-19 16:15:00,0
TXN0001794,13.03,ATM,TX,2024-01-19 16:30:00,0
TXN0001795,31.31,Online,WA,2024-01-19 16:45:00,0
TXN0001796,1.27,ATM,IL,2024-01-19 17:00:00,0
TXN0001797,49.53,POS,CA,2024-01-19 17:15:00,0
TXN0001798,4.86,POS,NY,2024-01-19 17:30:00,0
TXN0001799,5.59,ATM,WA,2024-01-19 17:45:00,0
TXN0001800,45.31,ATM,IL,2024-01-19 18:00:00,0
TXN0001801,18.36,POS,NY,2024-01-19 18:15:00,0
TXN0001802,3.18,POS,WA,2024-01-19 18:30:00,0
TXN0001803,183.74,ATM,TX,2024-01-19 18:45:00,0
TXN0001804,7.15,Transfer,IL,2024-01-19 19:00:00,0
TXN0001805,27.03,ATM,IL,2024-01-19 19:15:00,0
TXN0001806,25.53,POS,NY,2024-01-19 19:30:00,0
TXN0001807,109.24,ATM,IL,2024-01-19 19:45:00,0
TXN0001808,11.63,Transfer,TX,2024-01-19 20:00:00,0
TXN0001809,67.34,Transfer,TX,2024-01-19 20:15:00,0
TXN0001810,8.25,ATM,FL,2024-01-19 20:30:00,0
TXN0001811,77.21,Online,TX,2024-01-19 20:45:00,0
TXN0001812,8.04,Transfer,FL,2024-01-19 21:00:00,0
TXN0001813,13.01,Online,NY,2024-01-19 21:15:00,0
TXN0001814,195.42,Online,NY,2024-01-19 21:30:00,0
TXN0001815,29.38,Online,WA,2024-01-19 21:45:00,0
TXN0001816,22.91,ATM,IL,2024-01-19 22:00:00,0
TXN0001817,296.03,ATM,IL,2024-01-19 22:15:00,0
TXN0001818,30.99,Transfer,CA,2024-01-19 22:30:00,0
TXN0001819,7.54,Online,FL,2024-01-19 22:45:00,0
TXN0001820,48.5,Transfer,TX,2024-01-19 23:00:00,0
TXN0001821,4.86,POS,IL,2024-01-19 23:15:00,0
TXN0001822,77.79,Transfer,NY,2024-01-19 23:30:00,0
TXN0001823,85.39,POS,FL,2024-01-19 23:45:00,0
TXN0001824,10.1,Online,FL,2024-01-20 00:00:00,0
TXN0001825,9.45,POS,NY,2024-01-20 00:15:00,0
TXN0001826,24.82,POS,NY,2024-01-20 00:30:00,0
TXN0001827,20.43,POS,CA,2024-01-20 00:45:00,0
TXN0001828,6.21,Online,FL,2024-01-20 01:00:00,0
TXN0001829,39.71,ATM,IL,2024-01-20 01:15:00,0
TXN0001830,1.73,Online,WA,2024-01-20 01:30:00,0
TXN0001831,11.95,Online,IL,2024-01-20 01:45:00,0
TXN0001832,12.37,Online,IL,2024-01-20 02:00:00,0
TXN0001833,14.47,ATM,TX,2024-01-20 02:15:00,0
TXN0001834,29.04,ATM,IL,2024-01-20 02:30:00,0
TXN0001835,4.6,POS,WA,2024-01-20 02:45:00,0
TXN0001836,40.7,POS,NY,2024-01-20 03:00:00,0
TXN0001837,16.18,ATM,TX,2024-01-20 03:15:00,0
TXN0001838,9.2,Online,NY,2024-01-20 03:30:00,0
TXN0001839,3.9,POS,WA,2024-01-20 03:45:00,0
TXN0001840,4.86,POS,CA,2024-01-20 04:00:00,0
TXN0001841,30.95,Online,WA,2024-01-20 04:15:00,0
TXN0001842,6.32,Transfer,NY,2024-01-20 04:30:00,0
TXN0001843,21.69,POS,NY,2024-01-20 04:45:00,0
TXN0001844,71.84,Transfer,TX,2024-01-20 05:00:00,0
TXN0001845,69.35,ATM,CA,2024-01-20 05:15:00,0
TXN0001846,130.64,Online,NY,2024-01-20 05:30:00,0
TXN0001847,14.08,Transfer,CA,2024-01-20 05:45:00,0
TXN0001848,5.46,ATM,TX,2024-01-20 06:00:00,0
TXN0001849,68.35,POS,WA,2024-01-20 06:15:00,0
TXN0001850,29.12,ATM,IL,2024-01-20 06:30:00,0
TXN0001851,77.38,POS,WA,2024-01-20 06:45:00,0
TXN0001852,20.35,Online,NY,2024-01-20 07:00:00,0
TXN0001853,84.33,Online,CA,2024-01-20 07:15:00,0
TXN0001854,55.46,POS,FL,2024-01-20 07:30:00,0
TXN0001855,47.45,Online,NY,2024-01-20 07:45:00,0
TXN0001856,36.75,ATM,WA,2024-01-20 08:00:00,0
TXN0001857,32.37,Transfer,FL,2024-01-20 08:15:00,0
TXN0001858,26.57,Transfer,WA,2024-01-20 08:30:00,0
TXN0001859,26.34,ATM,CA,2024-01-20 08:45:00,0
TXN0001860,65.91,ATM,IL,2024-01-20 09:00:00,0
TXN0001861,10.87,Transfer,NY,2024-01-20 09:15:00,0
TXN0001862,161.23,Online,WA,2024-01-20 09:30:00,0
TXN0001863,17.68,Online,WA,2024-01-20 09:45:00,0
TXN0001864,65.53,Transfer,NY,2024-01-20 10:00:00,0
TXN0001865,18.02,Online,CA,2024-01-20 10:15:00,0
TXN0001866,14.94,Online,IL,2024-01-20 10:30:00,0
TXN0001867,230.14,Transfer,NY,2024-01-20 10:45:00,1
TXN0001868,13.86,Transfer,WA,2024-01-20 11:00:00,0
TXN0001869,4.34,Online,IL,2024-01-20 11:15:00,0
TXN0001870,8.53,ATM,IL,2024-01-20 11:30:00,0
TXN0001871,13.73,POS,TX,2024-01-20 11:45:00,0
TXN0001872,266.73,Online,FL,2024-01-20 12:00:00,0
TXN0001873,25.74,ATM,CA,2024-01-20 12:15:00,0
TXN0001874,61.66,POS,IL,2024-01-20 12:30:00,0
TXN0001875,6.04,ATM,NY,2024-01-20 12:45:00,0
TXN0001876,30.67,POS,IL,2024-01-20 13:00:00,0
TXN0001877,44.96,ATM,TX,2024-01-20 13:15:00,0
TXN0001878,174.5,ATM,NY,2024-01-20 13:30:00,0
TXN0001879,8.71,Online,CA,2024-01-20 13:45:00,0
TXN0001880,41.44,ATM,CA,2024-01-20 14:00:00,0
TXN0001881,28.88,ATM,NY,2024-01-20 14:15:00,0
TXN0001882,5.89,POS,TX,2024-01-20 14:30:00,0
TXN0001883,19.62,ATM,IL,2024-01-20 14:45:00,1
TXN0001884,14.64,Online,TX,2024-01-20 15:00:00,0
TXN0001885,1.23,Transfer,WA,2024-01-20 15:15:00,0
TXN0001886,41.2,Online,IL,2024-01-20 15:30:00,0
TXN0001887,38.41,POS,FL,2024-01-20 15:45:00,0
TXN0001888,11.86,Online,IL,2024-01-20 16:00:00,0
TXN0001889,4.03,POS,WA,2024-01-20 16:15:00,0
TXN0001890,118.61,Online,CA,2024-01-20 16:30:00,0
TXN0001891,27.64,POS,IL,2024-01-20 16:45:00,0
TXN0001892,68.04,ATM,CA,2024-01-20 17:00:00,0
TXN0001893,109.11,Online,TX,2024-01-20 17:15:00,0
TXN0001894,10.75,POS,IL,2024-01-20 17:30:00,0
TXN0001895,53.23,Transfer,NY,2024-01-20 17:45:00,0
TXN0001896,15.04,Transfer,IL,2024-01-20 18:00:00,0
TXN0001897,18.63,ATM,CA,2024-01-20 18:15:00,0
TXN0001898,18.12,Transfer,IL,2024-01-20 18:30:00,0
TXN0001899,20.05,POS,TX,2024-01-20 18:45:00,0
TXN0001900,76.46,Transfer,IL,2024-01-20 19:00:00,0
TXN0001901,23.3,ATM,FL,2024-01-20 19:15:00,0
TXN0001902,16.7,Online,NY,2024-01-20 19:30:00,0
TXN0001903,14.41,POS,TX,2024-01-20 19:45:00,0
TXN0001904,30.25,POS,WA,2024-01-20 20:00:00,0
TXN0001905,6.86,ATM,CA,2024-01-20 20:15:00,0
TXN0001906,10.99,ATM,CA,2024-01-20 20:30:00,0
TXN0001907,18.86,Transfer,FL,2024-01-20 20:45:00,0
TXN0001908,10.19,Online,WA,2024-01-20 21:00:00,0
TXN0001909,17.42,Transfer,FL,2024-01-20 21:15:00,0
TXN0001910,9.65,Transfer,IL,2024-01-20 21:30:00,0
TXN0001911,222.46,POS,WA,2024-01-20 21:45:00,0
TXN0001912,98.98,Transfer,NY,2024-01-20 22:00:00,0
TXN0001913,34.46,POS,IL,2024-01-20 22:15:00,0
TXN0001914,18.83,ATM,FL,2024-01-20 22:30:00,0
TXN0001915,278.36,ATM,WA,2024-01-20 22:45:00,0
TXN0001916,29.59,Online,WA,2024-01-20 23:00:00,0
TXN0001917,18.1,Transfer,CA,2024-01-20 23:15:00,0
TXN0001918,28.9,POS,FL,2024-01-20 23:30:00,1
TXN0001919,29.0,Transfer,FL,2024-01-20 23:45:00,0
TXN0001920,109.11,ATM,FL,2024-01-21 00:00:00,0
TXN0001921,19.63,ATM,WA,2024-01-21 00:15:00,0
TXN0001922,249.43,POS,FL,2024-01-21 00:30:00,0
TXN0001923,6.97,Transfer,CA,2024-01-21 00:45:00,0
TXN0001924,46.19,Online,IL,2024-01-21 01:00:00,0
TXN0001925,6.04,Transfer,NY,2024-01-21 01:15:00,0
TXN0001926,177.78,Online,CA,2024-01-21 01:30:00,0
TXN0001927,13.51,POS,FL,2024-01-21 01:45:00,0
TXN0001928,18.73,POS,TX,2024-01-21 02:00:00,0
TXN0001929,60.89,Online,CA,2024-01-21 02:15:00,0
TXN0001930,90.6,ATM,IL,2024-01-21 02:30:00,0
TXN0001931,5.29,Transfer,TX,2024-01-21 02:45:00,0
TXN0001932,13.26,Transfer,NY,2024-01-21 03:00:00,0
TXN0001933,3.77,Transfer,FL,2024-01-21 03:15:00,0
TXN0001934,23.68,Transfer,TX,2024-01-21 03:30:00,0
TXN0001935,17.78,ATM,WA,2024-01-21 03:45:00,0
TXN0001936,13.21,ATM,TX,2024-01-21 04:00:00,0
TXN0001937,8.83,POS,TX,2024-01-21 04:15:00,0
TXN0001938,12.64,POS,NY,2024-01-21 04:30:00,0
TXN0001939,8.2,POS,CA,2024-01-21 04:45:00,0
TXN0001940,37.89,Transfer,NY,2024-01-21 05:00:00,0
TXN0001941,123.86,Online,CA,2024-01-21 05:15:00,0
TXN0001942,1.98,ATM,CA,2024-01-21 05:30:00,0
TXN0001943,17.48,ATM,WA,2024-01-21 05:45:00,0
TXN0001944,12.16,ATM,IL,2024-01-21 06:00:00,0
TXN0001945,36.26,Transfer,NY,2024-01-21 06:15:00,0
TXN0001946,6.41,POS,FL,2024-01-21 06:30:00,1
TXN0001947,16.85,Online,IL,2024-01-21 06:45:00,0
TXN0001948,5.77,POS,NY,2024-01-21 07:00:00,0
TXN0001949,46.34,ATM,WA,2024-01-21 07:15:00,0
TXN0001950,22.63,POS,NY,2024-01-21 07:30:00,0
TXN0001951,16.55,POS,FL,2024-01-21 07:45:00,0
TXN0001952,31.32,Online,NY,2024-01-21 08:00:00,0
TXN0001953,14.94,ATM,IL,2024-01-21 08:15:00,0
TXN0001954,3.11,POS,IL,2024-01-21 08:30:00,0
TXN0001955,41.05,Transfer,IL,2024-01-21 08:45:00,0
TXN0001956,28.39,Transfer,FL,2024-01-21 09:00:00,0
TXN0001957,16.69,Transfer,WA,2024-01-21 09:15:00,0
TXN0001958,65.49,POS,NY,2024-01-21 09:30:00,0
TXN0001959,86.68,ATM,WA,2024-01-21 09:45:00,0
TXN0001960,5.42,Online,WA,2024-01-21 10:00:00,1
TXN0001961,7.87,Online,IL,2024-01-21 10:15:00,0
TXN0001962,128.6,Online,TX,2024-01-21 10:30:00,0
TXN0001963,110.24,POS,FL,2024-01-21 10:45:00,0
TXN0001964,8.28,Online,WA,2024-01-21 11:00:00,0
TXN0001965,4.87,POS,TX,2024-01-21 11:15:00,0
TXN0001966,9.35,ATM,NY,2024-01-21 11:30:00,0
TXN0001967,11.05,ATM,NY,2024-01-21 11:45:00,0
TXN0001968,3.0,POS,IL,2024-01-21 12:00:00,0
TXN0001969,20.85,Online,NY,2024-01-21 12:15:00,0
TXN0001970,4.32,Transfer,CA,2024-01-21 12:30:00,0
TXN0001971,4.7,Online,TX,2024-01-21 12:45:00,0
TXN0001972,60.3,Transfer,NY,2024-01-21 13:00:00,0
TXN0001973,8.85,Online,IL,2024-01-21 13:15:00,0
TXN0001974,18.43,ATM,CA,2024-01-21 13:30:00,0
TXN0001975,42.73,ATM,TX,2024-01-21 13:45:00,0
TXN0001976,53.3,Transfer,IL,2024-01-21 14:00:00,0
TXN0001977,13.4,Online,FL,2024-01-21 14:15:00,0
TXN0001978,21.18,POS,TX,2024-01-21 14:30:00,0
TXN0001979,7.46,POS,IL,2024-01-21 14:45:00,0
TXN0001980,163.51,Transfer,FL,2024-01-21 15:00:00,0
TXN0001981,43.81,POS,TX,2024-01-21 15:15:00,0
TXN0001982,5.34,Transfer,FL,2024-01-21 15:30:00,0
TXN0001983,20.18,Transfer,WA,2024-01-21 15:45:00,0
TXN0001984,47.29,POS,NY,2024-01-21 16:00:00,0
TXN0001985,35.71,Online,WA,2024-01-21 16:15:00,0
TXN0001986,180.37,Transfer,FL,2024-01-21 16:30:00,0
TXN0001987,104.25,ATM,FL,2024-01-21 16:45:00,0
TXN0001988,10.52,POS,WA,2024-01-21 17:00:00,0
TXN0001989,18.05,POS,TX,2024-01-21 17:15:00,0
TXN0001990,4.32,Transfer,IL,2024-01-21 17:30:00,0
TXN0001991,27.09,POS,WA,2024-01-21 17:45:00,0
TXN0001992,24.08,Online,TX,2024-01-21 18:00:00,0
TXN0001993,515.01,Online,TX,2024-01-21 18:15:00,0
TXN0001994,22.58,Transfer,TX,2024-01-21 18:30:00,0
TXN0001995,1.63,POS,FL,2024-01-21 18:45:00,0
TXN0001996,8.97,ATM,TX,2024-01-21 19:00:00,0
TXN0001997,22.98,Transfer,NY,2024-01-21 19:15:00,0
TXN0001998,4.45,Transfer,FL,2024-01-21 19:30:00,0
TXN0001999,7.09,ATM,FL,2024-01-21 19:45:00,0
TXN0002000,12.95,Online,FL,2024-01-21 20:00:00,0
TXN0002001,30.27,Online,IL,2024-01-21 20:15:00,0
TXN0002002,16.47,POS,NY,2024-01-21 20:30:00,0
TXN0002003,6.91,Online,FL,2024-01-21 20:45:00,0
TXN0002004,51.69,POS,IL,2024-01-21 21:00:00,0
TXN0002005,10.51,ATM,FL,2024-01-21 21:15:00,0
TXN0002006,11.03,ATM,NY,2024-01-21 21:30:00,0
TXN0002007,3.84,ATM,WA,2024-01-21 21:45:00,0
TXN0002008,7.82,Online,IL,2024-01-21 22:00:00,0
TXN0002009,43.91,Transfer,CA,2024-01-21 22:15:00,0
TXN0002010,2.88,Transfer,WA,2024-01-21 22:30:00,0
TXN0002011,18.44,Transfer,WA,2024-01-21 22:45:00,0
TXN0002012,47.53,Online,CA,2024-01-21 23:00:00,0
TXN0002013,12.77,Transfer,WA,2024-01-21 23:15:00,0
TXN0002014,26.78,POS,NY,2024-01-21 23:30:00,0
TXN0002015,5.26,Online,TX,2024-01-21 23:45:00,0
TXN0002016,96.77,ATM,IL,2024-01-22 00:00:00,0
TXN0002017,75.28,POS,FL,2024-01-22 00:15:00,0
TXN0002018,26.64,Online,NY,2024-01-22 00:30:00,0
TXN0002019,2.44,Online,CA,2024-01-22 00:45:00,0
TXN0002020,5.73,ATM,NY,2024-01-22 01:00:00,0
TXN0002021,64.85,ATM,TX,2024-01-22 01:15:00,0
TXN0002022,156.92,Transfer,TX,2024-01-22 01:30:00,0
TXN0002023,28.67,POS,WA,2024-01-22 01:45:00,0
TXN0002024,89.73,Transfer,IL,2024-01-22 02:00:00,0
TXN0002025,9.69,POS,WA,2024-01-22 02:15:00,0
TXN0002026,16.0,Transfer,NY,2024-01-22 02:30:00,0
TXN0002027,20.11,Transfer,IL,2024-01-22 02:45:00,0
TXN0002028,33.37,Transfer,TX,2024-01-22 03:00:00,0
TXN0002029,3.21,POS,WA,2024-01-22 03:15:00,0
TXN0002030,62.1,POS,TX,2024-01-22 03:30:00,0
TXN0002031,98.2,Transfer,CA,2024-01-22 03:45:00,0
TXN0002032,5.06,Transfer,CA,2024-01-22 04:00:00,0
TXN0002033,3.95,ATM,IL,2024-01-22 04:15:00,0
TXN0002034,30.59,Online,IL,2024-01-22 04:30:00,0
TXN0002035,9.16,POS,TX,2024-01-22 04:45:00,0
TXN0002036,1.17,Online,FL,2024-01-22 05:00:00,0
TXN0002037,53.0,ATM,NY,2024-01-22 05:15:00,0
TXN0002038,24.21,Transfer,CA,2024-01-22 05:30:00,0
TXN0002039,11.34,ATM,NY,2024-01-22 05:45:00,0
TXN0002040,253.7,Online,FL,2024-01-22 06:00:00,0
TXN0002041,23.73,POS,FL,2024-01-22 06:15:00,0
TXN0002042,8.13,ATM,FL,2024-01-22 06:30:00,0
TXN0002043,22.68,Transfer,NY,2024-01-22 06:45:00,0
TXN0002044,5.77,POS,TX,2024-01-22 07:00:00,0
TXN0002045,8.05,Transfer,IL,2024-01-22 07:15:00,0
TXN0002046,31.93,Transfer,TX,2024-01-22 07:30:00,0
TXN0002047,10.33,ATM,NY,2024-01-22 07:45:00,0
TXN0002048,11.69,Transfer,WA,2024-01-22 08:00:00,0
TXN0002049,148.82,ATM,FL,2024-01-22 08:15:00,0
TXN0002050,56.35,POS,FL,2024-01-22 08:30:00,0
TXN0002051,52.64,Transfer,TX,2024-01-22 08:45:00,0
TXN0002052,37.89,Online,TX,2024-01-22 09:00:00,0
TXN0002053,35.91,ATM,NY,2024-01-22 09:15:00,0
TXN0002054,115.34,Transfer,FL,2024-01-22 09:30:00,0
TXN0002055,19.62,ATM,FL,2024-01-22 09:45:00,0
TXN0002056,186.16,ATM,FL,2024-01-22 10:00:00,0
TXN0002057,6.41,POS,CA,2024-01-22 10:15:00,0
TXN0002058,14.79,ATM,TX,2024-01-22 10:30:00,0
TXN0002059,3.84,POS,WA,2024-01-22 10:45:00,0
TXN0002060,13.3,Transfer,NY,2024-01-22 11:00:00,0
TXN0002061,37.42,POS,IL,2024-01-22 11:15:00,0
TXN0002062,114.61,POS,IL,2024-01-22 11:30:00,0
TXN0002063,9.06,POS,TX,2024-01-22 11:45:00,0
TXN0002064,20.21,POS,NY,2024-01-22 12:00:00,0
TXN0002065,13.05,Transfer,FL,2024-01-22 12:15:00,0
TXN0002066,8.28,Transfer,FL,2024-01-22 12:30:00,0
TXN0002067,4.82,POS,WA,2024-01-22 12:45:00,0
TXN0002068,21.6,POS,FL,2024-01-22 13:00:00,0
TXN0002069,2.51,ATM,FL,2024-01-22 13:15:00,0
TXN0002070,22.93,Online,FL,2024-01-22 13:30:00,0
TXN0002071,20.6,POS,IL,2024-01-22 13:45:00,0
TXN0002072,9.12,Online,IL,2024-01-22 14:00:00,0
TXN0002073,5.97,ATM,NY,2024-01-22 14:15:00,0
TXN0002074,3.81,POS,IL,2024-01-22 14:30:00,0
TXN0002075,189.73,Online,TX,2024-01-22 14:45:00,0
TXN0002076,4.01,Transfer,NY,2024-01-22 15:00:00,0
TXN0002077,130.22,Online,FL,2024-01-22 15:15:00,0
TXN0002078,41.27,ATM,NY,2024-01-22 15:30:00,0
TXN0002079,12.98,POS,IL,2024-01-22 15:45:00,0
TXN0002080,5.01,Online,FL,2024-01-22 16:00:00,0
TXN0002081,70.18,POS,IL,2024-01-22 16:15:00,0
TXN0002082,160.07,ATM,NY,2024-01-22 16:30:00,0
TXN0002083,6.55,Transfer,WA,2024-01-22 16:45:00,0
TXN0002084,14.03,ATM,IL,2024-01-22 17:00:00,0
TXN0002085,70.95,Transfer,IL,2024-01-22 17:15:00,0
TXN0002086,30.05,Transfer,WA,2024-01-22 17:30:00,0
TXN0002087,221.4,Transfer,FL,2024-01-22 17:45:00,0
TXN0002088,10.13,Transfer,CA,2024-01-22 18:00:00,0
TXN0002089,38.5,POS,WA,2024-01-22 18:15:00,0
TXN0002090,4.48,ATM,WA,2024-01-22 18:30:00,0
TXN0002091,248.41,ATM,FL,2024-01-22 18:45:00,0
TXN0002092,8.36,ATM,NY,2024-01-22 19:00:00,0
TXN0002093,1.42,Transfer,WA,2024-01-22 19:15:00,0
TXN0002094,17.27,Transfer,FL,2024-01-22 19:30:00,0
TXN0002095,16.99,POS,TX,2024-01-22 19:45:00,0
TXN0002096,200.07,Transfer,NY,2024-01-22 20:00:00,0
TXN0002097,13.38,Online,TX,2024-01-22 20:15:00,0
TXN0002098,19.78,ATM,IL,2024-01-22 20:30:00,0
TXN0002099,40.94,Transfer,TX,2024-01-22 20:45:00,0
TXN0002100,134.76,ATM,IL,2024-01-22 21:00:00,0
TXN0002101,18.62,Transfer,NY,2024-01-22 21:15:00,0
TXN0002102,69.92,POS,CA,2024-01-22 21:30:00,0
TXN0002103,37.4,Online,NY,2024-01-22 21:45:00,0
TXN0002104,14.08,Transfer,TX,2024-01-22 22:00:00,0
TXN0002105,22.04,Online,NY,2024-01-22 22:15:00,0
TXN0002106,20.79,Transfer,NY,2024-01-22 22:30:00,0
TXN0002107,6.69,Transfer,NY,2024-01-22 22:45:00,0
TXN0002108,86.18,Transfer,WA,2024-01-22 23:00:00,0
TXN0002109,3.81,ATM,IL,2024-01-22 23:15:00,0
TXN0002110,81.89,ATM,NY,2024-01-22 23:30:00,0
TXN0002111,63.14,Transfer,IL,2024-01-22 23:45:00,0
TXN0002112,17.96,Transfer,TX,2024-01-23 00:00:00,0
TXN0002113,8.02,POS,WA,2024-01-23 00:15:00,0
TXN0002114,15.31,Online,TX,2024-01-23 00:30:00,0
TXN0002115,35.42,Online,FL,2024-01-23 00:45:00,0
TXN0002116,48.99,Transfer,FL,2024-01-23 01:00:00,0
TXN0002117,28.34,Online,WA,2024-01-23 01:15:00,0
TXN0002118,66.06,Transfer,TX,2024-01-23 01:30:00,0
TXN0002119,10.29,Transfer,WA,2024-01-23 01:45:00,0
TXN0002120,26.62,POS,WA,2024-01-23 02:00:00,0
TXN0002121,3.06,ATM,WA,2024-01-23 02:15:00,0
TXN0002122,50.22,Transfer,NY,2024-01-23 02:30:00,0
TXN0002123,24.14,ATM,WA,2024-01-23 02:45:00,0
TXN0002124,12.2,POS,IL,2024-01-23 03:00:00,0
TXN0002125,80.95,ATM,WA,2024-01-23 03:15:00,0
TXN0002126,46.05,Transfer,CA,2024-01-23 03:30:00,0
TXN0002127,0.68,ATM,CA,2024-01-23 03:45:00,1
TXN0002128,21.07,POS,IL,2024-01-23 04:00:00,0
TXN0002129,3.5,POS,CA,2024-01-23 04:15:00,0
TXN0002130,72.24,Transfer,NY,2024-01-23 04:30:00,0
TXN0002131,398.17,Online,FL,2024-01-23 04:45:00,0
TXN0002132,10.78,Transfer,CA,2024-01-23 05:00:00,0
TXN0002133,21.97,Transfer,FL,2024-01-23 05:15:00,0
TXN0002134,14.86,Transfer,NY,2024-01-23 05:30:00,0
TXN0002135,30.6,Online,TX,2024-01-23 05:45:00,0
TXN0002136,43.53,Transfer,NY,2024-01-23 06:00:00,0
TXN0002137,94.13,ATM,IL,2024-01-23 06:15:00,0
TXN0002138,6.14,ATM,WA,2024-01-23 06:30:00,0
TXN0002139,132.42,POS,TX,2024-01-23 06:45:00,0
TXN0002140,6.57,Transfer,TX,2024-01-23 07:00:00,0
TXN0002141,28.01,POS,FL,2024-01-23 07:15:00,0
TXN0002142,80.66,POS,WA,2024-01-23 07:30:00,0
TXN0002143,47.27,Transfer,FL,2024-01-23 07:45:00,0
TXN0002144,6.51,POS,FL,2024-01-23 08:00:00,0
TXN0002145,8.65,ATM,NY,2024-01-23 08:15:00,0
TXN0002146,11.53,Transfer,FL,2024-01-23 08:30:00,1
TXN0002147,18.89,Transfer,WA,2024-01-23 08:45:00,0
TXN0002148,79.55,ATM,TX,2024-01-23 09:00:00,0
TXN0002149,4.26,POS,NY,2024-01-23 09:15:00,0
TXN0002150,35.16,Transfer,IL,2024-01-23 09:30:00,0
TXN0002151,41.76,ATM,CA,2024-01-23 09:45:00,0
TXN0002152,39.25,POS,IL,2024-01-23 10:00:00,0
TXN0002153,35.15,POS,IL,2024-01-23 10:15:00,0
TXN0002154,124.21,ATM,FL,2024-01-23 10:30:00,0
TXN0002155,36.07,Transfer,TX,2024-01-23 10:45:00,0
TXN0002156,56.17,Online,NY,2024-01-23 11:00:00,0
TXN0002157,39.5,Transfer,TX,2024-01-23 11:15:00,0
TXN0002158,172.73,Online,CA,2024-01-23 11:30:00,0
TXN0002159,2.05,Online,CA,2024-01-23 11:45:00,0
TXN0002160,93.55,ATM,FL,2024-01-23 12:00:00,0
TXN0002161,14.68,Transfer,IL,2024-01-23 12:15:00,1
TXN0002162,14.34,POS,TX,2024-01-23 12:30:00,0
TXN0002163,6.28,POS,WA,2024-01-23 12:45:00,0
TXN0002164,2.13,Transfer,CA,2024-01-23 13:00:00,0
TXN0002165,12.7,Online,WA,2024-01-23 13:15:00,0
TXN0002166,8.8,POS,TX,2024-01-23 13:30:00,0
TXN0002167,36.34,ATM,IL,2024-01-23 13:45:00,0
TXN0002168,3.43,ATM,WA,2024-01-23 14:00:00,0
TXN0002169,111.94,Transfer,TX,2024-01-23 14:15:00,0
TXN0002170,27.84,Online,WA,2024-01-23 14:30:00,0
TXN0002171,14.92,Online,WA,2024-01-23 14:45:00,0
TXN0002172,8.57,POS,NY,2024-01-23 15:00:00,0
TXN0002173,7.81,ATM,WA,2024-01-23 15:15:00,0
TXN0002174,5.18,Transfer,FL,2024-01-23 15:30:00,0
TXN0002175,10.45,ATM,TX,2024-01-23 15:45:00,0
TXN0002176,20.23,POS,CA,2024-01-23 16:00:00,0
TXN0002177,16.23,ATM,WA,2024-01-23 16:15:00,0
TXN0002178,3.68,ATM,WA,2024-01-23 16:30:00,0
TXN0002179,14.6,Transfer,IL,2024-01-23 16:45:00,0
TXN0002180,6.88,ATM,CA,2024-01-23 17:00:00,0
TXN0002181,24.33,ATM,NY,2024-01-23 17:15:00,0
TXN0002182,188.21,POS,CA,2024-01-23 17:30:00,0
TXN0002183,42.52,ATM,IL,2024-01-23 17:45:00,0
TXN0002184,13.79,Transfer,CA,2024-01-23 18:00:00,0
TXN0002185,2.86,Transfer,WA,2024-01-23 18:15:00,0
TXN0002186,3.68,Online,NY,2024-01-23 18:30:00,0
TXN0002187,2.65,Online,CA,2024-01-23 18:45:00,0
TXN0002188,48.0,ATM,IL,2024-01-23 19:00:00,0
TXN0002189,8.02,ATM,WA,2024-01-23 19:15:00,0
TXN0002190,21.65,ATM,IL,2024-01-23 19:30:00,0
TXN0002191,9.52,ATM,NY,2024-01-23 19:45:00,0
TXN0002192,22.41,Transfer,TX,2024-01-23 20:00:00,0
TXN0002193,107.99,ATM,IL,2024-01-23 20:15:00,0
TXN0002194,8.83,ATM,TX,2024-01-23 20:30:00,0
TXN0002195,13.34,Transfer,FL,2024-01-23 20:45:00,0
TXN0002196,7.63,POS,WA,2024-01-23 21:00:00,0
TXN0002197,57.37,POS,NY,2024-01-23 21:15:00,0
TXN0002198,5.87,POS,TX,2024-01-23 21:30:00,0
TXN0002199,5.16,Online,IL,2024-01-23 21:45:00,0
TXN0002200,3.8,POS,CA,2024-01-23 22:00:00,0
TXN0002201,3.71,ATM,WA,2024-01-23 22:15:00,0
TXN0002202,35.34,POS,CA,2024-01-23 22:30:00,0
TXN0002203,438.32,Online,WA,2024-01-23 22:45:00,0
TXN0002204,6.08,Transfer,WA,2024-01-23 23:00:00,0
TXN0002205,62.92,Transfer,CA,2024-01-23 23:15:00,0
TXN0002206,27.15,Transfer,NY,2024-01-23 23:30:00,0
TXN0002207,5.35,ATM,TX,2024-01-23 23:45:00,0
TXN0002208,14.41,ATM,CA,2024-01-24 00:00:00,1
TXN0002209,15.19,Online,IL,2024-01-24 00:15:00,0
TXN0002210,8.77,Online,CA,2024-01-24 00:30:00,0
TXN0002211,203.72,ATM,FL,2024-01-24 00:45:00,0
TXN0002212,2.04,Transfer,CA,2024-01-24 01:00:00,0
TXN0002213,31.73,Online,IL,2024-01-24 01:15:00,0
TXN0002214,29.9,POS,NY,2024-01-24 01:30:00,0
TXN0002215,10.02,Transfer,NY,2024-01-24 01:45:00,0
TXN0002216,24.03,Transfer,WA,2024-01-24 02:00:00,0
TXN0002217,57.58,Online,WA,2024-01-24 02:15:00,0
TXN0002218,24.13,POS,CA,2024-01-24 02:30:00,0
TXN0002219,33.14,Online,NY,2024-01-24 02:45:00,0
TXN0002220,46.13,Transfer,NY,2024-01-24 03:00:00,0
TXN0002221,1.75,POS,WA,2024-01-24 03:15:00,0
TXN0002222,118.4,Online,NY,2024-01-24 03:30:00,0
TXN0002223,309.19,POS,FL,2024-01-24 03:45:00,0
TXN0002224,65.17,POS,CA,2024-01-24 04:00:00,1
TXN0002225,67.79,POS,NY,2024-01-24 04:15:00,0
TXN0002226,3.71,Transfer,TX,2024-01-24 04:30:00,0
TXN0002227,17.42,Online,NY,2024-01-24 04:45:00,0
TXN0002228,7.58,Online,CA,2024-01-24 05:00:00,0
TXN0002229,9.93,Online,IL,2024-01-24 05:15:00,0
TXN0002230,64.1,Online,CA,2024-01-24 05:30:00,0
TXN0002231,7.65,POS,IL,2024-01-24 05:45:00,0
TXN0002232,17.18,ATM,FL,2024-01-24 06:00:00,0
TXN0002233,2.03,ATM,IL,2024-01-24 06:15:00,0
TXN0002234,16.61,Online,NY,2024-01-24 06:30:00,0
TXN0002235,22.38,Transfer,NY,2024-01-24 06:45:00,0
TXN0002236,8.62,ATM,WA,2024-01-24 07:00:00,0
TXN0002237,8.47,Transfer,CA,2024-01-24 07:15:00,0
TXN0002238,193.2,POS,CA,2024-01-24 07:30:00,0
TXN0002239,4.7,POS,NY,2024-01-24 07:45:00,0
TXN0002240,5.69,ATM,NY,2024-01-24 08:00:00,0
TXN0002241,7.61,POS,IL,2024-01-24 08:15:00,0
TXN0002242,84.65,Online,TX,2024-01-24 08:30:00,0
TXN0002243,250.1,ATM,WA,2024-01-24 08:45:00,0
TXN0002244,29.92,Transfer,WA,2024-01-24 09:00:00,0
TXN0002245,8.49,POS,FL,2024-01-24 09:15:00,0
TXN0002246,12.02,Transfer,TX,2024-01-24 09:30:00,0
TXN0002247,72.08,ATM,TX,2024-01-24 09:45:00,0
TXN0002248,6.73,Transfer,WA,2024-01-24 10:00:00,0
TXN0002249,114.84,POS,WA,2024-01-24 10:15:00,0
TXN0002250,109.94,Transfer,CA,2024-01-24 10:30:00,0
TXN0002251,21.85,ATM,TX,2024-01-24 10:45:00,0
TXN0002252,43.61,ATM,TX,2024-01-24 11:00:00,0
TXN0002253,49.39,POS,NY,2024-01-24 11:15:00,0
TXN0002254,129.68,POS,TX,2024-01-24 11:30:00,0
TXN0002255,5.69,Online,FL,2024-01-24 11:45:00,0
TXN0002256,82.88,POS,FL,2024-01-24 12:00:00,0
TXN0002257,12.8,POS,FL,2024-01-24 12:15:00,0
TXN0002258,7.99,POS,WA,2024-01-24 12:30:00,0
TXN0002259,22.72,POS,NY,2024-01-24 12:45:00,0
TXN0002260,15.53,Online,WA,2024-01-24 13:00:00,0
TXN0002261,6.14,ATM,TX,2024-01-24 13:15:00,1
TXN0002262,2.95,Transfer,WA,2024-01-24 13:30:00,0
TXN0002263,6.48,POS,WA,2024-01-24 13:45:00,0
TXN0002264,114.76,ATM,IL,2024-01-24 14:00:00,0
TXN0002265,211.68,POS,FL,2024-01-24 14:15:00,0
TXN0002266,43.82,Transfer,CA,2024-01-24 14:30:00,0
TXN0002267,83.36,Transfer,TX,2024-01-24 14:45:00,0
TXN0002268,10.8,ATM,FL,2024-01-24 15:00:00,0
TXN0002269,18.31,Transfer,FL,2024-01-24 15:15:00,0
TXN0002270,28.2,Online,CA,2024-01-24 15:30:00,0
TXN0002271,5.49,Online,FL,2024-01-24 15:45:00,0
TXN0002272,6.12,ATM,TX,2024-01-24 16:00:00,0
TXN0002273,22.57,POS,TX,2024-01-24 16:15:00,0
TXN0002274,13.68,Online,TX,2024-01-24 16:30:00,0
TXN0002275,5.61,Transfer,NY,2024-01-24 16:45:00,0
TXN0002276,31.94,POS,FL,2024-01-24 17:00:00,0
TXN0002277,14.64,Online,CA,2024-01-24 17:15:00,0
TXN0002278,68.42,POS,TX,2024-01-24 17:30:00,0
TXN0002279,19.96,POS,CA,2024-01-24 17:45:00,0
TXN0002280,14.01,Transfer,FL,2024-01-24 18:00:00,0
TXN0002281,23.41,Online,WA,2024-01-24 18:15:00,0
TXN0002282,16.34,POS,NY,2024-01-24 18:30:00,0
TXN0002283,9.01,ATM,TX,2024-01-24 18:45:00,0
TXN0002284,12.4,Transfer,FL,2024-01-24 19:00:00,0
TXN0002285,49.37,POS,TX,2024-01-24 19:15:00,0
TXN0002286,43.63,POS,WA,2024-01-24 19:30:00,0
TXN0002287,94.02,ATM,NY,2024-01-24 19:45:00,0
TXN0002288,2.63,Transfer,NY,2024-01-24 20:00:00,0
TXN0002289,12.53,ATM,IL,2024-01-24 20:15:00,0
TXN0002290,12.21,Online,FL,2024-01-24 20:30:00,1
TXN0002291,24.68,Online,CA,2024-01-24 20:45:00,0
TXN0002292,11.67,ATM,WA,2024-01-24 21:00:00,0
TXN0002293,10.85,POS,IL,2024-01-24 21:15:00,0
TXN0002294,51.4,POS,IL,2024-01-24 21:30:00,0
TXN0002295,24.87,Online,FL,2024-01-24 21:45:00,0
TXN0002296,4.95,ATM,CA,2024-01-24 22:00:00,1
TXN0002297,99.62,Transfer,WA,2024-01-24 22:15:00,0
TXN0002298,66.43,POS,IL,2024-01-24 22:30:00,0
TXN0002299,10.09,Online,FL,2024-01-24 22:45:00,0
TXN0002300,54.46,Transfer,CA,2024-01-24 23:00:00,0
TXN0002301,8.31,Online,WA,2024-01-24 23:15:00,0
TXN0002302,77.54,Transfer,WA,2024-01-24 23:30:00,0
TXN0002303,15.47,Online,TX,2024-01-24 23:45:00,0
TXN0002304,7.66,ATM,NY,2024-01-25 00:00:00,0
TXN0002305,12.84,Online,CA,2024-01-25 00:15:00,0
TXN0002306,8.01,Online,IL,2024-01-25 00:30:00,0
TXN0002307,25.29,ATM,WA,2024-01-25 00:45:00,1
TXN0002308,24.78,Transfer,TX,2024-01-25 01:00:00,0
TXN0002309,20.97,Online,CA,2024-01-25 01:15:00,0
TXN0002310,10.3,Online,FL,2024-01-25 01:30:00,0
TXN0002311,0.25,ATM,CA,2024-01-25 01:45:00,0
TXN0002312,22.45,Online,IL,2024-01-25 02:00:00,0
TXN0002313,2.06,Transfer,CA,2024-01-25 02:15:00,0
TXN0002314,26.92,Online,FL,2024-01-25 02:30:00,0
TXN0002315,78.02,Transfer,TX,2024-01-25 02:45:00,0
TXN0002316,27.9,ATM,TX,2024-01-25 03:00:00,0
TXN0002317,12.59,POS,FL,2024-01-25 03:15:00,1
TXN0002318,16.19,Online,FL,2024-01-25 03:30:00,0
TXN0002319,17.12,POS,CA,2024-01-25 03:45:00,0
TXN0002320,10.39,Online,NY,2024-01-25 04:00:00,0
TXN0002321,9.97,Online,FL,2024-01-25 04:15:00,0
TXN0002322,6.63,Transfer,NY,2024-01-25 04:30:00,0
TXN0002323,83.58,ATM,WA,2024-01-25 04:45:00,0
TXN0002324,19.71,ATM,IL,2024-01-25 05:00:00,0
TXN0002325,63.28,Online,FL,2024-01-25 05:15:00,0
TXN0002326,14.88,ATM,CA,2024-01-25 05:30:00,0
TXN0002327,21.9,Transfer,FL,2024-01-25 05:45:00,0
TXN0002328,16.37,Transfer,IL,2024-01-25 06:00:00,0
TXN0002329,35.0,Transfer,CA,2024-01-25 06:15:00,0
TXN0002330,54.16,ATM,CA,2024-01-25 06:30:00,0
TXN0002331,26.78,ATM,TX,2024-01-25 06:45:00,0
TXN0002332,8.95,Online,NY,2024-01-25 07:00:00,0
TXN0002333,7.88,Transfer,TX,2024-01-25 07:15:00,0
TXN0002334,147.08,POS,TX,2024-01-25 07:30:00,0
TXN0002335,14.35,Online,IL,2024-01-25 07:45:00,0
TXN0002336,14.16,ATM,WA,2024-01-25 08:00:00,0
TXN0002337,116.51,Online,IL,2024-01-25 08:15:00,0
TXN0002338,74.1,Transfer,NY,2024-01-25 08:30:00,0
TXN0002339,38.11,POS,WA,2024-01-25 08:45:00,0
TXN0002340,12.44,Transfer,FL,2024-01-25 09:00:00,0
TXN0002341,338.27,ATM,FL,2024-01-25 09:15:00,0
TXN0002342,32.19,ATM,CA,2024-01-25 09:30:00,0
TXN0002343,38.72,Online,TX,2024-01-25 09:45:00,1
TXN0002344,16.36,Online,FL,2024-01-25 10:00:00,0
TXN0002345,3.68,ATM,FL,2024-01-25 10:15:00,0
TXN0002346,4.05,POS,TX,2024-01-25 10:30:00,0
TXN0002347,32.73,Online,WA,2024-01-25 10:45:00,0
TXN0002348,32.14,Transfer,NY,2024-01-25 11:00:00,0
TXN0002349,15.06,POS,TX,2024-01-25 11:15:00,0
TXN0002350,4.92,Online,NY,2024-01-25 11:30:00,0
TXN0002351,3.56,Online,IL,2024-01-25 11:45:00,0
TXN0002352,13.55,ATM,TX,2024-01-25 12:00:00,0
TXN0002353,3.5,Transfer,IL,2024-01-25 12:15:00,0
TXN0002354,59.07,POS,TX,2024-01-25 12:30:00,0
TXN0002355,80.09,Transfer,TX,2024-01-25 12:45:00,0
TXN0002356,598.75,POS,IL,2024-01-25 13:00:00,0
TXN0002357,57.63,Transfer,NY,2024-01-25 13:15:00,0
TXN0002358,9.86,Online,FL,2024-01-25 13:30:00,0
TXN0002359,7.06,POS,WA,2024-01-25 13:45:00,0
TXN0002360,0.32,Online,CA,2024-01-25 14:00:00,0
TXN0002361,9.84,Online,TX,2024-01-25 14:15:00,0
TXN0002362,16.24,Online,WA,2024-01-25 14:30:00,0
TXN0002363,64.16,Transfer,NY,2024-01-25 14:45:00,0
TXN0002364,41.84,Online,FL,2024-01-25 15:00:00,0
TXN0002365,40.69,POS,WA,2024-01-25 15:15:00,0
TXN0002366,25.95,Transfer,NY,2024-01-25 15:30:00,0
TXN0002367,44.39,Online,TX,2024-01-25 15:45:00,0
TXN0002368,114.11,POS,IL,2024-01-25 16:00:00,0
TXN0002369,5.6,Online,NY,2024-01-25 16:15:00,0
TXN0002370,11.6,ATM,FL,2024-01-25 16:30:00,0
TXN0002371,3.8,POS,WA,2024-01-25 16:45:00,0
TXN0002372,140.11,Online,CA,2024-01-25 17:00:00,0
TXN0002373,95.23,ATM,IL,2024-01-25 17:15:00,0
TXN0002374,49.54,POS,NY,2024-01-25 17:30:00,0
TXN0002375,4.77,POS,NY,2024-01-25 17:45:00,0
TXN0002376,24.72,Transfer,IL,2024-01-25 18:00:00,0
TXN0002377,15.16,POS,TX,2024-01-25 18:15:00,0
TXN0002378,22.13,Online,CA,2024-01-25 18:30:00,0
TXN0002379,16.03,Online,IL,2024-01-25 18:45:00,0
TXN0002380,37.49,Online,TX,2024-01-25 19:00:00,0
TXN0002381,12.51,ATM,WA,2024-01-25 19:15:00,0
TXN0002382,56.01,Transfer,NY,2024-01-25 19:30:00,0
TXN0002383,26.83,Transfer,CA,2024-01-25 19:45:00,0
TXN0002384,14.13,Transfer,NY,2024-01-25 20:00:00,0
TXN0002385,17.56,Online,TX,2024-01-25 20:15:00,0
TXN0002386,11.84,Transfer,CA,2024-01-25 20:30:00,0
TXN0002387,53.34,Transfer,IL,2024-01-25 20:45:00,0
TXN0002388,14.5,Transfer,NY,2024-01-25 21:00:00,0
TXN0002389,28.61,Online,FL,2024-01-25 21:15:00,0
TXN0002390,12.54,Transfer,NY,2024-01-25 21:30:00,0
TXN0002391,3.38,Transfer,WA,2024-01-25 21:45:00,0
TXN0002392,59.58,Transfer,CA,2024-01-25 22:00:00,0
TXN0002393,5.64,POS,WA,2024-01-25 22:15:00,0
TXN0002394,45.38,POS,WA,2024-01-25 22:30:00,0
TXN0002395,33.25,ATM,CA,2024-01-25 22:45:00,0
TXN0002396,2.75,Transfer,TX,2024-01-25 23:00:00,0
TXN0002397,6.46,ATM,WA,2024-01-25 23:15:00,0
TXN0002398,10.84,POS,CA,2024-01-25 23:30:00,0
TXN0002399,7.5,POS,FL,2024-01-25 23:45:00,0
TXN0002400,4.86,POS,IL,2024-01-26 00:00:00,0
TXN0002401,48.82,Transfer,IL,2024-01-26 00:15:00,0
TXN0002402,15.07,ATM,TX,2024-01-26 00:30:00,0
TXN0002403,31.91,POS,TX,2024-01-26 00:45:00,0
TXN0002404,11.98,Online,NY,2024-01-26 01:00:00,0
TXN0002405,28.97,Transfer,NY,2024-01-26 01:15:00,0
TXN0002406,8.15,Transfer,TX,2024-01-26 01:30:00,0
TXN0002407,19.46,Transfer,NY,2024-01-26 01:45:00,0
TXN0002408,40.38,ATM,FL,2024-01-26 02:00:00,0
TXN0002409,21.2,Online,CA,2024-01-26 02:15:00,0
TXN0002410,11.61,Online,TX,2024-01-26 02:30:00,0
TXN0002411,5.45,Transfer,IL,2024-01-26 02:45:00,0
TXN0002412,24.56,POS,FL,2024-01-26 03:00:00,0
TXN0002413,30.38,ATM,NY,2024-01-26 03:15:00,0
TXN0002414,14.73,POS,CA,2024-01-26 03:30:00,0
TXN0002415,7.98,Transfer,FL,2024-01-26 03:45:00,0
TXN0002416,38.52,Online,FL,2024-01-26 04:00:00,0
TXN0002417,394.68,ATM,NY,2024-01-26 04:15:00,0
TXN0002418,13.97,POS,TX,2024-01-26 04:30:00,0
TXN0002419,30.09,ATM,IL,2024-01-26 04:45:00,0
TXN0002420,31.59,Online,CA,2024-01-26 05:00:00,0
TXN0002421,0.92,ATM,NY,2024-01-26 05:15:00,0
TXN0002422,23.3,Online,CA,2024-01-26 05:30:00,0
TXN0002423,8.6,Online,NY,2024-01-26 05:45:00,0
TXN0002424,105.81,Transfer,WA,2024-01-26 06:00:00,0
TXN0002425,14.81,POS,NY,2024-01-26 06:15:00,0
TXN0002426,7.9,Transfer,CA,2024-01-26 06:30:00,0
TXN0002427,15.45,Transfer,NY,2024-01-26 06:45:00,0
TXN0002428,24.53,Transfer,FL,2024-01-26 07:00:00,0
TXN0002429,10.26,Online,TX,2024-01-26 07:15:00,0
TXN0002430,18.86,POS,FL,2024-01-26 07:30:00,1
TXN0002431,3.96,POS,CA,2024-01-26 07:45:00,0
TXN0002432,15.33,POS,TX,2024-01-26 08:00:00,0
TXN0002433,50.95,Transfer,TX,2024-01-26 08:15:00,0
TXN0002434,213.37,Online,TX,2024-01-26 08:30:00,0
TXN0002435,46.89,Transfer,NY,2024-01-26 08:45:00,0
TXN0002436,27.84,POS,TX,2024-01-26 09:00:00,0
TXN0002437,83.14,Online,NY,2024-01-26 09:15:00,0
TXN0002438,68.23,POS,IL,2024-01-26 09:30:00,0
TXN0002439,147.91,POS,IL,2024-01-26 09:45:00,0
TXN0002440,73.64,POS,CA,2024-01-26 10:00:00,0
TXN0002441,17.44,ATM,NY,2024-01-26 10:15:00,0
TXN0002442,27.39,Online,IL,2024-01-26 10:30:00,0
TXN0002443,24.9,Transfer,TX,2024-01-26 10:45:00,0
TXN0002444,28.86,POS,WA,2024-01-26 11:00:00,0
TXN0002445,25.54,POS,CA,2024-01-26 11:15:00,0
TXN0002446,7.85,Online,NY,2024-01-26 11:30:00,0
TXN0002447,1.61,Online,NY,2024-01-26 11:45:00,0
TXN0002448,8.97,POS,CA,2024-01-26 12:00:00,0
TXN0002449,1.77,Online,TX,2024-01-26 12:15:00,0
TXN0002450,21.79,POS,NY,2024-01-26 12:30:00,0
TXN0002451,20.2,Transfer,WA,2024-01-26 12:45:00,0
TXN0002452,2.69,ATM,CA,2024-01-26 13:00:00,0
TXN0002453,45.87,Transfer,FL,2024-01-26 13:15:00,0
TXN0002454,56.84,ATM,FL,2024-01-26 13:30:00,0
TXN0002455,22.53,Online,IL,2024-01-26 13:45:00,0
TXN0002456,148.59,Transfer,FL,2024-01-26 14:00:00,0
TXN0002457,189.81,POS,IL,2024-01-26 14:15:00,0
TXN0002458,4.72,Online,FL,2024-01-26 14:30:00,0
TXN0002459,69.69,POS,CA,2024-01-26 14:45:00,0
TXN0002460,34.09,Online,NY,2024-01-26 15:00:00,0
TXN0002461,33.18,POS,WA,2024-01-26 15:15:00,0
TXN0002462,61.64,POS,FL,2024-01-26 15:30:00,1
TXN0002463,8.47,ATM,NY,2024-01-26 15:45:00,0
TXN0002464,9.87,Transfer,TX,2024-01-26 16:00:00,0
TXN0002465,7.45,POS,WA,2024-01-26 16:15:00,0
TXN0002466,8.12,POS,CA,2024-01-26 16:30:00,0
TXN0002467,17.85,ATM,FL,2024-01-26 16:45:00,0
TXN0002468,3.52,Transfer,CA,2024-01-26 17:00:00,0
TXN0002469,5.73,ATM,NY,2024-01-26 17:15:00,0
TXN0002470,40.17,POS,CA,2024-01-26 17:30:00,0
TXN0002471,18.45,ATM,CA,2024-01-26 17:45:00,0
TXN0002472,31.8,Online,WA,2024-01-26 18:00:00,0
TXN0002473,2.08,Transfer,TX,2024-01-26 18:15:00,0
TXN0002474,7.84,POS,FL,2024-01-26 18:30:00,0
TXN0002475,10.31,POS,CA,2024-01-26 18:45:00,0
TXN0002476,20.89,ATM,CA,2024-01-26 19:00:00,0
TXN0002477,9.94,Online,FL,2024-01-26 19:15:00,0
TXN0002478,61.55,POS,NY,2024-01-26 19:30:00,0
TXN0002479,18.73,Transfer,IL,2024-01-26 19:45:00,0
TXN0002480,20.5,Transfer,IL,2024-01-26 20:00:00,0
TXN0002481,20.41,POS,WA,2024-01-26 20:15:00,0
TXN0002482,46.97,ATM,IL,2024-01-26 20:30:00,0
TXN0002483,11.41,Online,IL,2024-01-26 20:45:00,0
TXN0002484,77.24,Transfer,NY,2024-01-26 21:00:00,0
TXN0002485,34.89,ATM,NY,2024-01-26 21:15:00,0
TXN0002486,24.16,Transfer,WA,2024-01-26 21:30:00,0
TXN0002487,21.12,ATM,TX,2024-01-26 21:45:00,0
TXN0002488,37.5,Online,FL,2024-01-26 22:00:00,0
TXN0002489,67.93,ATM,NY,2024-01-26 22:15:00,0
TXN0002490,62.47,ATM,TX,2024-01-26 22:30:00,0
TXN0002491,31.53,POS,NY,2024-01-26 22:45:00,0
TXN0002492,57.52,ATM,CA,2024-01-26 23:00:00,0
TXN0002493,23.15,Transfer,WA,2024-01-26 23:15:00,0
TXN0002494,90.29,Transfer,NY,2024-01-26 23:30:00,0
TXN0002495,19.45,Online,FL,2024-01-26 23:45:00,0
TXN0002496,1.67,Online,FL,2024-01-27 00:00:00,0
TXN0002497,100.03,Transfer,NY,2024-01-27 00:15:00,0
TXN0002498,22.86,POS,TX,2024-01-27 00:30:00,0
TXN0002499,4.93,POS,CA,2024-01-27 00:45:00,0
TXN0002500,15.83,ATM,NY,2024-01-27 01:00:00,0
TXN0002501,6.95,Transfer,WA,2024-01-27 01:15:00,0
TXN0002502,249.7,ATM,FL,2024-01-27 01:30:00,0
TXN0002503,36.5,Transfer,IL,2024-01-27 01:45:00,0
TXN0002504,3.06,POS,NY,2024-01-27 02:00:00,0
TXN0002505,38.68,Transfer,WA,2024-01-27 02:15:00,0
TXN0002506,12.45,Transfer,TX,2024-01-27 02:30:00,0
TXN0002507,200.36,ATM,NY,2024-01-27 02:45:00,0
TXN0002508,5.68,Transfer,WA,2024-01-27 03:00:00,0
TXN0002509,1.35,Transfer,IL,2024-01-27 03:15:00,0
TXN0002510,21.74,Online,FL,2024-01-27 03:30:00,0
TXN0002511,13.23,Transfer,CA,2024-01-27 03:45:00,0
TXN0002512,12.18,Online,TX,2024-01-27 04:00:00,0
TXN0002513,1.54,ATM,TX,2024-01-27 04:15:00,0
TXN0002514,33.52,Transfer,CA,2024-01-27 04:30:00,0
TXN0002515,149.61,Online,CA,2024-01-27 04:45:00,0
TXN0002516,2.03,Online,FL,2024-01-27 05:00:00,0
TXN0002517,81.9,POS,IL,2024-01-27 05:15:00,0
TXN0002518,10.15,POS,NY,2024-01-27 05:30:00,0
TXN0002519,336.57,Transfer,NY,2024-01-27 05:45:00,0
TXN0002520,33.89,ATM,IL,2024-01-27 06:00:00,0
TXN0002521,16.03,Online,FL,2024-01-27 06:15:00,0
TXN0002522,75.68,Online,NY,2024-01-27 06:30:00,0
TXN0002523,37.76,Online,IL,2024-01-27 06:45:00,0
TXN0002524,9.87,ATM,CA,2024-01-27 07:00:00,0
TXN0002525,47.1,Transfer,IL,2024-01-27 07:15:00,0
TXN0002526,10.88,ATM,NY,2024-01-27 07:30:00,0
TXN0002527,2.35,Transfer,FL,2024-01-27 07:45:00,0
TXN0002528,229.96,Transfer,IL,2024-01-27 08:00:00,0
TXN0002529,13.2,Transfer,WA,2024-01-27 08:15:00,0
TXN0002530,9.67,ATM,IL,2024-01-27 08:30:00,0
TXN0002531,30.16,ATM,FL,2024-01-27 08:45:00,0
TXN0002532,3.09,ATM,TX,2024-01-27 09:00:00,0
TXN0002533,3.96,ATM,TX,2024-01-27 09:15:00,0
TXN0002534,11.03,Transfer,TX,2024-01-27 09:30:00,0
TXN0002535,10.77,POS,WA,2024-01-27 09:45:00,0
TXN0002536,21.9,ATM,IL,2024-01-27 10:00:00,0
TXN0002537,77.25,POS,IL,2024-01-27 10:15:00,0
TXN0002538,11.37,Online,FL,2024-01-27 10:30:00,0
TXN0002539,36.28,POS,IL,2024-01-27 10:45:00,0
TXN0002540,41.34,ATM,CA,2024-01-27 11:00:00,0
TXN0002541,5.47,POS,NY,2024-01-27 11:15:00,0
TXN0002542,26.42,ATM,IL,2024-01-27 11:30:00,0
TXN0002543,6.48,ATM,WA,2024-01-27 11:45:00,0
TXN0002544,72.0,ATM,WA,2024-01-27 12:00:00,0
TXN0002545,34.68,POS,WA,2024-01-27 12:15:00,0
TXN0002546,20.49,POS,IL,2024-01-27 12:30:00,0
TXN0002547,4.02,Transfer,NY,2024-01-27 12:45:00,0
TXN0002548,23.09,Transfer,TX,2024-01-27 13:00:00,0
TXN0002549,8.0,Transfer,NY,2024-01-27 13:15:00,1
TXN0002550,46.86,Transfer,IL,2024-01-27 13:30:00,1
TXN0002551,17.41,ATM,TX,2024-01-27 13:45:00,0
TXN0002552,7.58,Online,IL,2024-01-27 14:00:00,0
TXN0002553,60.98,Online,WA,2024-01-27 14:15:00,0
TXN0002554,47.74,Transfer,IL,2024-01-27 14:30:00,0
TXN0002555,9.86,POS,FL,2024-01-27 14:45:00,0
TXN0002556,81.0,Transfer,CA,2024-01-27 15:00:00,0
TXN0002557,14.04,Online,TX,2024-01-27 15:15:00,0
TXN0002558,13.86,POS,CA,2024-01-27 15:30:00,0
TXN0002559,23.3,Online,FL,2024-01-27 15:45:00,0
TXN0002560,8.14,Online,NY,2024-01-27 16:00:00,0
TXN0002561,11.82,POS,NY,2024-01-27 16:15:00,0
TXN0002562,16.57,ATM,NY,2024-01-27 16:30:00,0
TXN0002563,126.01,Online,WA,2024-01-27 16:45:00,0
TXN0002564,121.46,Transfer,TX,2024-01-27 17:00:00,0
TXN0002565,14.72,Online,CA,2024-01-27 17:15:00,0
TXN0002566,138.73,POS,WA,2024-01-27 17:30:00,0
TXN0002567,19.07,Transfer,IL,2024-01-27 17:45:00,0
TXN0002568,31.71,Transfer,TX,2024-01-27 18:00:00,0
TXN0002569,57.99,POS,FL,2024-01-27 18:15:00,0
TXN0002570,28.52,ATM,NY,2024-01-27 18:30:00,0
TXN0002571,364.39,Online,CA,2024-01-27 18:45:00,1
TXN0002572,26.9,Online,CA,2024-01-27 19:00:00,0
TXN0002573,4.77,Transfer,WA,2024-01-27 19:15:00,0
TXN0002574,96.21,Online,IL,2024-01-27 19:30:00,0
TXN0002575,12.25,POS,WA,2024-01-27 19:45:00,0
TXN0002576,13.94,POS,FL,2024-01-27 20:00:00,0
TXN0002577,0.55,Transfer,TX,2024-01-27 20:15:00,0
TXN0002578,66.77,Online,WA,2024-01-27 20:30:00,0
TXN0002579,53.63,ATM,IL,2024-01-27 20:45:00,0
TXN0002580,52.4,POS,CA,2024-01-27 21:00:00,0
TXN0002581,64.98,ATM,TX,2024-01-27 21:15:00,0
TXN0002582,152.81,Online,IL,2024-01-27 21:30:00,0
TXN0002583,19.01,Transfer,NY,2024-01-27 21:45:00,0
TXN0002584,61.88,POS,CA,2024-01-27 22:00:00,0
TXN0002585,8.23,Online,FL,2024-01-27 22:15:00,0
TXN0002586,13.14,POS,IL,2024-01-27 22:30:00,0
TXN0002587,71.39,ATM,CA,2024-01-27 22:45:00,0
TXN0002588,32.12,Transfer,FL,2024-01-27 23:00:00,0
TXN0002589,4.05,Transfer,FL,2024-01-27 23:15:00,0
TXN0002590,30.99,Online,IL,2024-01-27 23:30:00,0
TXN0002591,16.13,Online,IL,2024-01-27 23:45:00,0
TXN0002592,7.52,Online,IL,2024-01-28 00:00:00,0
TXN0002593,33.82,ATM,TX,2024-01-28 00:15:00,0
TXN0002594,12.36,Transfer,IL,2024-01-28 00:30:00,0
TXN0002595,3.05,ATM,IL,2024-01-28 00:45:00,1
TXN0002596,5.29,ATM,IL,2024-01-28 01:00:00,0
TXN0002597,167.84,Online,CA,2024-01-28 01:15:00,0
TXN0002598,3.26,Transfer,CA,2024-01-28 01:30:00,0
TXN0002599,26.24,Online,TX,2024-01-28 01:45:00,0
TXN0002600,41.77,Transfer,TX,2024-01-28 02:00:00,0
TXN0002601,43.25,Transfer,IL,2024-01-28 02:15:00,0
TXN0002602,4.62,POS,WA,2024-01-28 02:30:00,0
TXN0002603,13.66,Transfer,NY,2024-01-28 02:45:00,0
TXN0002604,23.78,POS,IL,2024-01-28 03:00:00,0
TXN0002605,52.47,Transfer,FL,2024-01-28 03:15:00,0
TXN0002606,9.26,Online,FL,2024-01-28 03:30:00,0
TXN0002607,4.97,Online,FL,2024-01-28 03:45:00,0
TXN0002608,66.89,Transfer,WA,2024-01-28 04:00:00,0
TXN0002609,75.66,ATM,WA,2024-01-28 04:15:00,0
TXN0002610,31.31,Transfer,TX,2024-01-28 04:30:00,0
TXN0002611,9.67,ATM,IL,2024-01-28 04:45:00,0
TXN0002612,32.72,Transfer,IL,2024-01-28 05:00:00,0
TXN0002613,22.9,Online,IL,2024-01-28 05:15:00,0
TXN0002614,54.88,Online,CA,2024-01-28 05:30:00,0
TXN0002615,4.49,Transfer,IL,2024-01-28 05:45:00,0
TXN0002616,23.09,Transfer,NY,2024-01-28 06:00:00,0
TXN0002617,16.6,Online,IL,2024-01-28 06:15:00,0
TXN0002618,5.3,ATM,IL,2024-01-28 06:30:00,0
TXN0002619,26.02,Transfer,TX,2024-01-28 06:45:00,0
TXN0002620,20.95,ATM,NY,2024-01-28 07:00:00,0
TXN0002621,12.28,Online,NY,2024-01-28 07:15:00,0
TXN0002622,32.31,Transfer,WA,2024-01-28 07:30:00,0
TXN0002623,3.66,Transfer,WA,2024-01-28 07:45:00,0
TXN0002624,18.83,Transfer,CA,2024-01-28 08:00:00,0
TXN0002625,33.71,ATM,WA,2024-01-28 08:15:00,0
TXN0002626,28.24,ATM,CA,2024-01-28 08:30:00,0
TXN0002627,73.09,POS,TX,2024-01-28 08:45:00,0
TXN0002628,4.75,POS,TX,2024-01-28 09:00:00,0
TXN0002629,3.29,POS,FL,2024-01-28 09:15:00,1
TXN0002630,26.76,Transfer,FL,2024-01-28 09:30:00,0
TXN0002631,34.68,ATM,WA,2024-01-28 09:45:00,0
TXN0002632,255.64,Transfer,IL,2024-01-28 10:00:00,0
TXN0002633,42.1,Online,NY,2024-01-28 10:15:00,0
TXN0002634,7.04,Online,CA,2024-01-28 10:30:00,0
TXN0002635,52.84,Transfer,WA,2024-01-28 10:45:00,0
TXN0002636,7.28,ATM,NY,2024-01-28 11:00:00,0
TXN0002637,3.38,Transfer,WA,2024-01-28 11:15:00,0
TXN0002638,459.86,Transfer,TX,2024-01-28 11:30:00,1
TXN0002639,29.7,Transfer,NY,2024-01-28 11:45:00,0
TXN0002640,47.37,ATM,TX,2024-01-28 12:00:00,0
TXN0002641,39.5,Transfer,NY,2024-01-28 12:15:00,0
TXN0002642,176.71,Online,CA,2024-01-28 12:30:00,0
TXN0002643,28.25,ATM,CA,2024-01-28 12:45:00,0
TXN0002644,86.59,Transfer,WA,2024-01-28 13:00:00,0
TXN0002645,5.85,ATM,NY,2024-01-28 13:15:00,0
TXN0002646,3.78,ATM,CA,2024-01-28 13:30:00,0
TXN0002647,111.26,Transfer,CA,2024-01-28 13:45:00,0
TXN0002648,117.9,ATM,NY,2024-01-28 14:00:00,0
TXN0002649,37.07,POS,IL,2024-01-28 14:15:00,0
TXN0002650,26.35,Online,TX,2024-01-28 14:30:00,0
TXN0002651,24.52,Transfer,FL,2024-01-28 14:45:00,0
TXN0002652,8.8,Transfer,FL,2024-01-28 15:00:00,0
TXN0002653,127.28,Online,NY,2024-01-28 15:15:00,0
TXN0002654,44.29,ATM,WA,2024-01-28 15:30:00,0
TXN0002655,36.86,ATM,TX,2024-01-28 15:45:00,0
TXN0002656,31.54,ATM,TX,2024-01-28 16:00:00,0
TXN0002657,70.63,ATM,IL,2024-01-28 16:15:00,0
TXN0002658,36.82,ATM,TX,2024-01-28 16:30:00,0
TXN0002659,49.13,Transfer,CA,2024-01-28 16:45:00,0
TXN0002660,4.94,Transfer,IL,2024-01-28 17:00:00,0
TXN0002661,37.04,Transfer,FL,2024-01-28 17:15:00,0
TXN0002662,277.17,ATM,WA,2024-01-28 17:30:00,0
TXN0002663,10.78,POS,TX,2024-01-28 17:45:00,0
TXN0002664,17.21,ATM,NY,2024-01-28 18:00:00,0
TXN0002665,58.58,POS,CA,2024-01-28 18:15:00,0
TXN0002666,63.36,ATM,FL,2024-01-28 18:30:00,0
TXN0002667,42.49,POS,WA,2024-01-28 18:45:00,1
TXN0002668,2.88,Online,CA,2024-01-28 19:00:00,0
TXN0002669,36.67,POS,CA,2024-01-28 19:15:00,0
TXN0002670,4.85,Online,TX,2024-01-28 19:30:00,0
TXN0002671,7.47,Transfer,FL,2024-01-28 19:45:00,0
TXN0002672,38.77,Online,NY,2024-01-28 20:00:00,0
TXN0002673,14.08,ATM,FL,2024-01-28 20:15:00,0
TXN0002674,53.07,Transfer,FL,2024-01-28 20:30:00,0
TXN0002675,878.11,Transfer,IL,2024-01-28 20:45:00,0
TXN0002676,51.04,POS,TX,2024-01-28 21:00:00,0
TXN0002677,47.82,Online,FL,2024-01-28 21:15:00,0
TXN0002678,6.86,POS,NY,2024-01-28 21:30:00,0
TXN0002679,9.29,Transfer,IL,2024-01-28 21:45:00,0
TXN0002680,5.6,ATM,NY,2024-01-28 22:00:00,0
TXN0002681,10.6,Transfer,WA,2024-01-28 22:15:00,0
TXN0002682,5.42,POS,TX,2024-01-28 22:30:00,0
TXN0002683,9.1,Online,WA,2024-01-28 22:45:00,0
TXN0002684,15.64,ATM,IL,2024-01-28 23:00:00,0
TXN0002685,6.05,Online,FL,2024-01-28 23:15:00,1
TXN0002686,3.66,ATM,WA,2024-01-28 23:30:00,0
TXN0002687,3.92,ATM,TX,2024-01-28 23:45:00,0
TXN0002688,34.63,ATM,TX,2024-01-29 00:00:00,0
TXN0002689,21.58,ATM,WA,2024-01-29 00:15:00,0
TXN0002690,68.79,Online,IL,2024-01-29 00:30:00,0
TXN0002691,70.34,POS,IL,2024-01-29 00:45:00,0
TXN0002692,13.35,Transfer,CA,2024-01-29 01:00:00,0
TXN0002693,44.88,Transfer,WA,2024-01-29 01:15:00,0
TXN0002694,3.57,Online,CA,2024-01-29 01:30:00,0
TXN0002695,310.95,Transfer,CA,2024-01-29 01:45:00,0
TXN0002696,84.31,ATM,WA,2024-01-29 02:00:00,0
TXN0002697,15.52,POS,NY,2024-01-29 02:15:00,0
TXN0002698,4.97,Online,TX,2024-01-29 02:30:00,0
TXN0002699,31.69,Online,TX,2024-01-29 02:45:00,0
TXN0002700,2.13,Online,NY,2024-01-29 03:00:00,0
TXN0002701,7.88,Online,TX,2024-01-29 03:15:00,0
TXN0002702,49.33,POS,WA,2024-01-29 03:30:00,0
TXN0002703,21.99,POS,FL,2024-01-29 03:45:00,0
TXN0002704,11.14,POS,CA,2024-01-29 04:00:00,0
TXN0002705,62.86,ATM,WA,2024-01-29 04:15:00,0
TXN0002706,5.78,ATM,TX,2024-01-29 04:30:00,0
TXN0002707,28.27,ATM,IL,2024-01-29 04:45:00,0
TXN0002708,11.05,POS,IL,2024-01-29 05:00:00,0
TXN0002709,7.27,Transfer,WA,2024-01-29 05:15:00,0
TXN0002710,35.03,ATM,WA,2024-01-29 05:30:00,1
TXN0002711,6.1,ATM,IL,2024-01-29 05:45:00,0
TXN0002712,196.84,Online,FL,2024-01-29 06:00:00,0
TXN0002713,9.96,POS,CA,2024-01-29 06:15:00,0
TXN0002714,218.72,Transfer,CA,2024-01-29 06:30:00,0
TXN0002715,5.4,ATM,CA,2024-01-29 06:45:00,0
TXN0002716,41.56,Transfer,CA,2024-01-29 07:00:00,0
TXN0002717,4.76,Transfer,TX,2024-01-29 07:15:00,0
TXN0002718,4.02,Transfer,NY,2024-01-29 07:30:00,0
TXN0002719,24.33,ATM,TX,2024-01-29 07:45:00,0
TXN0002720,45.29,Online,WA,2024-01-29 08:00:00,0
TXN0002721,4.35,Transfer,FL,2024-01-29 08:15:00,0
TXN0002722,83.18,Online,TX,2024-01-29 08:30:00,0
TXN0002723,7.71,POS,TX,2024-01-29 08:45:00,0
TXN0002724,23.51,ATM,CA,2024-01-29 09:00:00,0
TXN0002725,31.68,ATM,NY,2024-01-29 09:15:00,0
TXN0002726,41.0,ATM,CA,2024-01-29 09:30:00,0
TXN0002727,2.32,Transfer,NY,2024-01-29 09:45:00,0
TXN0002728,140.09,ATM,TX,2024-01-29 10:00:00,0
TXN0002729,39.42,Online,NY,2024-01-29 10:15:00,0
TXN0002730,12.05,Online,NY,2024-01-29 10:30:00,0
TXN0002731,5.88,POS,CA,2024-01-29 10:45:00,0
TXN0002732,2.63,Online,NY,2024-01-29 11:00:00,0
TXN0002733,3.92,ATM,FL,2024-01-29 11:15:00,0
TXN0002734,38.63,Transfer,FL,2024-01-29 11:30:00,0
TXN0002735,13.34,Transfer,IL,2024-01-29 11:45:00,0
TXN0002736,5.17,Online,FL,2024-01-29 12:00:00,0
TXN0002737,10.67,Transfer,FL,2024-01-29 12:15:00,0
TXN0002738,131.23,Online,TX,2024-01-29 12:30:00,0
TXN0002739,13.51,Online,TX,2024-01-29 12:45:00,0
TXN0002740,9.96,POS,IL,2024-01-29 13:00:00,0
TXN0002741,101.57,Transfer,TX,2024-01-29 13:15:00,0
TXN0002742,34.96,POS,WA,2024-01-29 13:30:00,0
TXN0002743,21.18,Online,CA,2024-01-29 13:45:00,1
TXN0002744,9.69,ATM,FL,2024-01-29 14:00:00,0
TXN0002745,3.12,Transfer,FL,2024-01-29 14:15:00,0
TXN0002746,4.93,ATM,CA,2024-01-29 14:30:00,0
TXN0002747,11.28,Online,TX,2024-01-29 14:45:00,0
TXN0002748,15.43,POS,CA,2024-01-29 15:00:00,0
TXN0002749,30.8,Online,WA,2024-01-29 15:15:00,0
TXN0002750,38.94,POS,IL,2024-01-29 15:30:00,0
TXN0002751,26.25,POS,WA,2024-01-29 15:45:00,0
TXN0002752,26.17,POS,FL,2024-01-29 16:00:00,0
TXN0002753,6.0,Transfer,TX,2024-01-29 16:15:00,0
TXN0002754,1.51,Transfer,NY,2024-01-29 16:30:00,0
TXN0002755,10.75,POS,TX,2024-01-29 16:45:00,0
TXN0002756,6.39,POS,FL,2024-01-29 17:00:00,0
TXN0002757,9.18,Online,TX,2024-01-29 17:15:00,0
TXN0002758,14.45,Transfer,FL,2024-01-29 17:30:00,0
TXN0002759,4.52,ATM,FL,2024-01-29 17:45:00,0
TXN0002760,5.3,Online,CA,2024-01-29 18:00:00,0
TXN0002761,17.81,POS,CA,2024-01-29 18:15:00,0
TXN0002762,23.08,ATM,CA,2024-01-29 18:30:00,1
TXN0002763,9.14,Online,WA,2024-01-29 18:45:00,0
TXN0002764,36.52,POS,TX,2024-01-29 19:00:00,0
TXN0002765,15.44,Online,CA,2024-01-29 19:15:00,0
TXN0002766,5.91,POS,FL,2024-01-29 19:30:00,0
TXN0002767,21.09,ATM,NY,2024-01-29 19:45:00,0
TXN0002768,192.27,Transfer,CA,2024-01-29 20:00:00,0
TXN0002769,8.94,POS,WA,2024-01-29 20:15:00,1
TXN0002770,81.4,ATM,FL,2024-01-29 20:30:00,0
TXN0002771,104.93,POS,FL,2024-01-29 20:45:00,0
TXN0002772,121.24,Transfer,TX,2024-01-29 21:00:00,0
TXN0002773,7.48,POS,NY,2024-01-29 21:15:00,0
TXN0002774,225.53,ATM,WA,2024-01-29 21:30:00,0
TXN0002775,23.1,Online,FL,2024-01-29 21:45:00,0
TXN0002776,14.81,Online,CA,2024-01-29 22:00:00,0
TXN0002777,15.23,ATM,FL,2024-01-29 22:15:00,0
TXN0002778,41.34,Online,WA,2024-01-29 22:30:00,0
TXN0002779,21.36,ATM,TX,2024-01-29 22:45:00,0
TXN0002780,16.24,ATM,IL,2024-01-29 23:00:00,0
TXN0002781,93.72,Online,CA,2024-01-29 23:15:00,0
TXN0002782,8.44,Transfer,IL,2024-01-29 23:30:00,0
TXN0002783,5.74,ATM,IL,2024-01-29 23:45:00,0
TXN0002784,52.03,POS,CA,2024-01-30 00:00:00,0
TXN0002785,46.73,POS,NY,2024-01-30 00:15:00,0
TXN0002786,74.65,POS,NY,2024-01-30 00:30:00,0
TXN0002787,5.55,POS,FL,2024-01-30 00:45:00,0
TXN0002788,73.53,Online,TX,2024-01-30 01:00:00,0
TXN0002789,35.82,POS,WA,2024-01-30 01:15:00,0
TXN0002790,166.52,POS,FL,2024-01-30 01:30:00,0
TXN0002791,4.49,Transfer,WA,2024-01-30 01:45:00,0
TXN0002792,26.1,POS,NY,2024-01-30 02:00:00,0
TXN0002793,14.4,Online,WA,2024-01-30 02:15:00,0
TXN0002794,2.98,ATM,WA,2024-01-30 02:30:00,0
TXN0002795,8.52,Online,CA,2024-01-30 02:45:00,0
TXN0002796,77.67,Online,FL,2024-01-30 03:00:00,0
TXN0002797,11.44,POS,TX,2024-01-30 03:15:00,0
TXN0002798,8.44,Transfer,IL,2024-01-30 03:30:00,0
TXN0002799,56.94,POS,TX,2024-01-30 03:45:00,0
TXN0002800,65.8,POS,WA,2024-01-30 04:00:00,0
TXN0002801,65.64,POS,TX,2024-01-30 04:15:00,0
TXN0002802,7.79,ATM,IL,2024-01-30 04:30:00,0
TXN0002803,18.73,ATM,TX,2024-01-30 04:45:00,0
TXN0002804,69.19,POS,TX,2024-01-30 05:00:00,0
TXN0002805,9.14,POS,FL,2024-01-30 05:15:00,0
TXN0002806,8.17,POS,CA,2024-01-30 05:30:00,0
TXN0002807,54.26,POS,IL,2024-01-30 05:45:00,0
TXN0002808,130.95,Transfer,WA,2024-01-30 06:00:00,0
TXN0002809,5.04,ATM,IL,2024-01-30 06:15:00,0
TXN0002810,0.89,Online,FL,2024-01-30 06:30:00,0
TXN0002811,3.52,ATM,CA,2024-01-30 06:45:00,0
TXN0002812,5.96,Transfer,NY,2024-01-30 07:00:00,0
TXN0002813,17.03,Transfer,TX,2024-01-30 07:15:00,0
TXN0002814,42.06,POS,IL,2024-01-30 07:30:00,0
TXN0002815,16.85,ATM,NY,2024-01-30 07:45:00,0
TXN0002816,8.67,POS,NY,2024-01-30 08:00:00,0
TXN0002817,24.14,Transfer,NY,2024-01-30 08:15:00,0
TXN0002818,6.33,POS,NY,2024-01-30 08:30:00,0
TXN0002819,18.99,Online,CA,2024-01-30 08:45:00,0
TXN0002820,9.3,Online,WA,2024-01-30 09:00:00,0
TXN0002821,500.9,Transfer,CA,2024-01-30 09:15:00,0
TXN0002822,53.52,Online,FL,2024-01-30 09:30:00,0
TXN0002823,7.37,Online,TX,2024-01-30 09:45:00,0
TXN0002824,6.07,Transfer,IL,2024-01-30 10:00:00,0
TXN0002825,11.87,Online,CA,2024-01-30 10:15:00,0
TXN0002826,2.79,ATM,FL,2024-01-30 10:30:00,0
TXN0002827,8.36,Transfer,NY,2024-01-30 10:45:00,0
TXN0002828,8.28,Online,FL,2024-01-30 11:00:00,0
TXN0002829,58.02,Transfer,IL,2024-01-30 11:15:00,0
TXN0002830,12.04,Online,TX,2024-01-30 11:30:00,0
TXN0002831,7.78,POS,CA,2024-01-30 11:45:00,0
TXN0002832,4.02,ATM,TX,2024-01-30 12:00:00,0
TXN0002833,4.89,Transfer,WA,2024-01-30 12:15:00,0
TXN0002834,18.55,Online,WA,2024-01-30 12:30:00,0
TXN0002835,15.52,POS,CA,2024-01-30 12:45:00,0
TXN0002836,78.34,POS,CA,2024-01-30 13:00:00,0
TXN0002837,9.44,Online,FL,2024-01-30 13:15:00,0
TXN0002838,71.59,Transfer,FL,2024-01-30 13:30:00,0
TXN0002839,27.35,Online,NY,2024-01-30 13:45:00,0
TXN0002840,19.97,Online,NY,2024-01-30 14:00:00,0
TXN0002841,1.8,POS,TX,2024-01-30 14:15:00,0
TXN0002842,4.27,Transfer,FL,2024-01-30 14:30:00,0
TXN0002843,48.9,POS,IL,2024-01-30 14:45:00,0
TXN0002844,107.49,Transfer,NY,2024-01-30 15:00:00,0
TXN0002845,25.73,ATM,IL,2024-01-30 15:15:00,0
TXN0002846,50.15,POS,WA,2024-01-30 15:30:00,0
TXN0002847,12.31,ATM,WA,2024-01-30 15:45:00,0
TXN0002848,12.86,Transfer,FL,2024-01-30 16:00:00,0
TXN0002849,9.07,Transfer,TX,2024-01-30 16:15:00,0
TXN0002850,64.69,Transfer,NY,2024-01-30 16:30:00,0
TXN0002851,30.31,POS,CA,2024-01-30 16:45:00,0
TXN0002852,15.17,ATM,FL,2024-01-30 17:00:00,1
TXN0002853,13.54,Transfer,NY,2024-01-30 17:15:00,0
TXN0002854,39.17,Transfer,FL,2024-01-30 17:30:00,0
TXN0002855,29.6,Transfer,NY,2024-01-30 17:45:00,0
TXN0002856,7.4,POS,TX,2024-01-30 18:00:00,0
TXN0002857,157.46,POS,IL,2024-01-30 18:15:00,0
TXN0002858,27.34,POS,TX,2024-01-30 18:30:00,0
TXN0002859,20.34,Online,TX,2024-01-30 18:45:00,0
TXN0002860,118.24,Transfer,TX,2024-01-30 19:00:00,0
TXN0002861,68.64,ATM,FL,2024-01-30 19:15:00,0
TXN0002862,18.07,Online,NY,2024-01-30 19:30:00,0
TXN0002863,38.21,Transfer,CA,2024-01-30 19:45:00,0
TXN0002864,5.56,POS,TX,2024-01-30 20:00:00,0
TXN0002865,9.31,POS,TX,2024-01-30 20:15:00,0
TXN0002866,1.33,ATM,CA,2024-01-30 20:30:00,0
TXN0002867,86.87,Online,TX,2024-01-30 20:45:00,0
TXN0002868,2.06,ATM,CA,2024-01-30 21:00:00,0
TXN0002869,45.49,Online,FL,2024-01-30 21:15:00,0
TXN0002870,7.41,POS,CA,2024-01-30 21:30:00,0
TXN0002871,6.2,POS,TX,2024-01-30 21:45:00,0
TXN0002872,15.89,POS,WA,2024-01-30 22:00:00,0
TXN0002873,27.65,Transfer,CA,2024-01-30 22:15:00,0
TXN0002874,41.87,ATM,WA,2024-01-30 22:30:00,0
TXN0002875,168.34,Transfer,TX,2024-01-30 22:45:00,0
TXN0002876,30.89,Online,NY,2024-01-30 23:00:00,0
TXN0002877,57.83,Transfer,TX,2024-01-30 23:15:00,0
TXN0002878,9.79,POS,TX,2024-01-30 23:30:00,0
TXN0002879,47.3,Online,TX,2024-01-30 23:45:00,0
TXN0002880,24.14,POS,TX,2024-01-31 00:00:00,0
TXN0002881,11.52,POS,IL,2024-01-31 00:15:00,0
TXN0002882,17.9,Transfer,FL,2024-01-31 00:30:00,0
TXN0002883,18.64,ATM,IL,2024-01-31 00:45:00,0
TXN0002884,25.26,ATM,WA,2024-01-31 01:00:00,0
TXN0002885,32.51,Online,CA,2024-01-31 01:15:00,0
TXN0002886,10.91,Online,NY,2024-01-31 01:30:00,0
TXN0002887,8.26,Online,WA,2024-01-31 01:45:00,0
TXN0002888,49.25,POS,IL,2024-01-31 02:00:00,0
TXN0002889,2.62,Online,FL,2024-01-31 02:15:00,0
TXN0002890,9.57,Online,NY,2024-01-31 02:30:00,0
TXN0002891,129.43,POS,FL,2024-01-31 02:45:00,0
TXN0002892,0.78,Transfer,IL,2024-01-31 03:00:00,0
TXN0002893,8.74,ATM,CA,2024-01-31 03:15:00,0
TXN0002894,45.84,ATM,IL,2024-01-31 03:30:00,0
TXN0002895,2.77,POS,TX,2024-01-31 03:45:00,0
TXN0002896,453.85,Online,FL,2024-01-31 04:00:00,0
TXN0002897,0.9,Transfer,CA,2024-01-31 04:15:00,0
TXN0002898,112.6,Transfer,TX,2024-01-31 04:30:00,0
TXN0002899,130.17,ATM,FL,2024-01-31 04:45:00,0
TXN0002900,60.32,Transfer,IL,2024-01-31 05:00:00,1
TXN0002901,15.4,POS,FL,2024-01-31 05:15:00,0
TXN0002902,30.83,ATM,IL,2024-01-31 05:30:00,0
TXN0002903,6.84,Online,FL,2024-01-31 05:45:00,0
TXN0002904,53.05,Transfer,TX,2024-01-31 06:00:00,0
TXN0002905,5.24,ATM,CA,2024-01-31 06:15:00,0
TXN0002906,14.46,Online,WA,2024-01-31 06:30:00,0
TXN0002907,66.39,POS,NY,2024-01-31 06:45:00,0
TXN0002908,5.27,Transfer,CA,2024-01-31 07:00:00,0
TXN0002909,12.97,Transfer,WA,2024-01-31 07:15:00,0
TXN0002910,24.46,Transfer,FL,2024-01-31 07:30:00,0
TXN0002911,4.01,Transfer,IL,2024-01-31 07:45:00,0
TXN0002912,81.23,POS,TX,2024-01-31 08:00:00,0
TXN0002913,30.23,ATM,CA,2024-01-31 08:15:00,0
TXN0002914,3.26,ATM,NY,2024-01-31 08:30:00,0
TXN0002915,18.98,Transfer,WA,2024-01-31 08:45:00,0
TXN0002916,7.92,ATM,NY,2024-01-31 09:00:00,0
TXN0002917,9.12,POS,NY,2024-01-31 09:15:00,0
TXN0002918,22.02,ATM,NY,2024-01-31 09:30:00,0
TXN0002919,8.57,Transfer,IL,2024-01-31 09:45:00,0
TXN0002920,63.91,Transfer,TX,2024-01-31 10:00:00,0
TXN0002921,8.62,POS,IL,2024-01-31 10:15:00,0
TXN0002922,65.24,ATM,NY,2024-01-31 10:30:00,0
TXN0002923,19.06,Online,NY,2024-01-31 10:45:00,0
TXN0002924,56.09,Transfer,WA,2024-01-31 11:00:00,0
TXN0002925,10.49,ATM,TX,2024-01-31 11:15:00,0
TXN0002926,10.95,Online,CA,2024-01-31 11:30:00,0
TXN0002927,5.04,ATM,IL,2024-01-31 11:45:00,0
TXN0002928,40.19,Online,WA,2024-01-31 12:00:00,0
TXN0002929,61.89,POS,NY,2024-01-31 12:15:00,0
TXN0002930,255.45,Online,WA,2024-01-31 12:30:00,1
TXN0002931,94.5,ATM,NY,2024-01-31 12:45:00,0
TXN0002932,27.11,ATM,NY,2024-01-31 13:00:00,0
TXN0002933,15.59,Transfer,NY,2024-01-31 13:15:00,0
TXN0002934,32.02,POS,WA,2024-01-31 13:30:00,0
TXN0002935,19.43,POS,NY,2024-01-31 13:45:00,0
TXN0002936,116.3,ATM,TX,2024-01-31 14:00:00,0
TXN0002937,62.35,ATM,FL,2024-01-31 14:15:00,0
TXN0002938,7.36,POS,WA,2024-01-31 14:30:00,0
TXN0002939,8.8,POS,TX,2024-01-31 14:45:00,0
TXN0002940,103.62,POS,IL,2024-01-31 15:00:00,0
TXN0002941,29.07,POS,IL,2024-01-31 15:15:00,1
TXN0002942,15.21,Transfer,WA,2024-01-31 15:30:00,0
TXN0002943,83.4,Transfer,FL,2024-01-31 15:45:00,0
TXN0002944,12.62,Online,CA,2024-01-31 16:00:00,0
TXN0002945,14.36,ATM,FL,2024-01-31 16:15:00,0
TXN0002946,11.55,POS,IL,2024-01-31 16:30:00,0
TXN0002947,1.91,Online,TX,2024-01-31 16:45:00,0
TXN0002948,56.66,POS,WA,2024-01-31 17:00:00,0
TXN0002949,4.71,ATM,WA,2024-01-31 17:15:00,0
TXN0002950,10.15,POS,WA,2024-01-31 17:30:00,0
TXN0002951,8.23,Transfer,CA,2024-01-31 17:45:00,0
TXN0002952,48.06,ATM,WA,2024-01-31 18:00:00,0
TXN0002953,18.5,POS,NY,2024-01-31 18:15:00,0
TXN0002954,20.46,ATM,CA,2024-01-31 18:30:00,0
TXN0002955,2.68,Online,WA,2024-01-31 18:45:00,1
TXN0002956,18.08,ATM,IL,2024-01-31 19:00:00,0
TXN0002957,3.42,Transfer,WA,2024-01-31 19:15:00,0
TXN0002958,29.04,Transfer,FL,2024-01-31 19:30:00,0
TXN0002959,31.19,POS,NY,2024-01-31 19:45:00,0
TXN0002960,19.67,Transfer,CA,2024-01-31 20:00:00,0
TXN0002961,233.17,Transfer,IL,2024-01-31 20:15:00,0
TXN0002962,37.84,POS,TX,2024-01-31 20:30:00,0
TXN0002963,41.06,POS,IL,2024-01-31 20:45:00,0
TXN0002964,23.83,POS,CA,2024-01-31 21:00:00,0
TXN0002965,15.94,POS,CA,2024-01-31 21:15:00,0
TXN0002966,64.01,ATM,CA,2024-01-31 21:30:00,0
TXN0002967,75.32,ATM,TX,2024-01-31 21:45:00,0
TXN0002968,4.21,Transfer,FL,2024-01-31 22:00:00,0
TXN0002969,71.19,POS,IL,2024-01-31 22:15:00,0
TXN0002970,37.21,Transfer,FL,2024-01-31 22:30:00,0
TXN0002971,63.61,Transfer,IL,2024-01-31 22:45:00,0
TXN0002972,35.14,Transfer,NY,2024-01-31 23:00:00,0
TXN0002973,4.51,POS,FL,2024-01-31 23:15:00,0
TXN0002974,4.92,ATM,NY,2024-01-31 23:30:00,0
TXN0002975,179.38,Transfer,NY,2024-01-31 23:45:00,0
TXN0002976,27.19,Online,NY,2024-02-01 00:00:00,0
TXN0002977,3.67,Transfer,NY,2024-02-01 00:15:00,0
TXN0002978,30.5,Transfer,FL,2024-02-01 00:30:00,0
TXN0002979,13.01,POS,CA,2024-02-01 00:45:00,0
TXN0002980,2.2,POS,CA,2024-02-01 01:00:00,0
TXN0002981,1.29,ATM,CA,2024-02-01 01:15:00,0
TXN0002982,2.94,Transfer,WA,2024-02-01 01:30:00,0
TXN0002983,27.83,ATM,IL,2024-02-01 01:45:00,0
TXN0002984,18.96,ATM,IL,2024-02-01 02:00:00,0
TXN0002985,14.89,POS,TX,2024-02-01 02:15:00,0
TXN0002986,28.26,POS,CA,2024-02-01 02:30:00,0
TXN0002987,41.32,ATM,IL,2024-02-01 02:45:00,0
TXN0002988,1.61,Transfer,CA,2024-02-01 03:00:00,0
TXN0002989,13.99,Online,FL,2024-02-01 03:15:00,1
TXN0002990,7.44,POS,FL,2024-02-01 03:30:00,0
TXN0002991,4.57,Online,FL,2024-02-01 03:45:00,0
TXN0002992,10.42,POS,IL,2024-02-01 04:00:00,1
TXN0002993,17.33,Transfer,WA,2024-02-01 04:15:00,0
TXN0002994,14.59,ATM,IL,2024-02-01 04:30:00,0
TXN0002995,3.51,ATM,CA,2024-02-01 04:45:00,0
TXN0002996,11.25,Transfer,IL,2024-02-01 05:00:00,0
TXN0002997,225.65,Transfer,NY,2024-02-01 05:15:00,0
TXN0002998,5.67,POS,IL,2024-02-01 05:30:00,0
TXN0002999,2.65,POS,FL,2024-02-01 05:45:00,0
TXN0003000,27.95,ATM,FL,2024-02-01 06:00:00,0
TXN0003001,41.1,Online,WA,2024-02-01 06:15:00,0
TXN0003002,35.05,Online,CA,2024-02-01 06:30:00,0
TXN0003003,5.24,Online,TX,2024-02-01 06:45:00,0
TXN0003004,66.53,Transfer,TX,2024-02-01 07:00:00,0
TXN0003005,7.83,POS,IL,2024-02-01 07:15:00,0
TXN0003006,5.15,ATM,IL,2024-02-01 07:30:00,0
TXN0003007,9.68,POS,TX,2024-02-01 07:45:00,0
TXN0003008,17.63,ATM,IL,2024-02-01 08:00:00,0
TXN0003009,47.32,POS,TX,2024-02-01 08:15:00,0
TXN0003010,42.46,ATM,IL,2024-02-01 08:30:00,0
TXN0003011,19.55,POS,FL,2024-02-01 08:45:00,0
TXN0003012,61.53,Transfer,CA,2024-02-01 09:00:00,0
TXN0003013,22.15,Transfer,FL,2024-02-01 09:15:00,0
TXN0003014,58.86,Transfer,WA,2024-02-01 09:30:00,0
TXN0003015,3.73,POS,TX,2024-02-01 09:45:00,0
TXN0003016,3.04,ATM,FL,2024-02-01 10:00:00,0
TXN0003017,50.95,POS,WA,2024-02-01 10:15:00,0
TXN0003018,3.79,ATM,FL,2024-02-01 10:30:00,0
TXN0003019,13.99,POS,TX,2024-02-01 10:45:00,0
TXN0003020,17.85,POS,WA,2024-02-01 11:00:00,0
TXN0003021,11.18,Online,IL,2024-02-01 11:15:00,0
TXN0003022,11.66,ATM,NY,2024-02-01 11:30:00,0
TXN0003023,106.82,Online,NY,2024-02-01 11:45:00,0
TXN0003024,0.97,Transfer,WA,2024-02-01 12:00:00,0
TXN0003025,58.01,ATM,WA,2024-02-01 12:15:00,0
TXN0003026,315.52,ATM,IL,2024-02-01 12:30:00,1
TXN0003027,20.66,POS,IL,2024-02-01 12:45:00,0
TXN0003028,19.63,Online,WA,2024-02-01 13:00:00,0
TXN0003029,48.02,POS,CA,2024-02-01 13:15:00,0
TXN0003030,180.3,Transfer,FL,2024-02-01 13:30:00,0
TXN0003031,4.83,Transfer,IL,2024-02-01 13:45:00,0
TXN0003032,22.31,Transfer,TX,2024-02-01 14:00:00,0
TXN0003033,16.06,Transfer,TX,2024-02-01 14:15:00,0
TXN0003034,39.3,ATM,NY,2024-02-01 14:30:00,0
TXN0003035,24.31,Transfer,NY,2024-02-01 14:45:00,0
TXN0003036,44.33,ATM,IL,2024-02-01 15:00:00,0
TXN0003037,12.11,ATM,FL,2024-02-01 15:15:00,0
TXN0003038,21.3,POS,NY,2024-02-01 15:30:00,0
TXN0003039,8.99,Transfer,TX,2024-02-01 15:45:00,0
TXN0003040,9.05,ATM,WA,2024-02-01 16:00:00,0
TXN0003041,16.95,Transfer,IL,2024-02-01 16:15:00,0
TXN0003042,16.94,POS,FL,2024-02-01 16:30:00,0
TXN0003043,4.92,POS,FL,2024-02-01 16:45:00,0
TXN0003044,132.17,Transfer,FL,2024-02-01 17:00:00,0
TXN0003045,17.08,Transfer,WA,2024-02-01 17:15:00,0
TXN0003046,3.82,POS,FL,2024-02-01 17:30:00,0
TXN0003047,75.33,POS,TX,2024-02-01 17:45:00,0
TXN0003048,8.18,ATM,IL,2024-02-01 18:00:00,0
TXN0003049,36.96,POS,NY,2024-02-01 18:15:00,0
TXN0003050,19.68,ATM,IL,2024-02-01 18:30:00,0
TXN0003051,27.13,ATM,NY,2024-02-01 18:45:00,0
TXN0003052,24.66,Online,FL,2024-02-01 19:00:00,0
TXN0003053,10.07,ATM,WA,2024-02-01 19:15:00,0
TXN0003054,21.1,POS,FL,2024-02-01 19:30:00,0
TXN0003055,230.38,ATM,FL,2024-02-01 19:45:00,0
TXN0003056,1.37,Online,NY,2024-02-01 20:00:00,0
TXN0003057,21.74,ATM,IL,2024-02-01 20:15:00,1
TXN0003058,33.85,Transfer,IL,2024-02-01 20:30:00,0
TXN0003059,5.68,Online,TX,2024-02-01 20:45:00,0
TXN0003060,3.88,POS,FL,2024-02-01 21:00:00,0
TXN0003061,267.92,Transfer,CA,2024-02-01 21:15:00,1
TXN0003062,12.86,POS,FL,2024-02-01 21:30:00,0
TXN0003063,243.42,Transfer,NY,2024-02-01 21:45:00,0
TXN0003064,38.2,POS,FL,2024-02-01 22:00:00,0
TXN0003065,22.01,Transfer,TX,2024-02-01 22:15:00,0
TXN0003066,35.56,Online,TX,2024-02-01 22:30:00,0
TXN0003067,43.03,POS,IL,2024-02-01 22:45:00,0
TXN0003068,82.73,Transfer,FL,2024-02-01 23:00:00,0
TXN0003069,33.89,POS,IL,2024-02-01 23:15:00,0
TXN0003070,23.89,POS,TX,2024-02-01 23:30:00,0
TXN0003071,24.82,Transfer,IL,2024-02-01 23:45:00,0
TXN0003072,101.73,ATM,TX,2024-02-02 00:00:00,0
TXN0003073,53.54,Online,NY,2024-02-02 00:15:00,0
TXN0003074,6.03,POS,WA,2024-02-02 00:30:00,0
TXN0003075,9.37,POS,IL,2024-02-02 00:45:00,0
TXN0003076,29.87,Online,WA,2024-02-02 01:00:00,0
TXN0003077,9.51,Transfer,IL,2024-02-02 01:15:00,0
TXN0003078,12.78,Transfer,NY,2024-02-02 01:30:00,0
TXN0003079,6.38,POS,TX,2024-02-02 01:45:00,0
TXN0003080,14.67,ATM,NY,2024-02-02 02:00:00,0
TXN0003081,33.39,ATM,NY,2024-02-02 02:15:00,0
TXN0003082,66.3,POS,IL,2024-02-02 02:30:00,0
TXN0003083,20.31,POS,FL,2024-02-02 02:45:00,0
TXN0003084,242.21,Online,WA,2024-02-02 03:00:00,0
TXN0003085,18.33,Transfer,TX,2024-02-02 03:15:00,0
TXN0003086,927.14,Online,TX,2024-02-02 03:30:00,0
TXN0003087,66.82,ATM,FL,2024-02-02 03:45:00,0
TXN0003088,36.45,Online,CA,2024-02-02 04:00:00,0
TXN0003089,11.04,POS,IL,2024-02-02 04:15:00,0
TXN0003090,0.68,ATM,FL,2024-02-02 04:30:00,0
TXN0003091,16.67,ATM,TX,2024-02-02 04:45:00,0
TXN0003092,24.87,Online,IL,2024-02-02 05:00:00,0
TXN0003093,201.73,ATM,CA,2024-02-02 05:15:00,0
TXN0003094,3.84,POS,FL,2024-02-02 05:30:00,0
TXN0003095,197.76,POS,IL,2024-02-02 05:45:00,0
TXN0003096,14.86,ATM,CA,2024-02-02 06:00:00,0
TXN0003097,47.89,POS,FL,2024-02-02 06:15:00,0
TXN0003098,0.95,Online,IL,2024-02-02 06:30:00,0
TXN0003099,23.73,POS,CA,2024-02-02 06:45:00,0
TXN0003100,13.3,POS,FL,2024-02-02 07:00:00,0
TXN0003101,45.55,POS,CA,2024-02-02 07:15:00,0
TXN0003102,22.41,ATM,FL,2024-02-02 07:30:00,0
TXN0003103,5.1,Online,IL,2024-02-02 07:45:00,0
TXN0003104,62.58,Online,CA,2024-02-02 08:00:00,0
TXN0003105,46.23,Online,NY,2024-02-02 08:15:00,0
TXN0003106,41.1,Transfer,CA,2024-02-02 08:30:00,0
TXN0003107,67.4,Online,WA,2024-02-02 08:45:00,0
TXN0003108,75.28,Transfer,NY,2024-02-02 09:00:00,0
TXN0003109,19.57,ATM,FL,2024-02-02 09:15:00,0
TXN0003110,3.94,Online,IL,2024-02-02 09:30:00,0
TXN0003111,3.81,Transfer,IL,2024-02-02 09:45:00,0
TXN0003112,101.46,POS,FL,2024-02-02 10:00:00,0
TXN0003113,47.11,Online,FL,2024-02-02 10:15:00,0
TXN0003114,22.7,Online,TX,2024-02-02 10:30:00,0
TXN0003115,11.92,Online,TX,2024-02-02 10:45:00,0
TXN0003116,20.86,ATM,NY,2024-02-02 11:00:00,0
TXN0003117,20.69,ATM,NY,2024-02-02 11:15:00,0
TXN0003118,13.41,ATM,TX,2024-02-02 11:30:00,0
TXN0003119,8.68,Transfer,CA,2024-02-02 11:45:00,0
TXN0003120,269.66,POS,NY,2024-02-02 12:00:00,0
TXN0003121,26.42,Transfer,FL,2024-02-02 12:15:00,0
TXN0003122,9.71,ATM,FL,2024-02-02 12:30:00,0
TXN0003123,4.21,Online,TX,2024-02-02 12:45:00,0
TXN0003124,8.41,ATM,TX,2024-02-02 13:00:00,0
TXN0003125,47.64,POS,FL,2024-02-02 13:15:00,0
TXN0003126,49.9,Transfer,CA,2024-02-02 13:30:00,0
TXN0003127,15.46,ATM,TX,2024-02-02 13:45:00,0
TXN0003128,21.37,Online,NY,2024-02-02 14:00:00,0
TXN0003129,13.93,Transfer,NY,2024-02-02 14:15:00,0
TXN0003130,5.32,ATM,NY,2024-02-02 14:30:00,0
TXN0003131,95.78,Transfer,TX,2024-02-02 14:45:00,0
TXN0003132,31.41,Online,WA,2024-02-02 15:00:00,0
TXN0003133,392.14,POS,WA,2024-02-02 15:15:00,0
TXN0003134,8.11,Online,WA,2024-02-02 15:30:00,0
TXN0003135,17.03,ATM,TX,2024-02-02 15:45:00,0
TXN0003136,57.95,ATM,FL,2024-02-02 16:00:00,0
TXN0003137,14.97,ATM,CA,2024-02-02 16:15:00,0
TXN0003138,3.8,Online,NY,2024-02-02 16:30:00,0
TXN0003139,6.43,Online,TX,2024-02-02 16:45:00,0
TXN0003140,22.67,Online,CA,2024-02-02 17:00:00,0
TXN0003141,30.33,Transfer,WA,2024-02-02 17:15:00,0
TXN0003142,17.93,ATM,WA,2024-02-02 17:30:00,0
TXN0003143,66.97,Online,NY,2024-02-02 17:45:00,0
TXN0003144,66.11,POS,IL,2024-02-02 18:00:00,0
TXN0003145,29.59,ATM,TX,2024-02-02 18:15:00,0
TXN0003146,20.74,Online,NY,2024-02-02 18:30:00,0
TXN0003147,14.83,POS,FL,2024-02-02 18:45:00,1
TXN0003148,38.91,Online,IL,2024-02-02 19:00:00,0
TXN0003149,60.55,Transfer,WA,2024-02-02 19:15:00,0
TXN0003150,21.6,ATM,TX,2024-02-02 19:30:00,0
TXN0003151,34.47,Transfer,IL,2024-02-02 19:45:00,0
TXN0003152,13.61,Transfer,NY,2024-02-02 20:00:00,0
TXN0003153,3.69,Online,NY,2024-02-02 20:15:00,0
TXN0003154,6.04,Online,CA,2024-02-02 20:30:00,0
TXN0003155,50.35,ATM,NY,2024-02-02 20:45:00,0
TXN0003156,34.34,Transfer,TX,2024-02-02 21:00:00,0
TXN0003157,135.4,Transfer,NY,2024-02-02 21:15:00,0
TXN0003158,21.48,Transfer,CA,2024-02-02 21:30:00,0
TXN0003159,56.7,ATM,TX,2024-02-02 21:45:00,0
TXN0003160,98.26,ATM,FL,2024-02-02 22:00:00,0
TXN0003161,66.24,POS,IL,2024-02-02 22:15:00,0
TXN0003162,9.68,Online,IL,2024-02-02 22:30:00,0
TXN0003163,16.1,Online,IL,2024-02-02 22:45:00,0
TXN0003164,23.47,ATM,FL,2024-02-02 23:00:00,0
TXN0003165,6.15,Online,FL,2024-02-02 23:15:00,0
TXN0003166,35.49,POS,FL,2024-02-02 23:30:00,0
TXN0003167,68.63,ATM,TX,2024-02-02 23:45:00,0
TXN0003168,11.28,POS,FL,2024-02-03 00:00:00,0
TXN0003169,214.23,Transfer,FL,2024-02-03 00:15:00,0
TXN0003170,14.17,POS,WA,2024-02-03 00:30:00,0
TXN0003171,15.74,Transfer,NY,2024-02-03 00:45:00,0
TXN0003172,15.09,Transfer,TX,2024-02-03 01:00:00,0
TXN0003173,8.59,Transfer,NY,2024-02-03 01:15:00,0
TXN0003174,33.16,ATM,WA,2024-02-03 01:30:00,0
TXN0003175,20.57,ATM,NY,2024-02-03 01:45:00,0
TXN0003176,147.47,Online,TX,2024-02-03 02:00:00,0
TXN0003177,41.63,Transfer,NY,2024-02-03 02:15:00,0
TXN0003178,38.29,ATM,WA,2024-02-03 02:30:00,0
TXN0003179,15.4,ATM,IL,2024-02-03 02:45:00,0
TXN0003180,3.68,Transfer,IL,2024-02-03 03:00:00,0
TXN0003181,18.04,ATM,CA,2024-02-03 03:15:00,0
TXN0003182,7.24,Online,CA,2024-02-03 03:30:00,0
TXN0003183,62.94,Transfer,IL,2024-02-03 03:45:00,0
TXN0003184,19.37,Online,IL,2024-02-03 04:00:00,0
TXN0003185,148.25,Transfer,FL,2024-02-03 04:15:00,0
TXN0003186,48.54,POS,FL,2024-02-03 04:30:00,0
TXN0003187,54.74,Transfer,NY,2024-02-03 04:45:00,0
TXN0003188,26.49,Online,CA,2024-02-03 05:00:00,0
TXN0003189,25.8,POS,NY,2024-02-03 05:15:00,0
TXN0003190,43.99,ATM,TX,2024-02-03 05:30:00,0
TXN0003191,60.78,ATM,NY,2024-02-03 05:45:00,0
TXN0003192,8.56,ATM,IL,2024-02-03 06:00:00,0
TXN0003193,36.26,Online,WA,2024-02-03 06:15:00,1
TXN0003194,466.52,POS,CA,2024-02-03 06:30:00,0
TXN0003195,18.04,Transfer,TX,2024-02-03 06:45:00,0
TXN0003196,14.78,Transfer,TX,2024-02-03 07:00:00,0
TXN0003197,8.75,POS,CA,2024-02-03 07:15:00,0
TXN0003198,3.53,ATM,TX,2024-02-03 07:30:00,0
TXN0003199,83.65,ATM,IL,2024-02-03 07:45:00,0
TXN0003200,21.61,ATM,IL,2024-02-03 08:00:00,0
TXN0003201,28.78,Online,TX,2024-02-03 08:15:00,0
TXN0003202,183.79,ATM,NY,2024-02-03 08:30:00,0
TXN0003203,407.9,POS,IL,2024-02-03 08:45:00,0
TXN0003204,6.92,Online,IL,2024-02-03 09:00:00,0
TXN0003205,71.2,Online,CA,2024-02-03 09:15:00,0
TXN0003206,42.46,ATM,NY,2024-02-03 09:30:00,0
TXN0003207,32.44,POS,TX,2024-02-03 09:45:00,0
TXN0003208,35.73,Online,IL,2024-02-03 10:00:00,0
TXN0003209,19.57,ATM,WA,2024-02-03 10:15:00,0
TXN0003210,135.58,ATM,NY,2024-02-03 10:30:00,0
TXN0003211,42.1,ATM,CA,2024-02-03 10:45:00,0
TXN0003212,30.46,Online,FL,2024-02-03 11:00:00,0
TXN0003213,89.95,Online,CA,2024-02-03 11:15:00,0
TXN0003214,59.08,ATM,WA,2024-02-03 11:30:00,0
TXN0003215,35.0,ATM,NY,2024-02-03 11:45:00,0
TXN0003216,29.83,Transfer,CA,2024-02-03 12:00:00,0
TXN0003217,165.69,Online,NY,2024-02-03 12:15:00,1
TXN0003218,37.14,Transfer,TX,2024-02-03 12:30:00,0
TXN0003219,18.09,POS,WA,2024-02-03 12:45:00,0
TXN0003220,7.21,POS,TX,2024-02-03 13:00:00,0
TXN0003221,13.34,Transfer,FL,2024-02-03 13:15:00,0
TXN0003222,5.72,POS,WA,2024-02-03 13:30:00,0
TXN0003223,22.93,ATM,NY,2024-02-03 13:45:00,0
TXN0003224,27.43,POS,FL,2024-02-03 14:00:00,0
TXN0003225,1.72,POS,CA,2024-02-03 14:15:00,0
TXN0003226,20.6,POS,WA,2024-02-03 14:30:00,0
TXN0003227,43.92,ATM,TX,2024-02-03 14:45:00,0
TXN0003228,24.61,Online,WA,2024-02-03 15:00:00,0
TXN0003229,6.41,ATM,TX,2024-02-03 15:15:00,0
TXN0003230,92.36,Online,NY,2024-02-03 15:30:00,0
TXN0003231,8.74,POS,IL,2024-02-03 15:45:00,0
TXN0003232,4.61,Online,FL,2024-02-03 16:00:00,0
TXN0003233,5.51,POS,NY,2024-02-03 16:15:00,0
TXN0003234,19.8,Online,FL,2024-02-03 16:30:00,0
TXN0003235,65.53,ATM,CA,2024-02-03 16:45:00,0
TXN0003236,81.58,POS,NY,2024-02-03 17:00:00,0
TXN0003237,25.91,ATM,TX,2024-02-03 17:15:00,0
TXN0003238,4.81,Online,TX,2024-02-03 17:30:00,0
TXN0003239,9.16,ATM,NY,2024-02-03 17:45:00,0
TXN0003240,6.86,POS,FL,2024-02-03 18:00:00,0
TXN0003241,16.25,Online,CA,2024-02-03 18:15:00,0
TXN0003242,2.39,POS,FL,2024-02-03 18:30:00,0
TXN0003243,23.0,Transfer,CA,2024-02-03 18:45:00,0
TXN0003244,43.63,Transfer,FL,2024-02-03 19:00:00,0
TXN0003245,16.82,Transfer,NY,2024-02-03 19:15:00,0
TXN0003246,34.94,POS,CA,2024-02-03 19:30:00,0
TXN0003247,6.52,Online,NY,2024-02-03 19:45:00,0
TXN0003248,3.51,Online,IL,2024-02-03 20:00:00,0
TXN0003249,9.36,Transfer,NY,2024-02-03 20:15:00,0
TXN0003250,80.61,ATM,IL,2024-02-03 20:30:00,0
TXN0003251,69.21,POS,NY,2024-02-03 20:45:00,0
TXN0003252,11.62,Online,WA,2024-02-03 21:00:00,0
TXN0003253,85.25,Transfer,TX,2024-02-03 21:15:00,0
TXN0003254,13.61,ATM,TX,2024-02-03 21:30:00,0
TXN0003255,123.37,ATM,CA,2024-02-03 21:45:00,0
TXN0003256,35.87,POS,WA,2024-02-03 22:00:00,0
TXN0003257,11.69,ATM,IL,2024-02-03 22:15:00,0
TXN0003258,52.2,Transfer,TX,2024-02-03 22:30:00,0
TXN0003259,7.93,ATM,FL,2024-02-03 22:45:00,0
TXN0003260,6.54,Transfer,TX,2024-02-03 23:00:00,0
TXN0003261,3.52,ATM,IL,2024-02-03 23:15:00,0
TXN0003262,27.39,Online,NY,2024-02-03 23:30:00,0
TXN0003263,18.84,ATM,IL,2024-02-03 23:45:00,0
TXN0003264,18.31,POS,WA,2024-02-04 00:00:00,0
TXN0003265,12.28,ATM,WA,2024-02-04 00:15:00,0
TXN0003266,112.78,Transfer,FL,2024-02-04 00:30:00,0
TXN0003267,12.08,POS,CA,2024-02-04 00:45:00,0
TXN0003268,8.43,Transfer,CA,2024-02-04 01:00:00,0
TXN0003269,89.6,ATM,CA,2024-02-04 01:15:00,0
TXN0003270,110.56,ATM,NY,2024-02-04 01:30:00,0
TXN0003271,30.16,Online,IL,2024-02-04 01:45:00,0
TXN0003272,2.49,ATM,WA,2024-02-04 02:00:00,0
TXN0003273,9.78,ATM,TX,2024-02-04 02:15:00,0
TXN0003274,41.91,POS,CA,2024-02-04 02:30:00,0
TXN0003275,20.52,POS,NY,2024-02-04 02:45:00,0
TXN0003276,129.66,ATM,FL,2024-02-04 03:00:00,0
TXN0003277,3.9,Online,NY,2024-02-04 03:15:00,0
TXN0003278,45.33,POS,IL,2024-02-04 03:30:00,0
TXN0003279,9.46,Transfer,CA,2024-02-04 03:45:00,0
TXN0003280,98.26,Transfer,NY,2024-02-04 04:00:00,0
TXN0003281,18.35,ATM,IL,2024-02-04 04:15:00,0
TXN0003282,69.18,ATM,NY,2024-02-04 04:30:00,0
TXN0003283,9.23,POS,IL,2024-02-04 04:45:00,0
TXN0003284,3.7,Transfer,TX,2024-02-04 05:00:00,0
TXN0003285,5.3,ATM,IL,2024-02-04 05:15:00,0
TXN0003286,9.7,POS,WA,2024-02-04 05:30:00,0
TXN0003287,5.87,Transfer,NY,2024-02-04 05:45:00,0
TXN0003288,84.82,Online,IL,2024-02-04 06:00:00,0
TXN0003289,100.15,Online,FL,2024-02-04 06:15:00,1
TXN0003290,27.87,POS,WA,2024-02-04 06:30:00,0
TXN0003291,5.81,ATM,NY,2024-02-04 06:45:00,0
TXN0003292,17.43,Online,WA,2024-02-04 07:00:00,0
TXN0003293,8.82,Transfer,WA,2024-02-04 07:15:00,0
TXN0003294,115.0,Transfer,FL,2024-02-04 07:30:00,0
TXN0003295,29.35,Online,IL,2024-02-04 07:45:00,0
TXN0003296,36.14,Online,IL,2024-02-04 08:00:00,0
TXN0003297,12.43,Online,IL,2024-02-04 08:15:00,0
TXN0003298,1.8,Transfer,NY,2024-02-04 08:30:00,0
TXN0003299,7.96,POS,NY,2024-02-04 08:45:00,0
TXN0003300,5.26,POS,IL,2024-02-04 09:00:00,0
TXN0003301,31.32,Transfer,TX,2024-02-04 09:15:00,0
TXN0003302,22.55,Transfer,WA,2024-02-04 09:30:00,0
TXN0003303,7.68,Online,TX,2024-02-04 09:45:00,0
TXN0003304,12.6,ATM,WA,2024-02-04 10:00:00,0
TXN0003305,131.6,ATM,NY,2024-02-04 10:15:00,0
TXN0003306,6.35,POS,NY,2024-02-04 10:30:00,0
TXN0003307,6.68,Online,TX,2024-02-04 10:45:00,0
TXN0003308,15.27,ATM,IL,2024-02-04 11:00:00,0
TXN0003309,8.68,Online,IL,2024-02-04 11:15:00,0
TXN0003310,12.01,Transfer,CA,2024-02-04 11:30:00,0
TXN0003311,38.01,Online,TX,2024-02-04 11:45:00,0
TXN0003312,160.56,Online,IL,2024-02-04 12:00:00,0
TXN0003313,2.37,POS,WA,2024-02-04 12:15:00,0
TXN0003314,19.65,POS,TX,2024-02-04 12:30:00,0
TXN0003315,21.11,POS,FL,2024-02-04 12:45:00,0
TXN0003316,18.16,Transfer,IL,2024-02-04 13:00:00,0
TXN0003317,16.05,POS,FL,2024-02-04 13:15:00,0
TXN0003318,13.35,Online,CA,2024-02-04 13:30:00,0
TXN0003319,67.02,Transfer,CA,2024-02-04 13:45:00,0
TXN0003320,11.49,ATM,IL,2024-02-04 14:00:00,0
TXN0003321,17.24,POS,IL,2024-02-04 14:15:00,0
TXN0003322,20.08,ATM,NY,2024-02-04 14:30:00,0
TXN0003323,22.85,POS,FL,2024-02-04 14:45:00,0
TXN0003324,16.36,ATM,IL,2024-02-04 15:00:00,0
TXN0003325,66.63,ATM,FL,2024-02-04 15:15:00,0
TXN0003326,19.88,POS,FL,2024-02-04 15:30:00,0
TXN0003327,24.75,POS,WA,2024-02-04 15:45:00,0
TXN0003328,18.88,Online,TX,2024-02-04 16:00:00,0
TXN0003329,6.03,ATM,FL,2024-02-04 16:15:00,0
TXN0003330,7.42,Transfer,TX,2024-02-04 16:30:00,0
TXN0003331,5.7,ATM,WA,2024-02-04 16:45:00,0
TXN0003332,25.31,ATM,NY,2024-02-04 17:00:00,0
TXN0003333,8.53,POS,NY,2024-02-04 17:15:00,0
TXN0003334,5.62,ATM,FL,2024-02-04 17:30:00,0
TXN0003335,26.73,Transfer,CA,2024-02-04 17:45:00,0
TXN0003336,37.71,Online,WA,2024-02-04 18:00:00,0
TXN0003337,2.43,Transfer,FL,2024-02-04 18:15:00,0
TXN0003338,152.57,ATM,NY,2024-02-04 18:30:00,0
TXN0003339,20.88,ATM,IL,2024-02-04 18:45:00,0
TXN0003340,17.7,Transfer,WA,2024-02-04 19:00:00,0
TXN0003341,72.25,Transfer,WA,2024-02-04 19:15:00,0
TXN0003342,21.84,Transfer,CA,2024-02-04 19:30:00,0
TXN0003343,9.73,Online,IL,2024-02-04 19:45:00,0
TXN0003344,279.64,Online,CA,2024-02-04 20:00:00,0
TXN0003345,5.53,Transfer,NY,2024-02-04 20:15:00,0
TXN0003346,17.87,Transfer,IL,2024-02-04 20:30:00,0
TXN0003347,55.51,Transfer,WA,2024-02-04 20:45:00,0
TXN0003348,5.56,Online,FL,2024-02-04 21:00:00,0
TXN0003349,17.77,ATM,WA,2024-02-04 21:15:00,0
TXN0003350,31.94,Online,WA,2024-02-04 21:30:00,0
TXN0003351,358.52,Online,FL,2024-02-04 21:45:00,0
TXN0003352,6.88,POS,NY,2024-02-04 22:00:00,0
TXN0003353,18.97,ATM,FL,2024-02-04 22:15:00,0
TXN0003354,44.28,ATM,IL,2024-02-04 22:30:00,0
TXN0003355,22.14,ATM,TX,2024-02-04 22:45:00,0
TXN0003356,4.74,Transfer,CA,2024-02-04 23:00:00,0
TXN0003357,32.78,ATM,CA,2024-02-04 23:15:00,0
TXN0003358,22.85,POS,IL,2024-02-04 23:30:00,0
TXN0003359,34.29,ATM,FL,2024-02-04 23:45:00,0
TXN0003360,78.08,Online,IL,2024-02-05 00:00:00,0
TXN0003361,67.75,POS,WA,2024-02-05 00:15:00,0
TXN0003362,32.76,Online,IL,2024-02-05 00:30:00,0
TXN0003363,29.16,ATM,TX,2024-02-05 00:45:00,0
TXN0003364,5.38,ATM,TX,2024-02-05 01:00:00,0
TXN0003365,17.1,Transfer,IL,2024-02-05 01:15:00,0
TXN0003366,26.16,Transfer,CA,2024-02-05 01:30:00,0
TXN0003367,12.41,Transfer,NY,2024-02-05 01:45:00,0
TXN0003368,22.58,Transfer,WA,2024-02-05 02:00:00,1
TXN0003369,7.46,Online,NY,2024-02-05 02:15:00,0
TXN0003370,126.62,Online,IL,2024-02-05 02:30:00,0
TXN0003371,265.73,Transfer,NY,2024-02-05 02:45:00,0
TXN0003372,12.59,Transfer,FL,2024-02-05 03:00:00,0
TXN0003373,32.47,ATM,FL,2024-02-05 03:15:00,0
TXN0003374,15.17,Transfer,IL,2024-02-05 03:30:00,0
TXN0003375,91.42,POS,CA,2024-02-05 03:45:00,0
TXN0003376,33.85,Transfer,IL,2024-02-05 04:00:00,0
TXN0003377,22.04,Transfer,CA,2024-02-05 04:15:00,0
TXN0003378,15.36,Transfer,WA,2024-02-05 04:30:00,0
TXN0003379,23.37,Online,TX,2024-02-05 04:45:00,0
TXN0003380,6.05,Transfer,FL,2024-02-05 05:00:00,0
TXN0003381,45.18,Online,TX,2024-02-05 05:15:00,0
TXN0003382,8.53,ATM,NY,2024-02-05 05:30:00,0
TXN0003383,38.16,Transfer,FL,2024-02-05 05:45:00,0
TXN0003384,23.47,POS,FL,2024-02-05 06:00:00,0
TXN0003385,74.73,Transfer,TX,2024-02-05 06:15:00,0
TXN0003386,19.68,POS,FL,2024-02-05 06:30:00,0
TXN0003387,68.56,POS,NY,2024-02-05 06:45:00,0
TXN0003388,6.64,Transfer,WA,2024-02-05 07:00:00,0
TXN0003389,41.73,ATM,IL,2024-02-05 07:15:00,0
TXN0003390,15.35,POS,IL,2024-02-05 07:30:00,0
TXN0003391,25.36,POS,NY,2024-02-05 07:45:00,0
TXN0003392,21.89,ATM,CA,2024-02-05 08:00:00,0
TXN0003393,61.78,ATM,WA,2024-02-05 08:15:00,0
TXN0003394,1.78,ATM,IL,2024-02-05 08:30:00,0
TXN0003395,29.6,Transfer,TX,2024-02-05 08:45:00,0
TXN0003396,3.34,Transfer,TX,2024-02-05 09:00:00,0
TXN0003397,85.47,Transfer,IL,2024-02-05 09:15:00,0
TXN0003398,1.88,Transfer,NY,2024-02-05 09:30:00,0
TXN0003399,6.02,ATM,FL,2024-02-05 09:45:00,1
TXN0003400,2.69,POS,CA,2024-02-05 10:00:00,0
TXN0003401,143.61,ATM,NY,2024-02-05 10:15:00,0
TXN0003402,4.28,Online,NY,2024-02-05 10:30:00,0
TXN0003403,23.03,POS,FL,2024-02-05 10:45:00,0
TXN0003404,10.56,Online,CA,2024-02-05 11:00:00,0
TXN0003405,2.32,POS,IL,2024-02-05 11:15:00,0
TXN0003406,13.4,Transfer,TX,2024-02-05 11:30:00,0
TXN0003407,44.49,Online,FL,2024-02-05 11:45:00,0
TXN0003408,16.1,ATM,CA,2024-02-05 12:00:00,0
TXN0003409,62.13,Online,WA,2024-02-05 12:15:00,0
TXN0003410,13.01,Transfer,WA,2024-02-05 12:30:00,0
TXN0003411,20.25,Online,WA,2024-02-05 12:45:00,0
TXN0003412,12.66,Transfer,TX,2024-02-05 13:00:00,0
TXN0003413,30.33,ATM,WA,2024-02-05 13:15:00,0
TXN0003414,196.11,POS,CA,2024-02-05 13:30:00,1
TXN0003415,31.02,ATM,CA,2024-02-05 13:45:00,0
TXN0003416,25.36,POS,NY,2024-02-05 14:00:00,0
TXN0003417,9.56,Online,FL,2024-02-05 14:15:00,0
TXN0003418,8.11,POS,IL,2024-02-05 14:30:00,0
TXN0003419,116.38,POS,WA,2024-02-05 14:45:00,0
TXN0003420,5.29,POS,CA,2024-02-05 15:00:00,0
TXN0003421,6.71,ATM,IL,2024-02-05 15:15:00,0
TXN0003422,17.87,Online,NY,2024-02-05 15:30:00,0
TXN0003423,12.04,Transfer,TX,2024-02-05 15:45:00,0
TXN0003424,210.07,Online,FL,2024-02-05 16:00:00,0
TXN0003425,1.17,ATM,IL,2024-02-05 16:15:00,0
TXN0003426,30.99,POS,IL,2024-02-05 16:30:00,0
TXN0003427,47.24,ATM,TX,2024-02-05 16:45:00,0
TXN0003428,5.24,ATM,TX,2024-02-05 17:00:00,0
TXN0003429,9.27,Online,IL,2024-02-05 17:15:00,0
TXN0003430,33.76,ATM,FL,2024-02-05 17:30:00,0
TXN0003431,141.94,POS,IL,2024-02-05 17:45:00,0
TXN0003432,6.66,Transfer,FL,2024-02-05 18:00:00,0
TXN0003433,3.02,Transfer,IL,2024-02-05 18:15:00,0
TXN0003434,64.52,POS,TX,2024-02-05 18:30:00,0
TXN0003435,125.02,Online,CA,2024-02-05 18:45:00,0
TXN0003436,13.44,ATM,IL,2024-02-05 19:00:00,0
TXN0003437,1.41,Online,TX,2024-02-05 19:15:00,1
TXN0003438,114.69,Online,WA,2024-02-05 19:30:00,0
TXN0003439,15.83,Transfer,FL,2024-02-05 19:45:00,0
TXN0003440,77.38,ATM,IL,2024-02-05 20:00:00,1
TXN0003441,19.06,Transfer,WA,2024-02-05 20:15:00,0
TXN0003442,12.8,Transfer,WA,2024-02-05 20:30:00,0
TXN0003443,11.68,Transfer,IL,2024-02-05 20:45:00,0
TXN0003444,117.7,POS,FL,2024-02-05 21:00:00,0
TXN0003445,112.32,POS,WA,2024-02-05 21:15:00,0
TXN0003446,1.54,Online,TX,2024-02-05 21:30:00,1
TXN0003447,6.53,Online,NY,2024-02-05 21:45:00,0
TXN0003448,169.44,Transfer,FL,2024-02-05 22:00:00,0
TXN0003449,12.93,Transfer,WA,2024-02-05 22:15:00,0
TXN0003450,3.93,ATM,NY,2024-02-05 22:30:00,0
TXN0003451,20.19,Transfer,NY,2024-02-05 22:45:00,0
TXN0003452,17.64,ATM,IL,2024-02-05 23:00:00,0
TXN0003453,17.87,ATM,FL,2024-02-05 23:15:00,0
TXN0003454,11.3,Transfer,CA,2024-02-05 23:30:00,0
TXN0003455,13.84,POS,IL,2024-02-05 23:45:00,0
TXN0003456,11.62,Transfer,TX,2024-02-06 00:00:00,0
TXN0003457,29.98,Online,IL,2024-02-06 00:15:00,0
TXN0003458,7.57,Online,CA,2024-02-06 00:30:00,0
TXN0003459,14.19,POS,WA,2024-02-06 00:45:00,0
TXN0003460,16.9,POS,TX,2024-02-06 01:00:00,0
TXN0003461,96.24,ATM,TX,2024-02-06 01:15:00,0
TXN0003462,31.44,POS,IL,2024-02-06 01:30:00,0
TXN0003463,17.61,Transfer,NY,2024-02-06 01:45:00,0
TXN0003464,38.22,Transfer,WA,2024-02-06 02:00:00,0
TXN0003465,32.7,Online,TX,2024-02-06 02:15:00,0
TXN0003466,74.1,POS,CA,2024-02-06 02:30:00,0
TXN0003467,36.89,POS,FL,2024-02-06 02:45:00,0
TXN0003468,172.9,Online,WA,2024-02-06 03:00:00,0
TXN0003469,100.84,Online,NY,2024-02-06 03:15:00,0
TXN0003470,19.12,Online,NY,2024-02-06 03:30:00,0
TXN0003471,12.21,ATM,WA,2024-02-06 03:45:00,0
TXN0003472,57.92,ATM,WA,2024-02-06 04:00:00,0
TXN0003473,37.34,POS,WA,2024-02-06 04:15:00,0
TXN0003474,17.93,Transfer,FL,2024-02-06 04:30:00,0
TXN0003475,3.41,POS,TX,2024-02-06 04:45:00,0
TXN0003476,2.23,Transfer,NY,2024-02-06 05:00:00,0
TXN0003477,30.51,POS,TX,2024-02-06 05:15:00,0
TXN0003478,50.65,POS,TX,2024-02-06 05:30:00,0
TXN0003479,52.67,Online,FL,2024-02-06 05:45:00,0
TXN0003480,4.29,Transfer,NY,2024-02-06 06:00:00,0
TXN0003481,69.74,Transfer,FL,2024-02-06 06:15:00,0
TXN0003482,10.58,ATM,IL,2024-02-06 06:30:00,0
TXN0003483,32.01,Transfer,WA,2024-02-06 06:45:00,0
TXN0003484,33.12,ATM,NY,2024-02-06 07:00:00,0
TXN0003485,7.67,ATM,FL,2024-02-06 07:15:00,0
TXN0003486,9.88,Transfer,IL,2024-02-06 07:30:00,0
TXN0003487,1.67,Transfer,NY,2024-02-06 07:45:00,0
TXN0003488,6.69,ATM,TX,2024-02-06 08:00:00,0
TXN0003489,2.31,POS,CA,2024-02-06 08:15:00,0
TXN0003490,33.95,ATM,CA,2024-02-06 08:30:00,0
TXN0003491,21.62,POS,CA,2024-02-06 08:45:00,0
TXN0003492,60.15,ATM,TX,2024-02-06 09:00:00,0
TXN0003493,30.81,POS,TX,2024-02-06 09:15:00,0
TXN0003494,9.38,Transfer,TX,2024-02-06 09:30:00,0
TXN0003495,30.43,Online,FL,2024-02-06 09:45:00,0
TXN0003496,12.57,ATM,WA,2024-02-06 10:00:00,0
TXN0003497,41.72,POS,TX,2024-02-06 10:15:00,0
TXN0003498,29.33,ATM,IL,2024-02-06 10:30:00,0
TXN0003499,6.13,POS,CA,2024-02-06 10:45:00,0
TXN0003500,20.14,ATM,CA,2024-02-06 11:00:00,0
TXN0003501,21.46,ATM,FL,2024-02-06 11:15:00,0
TXN0003502,13.88,Transfer,WA,2024-02-06 11:30:00,0
TXN0003503,58.79,POS,NY,2024-02-06 11:45:00,0
TXN0003504,156.91,Transfer,IL,2024-02-06 12:00:00,0
TXN0003505,12.92,POS,FL,2024-02-06 12:15:00,0
TXN0003506,13.19,Transfer,TX,2024-02-06 12:30:00,0
TXN0003507,1.35,Transfer,CA,2024-02-06 12:45:00,0
TXN0003508,17.21,POS,WA,2024-02-06 13:00:00,0
TXN0003509,11.9,POS,WA,2024-02-06 13:15:00,0
TXN0003510,1.5,Transfer,CA,2024-02-06 13:30:00,0
TXN0003511,28.39,ATM,WA,2024-02-06 13:45:00,0
TXN0003512,40.82,ATM,NY,2024-02-06 14:00:00,0
TXN0003513,8.32,POS,TX,2024-02-06 14:15:00,0
TXN0003514,12.84,POS,CA,2024-02-06 14:30:00,0
TXN0003515,6.3,Online,CA,2024-02-06 14:45:00,0
TXN0003516,50.15,Online,IL,2024-02-06 15:00:00,0
TXN0003517,3.25,POS,IL,2024-02-06 15:15:00,0
TXN0003518,13.79,Transfer,WA,2024-02-06 15:30:00,0
TXN0003519,208.78,ATM,WA,2024-02-06 15:45:00,0
TXN0003520,21.37,Online,NY,2024-02-06 16:00:00,0
TXN0003521,35.22,Transfer,IL,2024-02-06 16:15:00,0
TXN0003522,16.84,Online,TX,2024-02-06 16:30:00,0
TXN0003523,4.91,POS,WA,2024-02-06 16:45:00,0
TXN0003524,19.31,ATM,FL,2024-02-06 17:00:00,0
TXN0003525,32.71,Online,FL,2024-02-06 17:15:00,0
TXN0003526,5.89,Online,NY,2024-02-06 17:30:00,0
TXN0003527,30.26,Online,WA,2024-02-06 17:45:00,0
TXN0003528,89.47,Online,IL,2024-02-06 18:00:00,0
TXN0003529,72.5,Transfer,WA,2024-02-06 18:15:00,0
TXN0003530,3.01,POS,TX,2024-02-06 18:30:00,0
TXN0003531,6.23,ATM,TX,2024-02-06 18:45:00,0
TXN0003532,2.9,Transfer,IL,2024-02-06 19:00:00,0
TXN0003533,72.63,Transfer,NY,2024-02-06 19:15:00,0
TXN0003534,41.78,POS,IL,2024-02-06 19:30:00,0
TXN0003535,46.7,Transfer,CA,2024-02-06 19:45:00,0
TXN0003536,7.0,POS,NY,2024-02-06 20:00:00,0
TXN0003537,4.95,ATM,TX,2024-02-06 20:15:00,0
TXN0003538,22.03,ATM,IL,2024-02-06 20:30:00,0
TXN0003539,22.67,Online,IL,2024-02-06 20:45:00,0
TXN0003540,7.21,POS,NY,2024-02-06 21:00:00,0
TXN0003541,23.82,POS,IL,2024-02-06 21:15:00,0
TXN0003542,43.53,POS,FL,2024-02-06 21:30:00,0
TXN0003543,26.41,Online,TX,2024-02-06 21:45:00,0
TXN0003544,5.77,POS,CA,2024-02-06 22:00:00,0
TXN0003545,1.59,ATM,TX,2024-02-06 22:15:00,0
TXN0003546,14.72,ATM,CA,2024-02-06 22:30:00,0
TXN0003547,24.46,Transfer,TX,2024-02-06 22:45:00,0
TXN0003548,14.7,Transfer,TX,2024-02-06 23:00:00,0
TXN0003549,12.01,POS,WA,2024-02-06 23:15:00,0
TXN0003550,8.76,Online,CA,2024-02-06 23:30:00,0
TXN0003551,47.41,POS,CA,2024-02-06 23:45:00,0
TXN0003552,18.86,Online,TX,2024-02-07 00:00:00,0
TXN0003553,23.29,POS,IL,2024-02-07 00:15:00,0
TXN0003554,6.26,ATM,NY,2024-02-07 00:30:00,0
TXN0003555,9.54,Transfer,FL,2024-02-07 00:45:00,0
TXN0003556,24.45,Transfer,FL,2024-02-07 01:00:00,0
TXN0003557,6.01,Transfer,NY,2024-02-07 01:15:00,0
TXN0003558,4.43,Online,CA,2024-02-07 01:30:00,0
TXN0003559,13.53,ATM,IL,2024-02-07 01:45:00,0
TXN0003560,84.87,POS,IL,2024-02-07 02:00:00,0
TXN0003561,25.26,POS,NY,2024-02-07 02:15:00,0
TXN0003562,115.76,Online,NY,2024-02-07 02:30:00,0
TXN0003563,17.15,Online,TX,2024-02-07 02:45:00,0
TXN0003564,13.84,ATM,FL,2024-02-07 03:00:00,0
TXN0003565,3.78,ATM,FL,2024-02-07 03:15:00,0
TXN0003566,10.06,Online,CA,2024-02-07 03:30:00,0
TXN0003567,112.42,Online,FL,2024-02-07 03:45:00,0
TXN0003568,29.76,Transfer,TX,2024-02-07 04:00:00,0
TXN0003569,48.41,POS,IL,2024-02-07 04:15:00,0
TXN0003570,46.81,ATM,IL,2024-02-07 04:30:00,0
TXN0003571,19.86,POS,IL,2024-02-07 04:45:00,0
TXN0003572,15.71,ATM,NY,2024-02-07 05:00:00,0
TXN0003573,23.17,POS,NY,2024-02-07 05:15:00,0
TXN0003574,44.95,Online,TX,2024-02-07 05:30:00,0
TXN0003575,34.79,ATM,IL,2024-02-07 05:45:00,0
TXN0003576,36.25,ATM,CA,2024-02-07 06:00:00,0
TXN0003577,24.17,ATM,TX,2024-02-07 06:15:00,0
TXN0003578,7.97,POS,IL,2024-02-07 06:30:00,0
TXN0003579,14.67,Transfer,CA,2024-02-07 06:45:00,0
TXN0003580,6.49,Transfer,IL,2024-02-07 07:00:00,0
TXN0003581,67.06,Transfer,TX,2024-02-07 07:15:00,0
TXN0003582,1.61,POS,NY,2024-02-07 07:30:00,0
TXN0003583,15.46,Transfer,NY,2024-02-07 07:45:00,0
TXN0003584,352.36,ATM,NY,2024-02-07 08:00:00,0
TXN0003585,13.33,Online,CA,2024-02-07 08:15:00,0
TXN0003586,5.15,Transfer,FL,2024-02-07 08:30:00,0
TXN0003587,19.66,ATM,NY,2024-02-07 08:45:00,0
TXN0003588,94.37,ATM,FL,2024-02-07 09:00:00,0
TXN0003589,16.57,Transfer,TX,2024-02-07 09:15:00,0
TXN0003590,41.93,ATM,WA,2024-02-07 09:30:00,0
TXN0003591,22.65,ATM,FL,2024-02-07 09:45:00,0
TXN0003592,12.84,Online,IL,2024-02-07 10:00:00,0
TXN0003593,880.37,POS,CA,2024-02-07 10:15:00,0
TXN0003594,21.88,Online,NY,2024-02-07 10:30:00,0
TXN0003595,10.54,ATM,WA,2024-02-07 10:45:00,0
TXN0003596,11.16,Online,TX,2024-02-07 11:00:00,0
TXN0003597,31.71,POS,TX,2024-02-07 11:15:00,0
TXN0003598,32.82,POS,IL,2024-02-07 11:30:00,0
TXN0003599,50.72,ATM,IL,2024-02-07 11:45:00,0
TXN0003600,23.79,Transfer,CA,2024-02-07 12:00:00,0
TXN0003601,3.6,Transfer,FL,2024-02-07 12:15:00,0
TXN0003602,38.03,Transfer,WA,2024-02-07 12:30:00,0
TXN0003603,13.86,ATM,CA,2024-02-07 12:45:00,0
TXN0003604,14.25,POS,WA,2024-02-07 13:00:00,0
TXN0003605,3.39,POS,WA,2024-02-07 13:15:00,0
TXN0003606,10.09,Online,IL,2024-02-07 13:30:00,0
TXN0003607,8.4,POS,TX,2024-02-07 13:45:00,0
TXN0003608,19.23,POS,FL,2024-02-07 14:00:00,0
TXN0003609,3.51,ATM,TX,2024-02-07 14:15:00,0
TXN0003610,21.34,Transfer,FL,2024-02-07 14:30:00,0
TXN0003611,23.32,Transfer,WA,2024-02-07 14:45:00,0
TXN0003612,5.24,ATM,NY,2024-02-07 15:00:00,0
TXN0003613,9.49,POS,WA,2024-02-07 15:15:00,0
TXN0003614,7.18,Online,IL,2024-02-07 15:30:00,0
TXN0003615,59.69,ATM,NY,2024-02-07 15:45:00,0
TXN0003616,0.97,ATM,IL,2024-02-07 16:00:00,0
TXN0003617,13.3,ATM,NY,2024-02-07 16:15:00,0
TXN0003618,2.74,Online,TX,2024-02-07 16:30:00,0
TXN0003619,11.97,Transfer,WA,2024-02-07 16:45:00,0
TXN0003620,55.48,Online,WA,2024-02-07 17:00:00,0
TXN0003621,9.42,Online,CA,2024-02-07 17:15:00,0
TXN0003622,23.71,POS,NY,2024-02-07 17:30:00,0
TXN0003623,7.29,ATM,NY,2024-02-07 17:45:00,0
TXN0003624,205.9,Online,WA,2024-02-07 18:00:00,0
TXN0003625,60.09,Online,NY,2024-02-07 18:15:00,0
TXN0003626,77.68,Online,NY,2024-02-07 18:30:00,0
TXN0003627,4.08,Online,FL,2024-02-07 18:45:00,0
TXN0003628,5.36,Online,CA,2024-02-07 19:00:00,0
TXN0003629,73.38,Online,IL,2024-02-07 19:15:00,0
TXN0003630,15.91,POS,FL,2024-02-07 19:30:00,1
TXN0003631,14.74,Transfer,IL,2024-02-07 19:45:00,0
TXN0003632,29.98,Online,NY,2024-02-07 20:00:00,0
TXN0003633,4.45,ATM,WA,2024-02-07 20:15:00,0
TXN0003634,50.78,ATM,WA,2024-02-07 20:30:00,0
TXN0003635,20.53,Transfer,IL,2024-02-07 20:45:00,0
TXN0003636,35.7,ATM,NY,2024-02-07 21:00:00,0
TXN0003637,8.98,ATM,TX,2024-02-07 21:15:00,0
TXN0003638,37.18,POS,IL,2024-02-07 21:30:00,1
TXN0003639,8.62,ATM,TX,2024-02-07 21:45:00,0
TXN0003640,63.13,POS,IL,2024-02-07 22:00:00,0
TXN0003641,77.91,POS,FL,2024-02-07 22:15:00,0
TXN0003642,60.0,Transfer,FL,2024-02-07 22:30:00,0
TXN0003643,37.33,ATM,WA,2024-02-07 22:45:00,0
TXN0003644,42.97,ATM,TX,2024-02-07 23:00:00,0
TXN0003645,0.78,POS,IL,2024-02-07 23:15:00,0
TXN0003646,54.7,Online,IL,2024-02-07 23:30:00,0
TXN0003647,14.46,ATM,TX,2024-02-07 23:45:00,0
TXN0003648,22.51,POS,CA,2024-02-08 00:00:00,0
TXN0003649,14.29,ATM,FL,2024-02-08 00:15:00,0
TXN0003650,3.78,Online,TX,2024-02-08 00:30:00,0
TXN0003651,10.52,ATM,IL,2024-02-08 00:45:00,0
TXN0003652,44.27,ATM,FL,2024-02-08 01:00:00,0
TXN0003653,110.04,Online,NY,2024-02-08 01:15:00,0
TXN0003654,9.51,Transfer,WA,2024-02-08 01:30:00,0
TXN0003655,6.79,ATM,TX,2024-02-08 01:45:00,0
TXN0003656,114.68,Transfer,WA,2024-02-08 02:00:00,0
TXN0003657,6.97,POS,TX,2024-02-08 02:15:00,0
TXN0003658,241.86,Transfer,NY,2024-02-08 02:30:00,0
TXN0003659,21.34,Online,CA,2024-02-08 02:45:00,0
TXN0003660,6.96,POS,TX,2024-02-08 03:00:00,0
TXN0003661,65.44,Transfer,TX,2024-02-08 03:15:00,0
TXN0003662,153.24,ATM,WA,2024-02-08 03:30:00,0
TXN0003663,3.59,Online,WA,2024-02-08 03:45:00,0
TXN0003664,130.42,ATM,FL,2024-02-08 04:00:00,0
TXN0003665,14.33,Transfer,CA,2024-02-08 04:15:00,0
TXN0003666,119.53,Online,NY,2024-02-08 04:30:00,0
TXN0003667,12.72,ATM,WA,2024-02-08 04:45:00,0
TXN0003668,3.03,POS,FL,2024-02-08 05:00:00,0
TXN0003669,36.68,POS,NY,2024-02-08 05:15:00,0
TXN0003670,61.06,POS,NY,2024-02-08 05:30:00,0
TXN0003671,248.43,Online,NY,2024-02-08 05:45:00,0
TXN0003672,158.91,ATM,FL,2024-02-08 06:00:00,0
TXN0003673,46.26,Online,WA,2024-02-08 06:15:00,0
TXN0003674,15.1,Online,NY,2024-02-08 06:30:00,0
TXN0003675,10.75,ATM,CA,2024-02-08 06:45:00,0
TXN0003676,14.1,ATM,NY,2024-02-08 07:00:00,0
TXN0003677,7.41,ATM,NY,2024-02-08 07:15:00,0
TXN0003678,14.45,Transfer,TX,2024-02-08 07:30:00,0
TXN0003679,0.95,POS,FL,2024-02-08 07:45:00,0
TXN0003680,24.89,Transfer,WA,2024-02-08 08:00:00,0
TXN0003681,19.4,Transfer,FL,2024-02-08 08:15:00,0
TXN0003682,436.61,Online,IL,2024-02-08 08:30:00,0
TXN0003683,49.92,POS,NY,2024-02-08 08:45:00,0
TXN0003684,11.29,Transfer,TX,2024-02-08 09:00:00,0
TXN0003685,39.55,ATM,NY,2024-02-08 09:15:00,0
TXN0003686,4.61,POS,WA,2024-02-08 09:30:00,0
TXN0003687,9.75,Online,WA,2024-02-08 09:45:00,0
TXN0003688,2.14,POS,IL,2024-02-08 10:00:00,1
TXN0003689,112.56,POS,CA,2024-02-08 10:15:00,0
TXN0003690,40.94,ATM,IL,2024-02-08 10:30:00,0
TXN0003691,4.9,ATM,TX,2024-02-08 10:45:00,0
TXN0003692,18.68,Transfer,TX,2024-02-08 11:00:00,0
TXN0003693,62.79,POS,TX,2024-02-08 11:15:00,1
TXN0003694,36.38,ATM,WA,2024-02-08 11:30:00,0
TXN0003695,31.78,POS,CA,2024-02-08 11:45:00,0
TXN0003696,7.17,ATM,FL,2024-02-08 12:00:00,0
TXN0003697,9.35,ATM,FL,2024-02-08 12:15:00,0
TXN0003698,22.52,ATM,TX,2024-02-08 12:30:00,0
TXN0003699,60.6,Transfer,NY,2024-02-08 12:45:00,0
TXN0003700,7.43,Transfer,WA,2024-02-08 13:00:00,1
TXN0003701,5.23,ATM,TX,2024-02-08 13:15:00,0
TXN0003702,79.27,Online,CA,2024-02-08 13:30:00,0
TXN0003703,6.58,POS,WA,2024-02-08 13:45:00,0
TXN0003704,73.16,ATM,WA,2024-02-08 14:00:00,0
TXN0003705,26.89,Transfer,NY,2024-02-08 14:15:00,0
TXN0003706,57.82,Online,WA,2024-02-08 14:30:00,0
TXN0003707,162.92,Online,TX,2024-02-08 14:45:00,0
TXN0003708,45.9,POS,NY,2024-02-08 15:00:00,0
TXN0003709,50.97,Transfer,FL,2024-02-08 15:15:00,0
TXN0003710,6.68,POS,IL,2024-02-08 15:30:00,0
TXN0003711,8.72,POS,CA,2024-02-08 15:45:00,0
TXN0003712,43.5,Transfer,CA,2024-02-08 16:00:00,0
TXN0003713,126.61,ATM,IL,2024-02-08 16:15:00,0
TXN0003714,106.75,Online,NY,2024-02-08 16:30:00,0
TXN0003715,323.76,POS,IL,2024-02-08 16:45:00,0
TXN0003716,29.17,Transfer,CA,2024-02-08 17:00:00,0
TXN0003717,25.62,POS,NY,2024-02-08 17:15:00,0
TXN0003718,67.18,POS,WA,2024-02-08 17:30:00,0
TXN0003719,20.55,Online,NY,2024-02-08 17:45:00,0
TXN0003720,18.63,POS,IL,2024-02-08 18:00:00,0
TXN0003721,5.72,ATM,NY,2024-02-08 18:15:00,0
TXN0003722,65.99,POS,WA,2024-02-08 18:30:00,0
TXN0003723,5.55,ATM,FL,2024-02-08 18:45:00,0
TXN0003724,37.14,POS,FL,2024-02-08 19:00:00,0
TXN0003725,3.66,Online,NY,2024-02-08 19:15:00,0
TXN0003726,74.86,ATM,WA,2024-02-08 19:30:00,0
TXN0003727,5.84,POS,FL,2024-02-08 19:45:00,0
TXN0003728,55.27,POS,IL,2024-02-08 20:00:00,0
TXN0003729,2.98,POS,IL,2024-02-08 20:15:00,0
TXN0003730,11.85,Online,NY,2024-02-08 20:30:00,0
TXN0003731,82.6,Transfer,TX,2024-02-08 20:45:00,0
TXN0003732,7.64,ATM,IL,2024-02-08 21:00:00,0
TXN0003733,21.77,ATM,FL,2024-02-08 21:15:00,0
TXN0003734,11.31,POS,NY,2024-02-08 21:30:00,0
TXN0003735,1.26,ATM,CA,2024-02-08 21:45:00,0
TXN0003736,29.07,ATM,TX,2024-02-08 22:00:00,0
TXN0003737,33.74,ATM,CA,2024-02-08 22:15:00,0
TXN0003738,5.32,Transfer,TX,2024-02-08 22:30:00,0
TXN0003739,39.98,Online,CA,2024-02-08 22:45:00,0
TXN0003740,7.73,ATM,IL,2024-02-08 23:00:00,0
TXN0003741,6.03,ATM,TX,2024-02-08 23:15:00,0
TXN0003742,20.25,ATM,WA,2024-02-08 23:30:00,0
TXN0003743,8.87,Online,FL,2024-02-08 23:45:00,0
TXN0003744,314.48,Online,TX,2024-02-09 00:00:00,0
TXN0003745,3.11,Transfer,NY,2024-02-09 00:15:00,0
TXN0003746,48.72,Online,CA,2024-02-09 00:30:00,0
TXN0003747,65.8,Transfer,TX,2024-02-09 00:45:00,0
TXN0003748,1.87,ATM,IL,2024-02-09 01:00:00,0
TXN0003749,2.51,Transfer,FL,2024-02-09 01:15:00,0
TXN0003750,39.44,ATM,NY,2024-02-09 01:30:00,0
TXN0003751,11.27,Online,CA,2024-02-09 01:45:00,0
TXN0003752,31.83,POS,CA,2024-02-09 02:00:00,0
TXN0003753,78.83,POS,WA,2024-02-09 02:15:00,0
TXN0003754,12.85,Online,NY,2024-02-09 02:30:00,0
TXN0003755,5.6,Online,IL,2024-02-09 02:45:00,0
TXN0003756,0.76,Transfer,NY,2024-02-09 03:00:00,0
TXN0003757,25.68,ATM,CA,2024-02-09 03:15:00,0
TXN0003758,6.59,POS,NY,2024-02-09 03:30:00,0
TXN0003759,29.26,Online,TX,2024-02-09 03:45:00,0
TXN0003760,26.52,Transfer,CA,2024-02-09 04:00:00,0
TXN0003761,3.81,Transfer,FL,2024-02-09 04:15:00,0
TXN0003762,158.96,Transfer,WA,2024-02-09 04:30:00,0
TXN0003763,73.69,ATM,CA,2024-02-09 04:45:00,0
TXN0003764,55.59,ATM,TX,2024-02-09 05:00:00,0
TXN0003765,4.85,Online,FL,2024-02-09 05:15:00,0
TXN0003766,12.32,ATM,CA,2024-02-09 05:30:00,0
TXN0003767,10.42,ATM,NY,2024-02-09 05:45:00,0
TXN0003768,12.21,Online,FL,2024-02-09 06:00:00,0
TXN0003769,5.21,POS,TX,2024-02-09 06:15:00,0
TXN0003770,33.84,Online,CA,2024-02-09 06:30:00,0
TXN0003771,26.45,ATM,WA,2024-02-09 06:45:00,0
TXN0003772,31.14,Online,NY,2024-02-09 07:00:00,0
TXN0003773,10.94,Transfer,IL,2024-02-09 07:15:00,1
TXN0003774,94.56,ATM,TX,2024-02-09 07:30:00,0
TXN0003775,25.16,Online,TX,2024-02-09 07:45:00,0
TXN0003776,0.75,Transfer,IL,2024-02-09 08:00:00,0
TXN0003777,9.32,POS,CA,2024-02-09 08:15:00,1
TXN0003778,18.76,Online,IL,2024-02-09 08:30:00,0
TXN0003779,63.97,Transfer,FL,2024-02-09 08:45:00,0
TXN0003780,14.0,Transfer,NY,2024-02-09 09:00:00,0
TXN0003781,14.88,Online,IL,2024-02-09 09:15:00,0
TXN0003782,9.07,ATM,NY,2024-02-09 09:30:00,0
TXN0003783,44.64,ATM,TX,2024-02-09 09:45:00,0
TXN0003784,11.74,POS,CA,2024-02-09 10:00:00,1
TXN0003785,9.74,Transfer,NY,2024-02-09 10:15:00,0
TXN0003786,8.24,Online,WA,2024-02-09 10:30:00,0
TXN0003787,39.17,Online,TX,2024-02-09 10:45:00,0
TXN0003788,10.6,ATM,WA,2024-02-09 11:00:00,0
TXN0003789,2.69,Transfer,IL,2024-02-09 11:15:00,0
TXN0003790,42.4,Online,NY,2024-02-09 11:30:00,0
TXN0003791,8.66,POS,WA,2024-02-09 11:45:00,0
TXN0003792,30.83,POS,FL,2024-02-09 12:00:00,0
TXN0003793,31.45,ATM,IL,2024-02-09 12:15:00,0
TXN0003794,85.14,Online,IL,2024-02-09 12:30:00,0
TXN0003795,70.35,ATM,CA,2024-02-09 12:45:00,0
TXN0003796,10.07,ATM,TX,2024-02-09 13:00:00,0
TXN0003797,16.45,Online,IL,2024-02-09 13:15:00,0
TXN0003798,4.27,Transfer,TX,2024-02-09 13:30:00,0
TXN0003799,150.32,Transfer,WA,2024-02-09 13:45:00,0
TXN0003800,34.12,Online,FL,2024-02-09 14:00:00,0
TXN0003801,107.05,Transfer,TX,2024-02-09 14:15:00,0
TXN0003802,13.7,Online,CA,2024-02-09 14:30:00,0
TXN0003803,1.72,Online,CA,2024-02-09 14:45:00,0
TXN0003804,126.22,Online,TX,2024-02-09 15:00:00,1
TXN0003805,22.46,POS,IL,2024-02-09 15:15:00,0
TXN0003806,23.57,ATM,IL,2024-02-09 15:30:00,0
TXN0003807,21.47,Transfer,CA,2024-02-09 15:45:00,0
TXN0003808,43.54,ATM,TX,2024-02-09 16:00:00,0
TXN0003809,38.08,POS,WA,2024-02-09 16:15:00,0
TXN0003810,2.98,Online,IL,2024-02-09 16:30:00,0
TXN0003811,74.02,POS,IL,2024-02-09 16:45:00,0
TXN0003812,10.65,Transfer,IL,2024-02-09 17:00:00,1
TXN0003813,11.47,POS,CA,2024-02-09 17:15:00,0
TXN0003814,159.64,Online,TX,2024-02-09 17:30:00,0
TXN0003815,60.62,Online,CA,2024-02-09 17:45:00,0
TXN0003816,13.39,Online,FL,2024-02-09 18:00:00,0
TXN0003817,2.16,Online,CA,2024-02-09 18:15:00,0
TXN0003818,24.38,POS,IL,2024-02-09 18:30:00,0
TXN0003819,38.34,ATM,IL,2024-02-09 18:45:00,0
TXN0003820,18.24,POS,NY,2024-02-09 19:00:00,1
TXN0003821,4.5,POS,NY,2024-02-09 19:15:00,0
TXN0003822,7.78,Transfer,CA,2024-02-09 19:30:00,0
TXN0003823,4.45,Transfer,TX,2024-02-09 19:45:00,0
TXN0003824,26.01,Online,IL,2024-02-09 20:00:00,0
TXN0003825,53.69,Transfer,FL,2024-02-09 20:15:00,0
TXN0003826,68.75,Online,IL,2024-02-09 20:30:00,0
TXN0003827,8.34,ATM,IL,2024-02-09 20:45:00,0
TXN0003828,26.63,Transfer,NY,2024-02-09 21:00:00,0
TXN0003829,39.05,POS,CA,2024-02-09 21:15:00,0
TXN0003830,10.88,ATM,IL,2024-02-09 21:30:00,0
TXN0003831,16.81,Transfer,FL,2024-02-09 21:45:00,0
TXN0003832,256.89,Transfer,WA,2024-02-09 22:00:00,0
TXN0003833,25.69,Online,WA,2024-02-09 22:15:00,0
TXN0003834,57.95,POS,NY,2024-02-09 22:30:00,0
TXN0003835,11.92,Transfer,NY,2024-02-09 22:45:00,0
TXN0003836,21.12,ATM,TX,2024-02-09 23:00:00,0
TXN0003837,2.57,Transfer,NY,2024-02-09 23:15:00,0
TXN0003838,19.49,ATM,WA,2024-02-09 23:30:00,0
TXN0003839,83.99,ATM,FL,2024-02-09 23:45:00,0
TXN0003840,249.31,ATM,TX,2024-02-10 00:00:00,0
TXN0003841,84.43,ATM,FL,2024-02-10 00:15:00,0
TXN0003842,45.8,ATM,TX,2024-02-10 00:30:00,0
TXN0003843,21.4,ATM,WA,2024-02-10 00:45:00,0
TXN0003844,9.78,ATM,WA,2024-02-10 01:00:00,0
TXN0003845,16.57,Online,IL,2024-02-10 01:15:00,0
TXN0003846,41.9,Online,WA,2024-02-10 01:30:00,0
TXN0003847,7.83,ATM,IL,2024-02-10 01:45:00,0
TXN0003848,61.54,Online,NY,2024-02-10 02:00:00,0
TXN0003849,6.17,POS,TX,2024-02-10 02:15:00,0
TXN0003850,2.37,Transfer,FL,2024-02-10 02:30:00,0
TXN0003851,5.96,Online,FL,2024-02-10 02:45:00,0
TXN0003852,2.72,Online,FL,2024-02-10 03:00:00,0
TXN0003853,3.87,POS,FL,2024-02-10 03:15:00,0
TXN0003854,78.14,ATM,WA,2024-02-10 03:30:00,0
TXN0003855,15.8,Transfer,IL,2024-02-10 03:45:00,0
TXN0003856,26.11,POS,NY,2024-02-10 04:00:00,0
TXN0003857,80.62,ATM,FL,2024-02-10 04:15:00,0
TXN0003858,91.01,Transfer,WA,2024-02-10 04:30:00,0
TXN0003859,10.96,POS,CA,2024-02-10 04:45:00,0
TXN0003860,98.92,POS,FL,2024-02-10 05:00:00,0
TXN0003861,31.87,ATM,CA,2024-02-10 05:15:00,0
TXN0003862,20.17,Online,NY,2024-02-10 05:30:00,0
TXN0003863,34.14,Transfer,IL,2024-02-10 05:45:00,0
TXN0003864,3.63,Transfer,FL,2024-02-10 06:00:00,0
TXN0003865,7.82,Online,NY,2024-02-10 06:15:00,0
TXN0003866,17.64,Online,IL,2024-02-10 06:30:00,0
TXN0003867,41.75,Transfer,FL,2024-02-10 06:45:00,0
TXN0003868,12.85,ATM,WA,2024-02-10 07:00:00,0
TXN0003869,17.24,Online,IL,2024-02-10 07:15:00,0
TXN0003870,64.28,POS,TX,2024-02-10 07:30:00,0
TXN0003871,109.29,Online,NY,2024-02-10 07:45:00,0
TXN0003872,50.43,POS,FL,2024-02-10 08:00:00,0
TXN0003873,92.03,Online,WA,2024-02-10 08:15:00,0
TXN0003874,12.36,POS,WA,2024-02-10 08:30:00,0
TXN0003875,13.91,Transfer,CA,2024-02-10 08:45:00,0
TXN0003876,29.43,Transfer,IL,2024-02-10 09:00:00,0
TXN0003877,14.0,ATM,NY,2024-02-10 09:15:00,0
TXN0003878,10.93,Transfer,FL,2024-02-10 09:30:00,0
TXN0003879,145.85,ATM,NY,2024-02-10 09:45:00,0
TXN0003880,15.78,POS,WA,2024-02-10 10:00:00,1
TXN0003881,6.3,POS,WA,2024-02-10 10:15:00,0
TXN0003882,36.05,Online,NY,2024-02-10 10:30:00,0
TXN0003883,181.81,Online,CA,2024-02-10 10:45:00,0
TXN0003884,22.13,Online,CA,2024-02-10 11:00:00,0
TXN0003885,88.03,POS,TX,2024-02-10 11:15:00,0
TXN0003886,11.88,Transfer,WA,2024-02-10 11:30:00,0
TXN0003887,11.14,Online,TX,2024-02-10 11:45:00,0
TXN0003888,8.78,ATM,TX,2024-02-10 12:00:00,0
TXN0003889,16.91,ATM,CA,2024-02-10 12:15:00,0
TXN0003890,181.93,ATM,TX,2024-02-10 12:30:00,0
TXN0003891,5.02,ATM,FL,2024-02-10 12:45:00,0
TXN0003892,143.26,ATM,IL,2024-02-10 13:00:00,0
TXN0003893,5.99,ATM,WA,2024-02-10 13:15:00,0
TXN0003894,15.17,POS,IL,2024-02-10 13:30:00,0
TXN0003895,54.76,POS,TX,2024-02-10 13:45:00,0
TXN0003896,42.79,Online,IL,2024-02-10 14:00:00,0
TXN0003897,28.18,POS,CA,2024-02-10 14:15:00,0
TXN0003898,2.78,Transfer,WA,2024-02-10 14:30:00,0
TXN0003899,31.02,ATM,FL,2024-02-10 14:45:00,0
TXN0003900,5.89,ATM,IL,2024-02-10 15:00:00,0
TXN0003901,438.21,Online,CA,2024-02-10 15:15:00,0
TXN0003902,15.55,Transfer,WA,2024-02-10 15:30:00,0
TXN0003903,25.19,Transfer,TX,2024-02-10 15:45:00,0
TXN0003904,5.07,ATM,WA,2024-02-10 16:00:00,0
TXN0003905,11.31,ATM,TX,2024-02-10 16:15:00,0
TXN0003906,4.27,POS,WA,2024-02-10 16:30:00,0
TXN0003907,65.22,ATM,NY,2024-02-10 16:45:00,0
TXN0003908,14.67,POS,TX,2024-02-10 17:00:00,0
TXN0003909,39.46,Transfer,IL,2024-02-10 17:15:00,0
TXN0003910,8.83,POS,FL,2024-02-10 17:30:00,0
TXN0003911,11.01,Online,FL,2024-02-10 17:45:00,0
TXN0003912,94.24,Transfer,NY,2024-02-10 18:00:00,0
TXN0003913,6.26,Transfer,IL,2024-02-10 18:15:00,0
TXN0003914,2.31,POS,CA,2024-02-10 18:30:00,0
TXN0003915,32.7,Transfer,TX,2024-02-10 18:45:00,0
TXN0003916,5.11,ATM,CA,2024-02-10 19:00:00,0
TXN0003917,11.85,POS,WA,2024-02-10 19:15:00,0
TXN0003918,59.97,ATM,FL,2024-02-10 19:30:00,0
TXN0003919,7.52,Online,TX,2024-02-10 19:45:00,0
TXN0003920,57.64,Online,WA,2024-02-10 20:00:00,0
TXN0003921,8.87,Transfer,TX,2024-02-10 20:15:00,0
TXN0003922,120.16,Online,CA,2024-02-10 20:30:00,0
TXN0003923,98.51,Online,NY,2024-02-10 20:45:00,0
TXN0003924,11.41,ATM,NY,2024-02-10 21:00:00,0
TXN0003925,15.55,Transfer,FL,2024-02-10 21:15:00,0
TXN0003926,7.4,Transfer,FL,2024-02-10 21:30:00,0
TXN0003927,25.53,ATM,TX,2024-02-10 21:45:00,0
TXN0003928,79.76,Transfer,NY,2024-02-10 22:00:00,0
TXN0003929,3.54,Online,TX,2024-02-10 22:15:00,0
TXN0003930,60.4,Transfer,FL,2024-02-10 22:30:00,0
TXN0003931,4.1,Online,CA,2024-02-10 22:45:00,0
TXN0003932,7.16,Transfer,CA,2024-02-10 23:00:00,0
TXN0003933,2.35,Online,CA,2024-02-10 23:15:00,0
TXN0003934,251.12,POS,IL,2024-02-10 23:30:00,0
TXN0003935,21.55,ATM,TX,2024-02-10 23:45:00,0
TXN0003936,26.94,ATM,FL,2024-02-11 00:00:00,1
TXN0003937,8.92,POS,CA,2024-02-11 00:15:00,0
TXN0003938,72.27,POS,CA,2024-02-11 00:30:00,0
TXN0003939,1.61,Transfer,TX,2024-02-11 00:45:00,0
TXN0003940,20.74,POS,TX,2024-02-11 01:00:00,0
TXN0003941,283.74,Online,NY,2024-02-11 01:15:00,0
TXN0003942,12.7,ATM,WA,2024-02-11 01:30:00,0
TXN0003943,20.5,Transfer,WA,2024-02-11 01:45:00,0
TXN0003944,45.0,POS,WA,2024-02-11 02:00:00,0
TXN0003945,7.59,Transfer,NY,2024-02-11 02:15:00,0
TXN0003946,20.64,Transfer,TX,2024-02-11 02:30:00,0
TXN0003947,63.64,POS,FL,2024-02-11 02:45:00,0
TXN0003948,25.36,Transfer,TX,2024-02-11 03:00:00,0
TXN0003949,31.35,Online,FL,2024-02-11 03:15:00,0
TXN0003950,13.21,Transfer,TX,2024-02-11 03:30:00,0
TXN0003951,29.33,Transfer,NY,2024-02-11 03:45:00,0
TXN0003952,21.48,Online,NY,2024-02-11 04:00:00,0
TXN0003953,115.13,ATM,NY,2024-02-11 04:15:00,0
TXN0003954,47.91,Online,FL,2024-02-11 04:30:00,0
TXN0003955,14.99,ATM,WA,2024-02-11 04:45:00,0
TXN0003956,1.07,ATM,CA,2024-02-11 05:00:00,0
TXN0003957,47.41,Online,FL,2024-02-11 05:15:00,0
TXN0003958,49.72,ATM,NY,2024-02-11 05:30:00,0
TXN0003959,6.68,Online,NY,2024-02-11 05:45:00,0
TXN0003960,1.83,Online,WA,2024-02-11 06:00:00,0
TXN0003961,5.1,POS,CA,2024-02-11 06:15:00,0
TXN0003962,61.03,ATM,IL,2024-02-11 06:30:00,0
TXN0003963,5.6,Transfer,WA,2024-02-11 06:45:00,0
TXN0003964,11.57,Transfer,NY,2024-02-11 07:00:00,0
TXN0003965,26.17,Online,CA,2024-02-11 07:15:00,0
TXN0003966,87.29,ATM,FL,2024-02-11 07:30:00,0
TXN0003967,19.65,Transfer,TX,2024-02-11 07:45:00,0
TXN0003968,17.81,POS,NY,2024-02-11 08:00:00,0
TXN0003969,10.4,Online,WA,2024-02-11 08:15:00,0
TXN0003970,142.14,POS,IL,2024-02-11 08:30:00,0
TXN0003971,72.18,POS,CA,2024-02-11 08:45:00,0
TXN0003972,17.92,Transfer,NY,2024-02-11 09:00:00,0
TXN0003973,3.76,ATM,NY,2024-02-11 09:15:00,0
TXN0003974,7.78,Transfer,WA,2024-02-11 09:30:00,0
TXN0003975,40.26,Transfer,FL,2024-02-11 09:45:00,0
TXN0003976,8.45,Online,NY,2024-02-11 10:00:00,0
TXN0003977,58.6,ATM,FL,2024-02-11 10:15:00,0
TXN0003978,30.99,ATM,TX,2024-02-11 10:30:00,0
TXN0003979,28.54,ATM,IL,2024-02-11 10:45:00,0
TXN0003980,44.0,Transfer,NY,2024-02-11 11:00:00,0
TXN0003981,36.54,Transfer,NY,2024-02-11 11:15:00,0
TXN0003982,7.2,Online,FL,2024-02-11 11:30:00,0
TXN0003983,13.59,ATM,TX,2024-02-11 11:45:00,0
TXN0003984,332.88,Transfer,IL,2024-02-11 12:00:00,0
TXN0003985,4.71,Transfer,IL,2024-02-11 12:15:00,0
TXN0003986,11.37,POS,FL,2024-02-11 12:30:00,0
TXN0003987,72.16,POS,FL,2024-02-11 12:45:00,0
TXN0003988,16.59,POS,FL,2024-02-11 13:00:00,0
TXN0003989,7.58,Transfer,WA,2024-02-11 13:15:00,0
TXN0003990,4.1,Online,FL,2024-02-11 13:30:00,0
TXN0003991,38.22,Transfer,WA,2024-02-11 13:45:00,0
TXN0003992,68.3,POS,WA,2024-02-11 14:00:00,0
TXN0003993,107.76,ATM,WA,2024-02-11 14:15:00,0
TXN0003994,21.42,Online,TX,2024-02-11 14:30:00,0
TXN0003995,70.39,Online,FL,2024-02-11 14:45:00,0
TXN0003996,5.82,ATM,CA,2024-02-11 15:00:00,0
TXN0003997,24.57,POS,NY,2024-02-11 15:15:00,0
TXN0003998,8.91,Online,NY,2024-02-11 15:30:00,0
TXN0003999,24.74,Transfer,CA,2024-02-11 15:45:00,0
TXN0004000,49.44,Transfer,IL,2024-02-11 16:00:00,0
TXN0004001,72.51,Online,WA,2024-02-11 16:15:00,0
TXN0004002,6.12,POS,FL,2024-02-11 16:30:00,0
TXN0004003,91.93,POS,FL,2024-02-11 16:45:00,0
TXN0004004,11.37,Online,TX,2024-02-11 17:00:00,0
TXN0004005,5.87,POS,IL,2024-02-11 17:15:00,0
TXN0004006,16.37,Online,TX,2024-02-11 17:30:00,0
TXN0004007,3.47,Online,FL,2024-02-11 17:45:00,0
TXN0004008,20.2,Transfer,IL,2024-02-11 18:00:00,0
TXN0004009,28.44,ATM,TX,2024-02-11 18:15:00,0
TXN0004010,15.79,ATM,WA,2024-02-11 18:30:00,0
TXN0004011,38.22,POS,FL,2024-02-11 18:45:00,0
TXN0004012,13.77,Transfer,IL,2024-02-11 19:00:00,0
TXN0004013,20.18,Transfer,CA,2024-02-11 19:15:00,0
TXN0004014,3.57,Online,IL,2024-02-11 19:30:00,0
TXN0004015,21.14,Online,IL,2024-02-11 19:45:00,0
TXN0004016,7.23,Online,WA,2024-02-11 20:00:00,0
TXN0004017,11.71,Transfer,NY,2024-02-11 20:15:00,1
TXN0004018,17.95,ATM,TX,2024-02-11 20:30:00,0
TXN0004019,25.26,POS,IL,2024-02-11 20:45:00,0
TXN0004020,2.78,POS,WA,2024-02-11 21:00:00,1
TXN0004021,3.08,ATM,FL,2024-02-11 21:15:00,0
TXN0004022,13.98,POS,NY,2024-02-11 21:30:00,0
TXN0004023,35.49,Online,IL,2024-02-11 21:45:00,0
TXN0004024,30.95,Transfer,IL,2024-02-11 22:00:00,0
TXN0004025,58.64,Online,WA,2024-02-11 22:15:00,0
TXN0004026,95.71,Transfer,FL,2024-02-11 22:30:00,0
TXN0004027,36.44,Online,IL,2024-02-11 22:45:00,0
TXN0004028,19.61,POS,IL,2024-02-11 23:00:00,0
TXN0004029,5.83,POS,NY,2024-02-11 23:15:00,0
TXN0004030,6.45,POS,CA,2024-02-11 23:30:00,0
TXN0004031,11.47,Online,FL,2024-02-11 23:45:00,0
TXN0004032,27.69,Online,FL,2024-02-12 00:00:00,0
TXN0004033,26.18,ATM,TX,2024-02-12 00:15:00,0
TXN0004034,20.19,ATM,FL,2024-02-12 00:30:00,0
TXN0004035,16.72,ATM,IL,2024-02-12 00:45:00,0
TXN0004036,42.8,Online,WA,2024-02-12 01:00:00,0
TXN0004037,25.79,Transfer,FL,2024-02-12 01:15:00,1
TXN0004038,28.71,Transfer,WA,2024-02-12 01:30:00,0
TXN0004039,29.08,ATM,IL,2024-02-12 01:45:00,0
TXN0004040,10.43,POS,IL,2024-02-12 02:00:00,1
TXN0004041,5.83,ATM,IL,2024-02-12 02:15:00,0
TXN0004042,36.21,ATM,TX,2024-02-12 02:30:00,0
TXN0004043,33.12,POS,CA,2024-02-12 02:45:00,0
TXN0004044,15.42,POS,CA,2024-02-12 03:00:00,0
TXN0004045,12.2,Online,TX,2024-02-12 03:15:00,0
TXN0004046,309.24,Online,TX,2024-02-12 03:30:00,0
TXN0004047,8.08,ATM,WA,2024-02-12 03:45:00,0
TXN0004048,15.47,ATM,WA,2024-02-12 04:00:00,0
TXN0004049,27.62,Online,IL,2024-02-12 04:15:00,0
TXN0004050,5.03,Transfer,IL,2024-02-12 04:30:00,0
TXN0004051,23.12,Transfer,IL,2024-02-12 04:45:00,0
TXN0004052,173.69,Transfer,TX,2024-02-12 05:00:00,0
TXN0004053,61.6,ATM,NY,2024-02-12 05:15:00,0
TXN0004054,42.89,ATM,WA,2024-02-12 05:30:00,0
TXN0004055,40.89,Online,CA,2024-02-12 05:45:00,0
TXN0004056,22.97,ATM,IL,2024-02-12 06:00:00,0
TXN0004057,63.44,POS,TX,2024-02-12 06:15:00,0
TXN0004058,16.66,POS,WA,2024-02-12 06:30:00,0
TXN0004059,12.09,Online,WA,2024-02-12 06:45:00,0
TXN0004060,22.7,POS,TX,2024-02-12 07:00:00,0
TXN0004061,59.55,Online,NY,2024-02-12 07:15:00,0
TXN0004062,29.86,POS,WA,2024-02-12 07:30:00,0
TXN0004063,45.13,POS,FL,2024-02-12 07:45:00,0
TXN0004064,1.77,POS,NY,2024-02-12 08:00:00,0
TXN0004065,84.07,Transfer,TX,2024-02-12 08:15:00,0
TXN0004066,333.19,Transfer,FL,2024-02-12 08:30:00,0
TXN0004067,99.67,Online,TX,2024-02-12 08:45:00,0
TXN0004068,13.72,Transfer,FL,2024-02-12 09:00:00,0
TXN0004069,7.26,Transfer,TX,2024-02-12 09:15:00,0
TXN0004070,28.02,Transfer,IL,2024-02-12 09:30:00,0
TXN0004071,6.14,POS,CA,2024-02-12 09:45:00,0
TXN0004072,47.98,Transfer,IL,2024-02-12 10:00:00,0
TXN0004073,10.69,POS,FL,2024-02-12 10:15:00,0
TXN0004074,63.61,ATM,TX,2024-02-12 10:30:00,0
TXN0004075,102.98,Transfer,FL,2024-02-12 10:45:00,0
TXN0004076,1.75,Online,FL,2024-02-12 11:00:00,0
TXN0004077,28.54,POS,NY,2024-02-12 11:15:00,0
TXN0004078,8.69,Online,IL,2024-02-12 11:30:00,0
TXN0004079,3.7,Online,NY,2024-02-12 11:45:00,0
TXN0004080,9.58,ATM,NY,2024-02-12 12:00:00,0
TXN0004081,15.44,Transfer,CA,2024-02-12 12:15:00,0
TXN0004082,69.44,POS,TX,2024-02-12 12:30:00,0
TXN0004083,3.24,Transfer,FL,2024-02-12 12:45:00,0
TXN0004084,70.88,ATM,NY,2024-02-12 13:00:00,0
TXN0004085,226.26,Transfer,IL,2024-02-12 13:15:00,0
TXN0004086,41.14,Transfer,IL,2024-02-12 13:30:00,0
TXN0004087,38.67,Transfer,TX,2024-02-12 13:45:00,0
TXN0004088,19.76,POS,WA,2024-02-12 14:00:00,0
TXN0004089,4.9,POS,NY,2024-02-12 14:15:00,0
TXN0004090,38.16,Online,TX,2024-02-12 14:30:00,0
TXN0004091,31.84,Transfer,TX,2024-02-12 14:45:00,0
TXN0004092,48.32,POS,TX,2024-02-12 15:00:00,0
TXN0004093,438.17,POS,NY,2024-02-12 15:15:00,0
TXN0004094,48.1,ATM,IL,2024-02-12 15:30:00,0
TXN0004095,33.48,POS,NY,2024-02-12 15:45:00,0
TXN0004096,130.88,ATM,WA,2024-02-12 16:00:00,1
TXN0004097,4.0,Online,IL,2024-02-12 16:15:00,0
TXN0004098,5.1,ATM,NY,2024-02-12 16:30:00,0
TXN0004099,12.8,ATM,FL,2024-02-12 16:45:00,0
TXN0004100,9.15,ATM,FL,2024-02-12 17:00:00,0
TXN0004101,46.19,ATM,IL,2024-02-12 17:15:00,0
TXN0004102,13.72,POS,WA,2024-02-12 17:30:00,0
TXN0004103,162.05,POS,IL,2024-02-12 17:45:00,0
TXN0004104,124.53,Transfer,NY,2024-02-12 18:00:00,1
TXN0004105,50.61,Online,CA,2024-02-12 18:15:00,0
TXN0004106,12.64,ATM,NY,2024-02-12 18:30:00,0
TXN0004107,42.11,Online,CA,2024-02-12 18:45:00,0
TXN0004108,53.16,ATM,FL,2024-02-12 19:00:00,0
TXN0004109,5.59,POS,CA,2024-02-12 19:15:00,0
TXN0004110,30.52,POS,NY,2024-02-12 19:30:00,1
TXN0004111,46.87,Online,CA,2024-02-12 19:45:00,0
TXN0004112,26.04,ATM,FL,2024-02-12 20:00:00,0
TXN0004113,132.33,POS,IL,2024-02-12 20:15:00,0
TXN0004114,86.23,POS,WA,2024-02-12 20:30:00,0
TXN0004115,7.46,ATM,NY,2024-02-12 20:45:00,0
TXN0004116,23.32,POS,IL,2024-02-12 21:00:00,0
TXN0004117,7.37,Online,TX,2024-02-12 21:15:00,0
TXN0004118,40.26,Online,IL,2024-02-12 21:30:00,0
TXN0004119,7.1,Transfer,NY,2024-02-12 21:45:00,0
TXN0004120,60.82,ATM,FL,2024-02-12 22:00:00,0
TXN0004121,32.0,Online,CA,2024-02-12 22:15:00,0
TXN0004122,64.39,ATM,TX,2024-02-12 22:30:00,0
TXN0004123,16.88,Online,NY,2024-02-12 22:45:00,0
TXN0004124,3.5,POS,FL,2024-02-12 23:00:00,0
TXN0004125,167.17,ATM,FL,2024-02-12 23:15:00,0
TXN0004126,16.33,Transfer,NY,2024-02-12 23:30:00,0
TXN0004127,104.8,Transfer,IL,2024-02-12 23:45:00,0
TXN0004128,33.66,Transfer,WA,2024-02-13 00:00:00,0
TXN0004129,45.09,Online,IL,2024-02-13 00:15:00,0
TXN0004130,180.49,POS,WA,2024-02-13 00:30:00,0
TXN0004131,30.21,ATM,WA,2024-02-13 00:45:00,0
TXN0004132,107.8,Online,NY,2024-02-13 01:00:00,0
TXN0004133,3.38,POS,WA,2024-02-13 01:15:00,0
TXN0004134,57.13,Online,TX,2024-02-13 01:30:00,1
TXN0004135,15.03,Online,WA,2024-02-13 01:45:00,0
TXN0004136,17.1,Online,TX,2024-02-13 02:00:00,0
TXN0004137,20.3,ATM,TX,2024-02-13 02:15:00,0
TXN0004138,30.44,ATM,WA,2024-02-13 02:30:00,0
TXN0004139,146.73,POS,CA,2024-02-13 02:45:00,0
TXN0004140,2.17,Online,NY,2024-02-13 03:00:00,0
TXN0004141,21.18,POS,CA,2024-02-13 03:15:00,0
TXN0004142,8.5,POS,FL,2024-02-13 03:30:00,0
TXN0004143,81.37,Transfer,FL,2024-02-13 03:45:00,0
TXN0004144,12.09,ATM,NY,2024-02-13 04:00:00,0
TXN0004145,34.75,ATM,TX,2024-02-13 04:15:00,0
TXN0004146,12.47,ATM,TX,2024-02-13 04:30:00,0
TXN0004147,44.78,Transfer,WA,2024-02-13 04:45:00,0
TXN0004148,67.88,ATM,IL,2024-02-13 05:00:00,0
TXN0004149,12.47,Online,IL,2024-02-13 05:15:00,0
TXN0004150,21.3,POS,NY,2024-02-13 05:30:00,0
TXN0004151,3.65,Transfer,CA,2024-02-13 05:45:00,0
TXN0004152,28.98,POS,IL,2024-02-13 06:00:00,0
TXN0004153,56.12,Online,WA,2024-02-13 06:15:00,0
TXN0004154,10.31,Transfer,NY,2024-02-13 06:30:00,0
TXN0004155,77.05,ATM,FL,2024-02-13 06:45:00,0
TXN0004156,1.67,Online,TX,2024-02-13 07:00:00,0
TXN0004157,2.18,Online,NY,2024-02-13 07:15:00,0
TXN0004158,3.8,POS,NY,2024-02-13 07:30:00,0
TXN0004159,11.23,Online,IL,2024-02-13 07:45:00,0
TXN0004160,20.54,POS,IL,2024-02-13 08:00:00,0
TXN0004161,18.27,POS,WA,2024-02-13 08:15:00,0
TXN0004162,18.53,POS,TX,2024-02-13 08:30:00,0
TXN0004163,47.86,Transfer,TX,2024-02-13 08:45:00,0
TXN0004164,11.4,Transfer,NY,2024-02-13 09:00:00,0
TXN0004165,4.41,Transfer,TX,2024-02-13 09:15:00,0
TXN0004166,4.52,POS,WA,2024-02-13 09:30:00,0
TXN0004167,253.46,POS,TX,2024-02-13 09:45:00,0
TXN0004168,1.19,POS,WA,2024-02-13 10:00:00,0
TXN0004169,16.26,Online,NY,2024-02-13 10:15:00,0
TXN0004170,115.53,POS,WA,2024-02-13 10:30:00,0
TXN0004171,35.87,ATM,IL,2024-02-13 10:45:00,1
TXN0004172,7.42,ATM,NY,2024-02-13 11:00:00,0
TXN0004173,20.14,POS,WA,2024-02-13 11:15:00,0
TXN0004174,56.64,POS,IL,2024-02-13 11:30:00,0
TXN0004175,85.61,Online,FL,2024-02-13 11:45:00,0
TXN0004176,6.83,POS,IL,2024-02-13 12:00:00,0
TXN0004177,50.03,Transfer,FL,2024-02-13 12:15:00,0
TXN0004178,27.19,Transfer,FL,2024-02-13 12:30:00,0
TXN0004179,75.59,Transfer,IL,2024-02-13 12:45:00,0
TXN0004180,106.54,Online,TX,2024-02-13 13:00:00,0
TXN0004181,13.3,Online,CA,2024-02-13 13:15:00,0
TXN0004182,3.53,Online,TX,2024-02-13 13:30:00,0
TXN0004183,32.3,Online,FL,2024-02-13 13:45:00,0
TXN0004184,169.35,Transfer,IL,2024-02-13 14:00:00,0
TXN0004185,45.73,ATM,CA,2024-02-13 14:15:00,0
TXN0004186,26.47,POS,IL,2024-02-13 14:30:00,0
TXN0004187,358.26,Transfer,TX,2024-02-13 14:45:00,0
TXN0004188,5.77,ATM,FL,2024-02-13 15:00:00,0
TXN0004189,59.36,Online,CA,2024-02-13 15:15:00,0
TXN0004190,10.13,ATM,TX,2024-02-13 15:30:00,0
TXN0004191,21.32,POS,WA,2024-02-13 15:45:00,0
TXN0004192,22.37,Transfer,WA,2024-02-13 16:00:00,0
TXN0004193,123.66,ATM,CA,2024-02-13 16:15:00,0
TXN0004194,6.53,Online,IL,2024-02-13 16:30:00,0
TXN0004195,10.57,POS,WA,2024-02-13 16:45:00,0
TXN0004196,2.97,POS,TX,2024-02-13 17:00:00,0
TXN0004197,36.04,Transfer,NY,2024-02-13 17:15:00,0
TXN0004198,11.59,Transfer,NY,2024-02-13 17:30:00,0
TXN0004199,33.33,Online,FL,2024-02-13 17:45:00,0
TXN0004200,5.54,POS,CA,2024-02-13 18:00:00,0
TXN0004201,13.05,ATM,IL,2024-02-13 18:15:00,0
TXN0004202,69.88,Transfer,WA,2024-02-13 18:30:00,0
TXN0004203,16.29,Online,NY,2024-02-13 18:45:00,0
TXN0004204,42.55,ATM,NY,2024-02-13 19:00:00,0
TXN0004205,37.86,ATM,IL,2024-02-13 19:15:00,0
TXN0004206,13.15,ATM,NY,2024-02-13 19:30:00,0
TXN0004207,3.09,Online,CA,2024-02-13 19:45:00,0
TXN0004208,65.53,Online,NY,2024-02-13 20:00:00,0
TXN0004209,24.65,ATM,FL,2024-02-13 20:15:00,0
TXN0004210,65.36,POS,WA,2024-02-13 20:30:00,0
TXN0004211,1.79,POS,NY,2024-02-13 20:45:00,0
TXN0004212,2.76,POS,NY,2024-02-13 21:00:00,0
TXN0004213,1.54,ATM,CA,2024-02-13 21:15:00,1
TXN0004214,7.01,ATM,CA,2024-02-13 21:30:00,0
TXN0004215,70.13,Online,CA,2024-02-13 21:45:00,0
TXN0004216,39.61,Online,TX,2024-02-13 22:00:00,0
TXN0004217,19.28,Transfer,TX,2024-02-13 22:15:00,0
TXN0004218,23.51,Online,FL,2024-02-13 22:30:00,0
TXN0004219,50.05,ATM,WA,2024-02-13 22:45:00,0
TXN0004220,13.98,Online,FL,2024-02-13 23:00:00,0
TXN0004221,32.31,Online,NY,2024-02-13 23:15:00,0
TXN0004222,23.76,Online,FL,2024-02-13 23:30:00,0
TXN0004223,1.46,Transfer,FL,2024-02-13 23:45:00,0
TXN0004224,12.66,Online,NY,2024-02-14 00:00:00,0
TXN0004225,102.57,Online,FL,2024-02-14 00:15:00,0
TXN0004226,12.49,ATM,TX,2024-02-14 00:30:00,0
TXN0004227,16.92,POS,NY,2024-02-14 00:45:00,0
TXN0004228,9.7,Online,IL,2024-02-14 01:00:00,0
TXN0004229,11.23,POS,FL,2024-02-14 01:15:00,0
TXN0004230,77.39,POS,IL,2024-02-14 01:30:00,0
TXN0004231,14.56,Transfer,WA,2024-02-14 01:45:00,0
TXN0004232,5.89,Online,IL,2024-02-14 02:00:00,0
TXN0004233,0.48,Transfer,FL,2024-02-14 02:15:00,0
TXN0004234,10.1,POS,CA,2024-02-14 02:30:00,0
TXN0004235,1.9,Online,NY,2024-02-14 02:45:00,0
TXN0004236,2.25,ATM,NY,2024-02-14 03:00:00,1
TXN0004237,52.15,Transfer,FL,2024-02-14 03:15:00,0
TXN0004238,47.01,POS,NY,2024-02-14 03:30:00,0
TXN0004239,2.01,Online,TX,2024-02-14 03:45:00,0
TXN0004240,55.8,ATM,IL,2024-02-14 04:00:00,0
TXN0004241,34.86,ATM,IL,2024-02-14 04:15:00,0
TXN0004242,7.84,Online,TX,2024-02-14 04:30:00,0
TXN0004243,48.49,Online,IL,2024-02-14 04:45:00,0
TXN0004244,2.85,Online,NY,2024-02-14 05:00:00,0
TXN0004245,4.73,POS,TX,2024-02-14 05:15:00,0
TXN0004246,3.57,ATM,WA,2024-02-14 05:30:00,0
TXN0004247,5.29,Online,WA,2024-02-14 05:45:00,0
TXN0004248,57.65,Transfer,TX,2024-02-14 06:00:00,0
TXN0004249,4.05,ATM,CA,2024-02-14 06:15:00,0
TXN0004250,5.05,Online,IL,2024-02-14 06:30:00,0
TXN0004251,6.41,POS,IL,2024-02-14 06:45:00,0
TXN0004252,25.4,Online,TX,2024-02-14 07:00:00,0
TXN0004253,13.36,ATM,FL,2024-02-14 07:15:00,0
TXN0004254,56.53,Transfer,WA,2024-02-14 07:30:00,0
TXN0004255,8.55,Transfer,FL,2024-02-14 07:45:00,0
TXN0004256,4.27,Transfer,IL,2024-02-14 08:00:00,0
TXN0004257,10.97,Transfer,CA,2024-02-14 08:15:00,0
TXN0004258,20.94,Online,WA,2024-02-14 08:30:00,0
TXN0004259,6.55,Online,TX,2024-02-14 08:45:00,0
TXN0004260,27.9,ATM,FL,2024-02-14 09:00:00,0
TXN0004261,176.55,POS,CA,2024-02-14 09:15:00,0
TXN0004262,9.92,Transfer,TX,2024-02-14 09:30:00,0
TXN0004263,20.98,ATM,FL,2024-02-14 09:45:00,0
TXN0004264,100.68,POS,CA,2024-02-14 10:00:00,0
TXN0004265,9.12,POS,FL,2024-02-14 10:15:00,0
TXN0004266,7.17,Transfer,TX,2024-02-14 10:30:00,0
TXN0004267,5.33,Online,CA,2024-02-14 10:45:00,0
TXN0004268,31.89,Online,NY,2024-02-14 11:00:00,0
TXN0004269,36.63,POS,IL,2024-02-14 11:15:00,0
TXN0004270,16.51,Online,NY,2024-02-14 11:30:00,0
TXN0004271,20.74,POS,WA,2024-02-14 11:45:00,0
TXN0004272,90.79,ATM,TX,2024-02-14 12:00:00,0
TXN0004273,55.68,Online,NY,2024-02-14 12:15:00,0
TXN0004274,3.65,ATM,TX,2024-02-14 12:30:00,0
TXN0004275,19.39,Online,WA,2024-02-14 12:45:00,0
TXN0004276,22.22,ATM,WA,2024-02-14 13:00:00,0
TXN0004277,46.41,Online,FL,2024-02-14 13:15:00,0
TXN0004278,14.94,Transfer,FL,2024-02-14 13:30:00,0
TXN0004279,9.0,Transfer,FL,2024-02-14 13:45:00,0
TXN0004280,11.25,Transfer,NY,2024-02-14 14:00:00,0
TXN0004281,2.31,POS,FL,2024-02-14 14:15:00,0
TXN0004282,18.87,Transfer,CA,2024-02-14 14:30:00,0
TXN0004283,9.5,ATM,WA,2024-02-14 14:45:00,0
TXN0004284,33.99,Transfer,TX,2024-02-14 15:00:00,0
TXN0004285,5.66,Transfer,CA,2024-02-14 15:15:00,0
TXN0004286,11.48,Online,IL,2024-02-14 15:30:00,0
TXN0004287,5.98,Transfer,FL,2024-02-14 15:45:00,0
TXN0004288,5.38,Online,NY,2024-02-14 16:00:00,0
TXN0004289,44.74,ATM,WA,2024-02-14 16:15:00,0
TXN0004290,11.05,Online,WA,2024-02-14 16:30:00,0
TXN0004291,32.86,Transfer,WA,2024-02-14 16:45:00,0
TXN0004292,5.03,POS,IL,2024-02-14 17:00:00,0
TXN0004293,21.62,Online,TX,2024-02-14 17:15:00,0
TXN0004294,2.53,Transfer,WA,2024-02-14 17:30:00,0
TXN0004295,10.82,Online,IL,2024-02-14 17:45:00,0
TXN0004296,10.5,ATM,WA,2024-02-14 18:00:00,0
TXN0004297,38.58,ATM,WA,2024-02-14 18:15:00,0
TXN0004298,23.78,POS,FL,2024-02-14 18:30:00,0
TXN0004299,15.52,POS,IL,2024-02-14 18:45:00,0
TXN0004300,52.26,POS,FL,2024-02-14 19:00:00,0
TXN0004301,24.05,Online,IL,2024-02-14 19:15:00,0
TXN0004302,36.42,ATM,WA,2024-02-14 19:30:00,0
TXN0004303,47.89,POS,TX,2024-02-14 19:45:00,0
TXN0004304,17.63,POS,IL,2024-02-14 20:00:00,0
TXN0004305,13.42,POS,CA,2024-02-14 20:15:00,0
TXN0004306,28.23,POS,NY,2024-02-14 20:30:00,0
TXN0004307,11.56,Transfer,TX,2024-02-14 20:45:00,0
TXN0004308,30.33,Transfer,FL,2024-02-14 21:00:00,0
TXN0004309,71.9,POS,WA,2024-02-14 21:15:00,0
TXN0004310,53.03,Online,FL,2024-02-14 21:30:00,0
TXN0004311,12.05,Transfer,IL,2024-02-14 21:45:00,0
TXN0004312,4.08,Online,FL,2024-02-14 22:00:00,0
TXN0004313,17.79,Online,WA,2024-02-14 22:15:00,0
TXN0004314,16.36,Transfer,WA,2024-02-14 22:30:00,0
TXN0004315,71.56,Transfer,FL,2024-02-14 22:45:00,0
TXN0004316,12.02,Transfer,TX,2024-02-14 23:00:00,0
TXN0004317,14.8,Transfer,WA,2024-02-14 23:15:00,0
TXN0004318,45.86,Transfer,CA,2024-02-14 23:30:00,0
TXN0004319,10.72,Online,IL,2024-02-14 23:45:00,0
TXN0004320,15.7,ATM,FL,2024-02-15 00:00:00,0
TXN0004321,148.01,Transfer,FL,2024-02-15 00:15:00,1
TXN0004322,113.13,Transfer,NY,2024-02-15 00:30:00,0
TXN0004323,40.37,Transfer,IL,2024-02-15 00:45:00,0
TXN0004324,26.19,Online,WA,2024-02-15 01:00:00,0
TXN0004325,5.95,Transfer,CA,2024-02-15 01:15:00,0
TXN0004326,37.05,ATM,WA,2024-02-15 01:30:00,0
TXN0004327,20.35,Transfer,IL,2024-02-15 01:45:00,1
TXN0004328,24.72,POS,FL,2024-02-15 02:00:00,0
TXN0004329,10.2,POS,IL,2024-02-15 02:15:00,0
TXN0004330,18.71,ATM,CA,2024-02-15 02:30:00,0
TXN0004331,15.22,POS,IL,2024-02-15 02:45:00,0
TXN0004332,27.69,ATM,FL,2024-02-15 03:00:00,0
TXN0004333,104.95,POS,CA,2024-02-15 03:15:00,0
TXN0004334,29.26,Transfer,FL,2024-02-15 03:30:00,0
TXN0004335,2.61,POS,NY,2024-02-15 03:45:00,0
TXN0004336,5.94,ATM,WA,2024-02-15 04:00:00,0
TXN0004337,2.85,Transfer,FL,2024-02-15 04:15:00,0
TXN0004338,7.34,Online,IL,2024-02-15 04:30:00,0
TXN0004339,37.05,ATM,IL,2024-02-15 04:45:00,0
TXN0004340,30.66,POS,IL,2024-02-15 05:00:00,0
TXN0004341,9.26,Transfer,CA,2024-02-15 05:15:00,0
TXN0004342,26.1,Transfer,IL,2024-02-15 05:30:00,0
TXN0004343,7.66,Transfer,WA,2024-02-15 05:45:00,0
TXN0004344,3.46,Online,NY,2024-02-15 06:00:00,0
TXN0004345,3.52,ATM,NY,2024-02-15 06:15:00,0
TXN0004346,6.78,Transfer,CA,2024-02-15 06:30:00,0
TXN0004347,103.91,ATM,TX,2024-02-15 06:45:00,0
TXN0004348,3.81,Online,FL,2024-02-15 07:00:00,0
TXN0004349,84.0,Online,TX,2024-02-15 07:15:00,0
TXN0004350,92.93,ATM,IL,2024-02-15 07:30:00,0
TXN0004351,15.23,ATM,NY,2024-02-15 07:45:00,0
TXN0004352,17.86,Transfer,FL,2024-02-15 08:00:00,0
TXN0004353,9.09,ATM,TX,2024-02-15 08:15:00,0
TXN0004354,18.38,ATM,IL,2024-02-15 08:30:00,0
TXN0004355,41.62,Online,IL,2024-02-15 08:45:00,0
TXN0004356,19.12,ATM,TX,2024-02-15 09:00:00,0
TXN0004357,62.42,Online,IL,2024-02-15 09:15:00,0
TXN0004358,78.29,Transfer,TX,2024-02-15 09:30:00,0
TXN0004359,28.52,Transfer,NY,2024-02-15 09:45:00,0
TXN0004360,27.96,ATM,CA,2024-02-15 10:00:00,0
TXN0004361,17.55,Online,WA,2024-02-15 10:15:00,0
TXN0004362,28.6,Transfer,NY,2024-02-15 10:30:00,0
TXN0004363,4.97,Transfer,WA,2024-02-15 10:45:00,0
TXN0004364,30.69,Transfer,TX,2024-02-15 11:00:00,0
TXN0004365,24.14,ATM,CA,2024-02-15 11:15:00,0
TXN0004366,6.72,ATM,WA,2024-02-15 11:30:00,0
TXN0004367,248.43,Transfer,TX,2024-02-15 11:45:00,0
TXN0004368,5.89,Transfer,IL,2024-02-15 12:00:00,0
TXN0004369,6.67,ATM,WA,2024-02-15 12:15:00,0
TXN0004370,26.34,ATM,WA,2024-02-15 12:30:00,0
TXN0004371,1.85,ATM,WA,2024-02-15 12:45:00,0
TXN0004372,7.31,POS,WA,2024-02-15 13:00:00,0
TXN0004373,3.04,Online,IL,2024-02-15 13:15:00,0
TXN0004374,5.93,Online,NY,2024-02-15 13:30:00,0
TXN0004375,16.08,ATM,NY,2024-02-15 13:45:00,0
TXN0004376,27.64,POS,NY,2024-02-15 14:00:00,0
TXN0004377,70.7,Transfer,IL,2024-02-15 14:15:00,0
TXN0004378,49.49,POS,IL,2024-02-15 14:30:00,0
TXN0004379,77.86,Online,IL,2024-02-15 14:45:00,0
TXN0004380,38.12,POS,IL,2024-02-15 15:00:00,0
TXN0004381,10.75,Transfer,NY,2024-02-15 15:15:00,0
TXN0004382,71.63,ATM,IL,2024-02-15 15:30:00,0
TXN0004383,10.49,POS,TX,2024-02-15 15:45:00,0
TXN0004384,9.02,ATM,NY,2024-02-15 16:00:00,0
TXN0004385,117.59,ATM,FL,2024-02-15 16:15:00,0
TXN0004386,48.38,Transfer,WA,2024-02-15 16:30:00,0
TXN0004387,24.48,Transfer,TX,2024-02-15 16:45:00,0
TXN0004388,46.34,POS,WA,2024-02-15 17:00:00,0
TXN0004389,53.92,Transfer,IL,2024-02-15 17:15:00,0
TXN0004390,3.68,POS,TX,2024-02-15 17:30:00,0
TXN0004391,16.81,POS,WA,2024-02-15 17:45:00,0
TXN0004392,4.58,Online,NY,2024-02-15 18:00:00,0
TXN0004393,21.77,ATM,CA,2024-02-15 18:15:00,0
TXN0004394,8.41,POS,CA,2024-02-15 18:30:00,0
TXN0004395,95.8,Transfer,CA,2024-02-15 18:45:00,0
TXN0004396,35.0,ATM,WA,2024-02-15 19:00:00,0
TXN0004397,7.11,Transfer,TX,2024-02-15 19:15:00,0
TXN0004398,18.39,Online,CA,2024-02-15 19:30:00,0
TXN0004399,4.4,ATM,WA,2024-02-15 19:45:00,0
TXN0004400,19.73,Online,IL,2024-02-15 20:00:00,0
TXN0004401,36.21,Transfer,IL,2024-02-15 20:15:00,0
TXN0004402,25.76,POS,FL,2024-02-15 20:30:00,0
TXN0004403,1.86,ATM,FL,2024-02-15 20:45:00,0
TXN0004404,12.57,Transfer,NY,2024-02-15 21:00:00,0
TXN0004405,34.57,ATM,FL,2024-02-15 21:15:00,0
TXN0004406,27.1,ATM,WA,2024-02-15 21:30:00,0
TXN0004407,75.37,POS,WA,2024-02-15 21:45:00,0
TXN0004408,4.02,POS,FL,2024-02-15 22:00:00,0
TXN0004409,35.17,POS,WA,2024-02-15 22:15:00,1
TXN0004410,8.6,Online,NY,2024-02-15 22:30:00,0
TXN0004411,23.71,POS,IL,2024-02-15 22:45:00,0
TXN0004412,30.52,Online,FL,2024-02-15 23:00:00,0
TXN0004413,42.76,Transfer,WA,2024-02-15 23:15:00,0
TXN0004414,9.39,POS,WA,2024-02-15 23:30:00,0
TXN0004415,23.42,Transfer,CA,2024-02-15 23:45:00,1
TXN0004416,4.62,Online,NY,2024-02-16 00:00:00,0
TXN0004417,3.45,Transfer,FL,2024-02-16 00:15:00,0
TXN0004418,36.5,POS,FL,2024-02-16 00:30:00,0
TXN0004419,17.57,POS,TX,2024-02-16 00:45:00,0
TXN0004420,2.69,Online,WA,2024-02-16 01:00:00,1
TXN0004421,6.76,Transfer,IL,2024-02-16 01:15:00,0
TXN0004422,19.18,ATM,TX,2024-02-16 01:30:00,0
TXN0004423,121.05,ATM,TX,2024-02-16 01:45:00,0
TXN0004424,65.63,Online,TX,2024-02-16 02:00:00,0
TXN0004425,48.81,Online,IL,2024-02-16 02:15:00,0
TXN0004426,2.2,Online,FL,2024-02-16 02:30:00,0
TXN0004427,16.67,POS,TX,2024-02-16 02:45:00,0
TXN0004428,33.2,Online,IL,2024-02-16 03:00:00,0
TXN0004429,30.04,Online,TX,2024-02-16 03:15:00,0
TXN0004430,30.85,Transfer,WA,2024-02-16 03:30:00,0
TXN0004431,14.16,ATM,CA,2024-02-16 03:45:00,0
TXN0004432,154.27,ATM,NY,2024-02-16 04:00:00,0
TXN0004433,110.06,Transfer,IL,2024-02-16 04:15:00,0
TXN0004434,16.74,ATM,TX,2024-02-16 04:30:00,0
TXN0004435,5.78,POS,NY,2024-02-16 04:45:00,0
TXN0004436,219.98,POS,WA,2024-02-16 05:00:00,0
TXN0004437,9.65,POS,TX,2024-02-16 05:15:00,0
TXN0004438,78.69,Transfer,WA,2024-02-16 05:30:00,0
TXN0004439,184.98,Online,IL,2024-02-16 05:45:00,0
TXN0004440,6.04,ATM,TX,2024-02-16 06:00:00,0
TXN0004441,26.53,POS,TX,2024-02-16 06:15:00,0
TXN0004442,12.34,Transfer,WA,2024-02-16 06:30:00,0
TXN0004443,34.73,ATM,FL,2024-02-16 06:45:00,0
TXN0004444,27.5,Online,NY,2024-02-16 07:00:00,0
TXN0004445,193.23,Transfer,IL,2024-02-16 07:15:00,0
TXN0004446,38.01,Transfer,NY,2024-02-16 07:30:00,0
TXN0004447,18.53,POS,FL,2024-02-16 07:45:00,0
TXN0004448,72.28,Transfer,FL,2024-02-16 08:00:00,0
TXN0004449,13.51,POS,FL,2024-02-16 08:15:00,0
TXN0004450,12.08,Online,NY,2024-02-16 08:30:00,0
TXN0004451,274.63,Transfer,TX,2024-02-16 08:45:00,0
TXN0004452,6.99,ATM,WA,2024-02-16 09:00:00,0
TXN0004453,10.41,Online,IL,2024-02-16 09:15:00,0
TXN0004454,19.74,Transfer,TX,2024-02-16 09:30:00,0
TXN0004455,5.27,POS,TX,2024-02-16 09:45:00,0
TXN0004456,1.49,Transfer,CA,2024-02-16 10:00:00,0
TXN0004457,66.43,POS,FL,2024-02-16 10:15:00,0
TXN0004458,7.3,ATM,CA,2024-02-16 10:30:00,0
TXN0004459,9.78,Transfer,CA,2024-02-16 10:45:00,0
TXN0004460,11.97,Online,NY,2024-02-16 11:00:00,0
TXN0004461,5.77,ATM,NY,2024-02-16 11:15:00,0
TXN0004462,5.16,ATM,IL,2024-02-16 11:30:00,0
TXN0004463,22.7,Transfer,IL,2024-02-16 11:45:00,0
TXN0004464,332.48,Online,TX,2024-02-16 12:00:00,0
TXN0004465,45.29,Transfer,CA,2024-02-16 12:15:00,0
TXN0004466,45.86,Online,WA,2024-02-16 12:30:00,0
TXN0004467,3.07,Transfer,IL,2024-02-16 12:45:00,0
TXN0004468,18.18,POS,CA,2024-02-16 13:00:00,0
TXN0004469,4.52,Transfer,TX,2024-02-16 13:15:00,0
TXN0004470,47.27,ATM,IL,2024-02-16 13:30:00,0
TXN0004471,14.24,Online,IL,2024-02-16 13:45:00,0
TXN0004472,19.59,Transfer,FL,2024-02-16 14:00:00,0
TXN0004473,16.83,Transfer,WA,2024-02-16 14:15:00,0
TXN0004474,9.29,POS,WA,2024-02-16 14:30:00,0
TXN0004475,3.02,Transfer,TX,2024-02-16 14:45:00,0
TXN0004476,37.52,ATM,TX,2024-02-16 15:00:00,0
TXN0004477,3.56,POS,IL,2024-02-16 15:15:00,0
TXN0004478,4.54,Online,CA,2024-02-16 15:30:00,0
TXN0004479,13.09,Online,IL,2024-02-16 15:45:00,0
TXN0004480,8.02,Transfer,WA,2024-02-16 16:00:00,1
TXN0004481,25.62,POS,WA,2024-02-16 16:15:00,0
TXN0004482,62.91,POS,CA,2024-02-16 16:30:00,0
TXN0004483,25.23,Transfer,IL,2024-02-16 16:45:00,0
TXN0004484,23.71,ATM,CA,2024-02-16 17:00:00,0
TXN0004485,19.24,ATM,TX,2024-02-16 17:15:00,0
TXN0004486,52.4,Transfer,FL,2024-02-16 17:30:00,0
TXN0004487,2.04,POS,NY,2024-02-16 17:45:00,0
TXN0004488,29.07,ATM,NY,2024-02-16 18:00:00,0
TXN0004489,6.11,Online,NY,2024-02-16 18:15:00,0
TXN0004490,4.26,Online,NY,2024-02-16 18:30:00,0
TXN0004491,18.82,Transfer,WA,2024-02-16 18:45:00,0
TXN0004492,11.76,POS,IL,2024-02-16 19:00:00,0
TXN0004493,37.68,Online,TX,2024-02-16 19:15:00,0
TXN0004494,70.11,ATM,TX,2024-02-16 19:30:00,1
TXN0004495,1.15,Online,FL,2024-02-16 19:45:00,0
TXN0004496,17.16,ATM,TX,2024-02-16 20:00:00,0
TXN0004497,196.22,Transfer,NY,2024-02-16 20:15:00,1
TXN0004498,53.0,Transfer,WA,2024-02-16 20:30:00,0
TXN0004499,106.15,ATM,CA,2024-02-16 20:45:00,0
TXN0004500,21.14,POS,IL,2024-02-16 21:00:00,0
TXN0004501,3.34,POS,WA,2024-02-16 21:15:00,0
TXN0004502,4.85,Transfer,IL,2024-02-16 21:30:00,0
TXN0004503,43.96,ATM,WA,2024-02-16 21:45:00,0
TXN0004504,59.14,POS,CA,2024-02-16 22:00:00,0
TXN0004505,7.78,ATM,NY,2024-02-16 22:15:00,0
TXN0004506,13.56,POS,IL,2024-02-16 22:30:00,1
TXN0004507,25.61,ATM,IL,2024-02-16 22:45:00,0
TXN0004508,2.29,ATM,TX,2024-02-16 23:00:00,0
TXN0004509,12.3,ATM,TX,2024-02-16 23:15:00,0
TXN0004510,130.47,Transfer,NY,2024-02-16 23:30:00,0
TXN0004511,257.76,Online,CA,2024-02-16 23:45:00,0
TXN0004512,16.44,ATM,CA,2024-02-17 00:00:00,0
TXN0004513,168.55,Online,NY,2024-02-17 00:15:00,0
TXN0004514,9.97,Online,CA,2024-02-17 00:30:00,0
TXN0004515,7.08,POS,TX,2024-02-17 00:45:00,0
TXN0004516,1.28,POS,FL,2024-02-17 01:00:00,0
TXN0004517,59.01,POS,IL,2024-02-17 01:15:00,0
TXN0004518,11.95,Transfer,NY,2024-02-17 01:30:00,0
TXN0004519,310.22,ATM,TX,2024-02-17 01:45:00,0
TXN0004520,27.87,Transfer,FL,2024-02-17 02:00:00,0
TXN0004521,23.48,Transfer,CA,2024-02-17 02:15:00,0
TXN0004522,2.14,POS,TX,2024-02-17 02:30:00,0
TXN0004523,113.31,Online,TX,2024-02-17 02:45:00,0
TXN0004524,12.12,Transfer,NY,2024-02-17 03:00:00,0
TXN0004525,15.44,Online,NY,2024-02-17 03:15:00,0
TXN0004526,1.33,Online,WA,2024-02-17 03:30:00,0
TXN0004527,56.94,Transfer,IL,2024-02-17 03:45:00,0
TXN0004528,61.38,Transfer,IL,2024-02-17 04:00:00,0
TXN0004529,9.06,ATM,CA,2024-02-17 04:15:00,0
TXN0004530,20.96,Transfer,TX,2024-02-17 04:30:00,0
TXN0004531,30.03,POS,CA,2024-02-17 04:45:00,0
TXN0004532,59.55,Online,NY,2024-02-17 05:00:00,0
TXN0004533,21.26,Online,FL,2024-02-17 05:15:00,0
TXN0004534,148.26,Transfer,TX,2024-02-17 05:30:00,0
TXN0004535,14.03,Online,TX,2024-02-17 05:45:00,0
TXN0004536,9.06,POS,FL,2024-02-17 06:00:00,0
TXN0004537,10.72,Transfer,WA,2024-02-17 06:15:00,0
TXN0004538,0.89,Transfer,WA,2024-02-17 06:30:00,0
TXN0004539,7.13,ATM,TX,2024-02-17 06:45:00,0
TXN0004540,62.86,Transfer,NY,2024-02-17 07:00:00,0
TXN0004541,25.81,Online,CA,2024-02-17 07:15:00,0
TXN0004542,7.03,Transfer,NY,2024-02-17 07:30:00,0
TXN0004543,28.59,POS,WA,2024-02-17 07:45:00,0
TXN0004544,1.67,POS,FL,2024-02-17 08:00:00,0
TXN0004545,13.36,POS,FL,2024-02-17 08:15:00,0
TXN0004546,35.3,ATM,WA,2024-02-17 08:30:00,0
TXN0004547,43.46,Transfer,NY,2024-02-17 08:45:00,0
TXN0004548,7.42,Transfer,WA,2024-02-17 09:00:00,0
TXN0004549,56.25,Online,NY,2024-02-17 09:15:00,0
TXN0004550,177.36,Transfer,IL,2024-02-17 09:30:00,0
TXN0004551,11.27,POS,FL,2024-02-17 09:45:00,0
TXN0004552,45.79,Transfer,TX,2024-02-17 10:00:00,0
TXN0004553,2.9,Transfer,WA,2024-02-17 10:15:00,0
TXN0004554,1.79,ATM,NY,2024-02-17 10:30:00,0
TXN0004555,39.27,ATM,NY,2024-02-17 10:45:00,0
TXN0004556,19.83,ATM,WA,2024-02-17 11:00:00,0
TXN0004557,23.94,ATM,IL,2024-02-17 11:15:00,0
TXN0004558,9.36,Online,IL,2024-02-17 11:30:00,0
TXN0004559,13.25,POS,CA,2024-02-17 11:45:00,0
TXN0004560,49.89,POS,FL,2024-02-17 12:00:00,0
TXN0004561,148.24,POS,FL,2024-02-17 12:15:00,0
TXN0004562,14.54,Online,TX,2024-02-17 12:30:00,0
TXN0004563,2.6,Online,CA,2024-02-17 12:45:00,0
TXN0004564,87.09,POS,TX,2024-02-17 13:00:00,0
TXN0004565,38.9,POS,WA,2024-02-17 13:15:00,0
TXN0004566,42.79,Transfer,WA,2024-02-17 13:30:00,0
TXN0004567,23.49,POS,TX,2024-02-17 13:45:00,0
TXN0004568,306.94,Online,WA,2024-02-17 14:00:00,0
TXN0004569,20.67,POS,NY,2024-02-17 14:15:00,0
TXN0004570,35.01,Online,TX,2024-02-17 14:30:00,0
TXN0004571,2.04,Transfer,FL,2024-02-17 14:45:00,0
TXN0004572,9.42,Online,WA,2024-02-17 15:00:00,0
TXN0004573,8.28,POS,FL,2024-02-17 15:15:00,0
TXN0004574,18.22,POS,CA,2024-02-17 15:30:00,0
TXN0004575,28.69,ATM,TX,2024-02-17 15:45:00,0
TXN0004576,7.68,Transfer,IL,2024-02-17 16:00:00,0
TXN0004577,150.9,Online,NY,2024-02-17 16:15:00,0
TXN0004578,5.26,Transfer,NY,2024-02-17 16:30:00,0
TXN0004579,11.0,POS,WA,2024-02-17 16:45:00,0
TXN0004580,25.14,POS,FL,2024-02-17 17:00:00,0
TXN0004581,4.21,Transfer,IL,2024-02-17 17:15:00,0
TXN0004582,37.47,ATM,FL,2024-02-17 17:30:00,0
TXN0004583,40.38,Online,CA,2024-02-17 17:45:00,0
TXN0004584,13.3,ATM,TX,2024-02-17 18:00:00,0
TXN0004585,186.92,Online,IL,2024-02-17 18:15:00,0
TXN0004586,20.84,ATM,CA,2024-02-17 18:30:00,0
TXN0004587,26.47,Online,CA,2024-02-17 18:45:00,0
TXN0004588,5.96,ATM,IL,2024-02-17 19:00:00,0
TXN0004589,2.53,Online,IL,2024-02-17 19:15:00,0
TXN0004590,8.85,ATM,CA,2024-02-17 19:30:00,0
TXN0004591,12.84,Online,WA,2024-02-17 19:45:00,0
TXN0004592,10.93,Online,NY,2024-02-17 20:00:00,0
TXN0004593,47.54,Online,NY,2024-02-17 20:15:00,0
TXN0004594,1.08,ATM,TX,2024-02-17 20:30:00,0
TXN0004595,4.84,Online,FL,2024-02-17 20:45:00,0
TXN0004596,2.11,POS,FL,2024-02-17 21:00:00,0
TXN0004597,94.6,POS,CA,2024-02-17 21:15:00,0
TXN0004598,9.58,Online,NY,2024-02-17 21:30:00,0
TXN0004599,10.18,ATM,IL,2024-02-17 21:45:00,0
TXN0004600,5.03,Online,TX,2024-02-17 22:00:00,0
TXN0004601,55.63,Transfer,FL,2024-02-17 22:15:00,0
TXN0004602,11.52,Transfer,FL,2024-02-17 22:30:00,0
TXN0004603,24.67,ATM,IL,2024-02-17 22:45:00,0
TXN0004604,1.64,Transfer,NY,2024-02-17 23:00:00,0
TXN0004605,77.14,Online,CA,2024-02-17 23:15:00,0
TXN0004606,30.37,POS,NY,2024-02-17 23:30:00,0
TXN0004607,36.68,Transfer,NY,2024-02-17 23:45:00,0
TXN0004608,83.47,ATM,IL,2024-02-18 00:00:00,1
TXN0004609,14.99,ATM,FL,2024-02-18 00:15:00,0
TXN0004610,15.47,Online,WA,2024-02-18 00:30:00,0
TXN0004611,44.81,Transfer,WA,2024-02-18 00:45:00,0
TXN0004612,31.59,POS,FL,2024-02-18 01:00:00,0
TXN0004613,14.1,Transfer,IL,2024-02-18 01:15:00,0
TXN0004614,19.95,Online,TX,2024-02-18 01:30:00,0
TXN0004615,10.33,Online,FL,2024-02-18 01:45:00,0
TXN0004616,44.68,ATM,WA,2024-02-18 02:00:00,0
TXN0004617,58.13,Transfer,IL,2024-02-18 02:15:00,0
TXN0004618,19.05,ATM,CA,2024-02-18 02:30:00,0
TXN0004619,181.05,Transfer,TX,2024-02-18 02:45:00,0
TXN0004620,2.98,Online,NY,2024-02-18 03:00:00,0
TXN0004621,14.31,POS,NY,2024-02-18 03:15:00,0
TXN0004622,148.14,ATM,IL,2024-02-18 03:30:00,0
TXN0004623,11.41,Transfer,NY,2024-02-18 03:45:00,0
TXN0004624,2.77,Transfer,NY,2024-02-18 04:00:00,0
TXN0004625,101.43,POS,WA,2024-02-18 04:15:00,0
TXN0004626,36.52,Transfer,TX,2024-02-18 04:30:00,0
TXN0004627,4.51,Online,CA,2024-02-18 04:45:00,0
TXN0004628,48.13,ATM,WA,2024-02-18 05:00:00,0
TXN0004629,5.54,ATM,IL,2024-02-18 05:15:00,0
TXN0004630,3.78,Online,NY,2024-02-18 05:30:00,0
TXN0004631,15.79,Transfer,CA,2024-02-18 05:45:00,0
TXN0004632,10.64,Transfer,TX,2024-02-18 06:00:00,0
TXN0004633,5.06,ATM,TX,2024-02-18 06:15:00,0
TXN0004634,12.22,Transfer,FL,2024-02-18 06:30:00,0
TXN0004635,5.67,Transfer,TX,2024-02-18 06:45:00,0
TXN0004636,20.39,Transfer,FL,2024-02-18 07:00:00,0
TXN0004637,18.45,Online,TX,2024-02-18 07:15:00,0
TXN0004638,46.48,Transfer,TX,2024-02-18 07:30:00,0
TXN0004639,10.98,ATM,NY,2024-02-18 07:45:00,0
TXN0004640,3.82,Transfer,NY,2024-02-18 08:00:00,0
TXN0004641,3.88,POS,CA,2024-02-18 08:15:00,0
TXN0004642,14.12,ATM,IL,2024-02-18 08:30:00,0
TXN0004643,120.41,Transfer,TX,2024-02-18 08:45:00,0
TXN0004644,52.66,Transfer,IL,2024-02-18 09:00:00,0
TXN0004645,8.77,Online,TX,2024-02-18 09:15:00,0
TXN0004646,58.94,Online,TX,2024-02-18 09:30:00,0
TXN0004647,4.7,Online,TX,2024-02-18 09:45:00,0
TXN0004648,64.22,POS,CA,2024-02-18 10:00:00,0
TXN0004649,11.97,ATM,TX,2024-02-18 10:15:00,0
TXN0004650,47.85,ATM,NY,2024-02-18 10:30:00,0
TXN0004651,40.14,POS,CA,2024-02-18 10:45:00,0
TXN0004652,13.6,Transfer,TX,2024-02-18 11:00:00,0
TXN0004653,28.16,Online,WA,2024-02-18 11:15:00,0
TXN0004654,5.26,POS,CA,2024-02-18 11:30:00,0
TXN0004655,17.37,Transfer,TX,2024-02-18 11:45:00,0
TXN0004656,69.9,POS,WA,2024-02-18 12:00:00,1
TXN0004657,2627.87,POS,NY,2024-02-18 12:15:00,0
TXN0004658,44.25,Online,FL,2024-02-18 12:30:00,0
TXN0004659,21.11,Online,IL,2024-02-18 12:45:00,0
TXN0004660,5.62,POS,NY,2024-02-18 13:00:00,0
TXN0004661,67.94,ATM,WA,2024-02-18 13:15:00,0
TXN0004662,2.59,POS,IL,2024-02-18 13:30:00,0
TXN0004663,7.23,Transfer,FL,2024-02-18 13:45:00,0
TXN0004664,29.23,ATM,NY,2024-02-18 14:00:00,0
TXN0004665,4.45,POS,CA,2024-02-18 14:15:00,0
TXN0004666,121.26,POS,IL,2024-02-18 14:30:00,0
TXN0004667,70.79,Transfer,NY,2024-02-18 14:45:00,0
TXN0004668,9.59,POS,NY,2024-02-18 15:00:00,0
TXN0004669,9.74,Online,CA,2024-02-18 15:15:00,0
TXN0004670,3.89,Transfer,NY,2024-02-18 15:30:00,0
TXN0004671,3.52,Transfer,CA,2024-02-18 15:45:00,0
TXN0004672,32.37,ATM,IL,2024-02-18 16:00:00,1
TXN0004673,40.25,ATM,CA,2024-02-18 16:15:00,0
TXN0004674,29.01,Online,TX,2024-02-18 16:30:00,0
TXN0004675,26.17,ATM,CA,2024-02-18 16:45:00,0
TXN0004676,9.68,Online,IL,2024-02-18 17:00:00,0
TXN0004677,29.32,POS,IL,2024-02-18 17:15:00,0
TXN0004678,3.23,ATM,WA,2024-02-18 17:30:00,0
TXN0004679,19.19,Online,CA,2024-02-18 17:45:00,0
TXN0004680,112.07,POS,TX,2024-02-18 18:00:00,0
TXN0004681,93.45,POS,TX,2024-02-18 18:15:00,0
TXN0004682,10.88,POS,CA,2024-02-18 18:30:00,0
TXN0004683,12.71,Online,WA,2024-02-18 18:45:00,0
TXN0004684,99.86,ATM,FL,2024-02-18 19:00:00,0
TXN0004685,163.57,Online,CA,2024-02-18 19:15:00,0
TXN0004686,3.14,ATM,TX,2024-02-18 19:30:00,0
TXN0004687,11.37,Transfer,NY,2024-02-18 19:45:00,0
TXN0004688,25.2,POS,IL,2024-02-18 20:00:00,0
TXN0004689,82.46,POS,FL,2024-02-18 20:15:00,0
TXN0004690,6.93,ATM,CA,2024-02-18 20:30:00,0
TXN0004691,41.21,Transfer,FL,2024-02-18 20:45:00,0
TXN0004692,13.24,ATM,NY,2024-02-18 21:00:00,0
TXN0004693,332.46,Transfer,TX,2024-02-18 21:15:00,1
TXN0004694,31.92,POS,IL,2024-02-18 21:30:00,0
TXN0004695,16.17,ATM,NY,2024-02-18 21:45:00,0
TXN0004696,12.7,ATM,TX,2024-02-18 22:00:00,0
TXN0004697,67.84,POS,WA,2024-02-18 22:15:00,0
TXN0004698,43.11,ATM,NY,2024-02-18 22:30:00,1
TXN0004699,5.16,Online,NY,2024-02-18 22:45:00,0
TXN0004700,24.71,Online,CA,2024-02-18 23:00:00,0
TXN0004701,3.79,Transfer,TX,2024-02-18 23:15:00,0
TXN0004702,7.65,Transfer,NY,2024-02-18 23:30:00,0
TXN0004703,4.0,Online,CA,2024-02-18 23:45:00,0
TXN0004704,3.85,Transfer,CA,2024-02-19 00:00:00,0
TXN0004705,8.32,POS,FL,2024-02-19 00:15:00,0
TXN0004706,5.84,Online,TX,2024-02-19 00:30:00,0
TXN0004707,35.94,Transfer,CA,2024-02-19 00:45:00,0
TXN0004708,49.7,Transfer,TX,2024-02-19 01:00:00,0
TXN0004709,14.27,Transfer,WA,2024-02-19 01:15:00,0
TXN0004710,4.94,Transfer,TX,2024-02-19 01:30:00,0
TXN0004711,50.15,ATM,CA,2024-02-19 01:45:00,0
TXN0004712,1.66,POS,WA,2024-02-19 02:00:00,0
TXN0004713,1.86,ATM,CA,2024-02-19 02:15:00,0
TXN0004714,45.73,POS,WA,2024-02-19 02:30:00,0
TXN0004715,41.96,Transfer,FL,2024-02-19 02:45:00,0
TXN0004716,61.59,POS,WA,2024-02-19 03:00:00,0
TXN0004717,14.68,Transfer,CA,2024-02-19 03:15:00,0
TXN0004718,4.16,Transfer,NY,2024-02-19 03:30:00,0
TXN0004719,10.3,ATM,CA,2024-02-19 03:45:00,0
TXN0004720,37.69,ATM,NY,2024-02-19 04:00:00,0
TXN0004721,7.56,POS,TX,2024-02-19 04:15:00,0
TXN0004722,8.17,Online,CA,2024-02-19 04:30:00,0
TXN0004723,3.55,Online,FL,2024-02-19 04:45:00,0
TXN0004724,4.68,ATM,CA,2024-02-19 05:00:00,0
TXN0004725,52.58,Transfer,WA,2024-02-19 05:15:00,0
TXN0004726,32.92,Transfer,TX,2024-02-19 05:30:00,0
TXN0004727,4.7,Transfer,IL,2024-02-19 05:45:00,0
TXN0004728,5.18,Transfer,TX,2024-02-19 06:00:00,0
TXN0004729,9.67,ATM,WA,2024-02-19 06:15:00,0
TXN0004730,36.85,Transfer,TX,2024-02-19 06:30:00,0
TXN0004731,4.66,Transfer,WA,2024-02-19 06:45:00,0
TXN0004732,15.54,ATM,IL,2024-02-19 07:00:00,0
TXN0004733,1.44,Online,NY,2024-02-19 07:15:00,0
TXN0004734,4.18,Online,WA,2024-02-19 07:30:00,0
TXN0004735,31.61,Online,FL,2024-02-19 07:45:00,0
TXN0004736,56.17,POS,FL,2024-02-19 08:00:00,0
TXN0004737,4.72,ATM,FL,2024-02-19 08:15:00,0
TXN0004738,7.49,POS,WA,2024-02-19 08:30:00,0
TXN0004739,49.8,Transfer,IL,2024-02-19 08:45:00,0
TXN0004740,11.9,POS,FL,2024-02-19 09:00:00,0
TXN0004741,9.92,Transfer,WA,2024-02-19 09:15:00,0
TXN0004742,35.59,Transfer,TX,2024-02-19 09:30:00,0
TXN0004743,24.12,ATM,TX,2024-02-19 09:45:00,0
TXN0004744,72.72,Online,WA,2024-02-19 10:00:00,0
TXN0004745,49.59,Online,WA,2024-02-19 10:15:00,0
TXN0004746,9.52,Transfer,TX,2024-02-19 10:30:00,0
TXN0004747,16.51,ATM,NY,2024-02-19 10:45:00,0
TXN0004748,17.72,Online,CA,2024-02-19 11:00:00,0
TXN0004749,3.72,ATM,IL,2024-02-19 11:15:00,0
TXN0004750,5.9,Online,TX,2024-02-19 11:30:00,0
TXN0004751,61.47,Transfer,NY,2024-02-19 11:45:00,1
TXN0004752,2.82,POS,TX,2024-02-19 12:00:00,0
TXN0004753,63.2,Transfer,IL,2024-02-19 12:15:00,0
TXN0004754,26.89,ATM,IL,2024-02-19 12:30:00,0
TXN0004755,16.13,Transfer,IL,2024-02-19 12:45:00,0
TXN0004756,36.48,Online,FL,2024-02-19 13:00:00,0
TXN0004757,33.86,ATM,IL,2024-02-19 13:15:00,0
TXN0004758,81.85,POS,WA,2024-02-19 13:30:00,0
TXN0004759,11.78,Transfer,WA,2024-02-19 13:45:00,0
TXN0004760,14.49,POS,WA,2024-02-19 14:00:00,0
TXN0004761,14.19,POS,NY,2024-02-19 14:15:00,0
TXN0004762,184.24,Online,TX,2024-02-19 14:30:00,0
TXN0004763,59.63,POS,WA,2024-02-19 14:45:00,0
TXN0004764,6.27,POS,WA,2024-02-19 15:00:00,0
TXN0004765,12.78,ATM,CA,2024-02-19 15:15:00,0
TXN0004766,8.17,POS,FL,2024-02-19 15:30:00,0
TXN0004767,19.42,POS,CA,2024-02-19 15:45:00,0
TXN0004768,24.73,Online,NY,2024-02-19 16:00:00,0
TXN0004769,302.41,Transfer,NY,2024-02-19 16:15:00,0
TXN0004770,2.12,ATM,FL,2024-02-19 16:30:00,0
TXN0004771,65.98,POS,WA,2024-02-19 16:45:00,0
TXN0004772,32.36,ATM,NY,2024-02-19 17:00:00,0
TXN0004773,8.22,ATM,NY,2024-02-19 17:15:00,0
TXN0004774,15.98,ATM,TX,2024-02-19 17:30:00,0
TXN0004775,10.54,Online,TX,2024-02-19 17:45:00,0
TXN0004776,20.34,POS,NY,2024-02-19 18:00:00,0
TXN0004777,64.37,Transfer,TX,2024-02-19 18:15:00,0
TXN0004778,3.08,Transfer,NY,2024-02-19 18:30:00,0
TXN0004779,93.13,POS,NY,2024-02-19 18:45:00,0
TXN0004780,12.23,POS,NY,2024-02-19 19:00:00,0
TXN0004781,117.03,ATM,IL,2024-02-19 19:15:00,0
TXN0004782,31.5,ATM,IL,2024-02-19 19:30:00,0
TXN0004783,84.68,Transfer,FL,2024-02-19 19:45:00,0
TXN0004784,37.94,POS,IL,2024-02-19 20:00:00,0
TXN0004785,70.92,ATM,FL,2024-02-19 20:15:00,0
TXN0004786,20.56,POS,FL,2024-02-19 20:30:00,0
TXN0004787,7.06,ATM,TX,2024-02-19 20:45:00,0
TXN0004788,43.18,Online,CA,2024-02-19 21:00:00,0
TXN0004789,45.24,Online,FL,2024-02-19 21:15:00,0
TXN0004790,240.46,ATM,WA,2024-02-19 21:30:00,0
TXN0004791,1.73,POS,CA,2024-02-19 21:45:00,0
TXN0004792,15.18,POS,NY,2024-02-19 22:00:00,0
TXN0004793,69.08,POS,IL,2024-02-19 22:15:00,0
TXN0004794,4.26,Online,TX,2024-02-19 22:30:00,0
TXN0004795,14.65,ATM,TX,2024-02-19 22:45:00,1
TXN0004796,246.22,POS,CA,2024-02-19 23:00:00,0
TXN0004797,105.98,POS,FL,2024-02-19 23:15:00,0
TXN0004798,6.69,Transfer,CA,2024-02-19 23:30:00,0
TXN0004799,107.29,POS,FL,2024-02-19 23:45:00,0
TXN0004800,80.2,ATM,NY,2024-02-20 00:00:00,0
TXN0004801,49.18,ATM,CA,2024-02-20 00:15:00,0
TXN0004802,30.55,ATM,IL,2024-02-20 00:30:00,0
TXN0004803,25.74,POS,WA,2024-02-20 00:45:00,0
TXN0004804,6.79,ATM,WA,2024-02-20 01:00:00,0
TXN0004805,10.39,Transfer,TX,2024-02-20 01:15:00,0
TXN0004806,46.69,POS,CA,2024-02-20 01:30:00,0
TXN0004807,22.92,POS,FL,2024-02-20 01:45:00,0
TXN0004808,178.89,Online,TX,2024-02-20 02:00:00,0
TXN0004809,12.96,POS,WA,2024-02-20 02:15:00,0
TXN0004810,1.08,Online,FL,2024-02-20 02:30:00,0
TXN0004811,12.96,ATM,CA,2024-02-20 02:45:00,0
TXN0004812,27.05,Online,IL,2024-02-20 03:00:00,1
TXN0004813,30.7,ATM,WA,2024-02-20 03:15:00,0
TXN0004814,21.03,ATM,IL,2024-02-20 03:30:00,0
TXN0004815,7.22,POS,IL,2024-02-20 03:45:00,0
TXN0004816,116.98,POS,NY,2024-02-20 04:00:00,0
TXN0004817,8.74,Online,NY,2024-02-20 04:15:00,0
TXN0004818,45.63,POS,TX,2024-02-20 04:30:00,0
TXN0004819,13.75,POS,TX,2024-02-20 04:45:00,0
TXN0004820,4.61,Online,FL,2024-02-20 05:00:00,0
TXN0004821,106.23,Transfer,WA,2024-02-20 05:15:00,0
TXN0004822,0.95,Transfer,WA,2024-02-20 05:30:00,0
TXN0004823,6.99,Transfer,FL,2024-02-20 05:45:00,0
TXN0004824,32.72,Online,WA,2024-02-20 06:00:00,0
TXN0004825,12.68,Transfer,IL,2024-02-20 06:15:00,0
TXN0004826,47.97,ATM,TX,2024-02-20 06:30:00,0
TXN0004827,17.28,Online,FL,2024-02-20 06:45:00,0
TXN0004828,11.31,ATM,NY,2024-02-20 07:00:00,0
TXN0004829,261.41,Transfer,FL,2024-02-20 07:15:00,0
TXN0004830,14.98,Transfer,CA,2024-02-20 07:30:00,0
TXN0004831,16.14,POS,FL,2024-02-20 07:45:00,0
TXN0004832,5.32,Online,TX,2024-02-20 08:00:00,0
TXN0004833,7.96,ATM,TX,2024-02-20 08:15:00,0
TXN0004834,42.62,Online,TX,2024-02-20 08:30:00,0
TXN0004835,38.47,ATM,TX,2024-02-20 08:45:00,0
TXN0004836,19.6,POS,CA,2024-02-20 09:00:00,0
TXN0004837,8.44,POS,NY,2024-02-20 09:15:00,0
TXN0004838,44.62,Transfer,NY,2024-02-20 09:30:00,0
TXN0004839,2.53,Online,IL,2024-02-20 09:45:00,0
TXN0004840,13.0,Online,CA,2024-02-20 10:00:00,0
TXN0004841,14.48,POS,TX,2024-02-20 10:15:00,0
TXN0004842,7.1,POS,FL,2024-02-20 10:30:00,0
TXN0004843,23.58,POS,WA,2024-02-20 10:45:00,0
TXN0004844,8.81,POS,NY,2024-02-20 11:00:00,0
TXN0004845,7.49,Transfer,WA,2024-02-20 11:15:00,0
TXN0004846,171.15,POS,WA,2024-02-20 11:30:00,0
TXN0004847,47.92,Online,TX,2024-02-20 11:45:00,0
TXN0004848,83.14,Online,IL,2024-02-20 12:00:00,1
TXN0004849,20.97,Online,CA,2024-02-20 12:15:00,0
TXN0004850,62.8,POS,NY,2024-02-20 12:30:00,0
TXN0004851,50.42,Transfer,CA,2024-02-20 12:45:00,0
TXN0004852,84.77,ATM,WA,2024-02-20 13:00:00,0
TXN0004853,339.37,ATM,IL,2024-02-20 13:15:00,0
TXN0004854,15.08,ATM,FL,2024-02-20 13:30:00,0
TXN0004855,27.03,ATM,TX,2024-02-20 13:45:00,0
TXN0004856,18.63,Transfer,TX,2024-02-20 14:00:00,0
TXN0004857,0.29,Online,TX,2024-02-20 14:15:00,0
TXN0004858,3.71,Online,WA,2024-02-20 14:30:00,0
TXN0004859,20.31,Online,IL,2024-02-20 14:45:00,0
TXN0004860,42.5,Transfer,NY,2024-02-20 15:00:00,0
TXN0004861,9.96,ATM,NY,2024-02-20 15:15:00,0
TXN0004862,77.73,ATM,CA,2024-02-20 15:30:00,0
TXN0004863,92.94,Online,WA,2024-02-20 15:45:00,0
TXN0004864,12.13,POS,FL,2024-02-20 16:00:00,0
TXN0004865,110.1,Transfer,WA,2024-02-20 16:15:00,0
TXN0004866,163.23,Online,FL,2024-02-20 16:30:00,0
TXN0004867,34.84,Online,WA,2024-02-20 16:45:00,0
TXN0004868,6.15,Online,IL,2024-02-20 17:00:00,0
TXN0004869,116.39,ATM,WA,2024-02-20 17:15:00,0
TXN0004870,16.42,ATM,TX,2024-02-20 17:30:00,0
TXN0004871,12.71,Online,FL,2024-02-20 17:45:00,0
TXN0004872,23.02,ATM,FL,2024-02-20 18:00:00,0
TXN0004873,10.5,POS,CA,2024-02-20 18:15:00,0
TXN0004874,72.57,Transfer,NY,2024-02-20 18:30:00,0
TXN0004875,50.95,POS,IL,2024-02-20 18:45:00,0
TXN0004876,86.62,Online,WA,2024-02-20 19:00:00,0
TXN0004877,40.3,Online,TX,2024-02-20 19:15:00,0
TXN0004878,7.74,POS,IL,2024-02-20 19:30:00,0
TXN0004879,16.58,POS,WA,2024-02-20 19:45:00,0
TXN0004880,57.42,Transfer,FL,2024-02-20 20:00:00,0
TXN0004881,12.33,Transfer,IL,2024-02-20 20:15:00,0
TXN0004882,667.79,Transfer,WA,2024-02-20 20:30:00,0
TXN0004883,15.02,POS,IL,2024-02-20 20:45:00,0
TXN0004884,9.94,POS,IL,2024-02-20 21:00:00,0
TXN0004885,79.73,Online,CA,2024-02-20 21:15:00,0
TXN0004886,49.27,ATM,FL,2024-02-20 21:30:00,0
TXN0004887,19.42,ATM,TX,2024-02-20 21:45:00,0
TXN0004888,15.24,Transfer,NY,2024-02-20 22:00:00,0
TXN0004889,33.51,Transfer,NY,2024-02-20 22:15:00,0
TXN0004890,54.74,Online,IL,2024-02-20 22:30:00,0
TXN0004891,50.16,POS,IL,2024-02-20 22:45:00,0
TXN0004892,13.99,ATM,FL,2024-02-20 23:00:00,0
TXN0004893,33.73,POS,WA,2024-02-20 23:15:00,0
TXN0004894,55.3,Online,TX,2024-02-20 23:30:00,0
TXN0004895,50.3,Transfer,FL,2024-02-20 23:45:00,0
TXN0004896,0.49,Online,TX,2024-02-21 00:00:00,0
TXN0004897,6.9,Online,WA,2024-02-21 00:15:00,0
TXN0004898,7.92,POS,CA,2024-02-21 00:30:00,0
TXN0004899,15.24,POS,IL,2024-02-21 00:45:00,0
TXN0004900,24.9,Transfer,NY,2024-02-21 01:00:00,0
TXN0004901,60.69,POS,NY,2024-02-21 01:15:00,0
TXN0004902,42.15,Online,TX,2024-02-21 01:30:00,0
TXN0004903,17.25,POS,WA,2024-02-21 01:45:00,0
TXN0004904,20.65,Online,CA,2024-02-21 02:00:00,0
TXN0004905,165.83,ATM,NY,2024-02-21 02:15:00,0
TXN0004906,9.63,ATM,FL,2024-02-21 02:30:00,0
TXN0004907,28.94,Transfer,TX,2024-02-21 02:45:00,0
TXN0004908,131.45,ATM,TX,2024-02-21 03:00:00,0
TXN0004909,30.42,POS,TX,2024-02-21 03:15:00,0
TXN0004910,1.73,POS,NY,2024-02-21 03:30:00,0
TXN0004911,31.5,Transfer,TX,2024-02-21 03:45:00,0
TXN0004912,12.62,ATM,FL,2024-02-21 04:00:00,0
TXN0004913,17.54,POS,CA,2024-02-21 04:15:00,0
TXN0004914,70.9,POS,CA,2024-02-21 04:30:00,0
TXN0004915,35.28,Transfer,TX,2024-02-21 04:45:00,0
TXN0004916,14.63,Online,WA,2024-02-21 05:00:00,0
TXN0004917,58.58,POS,NY,2024-02-21 05:15:00,0
TXN0004918,33.86,Transfer,CA,2024-02-21 05:30:00,0
TXN0004919,22.79,POS,TX,2024-02-21 05:45:00,0
TXN0004920,28.82,POS,FL,2024-02-21 06:00:00,0
TXN0004921,27.21,ATM,TX,2024-02-21 06:15:00,0
TXN0004922,13.36,Online,TX,2024-02-21 06:30:00,0
TXN0004923,11.58,Online,IL,2024-02-21 06:45:00,0
TXN0004924,20.7,POS,CA,2024-02-21 07:00:00,0
TXN0004925,6.39,Transfer,WA,2024-02-21 07:15:00,0
TXN0004926,4.43,Transfer,NY,2024-02-21 07:30:00,0
TXN0004927,95.69,POS,CA,2024-02-21 07:45:00,0
TXN0004928,15.06,ATM,CA,2024-02-21 08:00:00,0
TXN0004929,19.52,POS,IL,2024-02-21 08:15:00,0
TXN0004930,17.08,Online,IL,2024-02-21 08:30:00,0
TXN0004931,20.66,Online,WA,2024-02-21 08:45:00,0
TXN0004932,20.64,ATM,CA,2024-02-21 09:00:00,0
TXN0004933,21.72,Online,WA,2024-02-21 09:15:00,0
TXN0004934,7.65,POS,NY,2024-02-21 09:30:00,0
TXN0004935,61.46,POS,CA,2024-02-21 09:45:00,0
TXN0004936,8.75,Online,TX,2024-02-21 10:00:00,0
TXN0004937,69.54,Transfer,NY,2024-02-21 10:15:00,0
TXN0004938,2.01,ATM,TX,2024-02-21 10:30:00,0
TXN0004939,5.62,ATM,CA,2024-02-21 10:45:00,0
TXN0004940,66.06,POS,FL,2024-02-21 11:00:00,0
TXN0004941,16.81,Transfer,TX,2024-02-21 11:15:00,0
TXN0004942,8.98,POS,FL,2024-02-21 11:30:00,0
TXN0004943,31.51,Transfer,NY,2024-02-21 11:45:00,0
TXN0004944,5.73,POS,NY,2024-02-21 12:00:00,0
TXN0004945,22.03,ATM,IL,2024-02-21 12:15:00,0
TXN0004946,1.41,ATM,IL,2024-02-21 12:30:00,0
TXN0004947,11.67,Online,TX,2024-02-21 12:45:00,1
TXN0004948,9.21,ATM,IL,2024-02-21 13:00:00,0
TXN0004949,38.38,Transfer,TX,2024-02-21 13:15:00,0
TXN0004950,57.45,Online,IL,2024-02-21 13:30:00,0
TXN0004951,7.2,Online,WA,2024-02-21 13:45:00,0
TXN0004952,138.48,POS,IL,2024-02-21 14:00:00,0
TXN0004953,9.87,ATM,CA,2024-02-21 14:15:00,0
TXN0004954,1.7,ATM,IL,2024-02-21 14:30:00,0
TXN0004955,1.16,Online,NY,2024-02-21 14:45:00,0
TXN0004956,127.33,Transfer,TX,2024-02-21 15:00:00,0
TXN0004957,18.08,Transfer,FL,2024-02-21 15:15:00,0
TXN0004958,9.24,POS,CA,2024-02-21 15:30:00,0
TXN0004959,8.19,Transfer,CA,2024-02-21 15:45:00,1
TXN0004960,5.42,Online,WA,2024-02-21 16:00:00,0
TXN0004961,101.77,ATM,IL,2024-02-21 16:15:00,0
TXN0004962,18.16,POS,FL,2024-02-21 16:30:00,0
TXN0004963,172.13,Transfer,CA,2024-02-21 16:45:00,0
TXN0004964,15.82,Transfer,TX,2024-02-21 17:00:00,0
TXN0004965,1.2,ATM,TX,2024-02-21 17:15:00,0
TXN0004966,55.33,ATM,WA,2024-02-21 17:30:00,0
TXN0004967,12.91,ATM,WA,2024-02-21 17:45:00,0
TXN0004968,15.11,ATM,TX,2024-02-21 18:00:00,0
TXN0004969,131.73,ATM,NY,2024-02-21 18:15:00,0
TXN0004970,14.64,Online,FL,2024-02-21 18:30:00,0
TXN0004971,81.0,Transfer,TX,2024-02-21 18:45:00,0
TXN0004972,19.97,POS,TX,2024-02-21 19:00:00,0
TXN0004973,8.15,POS,CA,2024-02-21 19:15:00,0
TXN0004974,36.92,POS,CA,2024-02-21 19:30:00,0
TXN0004975,9.77,ATM,TX,2024-02-21 19:45:00,0
TXN0004976,87.7,POS,CA,2024-02-21 20:00:00,0
TXN0004977,63.55,POS,WA,2024-02-21 20:15:00,0
TXN0004978,21.66,ATM,CA,2024-02-21 20:30:00,0
TXN0004979,41.76,ATM,CA,2024-02-21 20:45:00,0
TXN0004980,39.55,ATM,NY,2024-02-21 21:00:00,0
TXN0004981,14.43,ATM,FL,2024-02-21 21:15:00,0
TXN0004982,58.8,Transfer,FL,2024-02-21 21:30:00,0
TXN0004983,15.29,Transfer,WA,2024-02-21 21:45:00,0
TXN0004984,42.07,Transfer,TX,2024-02-21 22:00:00,0
TXN0004985,6.42,ATM,TX,2024-02-21 22:15:00,0
TXN0004986,22.7,POS,FL,2024-02-21 22:30:00,0
TXN0004987,33.09,POS,FL,2024-02-21 22:45:00,0
TXN0004988,7.8,POS,CA,2024-02-21 23:00:00,0
TXN0004989,12.22,Online,WA,2024-02-21 23:15:00,0
TXN0004990,10.62,ATM,IL,2024-02-21 23:30:00,0
TXN0004991,48.27,Online,IL,2024-02-21 23:45:00,0
TXN0004992,8.5,ATM,TX,2024-02-22 00:00:00,0
TXN0004993,34.13,Transfer,TX,2024-02-22 00:15:00,0
TXN0004994,125.78,POS,IL,2024-02-22 00:30:00,0
TXN0004995,30.98,POS,FL,2024-02-22 00:45:00,0
TXN0004996,2.92,Online,FL,2024-02-22 01:00:00,0
TXN0004997,23.51,Transfer,FL,2024-02-22 01:15:00,0
TXN0004998,70.52,Online,CA,2024-02-22 01:30:00,0
TXN0004999,14.35,POS,FL,2024-02-22 01:45:00,0
TXN0005000,76.62,ATM,TX,2024-02-22 02:00:00,0
TXN0005001,42.52,Online,WA,2024-02-22 02:15:00,1
TXN0005002,33.58,ATM,FL,2024-02-22 02:30:00,0
TXN0005003,14.81,ATM,IL,2024-02-22 02:45:00,0
TXN0005004,10.96,POS,TX,2024-02-22 03:00:00,0
TXN0005005,14.92,POS,FL,2024-02-22 03:15:00,0
TXN0005006,21.88,Transfer,IL,2024-02-22 03:30:00,0
TXN0005007,38.03,ATM,TX,2024-02-22 03:45:00,0
TXN0005008,33.64,POS,FL,2024-02-22 04:00:00,0
TXN0005009,14.16,Online,WA,2024-02-22 04:15:00,0
TXN0005010,21.99,Transfer,NY,2024-02-22 04:30:00,0
TXN0005011,32.39,Transfer,WA,2024-02-22 04:45:00,0
TXN0005012,2.9,ATM,IL,2024-02-22 05:00:00,0
TXN0005013,8.1,Online,TX,2024-02-22 05:15:00,0
TXN0005014,7.81,Transfer,CA,2024-02-22 05:30:00,0
TXN0005015,15.95,POS,NY,2024-02-22 05:45:00,0
TXN0005016,14.64,Online,TX,2024-02-22 06:00:00,0
TXN0005017,14.96,POS,WA,2024-02-22 06:15:00,0
TXN0005018,7.16,Online,FL,2024-02-22 06:30:00,0
TXN0005019,45.75,ATM,IL,2024-02-22 06:45:00,0
TXN0005020,28.49,Online,TX,2024-02-22 07:00:00,0
TXN0005021,2.84,Transfer,WA,2024-02-22 07:15:00,0
TXN0005022,20.76,ATM,TX,2024-02-22 07:30:00,0
TXN0005023,5.29,Transfer,FL,2024-02-22 07:45:00,0
TXN0005024,157.66,Transfer,NY,2024-02-22 08:00:00,0
TXN0005025,11.84,POS,FL,2024-02-22 08:15:00,0
TXN0005026,12.75,Transfer,NY,2024-02-22 08:30:00,0
TXN0005027,22.63,POS,TX,2024-02-22 08:45:00,0
TXN0005028,16.1,Online,NY,2024-02-22 09:00:00,0
TXN0005029,19.09,ATM,NY,2024-02-22 09:15:00,0
TXN0005030,131.12,Transfer,FL,2024-02-22 09:30:00,0
TXN0005031,26.86,POS,NY,2024-02-22 09:45:00,0
TXN0005032,55.8,Transfer,CA,2024-02-22 10:00:00,0
TXN0005033,79.25,Online,NY,2024-02-22 10:15:00,0
TXN0005034,6.36,ATM,WA,2024-02-22 10:30:00,0
TXN0005035,155.61,Transfer,FL,2024-02-22 10:45:00,0
TXN0005036,46.82,POS,NY,2024-02-22 11:00:00,0
TXN0005037,64.67,ATM,IL,2024-02-22 11:15:00,0
TXN0005038,7.28,POS,CA,2024-02-22 11:30:00,0
TXN0005039,54.7,POS,WA,2024-02-22 11:45:00,0
TXN0005040,33.69,Transfer,IL,2024-02-22 12:00:00,0
TXN0005041,10.77,Online,FL,2024-02-22 12:15:00,0
TXN0005042,317.66,Online,TX,2024-02-22 12:30:00,0
TXN0005043,40.52,POS,TX,2024-02-22 12:45:00,0
TXN0005044,15.4,Online,WA,2024-02-22 13:00:00,0
TXN0005045,25.91,POS,NY,2024-02-22 13:15:00,0
TXN0005046,61.22,Transfer,IL,2024-02-22 13:30:00,0
TXN0005047,79.73,POS,CA,2024-02-22 13:45:00,0
TXN0005048,41.28,POS,NY,2024-02-22 14:00:00,0
TXN0005049,88.53,ATM,NY,2024-02-22 14:15:00,0
TXN0005050,119.94,ATM,TX,2024-02-22 14:30:00,0
TXN0005051,4.67,Online,IL,2024-02-22 14:45:00,0
TXN0005052,11.48,POS,CA,2024-02-22 15:00:00,0
TXN0005053,6.66,POS,TX,2024-02-22 15:15:00,0
TXN0005054,23.11,Online,TX,2024-02-22 15:30:00,0
TXN0005055,116.21,ATM,CA,2024-02-22 15:45:00,0
TXN0005056,45.03,POS,TX,2024-02-22 16:00:00,0
TXN0005057,5.86,POS,WA,2024-02-22 16:15:00,0
TXN0005058,14.46,POS,IL,2024-02-22 16:30:00,0
TXN0005059,70.68,POS,CA,2024-02-22 16:45:00,0
TXN0005060,10.87,ATM,NY,2024-02-22 17:00:00,0
TXN0005061,18.32,ATM,FL,2024-02-22 17:15:00,0
TXN0005062,29.65,Transfer,CA,2024-02-22 17:30:00,0
TXN0005063,2.31,Online,CA,2024-02-22 17:45:00,0
TXN0005064,52.43,Online,IL,2024-02-22 18:00:00,0
TXN0005065,31.02,Transfer,WA,2024-02-22 18:15:00,0
TXN0005066,40.7,Transfer,FL,2024-02-22 18:30:00,0
TXN0005067,6.36,Transfer,WA,2024-02-22 18:45:00,0
TXN0005068,8.19,Transfer,NY,2024-02-22 19:00:00,0
TXN0005069,10.05,Transfer,FL,2024-02-22 19:15:00,0
TXN0005070,27.79,Transfer,CA,2024-02-22 19:30:00,0
TXN0005071,22.39,Transfer,CA,2024-02-22 19:45:00,0
TXN0005072,23.98,ATM,FL,2024-02-22 20:00:00,0
TXN0005073,176.63,Online,TX,2024-02-22 20:15:00,0
TXN0005074,98.55,Transfer,NY,2024-02-22 20:30:00,0
TXN0005075,8.68,POS,IL,2024-02-22 20:45:00,0
TXN0005076,9.39,ATM,FL,2024-02-22 21:00:00,0
TXN0005077,161.24,Online,CA,2024-02-22 21:15:00,0
TXN0005078,14.06,ATM,WA,2024-02-22 21:30:00,0
TXN0005079,107.62,Online,WA,2024-02-22 21:45:00,0
TXN0005080,140.1,POS,WA,2024-02-22 22:00:00,0
TXN0005081,10.73,Online,WA,2024-02-22 22:15:00,1
TXN0005082,14.89,Transfer,WA,2024-02-22 22:30:00,0
TXN0005083,22.72,Online,TX,2024-02-22 22:45:00,0
TXN0005084,7.3,Transfer,IL,2024-02-22 23:00:00,0
TXN0005085,6.36,Transfer,FL,2024-02-22 23:15:00,0
TXN0005086,12.71,ATM,NY,2024-02-22 23:30:00,0
TXN0005087,57.24,ATM,IL,2024-02-22 23:45:00,0
TXN0005088,12.02,ATM,CA,2024-02-23 00:00:00,0
TXN0005089,16.06,POS,CA,2024-02-23 00:15:00,0
TXN0005090,11.77,POS,IL,2024-02-23 00:30:00,0
TXN0005091,4.0,Online,FL,2024-02-23 00:45:00,0
TXN0005092,122.15,Online,WA,2024-02-23 01:00:00,0
TXN0005093,1.24,Online,WA,2024-02-23 01:15:00,0
TXN0005094,9.38,ATM,FL,2024-02-23 01:30:00,0
TXN0005095,40.22,Online,WA,2024-02-23 01:45:00,0
TXN0005096,3.85,Online,WA,2024-02-23 02:00:00,0
TXN0005097,42.51,ATM,WA,2024-02-23 02:15:00,0
TXN0005098,92.46,ATM,FL,2024-02-23 02:30:00,0
TXN0005099,7.33,POS,WA,2024-02-23 02:45:00,0
TXN0005100,26.42,ATM,TX,2024-02-23 03:00:00,0
TXN0005101,5.43,POS,NY,2024-02-23 03:15:00,0
TXN0005102,37.79,POS,NY,2024-02-23 03:30:00,0
TXN0005103,22.87,POS,WA,2024-02-23 03:45:00,0
TXN0005104,26.63,ATM,WA,2024-02-23 04:00:00,0
TXN0005105,105.94,POS,IL,2024-02-23 04:15:00,0
TXN0005106,36.19,Online,WA,2024-02-23 04:30:00,0
TXN0005107,103.39,ATM,CA,2024-02-23 04:45:00,0
TXN0005108,44.0,POS,NY,2024-02-23 05:00:00,0
TXN0005109,4.87,ATM,IL,2024-02-23 05:15:00,0
TXN0005110,28.13,POS,FL,2024-02-23 05:30:00,0
TXN0005111,36.99,POS,CA,2024-02-23 05:45:00,0
TXN0005112,3.63,POS,NY,2024-02-23 06:00:00,0
TXN0005113,101.85,Online,FL,2024-02-23 06:15:00,0
TXN0005114,22.31,Transfer,TX,2024-02-23 06:30:00,0
TXN0005115,31.97,ATM,CA,2024-02-23 06:45:00,0
TXN0005116,7.01,POS,NY,2024-02-23 07:00:00,0
TXN0005117,22.43,Transfer,TX,2024-02-23 07:15:00,0
TXN0005118,29.46,ATM,TX,2024-02-23 07:30:00,0
TXN0005119,13.9,POS,WA,2024-02-23 07:45:00,0
TXN0005120,22.64,Online,FL,2024-02-23 08:00:00,0
TXN0005121,1.62,POS,IL,2024-02-23 08:15:00,0
TXN0005122,105.37,Transfer,NY,2024-02-23 08:30:00,0
TXN0005123,5.4,Transfer,FL,2024-02-23 08:45:00,0
TXN0005124,1.5,Online,IL,2024-02-23 09:00:00,0
TXN0005125,6.49,Online,FL,2024-02-23 09:15:00,0
TXN0005126,7.55,POS,TX,2024-02-23 09:30:00,0
TXN0005127,39.45,ATM,WA,2024-02-23 09:45:00,0
TXN0005128,6.86,ATM,CA,2024-02-23 10:00:00,0
TXN0005129,28.89,ATM,NY,2024-02-23 10:15:00,0
TXN0005130,6.49,Transfer,NY,2024-02-23 10:30:00,0
TXN0005131,290.24,Transfer,TX,2024-02-23 10:45:00,0
TXN0005132,39.51,Online,NY,2024-02-23 11:00:00,0
TXN0005133,214.76,Transfer,IL,2024-02-23 11:15:00,0
TXN0005134,6.08,POS,FL,2024-02-23 11:30:00,0
TXN0005135,45.52,Transfer,NY,2024-02-23 11:45:00,0
TXN0005136,6.52,POS,WA,2024-02-23 12:00:00,0
TXN0005137,41.08,Online,NY,2024-02-23 12:15:00,0
TXN0005138,46.29,ATM,CA,2024-02-23 12:30:00,0
TXN0005139,3.03,Transfer,WA,2024-02-23 12:45:00,0
TXN0005140,5.24,ATM,IL,2024-02-23 13:00:00,0
TXN0005141,5.06,ATM,WA,2024-02-23 13:15:00,0
TXN0005142,3.37,POS,FL,2024-02-23 13:30:00,0
TXN0005143,8.52,POS,WA,2024-02-23 13:45:00,1
TXN0005144,6.47,POS,TX,2024-02-23 14:00:00,0
TXN0005145,3.61,Online,NY,2024-02-23 14:15:00,0
TXN0005146,23.01,ATM,TX,2024-02-23 14:30:00,0
TXN0005147,39.37,ATM,TX,2024-02-23 14:45:00,0
TXN0005148,4.22,Online,TX,2024-02-23 15:00:00,0
TXN0005149,10.48,POS,TX,2024-02-23 15:15:00,0
TXN0005150,20.63,Transfer,IL,2024-02-23 15:30:00,0
TXN0005151,15.47,ATM,TX,2024-02-23 15:45:00,0
TXN0005152,8.81,POS,IL,2024-02-23 16:00:00,0
TXN0005153,53.97,ATM,WA,2024-02-23 16:15:00,0
TXN0005154,56.38,Online,NY,2024-02-23 16:30:00,0
TXN0005155,46.11,Online,CA,2024-02-23 16:45:00,0
TXN0005156,15.88,Transfer,FL,2024-02-23 17:00:00,0
TXN0005157,221.09,ATM,TX,2024-02-23 17:15:00,0
TXN0005158,164.55,ATM,CA,2024-02-23 17:30:00,0
TXN0005159,12.58,Online,FL,2024-02-23 17:45:00,0
TXN0005160,17.64,Online,CA,2024-02-23 18:00:00,0
TXN0005161,84.77,Online,IL,2024-02-23 18:15:00,0
TXN0005162,7.8,POS,TX,2024-02-23 18:30:00,0
TXN0005163,32.84,ATM,CA,2024-02-23 18:45:00,0
TXN0005164,21.51,Online,FL,2024-02-23 19:00:00,0
TXN0005165,8.75,Transfer,WA,2024-02-23 19:15:00,0
TXN0005166,15.41,Transfer,TX,2024-02-23 19:30:00,0
TXN0005167,3.08,ATM,WA,2024-02-23 19:45:00,0
TXN0005168,10.6,Online,NY,2024-02-23 20:00:00,0
TXN0005169,1.85,Transfer,FL,2024-02-23 20:15:00,0
TXN0005170,313.53,Transfer,FL,2024-02-23 20:30:00,0
TXN0005171,123.77,Online,CA,2024-02-23 20:45:00,0
TXN0005172,88.73,Transfer,TX,2024-02-23 21:00:00,0
TXN0005173,29.18,Online,FL,2024-02-23 21:15:00,0
TXN0005174,67.28,ATM,TX,2024-02-23 21:30:00,0
TXN0005175,93.4,POS,IL,2024-02-23 21:45:00,0
TXN0005176,68.65,ATM,IL,2024-02-23 22:00:00,0
TXN0005177,61.04,POS,TX,2024-02-23 22:15:00,0
TXN0005178,6.78,ATM,IL,2024-02-23 22:30:00,0
TXN0005179,33.89,POS,NY,2024-02-23 22:45:00,0
TXN0005180,10.66,Online,WA,2024-02-23 23:00:00,0
TXN0005181,4.91,Online,NY,2024-02-23 23:15:00,0
TXN0005182,5.14,POS,IL,2024-02-23 23:30:00,0
TXN0005183,33.8,POS,FL,2024-02-23 23:45:00,0
TXN0005184,71.56,Transfer,CA,2024-02-24 00:00:00,0
TXN0005185,3.92,ATM,IL,2024-02-24 00:15:00,0
TXN0005186,164.16,Online,NY,2024-02-24 00:30:00,0
TXN0005187,117.8,POS,NY,2024-02-24 00:45:00,0
TXN0005188,12.79,POS,FL,2024-02-24 01:00:00,0
TXN0005189,11.58,POS,CA,2024-02-24 01:15:00,0
TXN0005190,18.49,POS,WA,2024-02-24 01:30:00,0
TXN0005191,65.5,Online,CA,2024-02-24 01:45:00,0
TXN0005192,12.74,POS,TX,2024-02-24 02:00:00,0
TXN0005193,5.35,ATM,CA,2024-02-24 02:15:00,0
TXN0005194,30.44,Online,TX,2024-02-24 02:30:00,0
TXN0005195,1.69,ATM,FL,2024-02-24 02:45:00,0
TXN0005196,23.84,ATM,IL,2024-02-24 03:00:00,0
TXN0005197,80.88,POS,TX,2024-02-24 03:15:00,0
TXN0005198,29.03,Online,TX,2024-02-24 03:30:00,0
TXN0005199,51.31,ATM,NY,2024-02-24 03:45:00,0
TXN0005200,36.37,POS,FL,2024-02-24 04:00:00,0
TXN0005201,48.15,POS,NY,2024-02-24 04:15:00,0
TXN0005202,23.92,POS,NY,2024-02-24 04:30:00,0
TXN0005203,7.43,Online,FL,2024-02-24 04:45:00,0
TXN0005204,15.34,Online,IL,2024-02-24 05:00:00,0
TXN0005205,18.4,Online,IL,2024-02-24 05:15:00,0
TXN0005206,90.98,ATM,WA,2024-02-24 05:30:00,0
TXN0005207,141.37,Online,IL,2024-02-24 05:45:00,0
TXN0005208,33.27,Transfer,IL,2024-02-24 06:00:00,0
TXN0005209,8.14,Transfer,NY,2024-02-24 06:15:00,0
TXN0005210,8.37,Transfer,TX,2024-02-24 06:30:00,0
TXN0005211,16.04,Transfer,WA,2024-02-24 06:45:00,0
TXN0005212,106.33,Online,TX,2024-02-24 07:00:00,0
TXN0005213,30.01,Online,WA,2024-02-24 07:15:00,0
TXN0005214,18.8,Online,IL,2024-02-24 07:30:00,0
TXN0005215,8.02,Transfer,TX,2024-02-24 07:45:00,0
TXN0005216,57.91,POS,TX,2024-02-24 08:00:00,0
TXN0005217,28.42,ATM,CA,2024-02-24 08:15:00,0
TXN0005218,18.9,Transfer,NY,2024-02-24 08:30:00,0
TXN0005219,22.74,Transfer,TX,2024-02-24 08:45:00,0
TXN0005220,151.99,Transfer,FL,2024-02-24 09:00:00,0
TXN0005221,16.57,ATM,NY,2024-02-24 09:15:00,0
TXN0005222,152.35,Online,TX,2024-02-24 09:30:00,0
TXN0005223,89.19,ATM,IL,2024-02-24 09:45:00,0
TXN0005224,21.39,Transfer,TX,2024-02-24 10:00:00,0
TXN0005225,58.01,POS,NY,2024-02-24 10:15:00,0
TXN0005226,17.31,ATM,CA,2024-02-24 10:30:00,0
TXN0005227,7.43,POS,IL,2024-02-24 10:45:00,0
TXN0005228,14.56,Online,IL,2024-02-24 11:00:00,0
TXN0005229,6.76,Transfer,FL,2024-02-24 11:15:00,0
TXN0005230,37.1,POS,TX,2024-02-24 11:30:00,0
TXN0005231,20.44,POS,WA,2024-02-24 11:45:00,0
TXN0005232,39.7,ATM,WA,2024-02-24 12:00:00,0
TXN0005233,54.16,Online,FL,2024-02-24 12:15:00,0
TXN0005234,0.48,Transfer,CA,2024-02-24 12:30:00,0
TXN0005235,29.19,Transfer,TX,2024-02-24 12:45:00,0
TXN0005236,2.31,Transfer,NY,2024-02-24 13:00:00,0
TXN0005237,24.53,POS,WA,2024-02-24 13:15:00,0
TXN0005238,7.01,Online,WA,2024-02-24 13:30:00,0
TXN0005239,22.76,Online,FL,2024-02-24 13:45:00,0
TXN0005240,103.39,Transfer,CA,2024-02-24 14:00:00,0
TXN0005241,2.59,POS,CA,2024-02-24 14:15:00,0
TXN0005242,25.25,ATM,FL,2024-02-24 14:30:00,0
TXN0005243,18.28,Transfer,WA,2024-02-24 14:45:00,0
TXN0005244,2.07,ATM,TX,2024-02-24 15:00:00,0
TXN0005245,43.71,Transfer,TX,2024-02-24 15:15:00,1
TXN0005246,20.93,Transfer,WA,2024-02-24 15:30:00,0
TXN0005247,10.91,Transfer,TX,2024-02-24 15:45:00,0
TXN0005248,8.45,Online,NY,2024-02-24 16:00:00,0
TXN0005249,948.67,Transfer,FL,2024-02-24 16:15:00,0
TXN0005250,12.52,ATM,FL,2024-02-24 16:30:00,0
TXN0005251,2.32,Transfer,CA,2024-02-24 16:45:00,0
TXN0005252,6.57,Transfer,FL,2024-02-24 17:00:00,0
TXN0005253,12.94,POS,IL,2024-02-24 17:15:00,0
TXN0005254,12.66,POS,WA,2024-02-24 17:30:00,0
TXN0005255,18.27,Online,IL,2024-02-24 17:45:00,0
TXN0005256,5.72,POS,CA,2024-02-24 18:00:00,0
TXN0005257,38.47,Transfer,TX,2024-02-24 18:15:00,0
TXN0005258,11.24,Online,FL,2024-02-24 18:30:00,0
TXN0005259,3.92,Transfer,TX,2024-02-24 18:45:00,0
TXN0005260,7.55,ATM,WA,2024-02-24 19:00:00,0
TXN0005261,12.66,ATM,IL,2024-02-24 19:15:00,0
TXN0005262,55.61,ATM,FL,2024-02-24 19:30:00,0
TXN0005263,35.92,POS,NY,2024-02-24 19:45:00,0
TXN0005264,13.39,Transfer,NY,2024-02-24 20:00:00,0
TXN0005265,20.57,Online,WA,2024-02-24 20:15:00,0
TXN0005266,26.0,ATM,TX,2024-02-24 20:30:00,0
TXN0005267,231.94,Transfer,NY,2024-02-24 20:45:00,0
TXN0005268,9.57,Transfer,WA,2024-02-24 21:00:00,0
TXN0005269,35.18,ATM,WA,2024-02-24 21:15:00,0
TXN0005270,48.02,Transfer,TX,2024-02-24 21:30:00,0
TXN0005271,6.4,ATM,TX,2024-02-24 21:45:00,0
TXN0005272,25.21,Transfer,WA,2024-02-24 22:00:00,0
TXN0005273,24.44,Online,WA,2024-02-24 22:15:00,0
TXN0005274,11.43,POS,IL,2024-02-24 22:30:00,0
TXN0005275,39.69,Online,WA,2024-02-24 22:45:00,0
TXN0005276,69.01,ATM,CA,2024-02-24 23:00:00,0
TXN0005277,77.97,POS,CA,2024-02-24 23:15:00,0
TXN0005278,15.96,ATM,CA,2024-02-24 23:30:00,0
TXN0005279,25.23,Transfer,CA,2024-02-24 23:45:00,1
TXN0005280,337.24,Online,NY,2024-02-25 00:00:00,1
TXN0005281,5.34,Transfer,WA,2024-02-25 00:15:00,0
TXN0005282,26.21,POS,NY,2024-02-25 00:30:00,0
TXN0005283,58.44,POS,TX,2024-02-25 00:45:00,0
TXN0005284,24.05,POS,CA,2024-02-25 01:00:00,0
TXN0005285,44.13,Online,TX,2024-02-25 01:15:00,0
TXN0005286,24.71,ATM,WA,2024-02-25 01:30:00,0
TXN0005287,49.62,ATM,CA,2024-02-25 01:45:00,0
TXN0005288,93.6,POS,IL,2024-02-25 02:00:00,0
TXN0005289,15.4,ATM,WA,2024-02-25 02:15:00,0
TXN0005290,25.46,Transfer,NY,2024-02-25 02:30:00,0
TXN0005291,18.8,Transfer,FL,2024-02-25 02:45:00,0
TXN0005292,12.37,ATM,IL,2024-02-25 03:00:00,0
TXN0005293,19.62,ATM,NY,2024-02-25 03:15:00,0
TXN0005294,5.17,POS,FL,2024-02-25 03:30:00,0
TXN0005295,49.08,POS,NY,2024-02-25 03:45:00,0
TXN0005296,154.92,Online,TX,2024-02-25 04:00:00,0
TXN0005297,155.31,ATM,NY,2024-02-25 04:15:00,0
TXN0005298,92.85,Transfer,WA,2024-02-25 04:30:00,0
TXN0005299,6.32,ATM,CA,2024-02-25 04:45:00,0
TXN0005300,124.43,ATM,TX,2024-02-25 05:00:00,0
TXN0005301,8.51,Online,WA,2024-02-25 05:15:00,0
TXN0005302,18.85,Online,IL,2024-02-25 05:30:00,0
TXN0005303,184.09,Transfer,CA,2024-02-25 05:45:00,0
TXN0005304,5.55,Online,WA,2024-02-25 06:00:00,0
TXN0005305,55.12,Online,TX,2024-02-25 06:15:00,0
TXN0005306,28.15,ATM,NY,2024-02-25 06:30:00,0
TXN0005307,16.73,Online,NY,2024-02-25 06:45:00,0
TXN0005308,7.02,ATM,WA,2024-02-25 07:00:00,0
TXN0005309,33.35,POS,FL,2024-02-25 07:15:00,0
TXN0005310,11.51,ATM,CA,2024-02-25 07:30:00,0
TXN0005311,70.41,Transfer,TX,2024-02-25 07:45:00,0
TXN0005312,87.28,Online,FL,2024-02-25 08:00:00,0
TXN0005313,3.84,ATM,TX,2024-02-25 08:15:00,0
TXN0005314,10.95,Online,CA,2024-02-25 08:30:00,0
TXN0005315,13.7,POS,IL,2024-02-25 08:45:00,0
TXN0005316,4.86,Transfer,NY,2024-02-25 09:00:00,0
TXN0005317,5.25,POS,NY,2024-02-25 09:15:00,0
TXN0005318,22.34,ATM,CA,2024-02-25 09:30:00,0
TXN0005319,15.65,ATM,WA,2024-02-25 09:45:00,0
TXN0005320,2.77,Online,IL,2024-02-25 10:00:00,0
TXN0005321,10.53,Transfer,TX,2024-02-25 10:15:00,0
TXN0005322,37.44,POS,NY,2024-02-25 10:30:00,0
TXN0005323,4.72,Transfer,WA,2024-02-25 10:45:00,0
TXN0005324,6.63,Online,TX,2024-02-25 11:00:00,0
TXN0005325,134.99,ATM,WA,2024-02-25 11:15:00,0
TXN0005326,97.58,POS,CA,2024-02-25 11:30:00,0
TXN0005327,2.87,Online,IL,2024-02-25 11:45:00,0
TXN0005328,3.97,POS,WA,2024-02-25 12:00:00,0
TXN0005329,31.59,Transfer,NY,2024-02-25 12:15:00,0
TXN0005330,4.81,POS,FL,2024-02-25 12:30:00,0
TXN0005331,14.83,Transfer,WA,2024-02-25 12:45:00,0
TXN0005332,11.69,Transfer,FL,2024-02-25 13:00:00,0
TXN0005333,39.34,ATM,IL,2024-02-25 13:15:00,0
TXN0005334,0.97,Online,WA,2024-02-25 13:30:00,0
TXN0005335,1.43,Transfer,IL,2024-02-25 13:45:00,0
TXN0005336,4.61,Transfer,FL,2024-02-25 14:00:00,0
TXN0005337,67.81,Online,CA,2024-02-25 14:15:00,0
TXN0005338,16.69,ATM,WA,2024-02-25 14:30:00,0
TXN0005339,2.59,ATM,WA,2024-02-25 14:45:00,0
TXN0005340,36.29,ATM,FL,2024-02-25 15:00:00,0
TXN0005341,46.96,POS,TX,2024-02-25 15:15:00,0
TXN0005342,14.95,ATM,WA,2024-02-25 15:30:00,0
TXN0005343,13.51,Transfer,NY,2024-02-25 15:45:00,0
TXN0005344,33.96,POS,WA,2024-02-25 16:00:00,0
TXN0005345,85.74,Transfer,CA,2024-02-25 16:15:00,0
TXN0005346,24.12,Online,FL,2024-02-25 16:30:00,0
TXN0005347,38.08,POS,TX,2024-02-25 16:45:00,0
TXN0005348,18.96,ATM,IL,2024-02-25 17:00:00,0
TXN0005349,12.71,Transfer,WA,2024-02-25 17:15:00,0
TXN0005350,6.69,Transfer,NY,2024-02-25 17:30:00,0
TXN0005351,27.32,ATM,NY,2024-02-25 17:45:00,0
TXN0005352,14.01,POS,FL,2024-02-25 18:00:00,0
TXN0005353,14.99,ATM,CA,2024-02-25 18:15:00,0
TXN0005354,61.29,ATM,FL,2024-02-25 18:30:00,0
TXN0005355,36.08,POS,CA,2024-02-25 18:45:00,0
TXN0005356,57.06,POS,CA,2024-02-25 19:00:00,0
TXN0005357,3.03,ATM,WA,2024-02-25 19:15:00,0
TXN0005358,39.25,Online,NY,2024-02-25 19:30:00,0
TXN0005359,9.9,Online,CA,2024-02-25 19:45:00,0
TXN0005360,7.61,POS,FL,2024-02-25 20:00:00,0
TXN0005361,7.22,Online,FL,2024-02-25 20:15:00,0
TXN0005362,85.94,Transfer,WA,2024-02-25 20:30:00,0
TXN0005363,54.24,Online,FL,2024-02-25 20:45:00,0
TXN0005364,8.5,Online,CA,2024-02-25 21:00:00,0
TXN0005365,5.13,Online,TX,2024-02-25 21:15:00,0
TXN0005366,20.42,ATM,NY,2024-02-25 21:30:00,0
TXN0005367,11.57,Online,WA,2024-02-25 21:45:00,0
TXN0005368,147.15,Online,CA,2024-02-25 22:00:00,0
TXN0005369,3.48,Transfer,IL,2024-02-25 22:15:00,0
TXN0005370,2.23,Online,CA,2024-02-25 22:30:00,0
TXN0005371,14.78,Transfer,NY,2024-02-25 22:45:00,0
TXN0005372,20.35,Transfer,FL,2024-02-25 23:00:00,0
TXN0005373,23.55,Transfer,IL,2024-02-25 23:15:00,0
TXN0005374,49.61,Transfer,NY,2024-02-25 23:30:00,0
TXN0005375,241.77,Transfer,IL,2024-02-25 23:45:00,0
TXN0005376,13.32,Transfer,TX,2024-02-26 00:00:00,1
TXN0005377,10.45,Transfer,CA,2024-02-26 00:15:00,0
TXN0005378,2.43,Transfer,IL,2024-02-26 00:30:00,0
TXN0005379,26.9,Online,TX,2024-02-26 00:45:00,0
TXN0005380,55.93,Online,FL,2024-02-26 01:00:00,0
TXN0005381,14.69,POS,WA,2024-02-26 01:15:00,0
TXN0005382,82.83,POS,FL,2024-02-26 01:30:00,0
TXN0005383,20.83,POS,NY,2024-02-26 01:45:00,0
TXN0005384,123.7,POS,WA,2024-02-26 02:00:00,0
TXN0005385,29.96,POS,FL,2024-02-26 02:15:00,0
TXN0005386,5.65,ATM,FL,2024-02-26 02:30:00,0
TXN0005387,9.35,ATM,CA,2024-02-26 02:45:00,0
TXN0005388,3.19,ATM,WA,2024-02-26 03:00:00,0
TXN0005389,2.5,POS,WA,2024-02-26 03:15:00,0
TXN0005390,27.67,Transfer,TX,2024-02-26 03:30:00,0
TXN0005391,57.03,Transfer,IL,2024-02-26 03:45:00,0
TXN0005392,209.58,ATM,NY,2024-02-26 04:00:00,0
TXN0005393,18.8,Online,CA,2024-02-26 04:15:00,0
TXN0005394,15.12,Transfer,CA,2024-02-26 04:30:00,0
TXN0005395,5.31,Online,FL,2024-02-26 04:45:00,0
TXN0005396,65.68,ATM,NY,2024-02-26 05:00:00,0
TXN0005397,32.04,Transfer,WA,2024-02-26 05:15:00,0
TXN0005398,9.83,POS,FL,2024-02-26 05:30:00,0
TXN0005399,45.89,POS,TX,2024-02-26 05:45:00,0
TXN0005400,39.39,Transfer,TX,2024-02-26 06:00:00,0
TXN0005401,2.13,POS,CA,2024-02-26 06:15:00,0
TXN0005402,48.97,ATM,CA,2024-02-26 06:30:00,0
TXN0005403,23.65,POS,IL,2024-02-26 06:45:00,0
TXN0005404,12.56,Online,WA,2024-02-26 07:00:00,0
TXN0005405,12.18,ATM,FL,2024-02-26 07:15:00,0
TXN0005406,163.71,Online,CA,2024-02-26 07:30:00,0
TXN0005407,126.87,Transfer,NY,2024-02-26 07:45:00,0
TXN0005408,179.67,ATM,CA,2024-02-26 08:00:00,0
TXN0005409,5.06,ATM,TX,2024-02-26 08:15:00,0
TXN0005410,9.16,Online,NY,2024-02-26 08:30:00,0
TXN0005411,59.54,Online,IL,2024-02-26 08:45:00,0
TXN0005412,4.71,POS,TX,2024-02-26 09:00:00,0
TXN0005413,8.46,Transfer,FL,2024-02-26 09:15:00,0
TXN0005414,2.3,POS,TX,2024-02-26 09:30:00,0
TXN0005415,185.62,POS,WA,2024-02-26 09:45:00,0
TXN0005416,71.9,ATM,IL,2024-02-26 10:00:00,0
TXN0005417,34.82,Online,WA,2024-02-26 10:15:00,0
TXN0005418,26.13,Online,WA,2024-02-26 10:30:00,0
TXN0005419,12.18,Online,CA,2024-02-26 10:45:00,0
TXN0005420,12.46,POS,NY,2024-02-26 11:00:00,0
TXN0005421,42.05,Transfer,FL,2024-02-26 11:15:00,0
TXN0005422,8.55,Online,CA,2024-02-26 11:30:00,0
TXN0005423,87.61,ATM,CA,2024-02-26 11:45:00,0
TXN0005424,11.12,POS,CA,2024-02-26 12:00:00,1
TXN0005425,7.04,Online,CA,2024-02-26 12:15:00,0
TXN0005426,95.36,POS,TX,2024-02-26 12:30:00,0
TXN0005427,16.9,Online,TX,2024-02-26 12:45:00,0
TXN0005428,39.09,Online,TX,2024-02-26 13:00:00,0
TXN0005429,12.21,Transfer,WA,2024-02-26 13:15:00,0
TXN0005430,1.35,Online,CA,2024-02-26 13:30:00,0
TXN0005431,38.73,Transfer,NY,2024-02-26 13:45:00,0
TXN0005432,3.99,ATM,WA,2024-02-26 14:00:00,0
TXN0005433,73.6,Transfer,IL,2024-02-26 14:15:00,0
TXN0005434,3.12,Online,IL,2024-02-26 14:30:00,0
TXN0005435,2.14,POS,TX,2024-02-26 14:45:00,0
TXN0005436,29.05,POS,TX,2024-02-26 15:00:00,0
TXN0005437,33.46,Online,NY,2024-02-26 15:15:00,0
TXN0005438,22.83,POS,FL,2024-02-26 15:30:00,0
TXN0005439,4.68,POS,IL,2024-02-26 15:45:00,0
TXN0005440,58.34,ATM,WA,2024-02-26 16:00:00,0
TXN0005441,3.46,ATM,NY,2024-02-26 16:15:00,0
TXN0005442,11.51,POS,FL,2024-02-26 16:30:00,0
TXN0005443,7.8,ATM,IL,2024-02-26 16:45:00,0
TXN0005444,12.77,ATM,NY,2024-02-26 17:00:00,0
TXN0005445,55.89,Online,TX,2024-02-26 17:15:00,0
TXN0005446,9.38,ATM,CA,2024-02-26 17:30:00,0
TXN0005447,39.54,Transfer,CA,2024-02-26 17:45:00,0
TXN0005448,46.2,POS,TX,2024-02-26 18:00:00,0
TXN0005449,2.58,ATM,IL,2024-02-26 18:15:00,0
TXN0005450,4.95,POS,CA,2024-02-26 18:30:00,0
TXN0005451,12.68,ATM,TX,2024-02-26 18:45:00,0
TXN0005452,9.87,POS,IL,2024-02-26 19:00:00,0
TXN0005453,29.06,ATM,TX,2024-02-26 19:15:00,0
TXN0005454,1.98,Online,NY,2024-02-26 19:30:00,0
TXN0005455,47.69,ATM,FL,2024-02-26 19:45:00,0
TXN0005456,49.08,Online,CA,2024-02-26 20:00:00,0
TXN0005457,16.41,Transfer,CA,2024-02-26 20:15:00,0
TXN0005458,3.82,Online,CA,2024-02-26 20:30:00,0
TXN0005459,20.22,Online,TX,2024-02-26 20:45:00,0
TXN0005460,10.54,Online,IL,2024-02-26 21:00:00,0
TXN0005461,39.65,ATM,WA,2024-02-26 21:15:00,0
TXN0005462,18.13,Transfer,IL,2024-02-26 21:30:00,0
TXN0005463,48.13,ATM,CA,2024-02-26 21:45:00,0
TXN0005464,11.94,ATM,CA,2024-02-26 22:00:00,0
TXN0005465,113.42,Transfer,FL,2024-02-26 22:15:00,0
TXN0005466,1.26,Transfer,TX,2024-02-26 22:30:00,0
TXN0005467,5.93,ATM,IL,2024-02-26 22:45:00,0
TXN0005468,36.2,Online,NY,2024-02-26 23:00:00,0
TXN0005469,3.28,Online,NY,2024-02-26 23:15:00,0
TXN0005470,48.58,Online,WA,2024-02-26 23:30:00,0
TXN0005471,4.66,POS,TX,2024-02-26 23:45:00,0
TXN0005472,22.46,Transfer,FL,2024-02-27 00:00:00,0
TXN0005473,6.7,Transfer,TX,2024-02-27 00:15:00,0
TXN0005474,11.83,Online,CA,2024-02-27 00:30:00,1
TXN0005475,24.77,Online,TX,2024-02-27 00:45:00,0
TXN0005476,17.71,Transfer,NY,2024-02-27 01:00:00,0
TXN0005477,12.71,Transfer,TX,2024-02-27 01:15:00,0
TXN0005478,266.06,POS,FL,2024-02-27 01:30:00,0
TXN0005479,20.29,ATM,FL,2024-02-27 01:45:00,0
TXN0005480,6.27,POS,WA,2024-02-27 02:00:00,0
TXN0005481,61.14,Online,NY,2024-02-27 02:15:00,0
TXN0005482,53.77,ATM,CA,2024-02-27 02:30:00,0
TXN0005483,87.14,Transfer,WA,2024-02-27 02:45:00,0
TXN0005484,171.52,ATM,TX,2024-02-27 03:00:00,0
TXN0005485,6.51,Online,CA,2024-02-27 03:15:00,0
TXN0005486,71.62,Transfer,WA,2024-02-27 03:30:00,0
TXN0005487,78.85,POS,CA,2024-02-27 03:45:00,0
TXN0005488,20.09,ATM,FL,2024-02-27 04:00:00,0
TXN0005489,26.96,ATM,WA,2024-02-27 04:15:00,0
TXN0005490,0.55,Transfer,TX,2024-02-27 04:30:00,0
TXN0005491,10.09,POS,FL,2024-02-27 04:45:00,0
TXN0005492,171.67,ATM,IL,2024-02-27 05:00:00,0
TXN0005493,2.35,Transfer,NY,2024-02-27 05:15:00,1
TXN0005494,10.56,Online,WA,2024-02-27 05:30:00,0
TXN0005495,28.38,Transfer,CA,2024-02-27 05:45:00,0
TXN0005496,40.07,Transfer,NY,2024-02-27 06:00:00,0
TXN0005497,142.29,Transfer,WA,2024-02-27 06:15:00,0
TXN0005498,2.42,ATM,FL,2024-02-27 06:30:00,0
TXN0005499,21.14,POS,FL,2024-02-27 06:45:00,0
TXN0005500,56.35,POS,NY,2024-02-27 07:00:00,0
TXN0005501,4.15,Transfer,FL,2024-02-27 07:15:00,0
TXN0005502,19.15,Online,TX,2024-02-27 07:30:00,0
TXN0005503,192.82,POS,CA,2024-02-27 07:45:00,0
TXN0005504,97.5,Transfer,FL,2024-02-27 08:00:00,0
TXN0005505,38.37,POS,IL,2024-02-27 08:15:00,0
TXN0005506,0.87,ATM,TX,2024-02-27 08:30:00,0
TXN0005507,17.18,ATM,WA,2024-02-27 08:45:00,0
TXN0005508,31.94,Transfer,FL,2024-02-27 09:00:00,0
TXN0005509,13.87,POS,WA,2024-02-27 09:15:00,0
TXN0005510,18.57,Transfer,IL,2024-02-27 09:30:00,0
TXN0005511,812.49,Online,TX,2024-02-27 09:45:00,0
TXN0005512,15.53,Transfer,CA,2024-02-27 10:00:00,0
TXN0005513,6.27,Transfer,FL,2024-02-27 10:15:00,0
TXN0005514,26.88,POS,TX,2024-02-27 10:30:00,0
TXN0005515,13.75,ATM,FL,2024-02-27 10:45:00,0
TXN0005516,13.85,Online,NY,2024-02-27 11:00:00,0
TXN0005517,18.09,POS,IL,2024-02-27 11:15:00,0
TXN0005518,50.85,Transfer,WA,2024-02-27 11:30:00,0
TXN0005519,26.71,POS,TX,2024-02-27 11:45:00,0
TXN0005520,4.75,Online,IL,2024-02-27 12:00:00,0
TXN0005521,17.13,Online,WA,2024-02-27 12:15:00,0
TXN0005522,35.49,Transfer,TX,2024-02-27 12:30:00,0
TXN0005523,11.46,POS,WA,2024-02-27 12:45:00,0
TXN0005524,79.74,POS,WA,2024-02-27 13:00:00,0
TXN0005525,51.04,POS,CA,2024-02-27 13:15:00,0
TXN0005526,6.12,Online,IL,2024-02-27 13:30:00,0
TXN0005527,29.48,Transfer,NY,2024-02-27 13:45:00,0
TXN0005528,217.14,ATM,IL,2024-02-27 14:00:00,0
TXN0005529,130.61,Online,NY,2024-02-27 14:15:00,0
TXN0005530,18.77,POS,TX,2024-02-27 14:30:00,1
TXN0005531,58.98,Online,CA,2024-02-27 14:45:00,0
TXN0005532,8.95,Online,WA,2024-02-27 15:00:00,0
TXN0005533,3.53,ATM,WA,2024-02-27 15:15:00,0
TXN0005534,39.06,Online,TX,2024-02-27 15:30:00,0
TXN0005535,27.0,POS,CA,2024-02-27 15:45:00,1
TXN0005536,37.23,POS,NY,2024-02-27 16:00:00,0
TXN0005537,19.5,POS,NY,2024-02-27 16:15:00,0
TXN0005538,29.7,POS,NY,2024-02-27 16:30:00,0
TXN0005539,10.85,Transfer,NY,2024-02-27 16:45:00,0
TXN0005540,35.44,Online,NY,2024-02-27 17:00:00,0
TXN0005541,54.58,Online,TX,2024-02-27 17:15:00,0
TXN0005542,18.73,Online,NY,2024-02-27 17:30:00,0
TXN0005543,53.36,Online,CA,2024-02-27 17:45:00,0
TXN0005544,2.4,POS,TX,2024-02-27 18:00:00,0
TXN0005545,7.82,POS,NY,2024-02-27 18:15:00,0
TXN0005546,113.68,ATM,NY,2024-02-27 18:30:00,0
TXN0005547,166.34,POS,FL,2024-02-27 18:45:00,0
TXN0005548,27.13,POS,CA,2024-02-27 19:00:00,0
TXN0005549,17.74,POS,TX,2024-02-27 19:15:00,0
TXN0005550,4.39,ATM,CA,2024-02-27 19:30:00,0
TXN0005551,31.07,ATM,FL,2024-02-27 19:45:00,0
TXN0005552,51.12,POS,WA,2024-02-27 20:00:00,0
TXN0005553,3.39,Online,WA,2024-02-27 20:15:00,0
TXN0005554,39.28,POS,WA,2024-02-27 20:30:00,0
TXN0005555,36.19,Online,IL,2024-02-27 20:45:00,0
TXN0005556,34.09,Online,NY,2024-02-27 21:00:00,0
TXN0005557,5.19,Transfer,TX,2024-02-27 21:15:00,0
TXN0005558,38.48,Online,FL,2024-02-27 21:30:00,0
TXN0005559,3.33,ATM,FL,2024-02-27 21:45:00,0
TXN0005560,119.86,POS,TX,2024-02-27 22:00:00,0
TXN0005561,23.62,Online,CA,2024-02-27 22:15:00,0
TXN0005562,4.97,POS,TX,2024-02-27 22:30:00,0
TXN0005563,100.91,ATM,IL,2024-02-27 22:45:00,0
TXN0005564,80.22,Online,IL,2024-02-27 23:00:00,0
TXN0005565,9.2,Transfer,NY,2024-02-27 23:15:00,0
TXN0005566,282.85,ATM,IL,2024-02-27 23:30:00,0
TXN0005567,6.02,Online,NY,2024-02-27 23:45:00,0
TXN0005568,29.26,ATM,WA,2024-02-28 00:00:00,0
TXN0005569,83.01,POS,CA,2024-02-28 00:15:00,0
TXN0005570,1.32,Transfer,FL,2024-02-28 00:30:00,0
TXN0005571,66.8,Transfer,WA,2024-02-28 00:45:00,0
TXN0005572,18.58,POS,NY,2024-02-28 01:00:00,0
TXN0005573,19.71,POS,WA,2024-02-28 01:15:00,0
TXN0005574,5.52,Transfer,WA,2024-02-28 01:30:00,0
TXN0005575,29.9,ATM,TX,2024-02-28 01:45:00,0
TXN0005576,5.3,Transfer,NY,2024-02-28 02:00:00,0
TXN0005577,6.28,POS,TX,2024-02-28 02:15:00,0
TXN0005578,11.74,ATM,CA,2024-02-28 02:30:00,0
TXN0005579,4.61,ATM,FL,2024-02-28 02:45:00,0
TXN0005580,132.59,Transfer,IL,2024-02-28 03:00:00,0
TXN0005581,4.08,ATM,TX,2024-02-28 03:15:00,0
TXN0005582,8.12,Transfer,CA,2024-02-28 03:30:00,0
TXN0005583,13.74,Online,FL,2024-02-28 03:45:00,0
TXN0005584,20.17,Transfer,IL,2024-02-28 04:00:00,0
TXN0005585,51.98,ATM,FL,2024-02-28 04:15:00,0
TXN0005586,53.62,Online,IL,2024-02-28 04:30:00,0
TXN0005587,13.97,Transfer,TX,2024-02-28 04:45:00,0
TXN0005588,12.67,ATM,NY,2024-02-28 05:00:00,0
TXN0005589,20.95,Online,CA,2024-02-28 05:15:00,0
TXN0005590,53.86,Online,TX,2024-02-28 05:30:00,0
TXN0005591,46.39,Online,WA,2024-02-28 05:45:00,0
TXN0005592,10.81,Online,WA,2024-02-28 06:00:00,0
TXN0005593,1.7,ATM,TX,2024-02-28 06:15:00,0
TXN0005594,262.87,Online,WA,2024-02-28 06:30:00,0
TXN0005595,62.91,ATM,CA,2024-02-28 06:45:00,0
TXN0005596,27.55,ATM,CA,2024-02-28 07:00:00,0
TXN0005597,30.22,POS,CA,2024-02-28 07:15:00,0
TXN0005598,10.74,Transfer,WA,2024-02-28 07:30:00,0
TXN0005599,6.04,Transfer,CA,2024-02-28 07:45:00,0
TXN0005600,13.48,ATM,WA,2024-02-28 08:00:00,0
TXN0005601,15.38,Online,WA,2024-02-28 08:15:00,0
TXN0005602,9.48,Transfer,NY,2024-02-28 08:30:00,0
TXN0005603,3.5,ATM,NY,2024-02-28 08:45:00,0
TXN0005604,13.8,POS,IL,2024-02-28 09:00:00,0
TXN0005605,40.12,Transfer,TX,2024-02-28 09:15:00,0
TXN0005606,11.09,Transfer,NY,2024-02-28 09:30:00,0
TXN0005607,20.62,Transfer,FL,2024-02-28 09:45:00,0
TXN0005608,1.67,Online,FL,2024-02-28 10:00:00,0
TXN0005609,15.66,ATM,FL,2024-02-28 10:15:00,0
TXN0005610,17.35,Online,TX,2024-02-28 10:30:00,0
TXN0005611,4.61,Online,NY,2024-02-28 10:45:00,0
TXN0005612,2.52,Transfer,NY,2024-02-28 11:00:00,0
TXN0005613,32.92,Online,TX,2024-02-28 11:15:00,0
TXN0005614,7.6,Online,TX,2024-02-28 11:30:00,0
TXN0005615,36.09,POS,FL,2024-02-28 11:45:00,0
TXN0005616,12.13,POS,FL,2024-02-28 12:00:00,0
TXN0005617,42.43,Transfer,NY,2024-02-28 12:15:00,0
TXN0005618,13.38,POS,IL,2024-02-28 12:30:00,0
TXN0005619,3.29,Online,IL,2024-02-28 12:45:00,0
TXN0005620,18.11,Transfer,IL,2024-02-28 13:00:00,0
TXN0005621,13.55,Online,FL,2024-02-28 13:15:00,0
TXN0005622,44.21,POS,IL,2024-02-28 13:30:00,0
TXN0005623,11.7,Transfer,FL,2024-02-28 13:45:00,0
TXN0005624,12.53,Transfer,WA,2024-02-28 14:00:00,0
TXN0005625,56.37,POS,NY,2024-02-28 14:15:00,0
TXN0005626,81.42,Online,NY,2024-02-28 14:30:00,0
TXN0005627,49.97,ATM,WA,2024-02-28 14:45:00,0
TXN0005628,69.78,Online,WA,2024-02-28 15:00:00,0
TXN0005629,34.64,Transfer,WA,2024-02-28 15:15:00,0
TXN0005630,50.62,Transfer,CA,2024-02-28 15:30:00,0
TXN0005631,57.62,Online,CA,2024-02-28 15:45:00,0
TXN0005632,32.61,ATM,TX,2024-02-28 16:00:00,0
TXN0005633,21.66,POS,TX,2024-02-28 16:15:00,0
TXN0005634,23.82,Transfer,NY,2024-02-28 16:30:00,0
TXN0005635,359.9,Transfer,FL,2024-02-28 16:45:00,0
TXN0005636,20.42,POS,IL,2024-02-28 17:00:00,0
TXN0005637,15.12,Online,FL,2024-02-28 17:15:00,1
TXN0005638,12.97,Online,IL,2024-02-28 17:30:00,0
TXN0005639,19.3,Transfer,NY,2024-02-28 17:45:00,0
TXN0005640,26.92,ATM,NY,2024-02-28 18:00:00,0
TXN0005641,5.17,ATM,WA,2024-02-28 18:15:00,0
TXN0005642,1.87,POS,CA,2024-02-28 18:30:00,0
TXN0005643,28.63,POS,FL,2024-02-28 18:45:00,0
TXN0005644,2.92,POS,FL,2024-02-28 19:00:00,0
TXN0005645,27.4,Transfer,IL,2024-02-28 19:15:00,0
TXN0005646,23.78,Online,CA,2024-02-28 19:30:00,0
TXN0005647,80.12,POS,WA,2024-02-28 19:45:00,0
TXN0005648,149.04,Transfer,WA,2024-02-28 20:00:00,0
TXN0005649,31.22,Transfer,FL,2024-02-28 20:15:00,0
TXN0005650,10.33,Transfer,TX,2024-02-28 20:30:00,0
TXN0005651,4.9,Transfer,IL,2024-02-28 20:45:00,0
TXN0005652,7.77,Online,NY,2024-02-28 21:00:00,0
TXN0005653,21.07,ATM,WA,2024-02-28 21:15:00,0
TXN0005654,1.68,Transfer,IL,2024-02-28 21:30:00,0
TXN0005655,21.98,ATM,NY,2024-02-28 21:45:00,0
TXN0005656,19.8,POS,CA,2024-02-28 22:00:00,0
TXN0005657,43.52,Online,FL,2024-02-28 22:15:00,0
TXN0005658,13.44,Transfer,CA,2024-02-28 22:30:00,0
TXN0005659,22.7,Online,WA,2024-02-28 22:45:00,0
TXN0005660,8.3,Online,TX,2024-02-28 23:00:00,0
TXN0005661,11.51,POS,TX,2024-02-28 23:15:00,0
TXN0005662,2.39,Transfer,NY,2024-02-28 23:30:00,0
TXN0005663,23.3,POS,TX,2024-02-28 23:45:00,0
TXN0005664,128.83,POS,WA,2024-02-29 00:00:00,0
TXN0005665,24.41,POS,CA,2024-02-29 00:15:00,0
TXN0005666,31.16,Online,FL,2024-02-29 00:30:00,0
TXN0005667,6.18,Online,WA,2024-02-29 00:45:00,0
TXN0005668,111.89,Online,FL,2024-02-29 01:00:00,0
TXN0005669,8.0,ATM,TX,2024-02-29 01:15:00,0
TXN0005670,52.57,POS,FL,2024-02-29 01:30:00,0
TXN0005671,22.85,ATM,NY,2024-02-29 01:45:00,0
TXN0005672,6.35,POS,WA,2024-02-29 02:00:00,0
TXN0005673,68.9,Online,CA,2024-02-29 02:15:00,0
TXN0005674,20.46,ATM,CA,2024-02-29 02:30:00,0
TXN0005675,24.89,Online,WA,2024-02-29 02:45:00,0
TXN0005676,34.56,Transfer,NY,2024-02-29 03:00:00,0
TXN0005677,19.57,ATM,TX,2024-02-29 03:15:00,0
TXN0005678,12.75,Online,CA,2024-02-29 03:30:00,0
TXN0005679,35.14,Transfer,IL,2024-02-29 03:45:00,0
TXN0005680,12.36,Online,CA,2024-02-29 04:00:00,0
TXN0005681,21.72,Transfer,FL,2024-02-29 04:15:00,0
TXN0005682,9.01,Transfer,CA,2024-02-29 04:30:00,0
TXN0005683,3.36,Transfer,CA,2024-02-29 04:45:00,0
TXN0005684,8.95,Online,IL,2024-02-29 05:00:00,0
TXN0005685,11.09,POS,TX,2024-02-29 05:15:00,0
TXN0005686,20.45,POS,FL,2024-02-29 05:30:00,0
TXN0005687,83.2,Transfer,TX,2024-02-29 05:45:00,0
TXN0005688,2.64,POS,NY,2024-02-29 06:00:00,0
TXN0005689,23.44,Online,IL,2024-02-29 06:15:00,0
TXN0005690,1.41,ATM,FL,2024-02-29 06:30:00,0
TXN0005691,5.73,Online,IL,2024-02-29 06:45:00,0
TXN0005692,10.93,ATM,CA,2024-02-29 07:00:00,1
TXN0005693,1.34,Online,FL,2024-02-29 07:15:00,0
TXN0005694,2.16,Online,NY,2024-02-29 07:30:00,0
TXN0005695,24.16,Online,TX,2024-02-29 07:45:00,0
TXN0005696,22.05,Online,CA,2024-02-29 08:00:00,0
TXN0005697,17.52,Online,IL,2024-02-29 08:15:00,1
TXN0005698,7.66,ATM,TX,2024-02-29 08:30:00,0
TXN0005699,266.47,POS,FL,2024-02-29 08:45:00,0
TXN0005700,16.55,Transfer,FL,2024-02-29 09:00:00,0
TXN0005701,7.14,Transfer,NY,2024-02-29 09:15:00,0
TXN0005702,150.52,ATM,WA,2024-02-29 09:30:00,0
TXN0005703,41.98,ATM,CA,2024-02-29 09:45:00,0
TXN0005704,12.87,Transfer,IL,2024-02-29 10:00:00,0
TXN0005705,84.03,ATM,TX,2024-02-29 10:15:00,0
TXN0005706,24.24,Online,NY,2024-02-29 10:30:00,0
TXN0005707,43.46,Online,WA,2024-02-29 10:45:00,0
TXN0005708,26.62,Online,IL,2024-02-29 11:00:00,0
TXN0005709,5.85,ATM,FL,2024-02-29 11:15:00,0
TXN0005710,64.42,ATM,NY,2024-02-29 11:30:00,0
TXN0005711,24.35,ATM,TX,2024-02-29 11:45:00,0
TXN0005712,5.98,Online,NY,2024-02-29 12:00:00,0
TXN0005713,8.04,Transfer,TX,2024-02-29 12:15:00,0
TXN0005714,63.21,Transfer,IL,2024-02-29 12:30:00,0
TXN0005715,12.89,ATM,NY,2024-02-29 12:45:00,0
TXN0005716,21.24,Online,WA,2024-02-29 13:00:00,0
TXN0005717,44.05,POS,FL,2024-02-29 13:15:00,0
TXN0005718,23.43,POS,WA,2024-02-29 13:30:00,0
TXN0005719,3.22,POS,FL,2024-02-29 13:45:00,0
TXN0005720,43.16,Online,FL,2024-02-29 14:00:00,0
TXN0005721,61.93,POS,IL,2024-02-29 14:15:00,0
TXN0005722,56.82,POS,WA,2024-02-29 14:30:00,0
TXN0005723,139.79,POS,NY,2024-02-29 14:45:00,0
TXN0005724,31.1,Transfer,WA,2024-02-29 15:00:00,0
TXN0005725,51.03,Transfer,CA,2024-02-29 15:15:00,0
TXN0005726,135.25,ATM,NY,2024-02-29 15:30:00,0
TXN0005727,14.17,Online,CA,2024-02-29 15:45:00,0
TXN0005728,161.36,Transfer,FL,2024-02-29 16:00:00,0
TXN0005729,161.03,ATM,CA,2024-02-29 16:15:00,0
TXN0005730,51.4,Transfer,WA,2024-02-29 16:30:00,0
TXN0005731,182.66,POS,CA,2024-02-29 16:45:00,0
TXN0005732,55.83,Transfer,TX,2024-02-29 17:00:00,0
TXN0005733,6.98,POS,FL,2024-02-29 17:15:00,0
TXN0005734,78.64,ATM,IL,2024-02-29 17:30:00,0
TXN0005735,29.72,ATM,NY,2024-02-29 17:45:00,0
TXN0005736,32.99,POS,FL,2024-02-29 18:00:00,0
TXN0005737,24.18,POS,NY,2024-02-29 18:15:00,0
TXN0005738,102.67,ATM,TX,2024-02-29 18:30:00,0
TXN0005739,38.97,ATM,CA,2024-02-29 18:45:00,0
TXN0005740,8.71,ATM,WA,2024-02-29 19:00:00,0
TXN0005741,35.98,ATM,NY,2024-02-29 19:15:00,0
TXN0005742,48.19,Online,TX,2024-02-29 19:30:00,1
TXN0005743,8.41,POS,TX,2024-02-29 19:45:00,0
TXN0005744,11.93,POS,NY,2024-02-29 20:00:00,0
TXN0005745,12.68,POS,CA,2024-02-29 20:15:00,0
TXN0005746,9.69,POS,WA,2024-02-29 20:30:00,0
TXN0005747,30.53,ATM,WA,2024-02-29 20:45:00,0
TXN0005748,68.12,Transfer,IL,2024-02-29 21:00:00,0
TXN0005749,194.58,ATM,NY,2024-02-29 21:15:00,0
TXN0005750,84.24,Transfer,FL,2024-02-29 21:30:00,0
TXN0005751,68.48,Online,TX,2024-02-29 21:45:00,0
TXN0005752,79.19,POS,FL,2024-02-29 22:00:00,0
TXN0005753,99.72,Online,CA,2024-02-29 22:15:00,0
TXN0005754,12.78,Transfer,TX,2024-02-29 22:30:00,0
TXN0005755,46.17,Online,FL,2024-02-29 22:45:00,0
TXN0005756,29.57,ATM,CA,2024-02-29 23:00:00,0
TXN0005757,17.2,POS,IL,2024-02-29 23:15:00,0
TXN0005758,11.64,ATM,FL,2024-02-29 23:30:00,0
TXN0005759,10.95,ATM,CA,2024-02-29 23:45:00,0
TXN0005760,14.56,POS,WA,2024-03-01 00:00:00,0
TXN0005761,4.56,POS,FL,2024-03-01 00:15:00,0
TXN0005762,37.56,Transfer,TX,2024-03-01 00:30:00,0
TXN0005763,19.56,Transfer,WA,2024-03-01 00:45:00,0
TXN0005764,22.81,POS,IL,2024-03-01 01:00:00,0
TXN0005765,30.16,ATM,WA,2024-03-01 01:15:00,0
TXN0005766,47.94,POS,NY,2024-03-01 01:30:00,0
TXN0005767,9.87,ATM,IL,2024-03-01 01:45:00,0
TXN0005768,17.68,POS,NY,2024-03-01 02:00:00,0
TXN0005769,2.91,ATM,WA,2024-03-01 02:15:00,0
TXN0005770,1.4,POS,WA,2024-03-01 02:30:00,0
TXN0005771,1.96,Transfer,WA,2024-03-01 02:45:00,0
TXN0005772,127.0,POS,TX,2024-03-01 03:00:00,0
TXN0005773,2.24,Online,IL,2024-03-01 03:15:00,0
TXN0005774,35.4,POS,TX,2024-03-01 03:30:00,0
TXN0005775,118.23,POS,IL,2024-03-01 03:45:00,0
TXN0005776,11.6,ATM,IL,2024-03-01 04:00:00,0
TXN0005777,141.99,POS,WA,2024-03-01 04:15:00,0
TXN0005778,184.33,Transfer,NY,2024-03-01 04:30:00,0
TXN0005779,62.45,Transfer,FL,2024-03-01 04:45:00,0
TXN0005780,346.24,ATM,IL,2024-03-01 05:00:00,0
TXN0005781,42.41,POS,TX,2024-03-01 05:15:00,0
TXN0005782,8.38,ATM,FL,2024-03-01 05:30:00,0
TXN0005783,37.67,POS,TX,2024-03-01 05:45:00,0
TXN0005784,11.84,ATM,IL,2024-03-01 06:00:00,0
TXN0005785,4.22,Transfer,NY,2024-03-01 06:15:00,0
TXN0005786,4.36,Online,TX,2024-03-01 06:30:00,0
TXN0005787,323.55,POS,FL,2024-03-01 06:45:00,0
TXN0005788,10.56,Transfer,CA,2024-03-01 07:00:00,0
TXN0005789,19.65,Online,CA,2024-03-01 07:15:00,0
TXN0005790,9.13,ATM,CA,2024-03-01 07:30:00,0
TXN0005791,23.91,Online,NY,2024-03-01 07:45:00,0
TXN0005792,15.24,POS,TX,2024-03-01 08:00:00,0
TXN0005793,12.41,ATM,IL,2024-03-01 08:15:00,0
TXN0005794,4.75,Online,NY,2024-03-01 08:30:00,0
TXN0005795,3.73,POS,TX,2024-03-01 08:45:00,0
TXN0005796,8.33,Online,IL,2024-03-01 09:00:00,0
TXN0005797,28.94,ATM,FL,2024-03-01 09:15:00,0
TXN0005798,246.28,POS,FL,2024-03-01 09:30:00,0
TXN0005799,72.2,Online,IL,2024-03-01 09:45:00,0
TXN0005800,182.01,ATM,WA,2024-03-01 10:00:00,0
TXN0005801,36.57,Transfer,IL,2024-03-01 10:15:00,0
TXN0005802,18.42,Transfer,CA,2024-03-01 10:30:00,0
TXN0005803,4.17,POS,IL,2024-03-01 10:45:00,0
TXN0005804,20.53,Online,NY,2024-03-01 11:00:00,1
TXN0005805,1.56,POS,CA,2024-03-01 11:15:00,0
TXN0005806,14.29,Transfer,FL,2024-03-01 11:30:00,0
TXN0005807,144.67,ATM,FL,2024-03-01 11:45:00,0
TXN0005808,30.45,Transfer,WA,2024-03-01 12:00:00,0
TXN0005809,79.53,Transfer,FL,2024-03-01 12:15:00,0
TXN0005810,12.99,POS,WA,2024-03-01 12:30:00,0
TXN0005811,3.94,Transfer,NY,2024-03-01 12:45:00,0
TXN0005812,11.58,Transfer,CA,2024-03-01 13:00:00,0
TXN0005813,12.79,ATM,IL,2024-03-01 13:15:00,0
TXN0005814,87.51,POS,TX,2024-03-01 13:30:00,0
TXN0005815,220.54,Transfer,TX,2024-03-01 13:45:00,0
TXN0005816,8.48,Online,WA,2024-03-01 14:00:00,0
TXN0005817,13.41,ATM,NY,2024-03-01 14:15:00,0
TXN0005818,17.33,Online,NY,2024-03-01 14:30:00,0
TXN0005819,13.58,POS,FL,2024-03-01 14:45:00,0
TXN0005820,4.64,Transfer,CA,2024-03-01 15:00:00,0
TXN0005821,23.11,POS,CA,2024-03-01 15:15:00,0
TXN0005822,31.93,Transfer,NY,2024-03-01 15:30:00,0
TXN0005823,32.86,POS,IL,2024-03-01 15:45:00,0
TXN0005824,4.86,POS,TX,2024-03-01 16:00:00,0
TXN0005825,18.06,Transfer,WA,2024-03-01 16:15:00,0
TXN0005826,2.57,Online,NY,2024-03-01 16:30:00,0
TXN0005827,62.0,ATM,FL,2024-03-01 16:45:00,0
TXN0005828,6.1,Online,NY,2024-03-01 17:00:00,0
TXN0005829,14.91,ATM,TX,2024-03-01 17:15:00,0
TXN0005830,12.1,Online,TX,2024-03-01 17:30:00,0
TXN0005831,10.3,POS,WA,2024-03-01 17:45:00,0
TXN0005832,5.83,Online,WA,2024-03-01 18:00:00,0
TXN0005833,2.49,ATM,FL,2024-03-01 18:15:00,0
TXN0005834,166.23,ATM,IL,2024-03-01 18:30:00,0
TXN0005835,28.25,POS,CA,2024-03-01 18:45:00,0
TXN0005836,28.6,Online,FL,2024-03-01 19:00:00,0
TXN0005837,258.22,POS,FL,2024-03-01 19:15:00,0
TXN0005838,18.44,ATM,WA,2024-03-01 19:30:00,0
TXN0005839,40.4,Online,IL,2024-03-01 19:45:00,0
TXN0005840,21.35,ATM,TX,2024-03-01 20:00:00,0
TXN0005841,86.57,Online,TX,2024-03-01 20:15:00,0
TXN0005842,38.04,Online,TX,2024-03-01 20:30:00,0
TXN0005843,30.39,POS,WA,2024-03-01 20:45:00,0
TXN0005844,15.34,Transfer,IL,2024-03-01 21:00:00,0
TXN0005845,29.17,POS,CA,2024-03-01 21:15:00,0
TXN0005846,84.28,ATM,IL,2024-03-01 21:30:00,0
TXN0005847,1.73,POS,IL,2024-03-01 21:45:00,0
TXN0005848,17.87,Online,FL,2024-03-01 22:00:00,0
TXN0005849,12.64,ATM,WA,2024-03-01 22:15:00,0
TXN0005850,14.56,Transfer,NY,2024-03-01 22:30:00,0
TXN0005851,1.95,POS,CA,2024-03-01 22:45:00,0
TXN0005852,50.21,Transfer,WA,2024-03-01 23:00:00,0
TXN0005853,7.57,Online,IL,2024-03-01 23:15:00,0
TXN0005854,15.9,POS,CA,2024-03-01 23:30:00,0
TXN0005855,11.41,ATM,TX,2024-03-01 23:45:00,0
TXN0005856,2.82,ATM,CA,2024-03-02 00:00:00,0
TXN0005857,12.23,ATM,CA,2024-03-02 00:15:00,0
TXN0005858,2.29,POS,WA,2024-03-02 00:30:00,0
TXN0005859,6.74,Transfer,WA,2024-03-02 00:45:00,0
TXN0005860,14.31,POS,IL,2024-03-02 01:00:00,0
TXN0005861,20.78,ATM,CA,2024-03-02 01:15:00,0
TXN0005862,22.33,Transfer,NY,2024-03-02 01:30:00,0
TXN0005863,17.71,Online,IL,2024-03-02 01:45:00,0
TXN0005864,271.73,Transfer,FL,2024-03-02 02:00:00,0
TXN0005865,35.24,POS,NY,2024-03-02 02:15:00,0
TXN0005866,4.82,POS,CA,2024-03-02 02:30:00,0
TXN0005867,10.02,ATM,IL,2024-03-02 02:45:00,0
TXN0005868,9.5,ATM,WA,2024-03-02 03:00:00,0
TXN0005869,16.89,POS,IL,2024-03-02 03:15:00,0
TXN0005870,10.13,Transfer,WA,2024-03-02 03:30:00,0
TXN0005871,7.49,Online,WA,2024-03-02 03:45:00,0
TXN0005872,151.22,ATM,WA,2024-03-02 04:00:00,0
TXN0005873,22.04,Transfer,WA,2024-03-02 04:15:00,0
TXN0005874,13.95,POS,TX,2024-03-02 04:30:00,0
TXN0005875,15.44,Transfer,CA,2024-03-02 04:45:00,0
TXN0005876,16.12,ATM,NY,2024-03-02 05:00:00,0
TXN0005877,111.22,POS,IL,2024-03-02 05:15:00,0
TXN0005878,37.13,POS,IL,2024-03-02 05:30:00,0
TXN0005879,80.49,Online,CA,2024-03-02 05:45:00,0
TXN0005880,0.5,Transfer,WA,2024-03-02 06:00:00,0
TXN0005881,30.95,POS,NY,2024-03-02 06:15:00,0
TXN0005882,74.6,Transfer,IL,2024-03-02 06:30:00,0
TXN0005883,223.48,Online,IL,2024-03-02 06:45:00,0
TXN0005884,21.69,Online,CA,2024-03-02 07:00:00,0
TXN0005885,2.67,ATM,TX,2024-03-02 07:15:00,0
TXN0005886,42.46,Transfer,NY,2024-03-02 07:30:00,1
TXN0005887,10.21,ATM,IL,2024-03-02 07:45:00,0
TXN0005888,2.44,Transfer,FL,2024-03-02 08:00:00,1
TXN0005889,9.97,POS,WA,2024-03-02 08:15:00,0
TXN0005890,74.4,ATM,CA,2024-03-02 08:30:00,1
TXN0005891,88.65,POS,NY,2024-03-02 08:45:00,0
TXN0005892,49.82,Transfer,CA,2024-03-02 09:00:00,0
TXN0005893,5.96,ATM,FL,2024-03-02 09:15:00,0
TXN0005894,429.86,Transfer,NY,2024-03-02 09:30:00,0
TXN0005895,5.16,ATM,TX,2024-03-02 09:45:00,0
TXN0005896,19.11,POS,TX,2024-03-02 10:00:00,0
TXN0005897,3.71,Online,TX,2024-03-02 10:15:00,0
TXN0005898,101.98,Transfer,NY,2024-03-02 10:30:00,0
TXN0005899,35.86,POS,TX,2024-03-02 10:45:00,0
TXN0005900,60.98,ATM,FL,2024-03-02 11:00:00,0
TXN0005901,23.42,Online,NY,2024-03-02 11:15:00,1
TXN0005902,19.37,ATM,NY,2024-03-02 11:30:00,0
TXN0005903,25.92,Transfer,NY,2024-03-02 11:45:00,0
TXN0005904,2.18,ATM,FL,2024-03-02 12:00:00,0
TXN0005905,69.37,POS,CA,2024-03-02 12:15:00,0
TXN0005906,62.99,Transfer,IL,2024-03-02 12:30:00,0
TXN0005907,13.15,Transfer,CA,2024-03-02 12:45:00,0
TXN0005908,20.75,Online,IL,2024-03-02 13:00:00,0
TXN0005909,30.19,POS,CA,2024-03-02 13:15:00,0
TXN0005910,138.73,POS,CA,2024-03-02 13:30:00,0
TXN0005911,35.41,Online,CA,2024-03-02 13:45:00,0
TXN0005912,22.2,POS,NY,2024-03-02 14:00:00,0
TXN0005913,11.46,Transfer,CA,2024-03-02 14:15:00,0
TXN0005914,3.48,POS,TX,2024-03-02 14:30:00,0
TXN0005915,10.33,Transfer,WA,2024-03-02 14:45:00,0
TXN0005916,23.02,ATM,FL,2024-03-02 15:00:00,0
TXN0005917,15.62,ATM,FL,2024-03-02 15:15:00,0
TXN0005918,23.16,Online,FL,2024-03-02 15:30:00,0
TXN0005919,51.76,Online,FL,2024-03-02 15:45:00,0
TXN0005920,35.69,Transfer,WA,2024-03-02 16:00:00,0
TXN0005921,29.47,Online,FL,2024-03-02 16:15:00,0
TXN0005922,46.57,Transfer,FL,2024-03-02 16:30:00,0
TXN0005923,26.5,ATM,TX,2024-03-02 16:45:00,0
TXN0005924,20.43,Transfer,IL,2024-03-02 17:00:00,0
TXN0005925,37.27,ATM,IL,2024-03-02 17:15:00,0
TXN0005926,2.67,Online,NY,2024-03-02 17:30:00,0
TXN0005927,95.43,POS,WA,2024-03-02 17:45:00,0
TXN0005928,4.52,Transfer,TX,2024-03-02 18:00:00,0
TXN0005929,57.99,ATM,CA,2024-03-02 18:15:00,0
TXN0005930,21.58,ATM,WA,2024-03-02 18:30:00,0
TXN0005931,80.35,Online,IL,2024-03-02 18:45:00,0
TXN0005932,22.18,ATM,CA,2024-03-02 19:00:00,0
TXN0005933,6.85,Online,FL,2024-03-02 19:15:00,0
TXN0005934,77.17,ATM,TX,2024-03-02 19:30:00,0
TXN0005935,26.57,Transfer,FL,2024-03-02 19:45:00,0
TXN0005936,24.56,Transfer,NY,2024-03-02 20:00:00,0
TXN0005937,23.49,POS,NY,2024-03-02 20:15:00,0
TXN0005938,70.89,Transfer,TX,2024-03-02 20:30:00,0
TXN0005939,56.9,POS,CA,2024-03-02 20:45:00,1
TXN0005940,28.12,ATM,CA,2024-03-02 21:00:00,0
TXN0005941,3.32,Transfer,TX,2024-03-02 21:15:00,0
TXN0005942,13.15,POS,NY,2024-03-02 21:30:00,0
TXN0005943,24.25,POS,WA,2024-03-02 21:45:00,0
TXN0005944,184.17,Online,TX,2024-03-02 22:00:00,0
TXN0005945,33.91,Online,FL,2024-03-02 22:15:00,1
TXN0005946,19.15,ATM,NY,2024-03-02 22:30:00,0
TXN0005947,89.86,ATM,IL,2024-03-02 22:45:00,0
TXN0005948,18.72,ATM,CA,2024-03-02 23:00:00,0
TXN0005949,20.7,ATM,FL,2024-03-02 23:15:00,0
TXN0005950,25.86,Online,WA,2024-03-02 23:30:00,0
TXN0005951,3.55,POS,IL,2024-03-02 23:45:00,0
TXN0005952,67.59,ATM,CA,2024-03-03 00:00:00,0
TXN0005953,35.72,ATM,TX,2024-03-03 00:15:00,1
TXN0005954,15.27,Transfer,IL,2024-03-03 00:30:00,0
TXN0005955,5.44,POS,IL,2024-03-03 00:45:00,0
TXN0005956,27.71,POS,NY,2024-03-03 01:00:00,0
TXN0005957,115.08,ATM,CA,2024-03-03 01:15:00,0
TXN0005958,9.94,ATM,WA,2024-03-03 01:30:00,0
TXN0005959,6.0,Transfer,CA,2024-03-03 01:45:00,0
TXN0005960,35.53,Online,CA,2024-03-03 02:00:00,0
TXN0005961,3.16,Online,NY,2024-03-03 02:15:00,0
TXN0005962,1.49,ATM,IL,2024-03-03 02:30:00,0
TXN0005963,12.6,ATM,NY,2024-03-03 02:45:00,0
TXN0005964,9.38,POS,WA,2024-03-03 03:00:00,0
TXN0005965,15.41,Transfer,WA,2024-03-03 03:15:00,1
TXN0005966,11.09,POS,TX,2024-03-03 03:30:00,0
TXN0005967,32.03,ATM,IL,2024-03-03 03:45:00,0
TXN0005968,16.49,Transfer,NY,2024-03-03 04:00:00,0
TXN0005969,10.48,ATM,FL,2024-03-03 04:15:00,0
TXN0005970,12.42,ATM,TX,2024-03-03 04:30:00,0
TXN0005971,45.9,POS,NY,2024-03-03 04:45:00,0
TXN0005972,67.98,Transfer,CA,2024-03-03 05:00:00,0
TXN0005973,63.7,POS,TX,2024-03-03 05:15:00,0
TXN0005974,49.69,POS,CA,2024-03-03 05:30:00,0
TXN0005975,0.41,Online,TX,2024-03-03 05:45:00,0
TXN0005976,6.47,Transfer,TX,2024-03-03 06:00:00,0
TXN0005977,14.77,Online,CA,2024-03-03 06:15:00,0
TXN0005978,27.58,Online,IL,2024-03-03 06:30:00,0
TXN0005979,3.09,ATM,CA,2024-03-03 06:45:00,0
TXN0005980,118.77,Online,NY,2024-03-03 07:00:00,0
TXN0005981,31.03,Online,TX,2024-03-03 07:15:00,0
TXN0005982,10.23,POS,WA,2024-03-03 07:30:00,0
TXN0005983,26.24,Online,WA,2024-03-03 07:45:00,0
TXN0005984,14.23,Transfer,IL,2024-03-03 08:00:00,0
TXN0005985,8.67,Online,WA,2024-03-03 08:15:00,0
TXN0005986,39.6,Online,FL,2024-03-03 08:30:00,0
TXN0005987,12.52,Online,NY,2024-03-03 08:45:00,0
TXN0005988,3.97,POS,WA,2024-03-03 09:00:00,0
TXN0005989,10.08,ATM,NY,2024-03-03 09:15:00,0
TXN0005990,18.82,POS,FL,2024-03-03 09:30:00,0
TXN0005991,5.91,ATM,FL,2024-03-03 09:45:00,0
TXN0005992,98.13,POS,NY,2024-03-03 10:00:00,0
TXN0005993,5.85,POS,CA,2024-03-03 10:15:00,0
TXN0005994,178.07,POS,NY,2024-03-03 10:30:00,0
TXN0005995,63.25,Online,FL,2024-03-03 10:45:00,0
TXN0005996,6.99,Online,TX,2024-03-03 11:00:00,0
TXN0005997,25.29,ATM,FL,2024-03-03 11:15:00,0
TXN0005998,89.4,Online,NY,2024-03-03 11:30:00,0
TXN0005999,17.22,ATM,WA,2024-03-03 11:45:00,0
TXN0006000,5.18,ATM,FL,2024-03-03 12:00:00,0
TXN0006001,24.78,POS,WA,2024-03-03 12:15:00,0
TXN0006002,236.12,Online,NY,2024-03-03 12:30:00,0
TXN0006003,3.63,POS,TX,2024-03-03 12:45:00,0
TXN0006004,42.21,Transfer,CA,2024-03-03 13:00:00,0
TXN0006005,21.96,POS,CA,2024-03-03 13:15:00,0
TXN0006006,18.85,Transfer,FL,2024-03-03 13:30:00,0
TXN0006007,13.61,POS,IL,2024-03-03 13:45:00,0
TXN0006008,14.82,Transfer,TX,2024-03-03 14:00:00,0
TXN0006009,75.56,POS,FL,2024-03-03 14:15:00,0
TXN0006010,44.53,Transfer,NY,2024-03-03 14:30:00,1
TXN0006011,6.58,ATM,NY,2024-03-03 14:45:00,0
TXN0006012,141.38,ATM,IL,2024-03-03 15:00:00,0
TXN0006013,4.59,Online,NY,2024-03-03 15:15:00,0
TXN0006014,48.28,Transfer,FL,2024-03-03 15:30:00,0
TXN0006015,27.19,POS,WA,2024-03-03 15:45:00,0
TXN0006016,91.91,Transfer,CA,2024-03-03 16:00:00,0
TXN0006017,33.46,Online,TX,2024-03-03 16:15:00,0
TXN0006018,77.53,Online,IL,2024-03-03 16:30:00,1
TXN0006019,21.21,Online,WA,2024-03-03 16:45:00,0
TXN0006020,70.21,Online,FL,2024-03-03 17:00:00,0
TXN0006021,33.04,Transfer,TX,2024-03-03 17:15:00,0
TXN0006022,288.18,ATM,WA,2024-03-03 17:30:00,0
TXN0006023,9.49,POS,TX,2024-03-03 17:45:00,0
TXN0006024,91.69,POS,FL,2024-03-03 18:00:00,0
TXN0006025,38.21,POS,IL,2024-03-03 18:15:00,0
TXN0006026,27.05,Transfer,NY,2024-03-03 18:30:00,0
TXN0006027,11.1,POS,IL,2024-03-03 18:45:00,0
TXN0006028,37.46,Transfer,WA,2024-03-03 19:00:00,0
TXN0006029,3.74,Transfer,FL,2024-03-03 19:15:00,0
TXN0006030,4.24,POS,TX,2024-03-03 19:30:00,0
TXN0006031,51.5,Transfer,TX,2024-03-03 19:45:00,0
TXN0006032,3.39,Transfer,TX,2024-03-03 20:00:00,0
TXN0006033,122.99,Online,WA,2024-03-03 20:15:00,0
TXN0006034,15.78,POS,FL,2024-03-03 20:30:00,0
TXN0006035,29.61,POS,IL,2024-03-03 20:45:00,0
TXN0006036,24.02,Transfer,WA,2024-03-03 21:00:00,0
TXN0006037,36.36,POS,CA,2024-03-03 21:15:00,0
TXN0006038,15.71,ATM,IL,2024-03-03 21:30:00,0
TXN0006039,14.13,Transfer,CA,2024-03-03 21:45:00,0
TXN0006040,18.89,Transfer,NY,2024-03-03 22:00:00,0
TXN0006041,77.41,POS,WA,2024-03-03 22:15:00,0
TXN0006042,85.63,Online,CA,2024-03-03 22:30:00,0
TXN0006043,101.39,Online,IL,2024-03-03 22:45:00,0
TXN0006044,34.08,ATM,WA,2024-03-03 23:00:00,0
TXN0006045,17.29,Online,CA,2024-03-03 23:15:00,0
TXN0006046,2.93,Online,FL,2024-03-03 23:30:00,0
TXN0006047,47.58,Transfer,FL,2024-03-03 23:45:00,0
TXN0006048,60.32,ATM,NY,2024-03-04 00:00:00,0
TXN0006049,13.56,POS,TX,2024-03-04 00:15:00,0
TXN0006050,57.95,Transfer,WA,2024-03-04 00:30:00,0
TXN0006051,103.34,POS,WA,2024-03-04 00:45:00,0
TXN0006052,24.65,POS,CA,2024-03-04 01:00:00,0
TXN0006053,78.23,POS,FL,2024-03-04 01:15:00,0
TXN0006054,31.84,ATM,FL,2024-03-04 01:30:00,0
TXN0006055,2.75,Transfer,TX,2024-03-04 01:45:00,0
TXN0006056,12.49,Online,IL,2024-03-04 02:00:00,0
TXN0006057,13.46,ATM,TX,2024-03-04 02:15:00,0
TXN0006058,41.56,POS,IL,2024-03-04 02:30:00,0
TXN0006059,7.81,Online,WA,2024-03-04 02:45:00,0
TXN0006060,13.01,POS,FL,2024-03-04 03:00:00,0
TXN0006061,6.94,Online,TX,2024-03-04 03:15:00,0
TXN0006062,21.02,Online,CA,2024-03-04 03:30:00,0
TXN0006063,23.94,Online,TX,2024-03-04 03:45:00,0
TXN0006064,70.93,Transfer,CA,2024-03-04 04:00:00,0
TXN0006065,57.32,Transfer,TX,2024-03-04 04:15:00,0
TXN0006066,26.83,Transfer,TX,2024-03-04 04:30:00,0
TXN0006067,29.42,POS,WA,2024-03-04 04:45:00,0
TXN0006068,25.1,Transfer,NY,2024-03-04 05:00:00,0
TXN0006069,25.22,ATM,NY,2024-03-04 05:15:00,0
TXN0006070,140.94,Transfer,WA,2024-03-04 05:30:00,0
TXN0006071,1.12,Transfer,CA,2024-03-04 05:45:00,0
TXN0006072,17.84,POS,FL,2024-03-04 06:00:00,0
TXN0006073,32.06,Online,IL,2024-03-04 06:15:00,0
TXN0006074,85.48,ATM,NY,2024-03-04 06:30:00,0
TXN0006075,5.93,Online,CA,2024-03-04 06:45:00,0
TXN0006076,33.4,Transfer,CA,2024-03-04 07:00:00,0
TXN0006077,61.98,POS,FL,2024-03-04 07:15:00,0
TXN0006078,12.91,Online,IL,2024-03-04 07:30:00,0
TXN0006079,2.23,Transfer,WA,2024-03-04 07:45:00,0
TXN0006080,14.31,POS,WA,2024-03-04 08:00:00,0
TXN0006081,5.22,POS,TX,2024-03-04 08:15:00,0
TXN0006082,48.12,ATM,TX,2024-03-04 08:30:00,0
TXN0006083,7.94,POS,WA,2024-03-04 08:45:00,0
TXN0006084,186.65,Transfer,TX,2024-03-04 09:00:00,0
TXN0006085,26.11,Online,TX,2024-03-04 09:15:00,0
TXN0006086,8.38,Transfer,IL,2024-03-04 09:30:00,0
TXN0006087,12.03,POS,FL,2024-03-04 09:45:00,0
TXN0006088,5.94,ATM,WA,2024-03-04 10:00:00,0
TXN0006089,35.16,Online,FL,2024-03-04 10:15:00,0
TXN0006090,131.89,Online,CA,2024-03-04 10:30:00,0
TXN0006091,17.01,Transfer,CA,2024-03-04 10:45:00,0
TXN0006092,66.85,POS,CA,2024-03-04 11:00:00,0
TXN0006093,7.11,Transfer,TX,2024-03-04 11:15:00,0
TXN0006094,31.89,Transfer,FL,2024-03-04 11:30:00,0
TXN0006095,349.75,POS,TX,2024-03-04 11:45:00,0
TXN0006096,4.08,Transfer,WA,2024-03-04 12:00:00,0
TXN0006097,96.67,Online,WA,2024-03-04 12:15:00,0
TXN0006098,90.1,POS,TX,2024-03-04 12:30:00,0
TXN0006099,2.31,POS,NY,2024-03-04 12:45:00,0
TXN0006100,3.94,Online,WA,2024-03-04 13:00:00,0
TXN0006101,6.83,Transfer,IL,2024-03-04 13:15:00,0
TXN0006102,70.45,Online,IL,2024-03-04 13:30:00,0
TXN0006103,13.17,ATM,NY,2024-03-04 13:45:00,0
TXN0006104,18.02,POS,CA,2024-03-04 14:00:00,0
TXN0006105,51.48,POS,CA,2024-03-04 14:15:00,0
TXN0006106,25.37,ATM,NY,2024-03-04 14:30:00,0
TXN0006107,28.87,POS,NY,2024-03-04 14:45:00,0
TXN0006108,14.98,ATM,IL,2024-03-04 15:00:00,0
TXN0006109,84.84,Online,CA,2024-03-04 15:15:00,0
TXN0006110,8.66,ATM,TX,2024-03-04 15:30:00,0
TXN0006111,164.29,Online,TX,2024-03-04 15:45:00,0
TXN0006112,14.67,ATM,FL,2024-03-04 16:00:00,0
TXN0006113,8.45,POS,NY,2024-03-04 16:15:00,0
TXN0006114,47.8,POS,CA,2024-03-04 16:30:00,0
TXN0006115,37.79,Transfer,NY,2024-03-04 16:45:00,0
TXN0006116,2.04,ATM,NY,2024-03-04 17:00:00,0
TXN0006117,28.67,Transfer,NY,2024-03-04 17:15:00,0
TXN0006118,4.35,Online,FL,2024-03-04 17:30:00,0
TXN0006119,8.12,Transfer,NY,2024-03-04 17:45:00,0
TXN0006120,56.47,Transfer,IL,2024-03-04 18:00:00,0
TXN0006121,7.8,POS,WA,2024-03-04 18:15:00,0
TXN0006122,33.63,ATM,CA,2024-03-04 18:30:00,0
TXN0006123,13.92,ATM,IL,2024-03-04 18:45:00,0
TXN0006124,223.15,Online,TX,2024-03-04 19:00:00,0
TXN0006125,19.54,Online,TX,2024-03-04 19:15:00,0
TXN0006126,5.35,Online,WA,2024-03-04 19:30:00,0
TXN0006127,5.82,POS,FL,2024-03-04 19:45:00,0
TXN0006128,7.38,Transfer,TX,2024-03-04 20:00:00,0
TXN0006129,25.49,Online,NY,2024-03-04 20:15:00,0
TXN0006130,21.79,Online,WA,2024-03-04 20:30:00,0
TXN0006131,69.92,POS,WA,2024-03-04 20:45:00,0
TXN0006132,26.69,POS,TX,2024-03-04 21:00:00,0
TXN0006133,25.47,Online,FL,2024-03-04 21:15:00,0
TXN0006134,32.17,POS,FL,2024-03-04 21:30:00,0
TXN0006135,18.66,Transfer,IL,2024-03-04 21:45:00,0
TXN0006136,30.94,Online,WA,2024-03-04 22:00:00,0
TXN0006137,55.73,Transfer,WA,2024-03-04 22:15:00,0
TXN0006138,55.72,ATM,WA,2024-03-04 22:30:00,0
TXN0006139,11.31,Online,WA,2024-03-04 22:45:00,0
TXN0006140,2.61,POS,NY,2024-03-04 23:00:00,0
TXN0006141,8.24,POS,FL,2024-03-04 23:15:00,0
TXN0006142,30.46,Online,FL,2024-03-04 23:30:00,0
TXN0006143,1.1,Online,WA,2024-03-04 23:45:00,0
TXN0006144,12.26,POS,TX,2024-03-05 00:00:00,0
TXN0006145,37.18,ATM,IL,2024-03-05 00:15:00,0
TXN0006146,11.02,POS,CA,2024-03-05 00:30:00,0
TXN0006147,5.66,Transfer,WA,2024-03-05 00:45:00,0
TXN0006148,177.63,POS,WA,2024-03-05 01:00:00,0
TXN0006149,114.02,Transfer,WA,2024-03-05 01:15:00,0
TXN0006150,15.86,Transfer,NY,2024-03-05 01:30:00,0
TXN0006151,105.71,Online,CA,2024-03-05 01:45:00,0
TXN0006152,102.65,ATM,WA,2024-03-05 02:00:00,1
TXN0006153,5.57,Transfer,IL,2024-03-05 02:15:00,0
TXN0006154,538.29,Online,WA,2024-03-05 02:30:00,0
TXN0006155,7.01,POS,IL,2024-03-05 02:45:00,0
TXN0006156,15.72,POS,NY,2024-03-05 03:00:00,0
TXN0006157,5.79,Online,NY,2024-03-05 03:15:00,0
TXN0006158,23.64,Online,FL,2024-03-05 03:30:00,0
TXN0006159,4.44,POS,TX,2024-03-05 03:45:00,0
TXN0006160,21.33,POS,IL,2024-03-05 04:00:00,0
TXN0006161,78.8,ATM,WA,2024-03-05 04:15:00,0
TXN0006162,27.76,ATM,NY,2024-03-05 04:30:00,0
TXN0006163,15.64,POS,FL,2024-03-05 04:45:00,0
TXN0006164,137.14,Online,FL,2024-03-05 05:00:00,0
TXN0006165,7.32,ATM,TX,2024-03-05 05:15:00,0
TXN0006166,68.51,POS,CA,2024-03-05 05:30:00,0
TXN0006167,14.91,Online,NY,2024-03-05 05:45:00,0
TXN0006168,27.75,POS,NY,2024-03-05 06:00:00,0
TXN0006169,22.23,ATM,WA,2024-03-05 06:15:00,0
TXN0006170,24.94,Transfer,CA,2024-03-05 06:30:00,0
TXN0006171,20.05,POS,IL,2024-03-05 06:45:00,0
TXN0006172,8.36,Online,TX,2024-03-05 07:00:00,0
TXN0006173,10.79,Transfer,CA,2024-03-05 07:15:00,0
TXN0006174,36.23,ATM,WA,2024-03-05 07:30:00,1
TXN0006175,18.72,ATM,IL,2024-03-05 07:45:00,0
TXN0006176,5.28,ATM,WA,2024-03-05 08:00:00,0
TXN0006177,9.13,Online,WA,2024-03-05 08:15:00,0
TXN0006178,9.26,Online,CA,2024-03-05 08:30:00,0
TXN0006179,19.89,Transfer,WA,2024-03-05 08:45:00,0
TXN0006180,26.29,Online,TX,2024-03-05 09:00:00,0
TXN0006181,23.65,Online,FL,2024-03-05 09:15:00,0
TXN0006182,9.67,ATM,WA,2024-03-05 09:30:00,0
TXN0006183,21.62,ATM,TX,2024-03-05 09:45:00,0
TXN0006184,4.09,Transfer,IL,2024-03-05 10:00:00,0
TXN0006185,0.66,POS,TX,2024-03-05 10:15:00,0
TXN0006186,19.76,POS,TX,2024-03-05 10:30:00,1
TXN0006187,2.9,ATM,TX,2024-03-05 10:45:00,0
TXN0006188,6.76,POS,IL,2024-03-05 11:00:00,1
TXN0006189,4.95,Online,WA,2024-03-05 11:15:00,0
TXN0006190,44.68,POS,CA,2024-03-05 11:30:00,0
TXN0006191,4.91,POS,TX,2024-03-05 11:45:00,0
TXN0006192,29.17,ATM,NY,2024-03-05 12:00:00,0
TXN0006193,11.64,Online,IL,2024-03-05 12:15:00,0
TXN0006194,4.74,Online,WA,2024-03-05 12:30:00,1
TXN0006195,3.15,POS,CA,2024-03-05 12:45:00,0
TXN0006196,36.25,Online,FL,2024-03-05 13:00:00,0
TXN0006197,33.06,POS,WA,2024-03-05 13:15:00,0
TXN0006198,52.59,Transfer,FL,2024-03-05 13:30:00,0
TXN0006199,186.79,POS,FL,2024-03-05 13:45:00,0
TXN0006200,28.72,Transfer,FL,2024-03-05 14:00:00,0
TXN0006201,29.0,POS,NY,2024-03-05 14:15:00,0
TXN0006202,17.83,Online,NY,2024-03-05 14:30:00,0
TXN0006203,23.44,POS,CA,2024-03-05 14:45:00,0
TXN0006204,13.55,POS,IL,2024-03-05 15:00:00,0
TXN0006205,7.04,Transfer,CA,2024-03-05 15:15:00,0
TXN0006206,225.08,Online,NY,2024-03-05 15:30:00,0
TXN0006207,2.2,POS,IL,2024-03-05 15:45:00,0
TXN0006208,27.84,ATM,TX,2024-03-05 16:00:00,0
TXN0006209,34.88,ATM,IL,2024-03-05 16:15:00,0
TXN0006210,24.53,POS,FL,2024-03-05 16:30:00,0
TXN0006211,6.45,ATM,TX,2024-03-05 16:45:00,0
TXN0006212,16.24,POS,FL,2024-03-05 17:00:00,0
TXN0006213,11.73,ATM,FL,2024-03-05 17:15:00,0
TXN0006214,5.61,POS,FL,2024-03-05 17:30:00,0
TXN0006215,19.25,Transfer,IL,2024-03-05 17:45:00,0
TXN0006216,12.46,ATM,FL,2024-03-05 18:00:00,0
TXN0006217,10.46,Transfer,CA,2024-03-05 18:15:00,0
TXN0006218,46.01,Online,FL,2024-03-05 18:30:00,0
TXN0006219,5.68,Online,WA,2024-03-05 18:45:00,0
TXN0006220,34.28,Online,CA,2024-03-05 19:00:00,0
TXN0006221,9.7,POS,FL,2024-03-05 19:15:00,0
TXN0006222,33.66,Online,TX,2024-03-05 19:30:00,0
TXN0006223,21.89,Transfer,IL,2024-03-05 19:45:00,0
TXN0006224,26.86,Transfer,NY,2024-03-05 20:00:00,0
TXN0006225,6.21,Online,WA,2024-03-05 20:15:00,0
TXN0006226,7.93,Online,IL,2024-03-05 20:30:00,0
TXN0006227,7.19,ATM,FL,2024-03-05 20:45:00,0
TXN0006228,24.69,Online,NY,2024-03-05 21:00:00,0
TXN0006229,49.04,POS,WA,2024-03-05 21:15:00,0
TXN0006230,72.96,Online,TX,2024-03-05 21:30:00,0
TXN0006231,10.97,ATM,TX,2024-03-05 21:45:00,0
TXN0006232,22.12,POS,NY,2024-03-05 22:00:00,0
TXN0006233,2.87,Transfer,FL,2024-03-05 22:15:00,0
TXN0006234,1.4,POS,CA,2024-03-05 22:30:00,0
TXN0006235,7.06,ATM,FL,2024-03-05 22:45:00,0
TXN0006236,8.97,ATM,TX,2024-03-05 23:00:00,0
TXN0006237,3.1,Online,NY,2024-03-05 23:15:00,0
TXN0006238,2.36,ATM,WA,2024-03-05 23:30:00,0
TXN0006239,37.64,ATM,NY,2024-03-05 23:45:00,0
TXN0006240,7.58,POS,FL,2024-03-06 00:00:00,0
TXN0006241,2.65,ATM,NY,2024-03-06 00:15:00,0
TXN0006242,319.22,ATM,FL,2024-03-06 00:30:00,0
TXN0006243,24.31,Online,IL,2024-03-06 00:45:00,0
TXN0006244,13.5,POS,FL,2024-03-06 01:00:00,0
TXN0006245,44.42,ATM,IL,2024-03-06 01:15:00,0
TXN0006246,7.94,Transfer,NY,2024-03-06 01:30:00,0
TXN0006247,131.72,Online,CA,2024-03-06 01:45:00,0
TXN0006248,3.12,ATM,CA,2024-03-06 02:00:00,0
TXN0006249,4.11,POS,WA,2024-03-06 02:15:00,0
TXN0006250,16.65,ATM,TX,2024-03-06 02:30:00,0
TXN0006251,7.85,POS,WA,2024-03-06 02:45:00,0
TXN0006252,105.89,POS,WA,2024-03-06 03:00:00,0
TXN0006253,2.87,Online,WA,2024-03-06 03:15:00,0
TXN0006254,8.15,Online,IL,2024-03-06 03:30:00,0
TXN0006255,25.94,ATM,NY,2024-03-06 03:45:00,0
TXN0006256,38.21,POS,IL,2024-03-06 04:00:00,0
TXN0006257,64.59,ATM,IL,2024-03-06 04:15:00,0
TXN0006258,29.33,Transfer,FL,2024-03-06 04:30:00,0
TXN0006259,271.3,ATM,NY,2024-03-06 04:45:00,0
TXN0006260,11.01,Online,TX,2024-03-06 05:00:00,0
TXN0006261,23.92,ATM,NY,2024-03-06 05:15:00,0
TXN0006262,53.96,ATM,IL,2024-03-06 05:30:00,0
TXN0006263,13.26,ATM,FL,2024-03-06 05:45:00,0
TXN0006264,13.62,Transfer,NY,2024-03-06 06:00:00,0
TXN0006265,11.08,ATM,IL,2024-03-06 06:15:00,0
TXN0006266,8.93,ATM,WA,2024-03-06 06:30:00,0
TXN0006267,5.0,Transfer,NY,2024-03-06 06:45:00,0
TXN0006268,9.92,Online,CA,2024-03-06 07:00:00,0
TXN0006269,3.02,ATM,FL,2024-03-06 07:15:00,0
TXN0006270,30.27,ATM,NY,2024-03-06 07:30:00,0
TXN0006271,2.86,ATM,NY,2024-03-06 07:45:00,0
TXN0006272,226.57,ATM,CA,2024-03-06 08:00:00,0
TXN0006273,146.34,Transfer,TX,2024-03-06 08:15:00,1
TXN0006274,71.78,Transfer,IL,2024-03-06 08:30:00,0
TXN0006275,14.86,POS,FL,2024-03-06 08:45:00,0
TXN0006276,9.47,Transfer,TX,2024-03-06 09:00:00,0
TXN0006277,82.56,Transfer,WA,2024-03-06 09:15:00,0
TXN0006278,23.7,ATM,CA,2024-03-06 09:30:00,0
TXN0006279,37.24,ATM,FL,2024-03-06 09:45:00,0
TXN0006280,8.06,Online,FL,2024-03-06 10:00:00,0
TXN0006281,68.15,POS,CA,2024-03-06 10:15:00,0
TXN0006282,7.32,Online,NY,2024-03-06 10:30:00,0
TXN0006283,21.62,POS,CA,2024-03-06 10:45:00,0
TXN0006284,2.4,Online,NY,2024-03-06 11:00:00,0
TXN0006285,8.68,POS,FL,2024-03-06 11:15:00,0
TXN0006286,34.57,POS,CA,2024-03-06 11:30:00,0
TXN0006287,11.08,Transfer,FL,2024-03-06 11:45:00,0
TXN0006288,11.12,Transfer,CA,2024-03-06 12:00:00,0
TXN0006289,48.68,POS,NY,2024-03-06 12:15:00,0
TXN0006290,17.36,ATM,IL,2024-03-06 12:30:00,0
TXN0006291,83.58,Online,NY,2024-03-06 12:45:00,0
TXN0006292,1.05,Online,CA,2024-03-06 13:00:00,0
TXN0006293,37.33,Transfer,IL,2024-03-06 13:15:00,0
TXN0006294,34.68,ATM,CA,2024-03-06 13:30:00,0
TXN0006295,2.99,Online,FL,2024-03-06 13:45:00,0
TXN0006296,4.01,POS,NY,2024-03-06 14:00:00,0
TXN0006297,53.98,POS,FL,2024-03-06 14:15:00,0
TXN0006298,5.28,POS,NY,2024-03-06 14:30:00,0
TXN0006299,8.83,POS,WA,2024-03-06 14:45:00,0
TXN0006300,38.6,Online,FL,2024-03-06 15:00:00,0
TXN0006301,12.69,Online,IL,2024-03-06 15:15:00,0
TXN0006302,33.37,Online,WA,2024-03-06 15:30:00,0
TXN0006303,6.69,Online,FL,2024-03-06 15:45:00,0
TXN0006304,26.91,Transfer,NY,2024-03-06 16:00:00,0
TXN0006305,68.76,Transfer,CA,2024-03-06 16:15:00,0
TXN0006306,27.81,POS,FL,2024-03-06 16:30:00,0
TXN0006307,1.37,Transfer,NY,2024-03-06 16:45:00,0
TXN0006308,41.06,Online,CA,2024-03-06 17:00:00,0
TXN0006309,20.21,Online,NY,2024-03-06 17:15:00,0
TXN0006310,6.39,Transfer,TX,2024-03-06 17:30:00,0
TXN0006311,99.58,POS,NY,2024-03-06 17:45:00,0
TXN0006312,2.35,ATM,TX,2024-03-06 18:00:00,0
TXN0006313,176.94,Transfer,CA,2024-03-06 18:15:00,0
TXN0006314,8.85,Transfer,TX,2024-03-06 18:30:00,0
TXN0006315,123.58,POS,WA,2024-03-06 18:45:00,0
TXN0006316,17.86,ATM,FL,2024-03-06 19:00:00,0
TXN0006317,3.84,Online,TX,2024-03-06 19:15:00,0
TXN0006318,21.1,Transfer,TX,2024-03-06 19:30:00,0
TXN0006319,27.99,Transfer,FL,2024-03-06 19:45:00,0
TXN0006320,35.97,POS,CA,2024-03-06 20:00:00,0
TXN0006321,66.89,Transfer,CA,2024-03-06 20:15:00,0
TXN0006322,6.44,Transfer,CA,2024-03-06 20:30:00,0
TXN0006323,33.9,Online,WA,2024-03-06 20:45:00,0
TXN0006324,45.4,ATM,WA,2024-03-06 21:00:00,0
TXN0006325,13.6,ATM,CA,2024-03-06 21:15:00,0
TXN0006326,6.15,ATM,TX,2024-03-06 21:30:00,0
TXN0006327,6.0,POS,CA,2024-03-06 21:45:00,0
TXN0006328,46.08,POS,FL,2024-03-06 22:00:00,0
TXN0006329,48.89,ATM,FL,2024-03-06 22:15:00,0
TXN0006330,6.99,Online,CA,2024-03-06 22:30:00,0
TXN0006331,3.8,Online,WA,2024-03-06 22:45:00,0
TXN0006332,82.65,POS,TX,2024-03-06 23:00:00,0
TXN0006333,2.94,POS,WA,2024-03-06 23:15:00,0
TXN0006334,22.75,POS,CA,2024-03-06 23:30:00,0
TXN0006335,7.18,Transfer,IL,2024-03-06 23:45:00,0
TXN0006336,2.31,ATM,IL,2024-03-07 00:00:00,0
TXN0006337,21.8,POS,NY,2024-03-07 00:15:00,0
TXN0006338,14.97,Transfer,WA,2024-03-07 00:30:00,0
TXN0006339,104.9,POS,TX,2024-03-07 00:45:00,0
TXN0006340,283.51,Transfer,TX,2024-03-07 01:00:00,0
TXN0006341,15.01,Transfer,IL,2024-03-07 01:15:00,0
TXN0006342,63.96,ATM,TX,2024-03-07 01:30:00,0
TXN0006343,65.46,ATM,CA,2024-03-07 01:45:00,0
TXN0006344,10.06,Transfer,FL,2024-03-07 02:00:00,0
TXN0006345,6.67,POS,FL,2024-03-07 02:15:00,0
TXN0006346,128.59,Transfer,FL,2024-03-07 02:30:00,0
TXN0006347,12.14,Online,FL,2024-03-07 02:45:00,0
TXN0006348,18.22,Online,WA,2024-03-07 03:00:00,0
TXN0006349,13.27,ATM,NY,2024-03-07 03:15:00,0
TXN0006350,16.02,ATM,IL,2024-03-07 03:30:00,0
TXN0006351,9.13,POS,WA,2024-03-07 03:45:00,0
TXN0006352,45.92,ATM,IL,2024-03-07 04:00:00,1
TXN0006353,84.16,POS,FL,2024-03-07 04:15:00,0
TXN0006354,12.03,Online,FL,2024-03-07 04:30:00,0
TXN0006355,3.61,Online,TX,2024-03-07 04:45:00,0
TXN0006356,19.95,POS,FL,2024-03-07 05:00:00,0
TXN0006357,3.18,POS,NY,2024-03-07 05:15:00,0
TXN0006358,8.75,ATM,FL,2024-03-07 05:30:00,0
TXN0006359,81.65,Transfer,TX,2024-03-07 05:45:00,0
TXN0006360,300.25,Transfer,CA,2024-03-07 06:00:00,0
TXN0006361,29.42,ATM,NY,2024-03-07 06:15:00,0
TXN0006362,5.26,Transfer,FL,2024-03-07 06:30:00,0
TXN0006363,47.67,Transfer,IL,2024-03-07 06:45:00,0
TXN0006364,1.28,Transfer,TX,2024-03-07 07:00:00,0
TXN0006365,8.19,Transfer,FL,2024-03-07 07:15:00,0
TXN0006366,115.8,Online,WA,2024-03-07 07:30:00,0
TXN0006367,45.72,ATM,TX,2024-03-07 07:45:00,0
TXN0006368,3.61,Transfer,TX,2024-03-07 08:00:00,0
TXN0006369,2.58,Online,CA,2024-03-07 08:15:00,0
TXN0006370,52.14,POS,CA,2024-03-07 08:30:00,0
TXN0006371,17.74,Online,FL,2024-03-07 08:45:00,0
TXN0006372,9.24,POS,NY,2024-03-07 09:00:00,0
TXN0006373,30.73,Online,WA,2024-03-07 09:15:00,0
TXN0006374,9.46,ATM,CA,2024-03-07 09:30:00,1
TXN0006375,1.89,Transfer,WA,2024-03-07 09:45:00,0
TXN0006376,49.31,ATM,WA,2024-03-07 10:00:00,1
TXN0006377,8.66,Online,NY,2024-03-07 10:15:00,0
TXN0006378,5.67,ATM,CA,2024-03-07 10:30:00,1
TXN0006379,3.82,Transfer,FL,2024-03-07 10:45:00,0
TXN0006380,25.31,POS,FL,2024-03-07 11:00:00,0
TXN0006381,7.18,Online,FL,2024-03-07 11:15:00,0
TXN0006382,39.57,Transfer,TX,2024-03-07 11:30:00,0
TXN0006383,13.65,Transfer,WA,2024-03-07 11:45:00,0
TXN0006384,68.25,POS,WA,2024-03-07 12:00:00,0
TXN0006385,11.84,Online,NY,2024-03-07 12:15:00,0
TXN0006386,8.6,ATM,TX,2024-03-07 12:30:00,0
TXN0006387,1.79,Transfer,CA,2024-03-07 12:45:00,0
TXN0006388,5.06,POS,WA,2024-03-07 13:00:00,0
TXN0006389,44.38,Transfer,CA,2024-03-07 13:15:00,0
TXN0006390,721.31,Online,CA,2024-03-07 13:30:00,0
TXN0006391,4.21,POS,WA,2024-03-07 13:45:00,0
TXN0006392,5.44,Online,FL,2024-03-07 14:00:00,0
TXN0006393,28.12,POS,IL,2024-03-07 14:15:00,0
TXN0006394,33.22,POS,WA,2024-03-07 14:30:00,0
TXN0006395,8.37,ATM,IL,2024-03-07 14:45:00,0
TXN0006396,20.64,Transfer,NY,2024-03-07 15:00:00,0
TXN0006397,2.76,Transfer,IL,2024-03-07 15:15:00,0
TXN0006398,13.17,POS,TX,2024-03-07 15:30:00,0
TXN0006399,55.09,Online,TX,2024-03-07 15:45:00,0
TXN0006400,132.26,Online,CA,2024-03-07 16:00:00,0
TXN0006401,15.39,ATM,CA,2024-03-07 16:15:00,0
TXN0006402,13.79,ATM,IL,2024-03-07 16:30:00,0
TXN0006403,32.27,POS,CA,2024-03-07 16:45:00,0
TXN0006404,70.5,Transfer,NY,2024-03-07 17:00:00,0
TXN0006405,33.64,Transfer,CA,2024-03-07 17:15:00,0
TXN0006406,7.67,POS,WA,2024-03-07 17:30:00,0
TXN0006407,28.79,Online,IL,2024-03-07 17:45:00,0
TXN0006408,59.73,POS,WA,2024-03-07 18:00:00,0
TXN0006409,8.03,Transfer,NY,2024-03-07 18:15:00,0
TXN0006410,3.82,Transfer,NY,2024-03-07 18:30:00,0
TXN0006411,34.56,ATM,NY,2024-03-07 18:45:00,0
TXN0006412,29.14,ATM,TX,2024-03-07 19:00:00,0
TXN0006413,59.67,ATM,FL,2024-03-07 19:15:00,0
TXN0006414,20.93,ATM,TX,2024-03-07 19:30:00,1
TXN0006415,8.72,POS,NY,2024-03-07 19:45:00,0
TXN0006416,11.18,Online,WA,2024-03-07 20:00:00,0
TXN0006417,5.52,POS,TX,2024-03-07 20:15:00,0
TXN0006418,6.09,Online,WA,2024-03-07 20:30:00,0
TXN0006419,9.64,Online,TX,2024-03-07 20:45:00,0
TXN0006420,10.59,Transfer,WA,2024-03-07 21:00:00,0
TXN0006421,71.31,ATM,FL,2024-03-07 21:15:00,0
TXN0006422,4.36,Online,WA,2024-03-07 21:30:00,0
TXN0006423,17.82,POS,IL,2024-03-07 21:45:00,0
TXN0006424,9.34,Transfer,WA,2024-03-07 22:00:00,0
TXN0006425,111.55,Transfer,CA,2024-03-07 22:15:00,0
TXN0006426,25.83,Transfer,IL,2024-03-07 22:30:00,0
TXN0006427,12.1,Online,FL,2024-03-07 22:45:00,0
TXN0006428,49.99,Online,NY,2024-03-07 23:00:00,0
TXN0006429,20.48,Online,TX,2024-03-07 23:15:00,0
TXN0006430,10.72,ATM,FL,2024-03-07 23:30:00,0
TXN0006431,118.23,ATM,FL,2024-03-07 23:45:00,0
TXN0006432,44.22,ATM,WA,2024-03-08 00:00:00,0
TXN0006433,149.2,Transfer,FL,2024-03-08 00:15:00,0
TXN0006434,75.36,POS,WA,2024-03-08 00:30:00,0
TXN0006435,47.81,ATM,NY,2024-03-08 00:45:00,0
TXN0006436,22.2,ATM,CA,2024-03-08 01:00:00,0
TXN0006437,5.2,POS,NY,2024-03-08 01:15:00,0
TXN0006438,44.24,POS,WA,2024-03-08 01:30:00,0
TXN0006439,20.7,Online,TX,2024-03-08 01:45:00,0
TXN0006440,42.53,Transfer,WA,2024-03-08 02:00:00,0
TXN0006441,18.82,Online,TX,2024-03-08 02:15:00,0
TXN0006442,8.35,ATM,WA,2024-03-08 02:30:00,0
TXN0006443,5.73,POS,FL,2024-03-08 02:45:00,0
TXN0006444,43.82,POS,CA,2024-03-08 03:00:00,0
TXN0006445,88.89,Transfer,TX,2024-03-08 03:15:00,0
TXN0006446,13.5,Online,IL,2024-03-08 03:30:00,0
TXN0006447,32.75,Online,TX,2024-03-08 03:45:00,0
TXN0006448,99.22,ATM,CA,2024-03-08 04:00:00,0
TXN0006449,7.04,ATM,NY,2024-03-08 04:15:00,0
TXN0006450,12.7,Online,WA,2024-03-08 04:30:00,0
TXN0006451,5.02,Transfer,WA,2024-03-08 04:45:00,0
TXN0006452,77.81,Transfer,WA,2024-03-08 05:00:00,0
TXN0006453,26.08,Transfer,IL,2024-03-08 05:15:00,0
TXN0006454,11.0,Transfer,IL,2024-03-08 05:30:00,0
TXN0006455,2.65,ATM,IL,2024-03-08 05:45:00,0
TXN0006456,15.41,Online,FL,2024-03-08 06:00:00,0
TXN0006457,62.76,ATM,NY,2024-03-08 06:15:00,0
TXN0006458,13.43,ATM,NY,2024-03-08 06:30:00,0
TXN0006459,11.52,ATM,IL,2024-03-08 06:45:00,0
TXN0006460,41.04,Online,NY,2024-03-08 07:00:00,0
TXN0006461,4.4,POS,IL,2024-03-08 07:15:00,0
TXN0006462,20.36,ATM,FL,2024-03-08 07:30:00,0
TXN0006463,39.04,ATM,WA,2024-03-08 07:45:00,0
TXN0006464,7.56,ATM,IL,2024-03-08 08:00:00,0
TXN0006465,7.13,Transfer,NY,2024-03-08 08:15:00,0
TXN0006466,25.73,ATM,TX,2024-03-08 08:30:00,0
TXN0006467,17.02,Transfer,NY,2024-03-08 08:45:00,0
TXN0006468,14.46,Online,CA,2024-03-08 09:00:00,0
TXN0006469,24.53,Online,NY,2024-03-08 09:15:00,0
TXN0006470,24.99,Transfer,NY,2024-03-08 09:30:00,1
TXN0006471,6.36,POS,TX,2024-03-08 09:45:00,0
TXN0006472,8.67,POS,NY,2024-03-08 10:00:00,0
TXN0006473,32.75,POS,NY,2024-03-08 10:15:00,0
TXN0006474,73.0,Transfer,NY,2024-03-08 10:30:00,0
TXN0006475,96.34,Online,WA,2024-03-08 10:45:00,0
TXN0006476,7.0,Online,WA,2024-03-08 11:00:00,0
TXN0006477,70.72,Online,TX,2024-03-08 11:15:00,0
TXN0006478,47.42,POS,IL,2024-03-08 11:30:00,0
TXN0006479,18.54,POS,IL,2024-03-08 11:45:00,0
TXN0006480,34.4,ATM,NY,2024-03-08 12:00:00,0
TXN0006481,51.67,Online,NY,2024-03-08 12:15:00,0
TXN0006482,161.71,Transfer,CA,2024-03-08 12:30:00,0
TXN0006483,5.48,Transfer,CA,2024-03-08 12:45:00,0
TXN0006484,39.39,Transfer,CA,2024-03-08 13:00:00,0
TXN0006485,16.32,POS,IL,2024-03-08 13:15:00,0
TXN0006486,15.07,Transfer,IL,2024-03-08 13:30:00,0
TXN0006487,75.51,POS,TX,2024-03-08 13:45:00,0
TXN0006488,51.07,Online,NY,2024-03-08 14:00:00,0
TXN0006489,5.76,Online,NY,2024-03-08 14:15:00,0
TXN0006490,13.78,POS,IL,2024-03-08 14:30:00,0
TXN0006491,25.3,ATM,FL,2024-03-08 14:45:00,0
TXN0006492,3.6,POS,CA,2024-03-08 15:00:00,0
TXN0006493,53.96,Transfer,WA,2024-03-08 15:15:00,0
TXN0006494,17.67,POS,WA,2024-03-08 15:30:00,0
TXN0006495,23.44,Transfer,FL,2024-03-08 15:45:00,0
TXN0006496,28.8,POS,IL,2024-03-08 16:00:00,0
TXN0006497,165.69,Transfer,WA,2024-03-08 16:15:00,0
TXN0006498,20.19,Online,FL,2024-03-08 16:30:00,0
TXN0006499,12.65,Online,WA,2024-03-08 16:45:00,0
TXN0006500,152.86,Online,TX,2024-03-08 17:00:00,0
TXN0006501,10.66,Online,CA,2024-03-08 17:15:00,0
TXN0006502,10.37,POS,IL,2024-03-08 17:30:00,0
TXN0006503,3.72,POS,FL,2024-03-08 17:45:00,0
TXN0006504,69.92,Online,NY,2024-03-08 18:00:00,0
TXN0006505,26.74,POS,CA,2024-03-08 18:15:00,0
TXN0006506,33.89,ATM,WA,2024-03-08 18:30:00,0
TXN0006507,23.59,Online,IL,2024-03-08 18:45:00,0
TXN0006508,16.5,Transfer,IL,2024-03-08 19:00:00,0
TXN0006509,7.62,Online,WA,2024-03-08 19:15:00,0
TXN0006510,7.67,POS,WA,2024-03-08 19:30:00,0
TXN0006511,32.37,ATM,WA,2024-03-08 19:45:00,0
TXN0006512,22.46,ATM,CA,2024-03-08 20:00:00,0
TXN0006513,134.59,Transfer,NY,2024-03-08 20:15:00,0
TXN0006514,7.87,Transfer,NY,2024-03-08 20:30:00,0
TXN0006515,10.88,POS,FL,2024-03-08 20:45:00,0
TXN0006516,5.77,Transfer,IL,2024-03-08 21:00:00,0
TXN0006517,99.68,Online,CA,2024-03-08 21:15:00,0
TXN0006518,4.49,Online,TX,2024-03-08 21:30:00,0
TXN0006519,48.51,Online,TX,2024-03-08 21:45:00,0
TXN0006520,107.05,Transfer,WA,2024-03-08 22:00:00,0
TXN0006521,16.44,Online,CA,2024-03-08 22:15:00,0
TXN0006522,45.92,Transfer,IL,2024-03-08 22:30:00,0
TXN0006523,1.55,Online,FL,2024-03-08 22:45:00,0
TXN0006524,12.28,POS,WA,2024-03-08 23:00:00,0
TXN0006525,2.71,ATM,NY,2024-03-08 23:15:00,0
TXN0006526,23.83,Transfer,NY,2024-03-08 23:30:00,0
TXN0006527,19.65,ATM,NY,2024-03-08 23:45:00,0
TXN0006528,7.8,POS,NY,2024-03-09 00:00:00,0
TXN0006529,59.65,Transfer,CA,2024-03-09 00:15:00,0
TXN0006530,29.65,Transfer,NY,2024-03-09 00:30:00,0
TXN0006531,10.45,POS,IL,2024-03-09 00:45:00,0
TXN0006532,10.59,ATM,TX,2024-03-09 01:00:00,0
TXN0006533,3.4,Online,WA,2024-03-09 01:15:00,0
TXN0006534,15.61,POS,IL,2024-03-09 01:30:00,0
TXN0006535,240.48,Online,IL,2024-03-09 01:45:00,0
TXN0006536,8.38,ATM,NY,2024-03-09 02:00:00,0
TXN0006537,32.07,POS,NY,2024-03-09 02:15:00,0
TXN0006538,10.16,ATM,FL,2024-03-09 02:30:00,0
TXN0006539,50.51,Transfer,IL,2024-03-09 02:45:00,0
TXN0006540,32.82,Transfer,FL,2024-03-09 03:00:00,1
TXN0006541,14.77,Online,FL,2024-03-09 03:15:00,0
TXN0006542,2.35,Online,TX,2024-03-09 03:30:00,0
TXN0006543,10.59,Transfer,TX,2024-03-09 03:45:00,0
TXN0006544,80.88,Online,TX,2024-03-09 04:00:00,0
TXN0006545,14.59,Online,CA,2024-03-09 04:15:00,0
TXN0006546,41.09,ATM,FL,2024-03-09 04:30:00,0
TXN0006547,11.02,Online,TX,2024-03-09 04:45:00,0
TXN0006548,2.13,Online,IL,2024-03-09 05:00:00,0
TXN0006549,32.32,Online,WA,2024-03-09 05:15:00,0
TXN0006550,28.49,POS,WA,2024-03-09 05:30:00,0
TXN0006551,9.82,ATM,TX,2024-03-09 05:45:00,0
TXN0006552,12.56,Transfer,TX,2024-03-09 06:00:00,0
TXN0006553,27.5,Online,CA,2024-03-09 06:15:00,0
TXN0006554,9.66,POS,TX,2024-03-09 06:30:00,0
TXN0006555,29.4,ATM,TX,2024-03-09 06:45:00,0
TXN0006556,15.32,Online,CA,2024-03-09 07:00:00,0
TXN0006557,1.19,Transfer,WA,2024-03-09 07:15:00,0
TXN0006558,16.44,Transfer,NY,2024-03-09 07:30:00,0
TXN0006559,9.61,POS,WA,2024-03-09 07:45:00,0
TXN0006560,7.23,Online,IL,2024-03-09 08:00:00,0
TXN0006561,31.46,Transfer,TX,2024-03-09 08:15:00,0
TXN0006562,10.94,Online,IL,2024-03-09 08:30:00,0
TXN0006563,37.04,Online,IL,2024-03-09 08:45:00,0
TXN0006564,71.43,ATM,WA,2024-03-09 09:00:00,0
TXN0006565,23.15,ATM,WA,2024-03-09 09:15:00,0
TXN0006566,3.11,Transfer,FL,2024-03-09 09:30:00,0
TXN0006567,8.2,Transfer,CA,2024-03-09 09:45:00,0
TXN0006568,57.71,Transfer,NY,2024-03-09 10:00:00,0
TXN0006569,14.38,POS,CA,2024-03-09 10:15:00,0
TXN0006570,7.51,Online,FL,2024-03-09 10:30:00,0
TXN0006571,17.57,Transfer,NY,2024-03-09 10:45:00,0
TXN0006572,35.53,Transfer,NY,2024-03-09 11:00:00,0
TXN0006573,26.6,Transfer,FL,2024-03-09 11:15:00,0
TXN0006574,42.09,Online,CA,2024-03-09 11:30:00,0
TXN0006575,7.36,Transfer,IL,2024-03-09 11:45:00,0
TXN0006576,14.13,Transfer,CA,2024-03-09 12:00:00,0
TXN0006577,14.52,POS,CA,2024-03-09 12:15:00,0
TXN0006578,19.08,Online,FL,2024-03-09 12:30:00,0
TXN0006579,1.63,Online,TX,2024-03-09 12:45:00,0
TXN0006580,14.8,ATM,WA,2024-03-09 13:00:00,0
TXN0006581,3.99,POS,WA,2024-03-09 13:15:00,0
TXN0006582,101.91,POS,TX,2024-03-09 13:30:00,0
TXN0006583,124.13,POS,FL,2024-03-09 13:45:00,0
TXN0006584,143.95,Transfer,TX,2024-03-09 14:00:00,0
TXN0006585,51.24,POS,FL,2024-03-09 14:15:00,0
TXN0006586,11.02,POS,CA,2024-03-09 14:30:00,0
TXN0006587,61.22,ATM,FL,2024-03-09 14:45:00,0
TXN0006588,15.47,Online,CA,2024-03-09 15:00:00,0
TXN0006589,40.54,ATM,IL,2024-03-09 15:15:00,0
TXN0006590,6.73,Online,NY,2024-03-09 15:30:00,0
TXN0006591,9.78,Online,FL,2024-03-09 15:45:00,0
TXN0006592,34.09,POS,NY,2024-03-09 16:00:00,1
TXN0006593,160.81,POS,NY,2024-03-09 16:15:00,0
TXN0006594,19.07,Transfer,NY,2024-03-09 16:30:00,0
TXN0006595,284.75,Transfer,NY,2024-03-09 16:45:00,0
TXN0006596,516.68,Transfer,IL,2024-03-09 17:00:00,0
TXN0006597,4.3,ATM,FL,2024-03-09 17:15:00,0
TXN0006598,19.04,Online,WA,2024-03-09 17:30:00,0
TXN0006599,6.36,ATM,NY,2024-03-09 17:45:00,0
TXN0006600,16.68,POS,FL,2024-03-09 18:00:00,0
TXN0006601,10.44,Transfer,FL,2024-03-09 18:15:00,0
TXN0006602,18.17,ATM,FL,2024-03-09 18:30:00,0
TXN0006603,61.8,ATM,IL,2024-03-09 18:45:00,0
TXN0006604,59.97,Online,NY,2024-03-09 19:00:00,0
TXN0006605,26.8,ATM,IL,2024-03-09 19:15:00,0
TXN0006606,19.76,Transfer,TX,2024-03-09 19:30:00,0
TXN0006607,22.67,ATM,IL,2024-03-09 19:45:00,0
TXN0006608,22.91,POS,NY,2024-03-09 20:00:00,0
TXN0006609,38.92,Online,TX,2024-03-09 20:15:00,0
TXN0006610,19.83,Online,WA,2024-03-09 20:30:00,0
TXN0006611,35.79,Online,NY,2024-03-09 20:45:00,0
TXN0006612,4.17,Transfer,WA,2024-03-09 21:00:00,0
TXN0006613,50.52,ATM,WA,2024-03-09 21:15:00,0
TXN0006614,156.77,POS,CA,2024-03-09 21:30:00,0
TXN0006615,24.52,Transfer,FL,2024-03-09 21:45:00,0
TXN0006616,3.69,POS,IL,2024-03-09 22:00:00,0
TXN0006617,98.01,Transfer,TX,2024-03-09 22:15:00,0
TXN0006618,13.35,POS,CA,2024-03-09 22:30:00,0
TXN0006619,0.57,Transfer,IL,2024-03-09 22:45:00,0
TXN0006620,15.24,Transfer,IL,2024-03-09 23:00:00,0
TXN0006621,40.51,POS,IL,2024-03-09 23:15:00,0
TXN0006622,31.15,ATM,WA,2024-03-09 23:30:00,0
TXN0006623,86.1,ATM,FL,2024-03-09 23:45:00,0
TXN0006624,41.27,Transfer,IL,2024-03-10 00:00:00,0
TXN0006625,22.91,POS,WA,2024-03-10 00:15:00,0
TXN0006626,1.89,POS,NY,2024-03-10 00:30:00,0
TXN0006627,5.27,Transfer,NY,2024-03-10 00:45:00,0
TXN0006628,24.46,ATM,IL,2024-03-10 01:00:00,0
TXN0006629,44.16,POS,NY,2024-03-10 01:15:00,0
TXN0006630,5.84,Transfer,CA,2024-03-10 01:30:00,0
TXN0006631,9.56,POS,FL,2024-03-10 01:45:00,0
TXN0006632,34.54,ATM,CA,2024-03-10 02:00:00,0
TXN0006633,2.05,ATM,CA,2024-03-10 02:15:00,0
TXN0006634,1.96,Transfer,CA,2024-03-10 02:30:00,0
TXN0006635,15.05,Transfer,TX,2024-03-10 02:45:00,0
TXN0006636,26.68,ATM,IL,2024-03-10 03:00:00,1
TXN0006637,11.2,Transfer,WA,2024-03-10 03:15:00,0
TXN0006638,1.3,POS,IL,2024-03-10 03:30:00,0
TXN0006639,20.33,Online,IL,2024-03-10 03:45:00,0
TXN0006640,4.09,Online,WA,2024-03-10 04:00:00,0
TXN0006641,43.0,Online,NY,2024-03-10 04:15:00,0
TXN0006642,17.55,Online,TX,2024-03-10 04:30:00,0
TXN0006643,27.08,Online,IL,2024-03-10 04:45:00,0
TXN0006644,42.38,POS,WA,2024-03-10 05:00:00,0
TXN0006645,10.59,POS,TX,2024-03-10 05:15:00,0
TXN0006646,52.85,Transfer,FL,2024-03-10 05:30:00,0
TXN0006647,86.64,Online,WA,2024-03-10 05:45:00,0
TXN0006648,31.7,Online,FL,2024-03-10 06:00:00,0
TXN0006649,96.02,Transfer,NY,2024-03-10 06:15:00,0
TXN0006650,9.4,Transfer,IL,2024-03-10 06:30:00,0
TXN0006651,58.75,ATM,TX,2024-03-10 06:45:00,0
TXN0006652,27.25,Transfer,NY,2024-03-10 07:00:00,0
TXN0006653,6.13,Online,NY,2024-03-10 07:15:00,0
TXN0006654,18.04,Transfer,TX,2024-03-10 07:30:00,0
TXN0006655,10.55,POS,TX,2024-03-10 07:45:00,0
TXN0006656,10.27,Transfer,FL,2024-03-10 08:00:00,0
TXN0006657,21.95,POS,IL,2024-03-10 08:15:00,0
TXN0006658,69.91,Transfer,NY,2024-03-10 08:30:00,0
TXN0006659,13.58,ATM,FL,2024-03-10 08:45:00,0
TXN0006660,22.97,ATM,NY,2024-03-10 09:00:00,0
TXN0006661,3.46,Transfer,CA,2024-03-10 09:15:00,0
TXN0006662,22.49,ATM,TX,2024-03-10 09:30:00,0
TXN0006663,78.01,Online,TX,2024-03-10 09:45:00,0
TXN0006664,51.86,Transfer,TX,2024-03-10 10:00:00,0
TXN0006665,34.82,POS,IL,2024-03-10 10:15:00,0
TXN0006666,10.6,Transfer,NY,2024-03-10 10:30:00,0
TXN0006667,6.22,Transfer,IL,2024-03-10 10:45:00,0
TXN0006668,17.72,Transfer,FL,2024-03-10 11:00:00,0
TXN0006669,4.04,POS,CA,2024-03-10 11:15:00,0
TXN0006670,4.57,Transfer,WA,2024-03-10 11:30:00,1
TXN0006671,60.71,ATM,TX,2024-03-10 11:45:00,0
TXN0006672,6.66,ATM,FL,2024-03-10 12:00:00,0
TXN0006673,167.4,Transfer,FL,2024-03-10 12:15:00,1
TXN0006674,3.63,POS,NY,2024-03-10 12:30:00,0
TXN0006675,33.03,POS,FL,2024-03-10 12:45:00,0
TXN0006676,4.92,POS,CA,2024-03-10 13:00:00,0
TXN0006677,24.38,Online,WA,2024-03-10 13:15:00,0
TXN0006678,5.76,Online,WA,2024-03-10 13:30:00,0
TXN0006679,20.8,ATM,CA,2024-03-10 13:45:00,0
TXN0006680,16.46,ATM,WA,2024-03-10 14:00:00,0
TXN0006681,11.59,Online,NY,2024-03-10 14:15:00,0
TXN0006682,36.4,Online,CA,2024-03-10 14:30:00,0
TXN0006683,119.06,Online,WA,2024-03-10 14:45:00,0
TXN0006684,9.81,ATM,FL,2024-03-10 15:00:00,0
TXN0006685,56.68,POS,IL,2024-03-10 15:15:00,0
TXN0006686,21.91,Online,IL,2024-03-10 15:30:00,0
TXN0006687,19.12,POS,IL,2024-03-10 15:45:00,0
TXN0006688,268.41,Transfer,FL,2024-03-10 16:00:00,0
TXN0006689,1.5,Online,TX,2024-03-10 16:15:00,0
TXN0006690,8.82,ATM,TX,2024-03-10 16:30:00,0
TXN0006691,2.3,Transfer,CA,2024-03-10 16:45:00,0
TXN0006692,13.65,POS,FL,2024-03-10 17:00:00,0
TXN0006693,15.09,Online,WA,2024-03-10 17:15:00,0
TXN0006694,1836.86,Online,WA,2024-03-10 17:30:00,0
TXN0006695,29.9,Transfer,NY,2024-03-10 17:45:00,0
TXN0006696,167.37,Transfer,FL,2024-03-10 18:00:00,0
TXN0006697,92.71,ATM,FL,2024-03-10 18:15:00,0
TXN0006698,11.73,Online,FL,2024-03-10 18:30:00,0
TXN0006699,35.01,Online,TX,2024-03-10 18:45:00,0
TXN0006700,144.05,Transfer,WA,2024-03-10 19:00:00,0
TXN0006701,24.34,Online,CA,2024-03-10 19:15:00,0
TXN0006702,25.39,Online,CA,2024-03-10 19:30:00,0
TXN0006703,36.01,Online,CA,2024-03-10 19:45:00,0
TXN0006704,3.31,Online,NY,2024-03-10 20:00:00,0
TXN0006705,7.54,Transfer,FL,2024-03-10 20:15:00,0
TXN0006706,29.55,POS,NY,2024-03-10 20:30:00,0
TXN0006707,37.88,POS,TX,2024-03-10 20:45:00,0
TXN0006708,6.64,Transfer,TX,2024-03-10 21:00:00,0
TXN0006709,13.48,POS,WA,2024-03-10 21:15:00,0
TXN0006710,17.11,ATM,FL,2024-03-10 21:30:00,0
TXN0006711,16.53,Online,TX,2024-03-10 21:45:00,0
TXN0006712,45.13,Online,NY,2024-03-10 22:00:00,0
TXN0006713,22.45,ATM,TX,2024-03-10 22:15:00,0
TXN0006714,24.1,Transfer,WA,2024-03-10 22:30:00,0
TXN0006715,3.68,POS,TX,2024-03-10 22:45:00,0
TXN0006716,5.65,ATM,NY,2024-03-10 23:00:00,0
TXN0006717,28.98,POS,FL,2024-03-10 23:15:00,0
TXN0006718,2.97,Online,TX,2024-03-10 23:30:00,0
TXN0006719,27.23,Online,WA,2024-03-10 23:45:00,0
TXN0006720,9.0,POS,CA,2024-03-11 00:00:00,0
TXN0006721,7.52,Online,IL,2024-03-11 00:15:00,0
TXN0006722,42.66,Online,CA,2024-03-11 00:30:00,0
TXN0006723,8.82,Online,CA,2024-03-11 00:45:00,0
TXN0006724,7.11,POS,IL,2024-03-11 01:00:00,0
TXN0006725,8.83,Transfer,FL,2024-03-11 01:15:00,0
TXN0006726,21.11,POS,WA,2024-03-11 01:30:00,0
TXN0006727,518.61,ATM,CA,2024-03-11 01:45:00,0
TXN0006728,1.58,ATM,CA,2024-03-11 02:00:00,0
TXN0006729,19.23,Transfer,CA,2024-03-11 02:15:00,0
TXN0006730,14.76,POS,FL,2024-03-11 02:30:00,0
TXN0006731,61.09,POS,TX,2024-03-11 02:45:00,0
TXN0006732,12.65,ATM,TX,2024-03-11 03:00:00,0
TXN0006733,1.04,POS,TX,2024-03-11 03:15:00,0
TXN0006734,95.23,Online,WA,2024-03-11 03:30:00,0
TXN0006735,5.36,Transfer,TX,2024-03-11 03:45:00,0
TXN0006736,18.26,Online,NY,2024-03-11 04:00:00,0
TXN0006737,3.84,ATM,FL,2024-03-11 04:15:00,0
TXN0006738,5.32,Transfer,NY,2024-03-11 04:30:00,0
TXN0006739,10.84,ATM,NY,2024-03-11 04:45:00,0
TXN0006740,54.38,Transfer,IL,2024-03-11 05:00:00,0
TXN0006741,53.43,ATM,CA,2024-03-11 05:15:00,0
TXN0006742,9.59,ATM,WA,2024-03-11 05:30:00,0
TXN0006743,35.56,Online,WA,2024-03-11 05:45:00,0
TXN0006744,12.54,ATM,CA,2024-03-11 06:00:00,0
TXN0006745,22.32,Transfer,FL,2024-03-11 06:15:00,0
TXN0006746,23.48,POS,NY,2024-03-11 06:30:00,0
TXN0006747,40.87,Transfer,WA,2024-03-11 06:45:00,0
TXN0006748,9.37,ATM,TX,2024-03-11 07:00:00,0
TXN0006749,16.66,ATM,NY,2024-03-11 07:15:00,0
TXN0006750,25.27,POS,FL,2024-03-11 07:30:00,0
TXN0006751,21.7,POS,CA,2024-03-11 07:45:00,0
TXN0006752,7.53,Online,IL,2024-03-11 08:00:00,0
TXN0006753,151.63,POS,TX,2024-03-11 08:15:00,0
TXN0006754,11.23,ATM,FL,2024-03-11 08:30:00,0
TXN0006755,47.99,POS,WA,2024-03-11 08:45:00,0
TXN0006756,24.8,Transfer,WA,2024-03-11 09:00:00,0
TXN0006757,83.42,Online,NY,2024-03-11 09:15:00,0
TXN0006758,1.44,Transfer,WA,2024-03-11 09:30:00,0
TXN0006759,224.14,Online,CA,2024-03-11 09:45:00,0
TXN0006760,15.07,Transfer,WA,2024-03-11 10:00:00,0
TXN0006761,4.47,Online,WA,2024-03-11 10:15:00,0
TXN0006762,22.65,Online,FL,2024-03-11 10:30:00,0
TXN0006763,286.36,POS,CA,2024-03-11 10:45:00,0
TXN0006764,35.48,Online,IL,2024-03-11 11:00:00,0
TXN0006765,4.47,POS,FL,2024-03-11 11:15:00,0
TXN0006766,11.17,POS,NY,2024-03-11 11:30:00,0
TXN0006767,95.34,Online,WA,2024-03-11 11:45:00,1
TXN0006768,3.64,POS,TX,2024-03-11 12:00:00,0
TXN0006769,15.64,POS,WA,2024-03-11 12:15:00,0
TXN0006770,13.65,ATM,CA,2024-03-11 12:30:00,0
TXN0006771,256.81,Transfer,FL,2024-03-11 12:45:00,0
TXN0006772,13.69,POS,WA,2024-03-11 13:00:00,0
TXN0006773,92.81,POS,NY,2024-03-11 13:15:00,0
TXN0006774,8.64,Transfer,WA,2024-03-11 13:30:00,0
TXN0006775,7.43,Transfer,IL,2024-03-11 13:45:00,0
TXN0006776,64.15,Transfer,TX,2024-03-11 14:00:00,0
TXN0006777,40.7,POS,FL,2024-03-11 14:15:00,0
TXN0006778,2.47,Transfer,IL,2024-03-11 14:30:00,0
TXN0006779,41.53,ATM,CA,2024-03-11 14:45:00,0
TXN0006780,41.68,ATM,WA,2024-03-11 15:00:00,0
TXN0006781,9.31,ATM,NY,2024-03-11 15:15:00,0
TXN0006782,25.17,POS,FL,2024-03-11 15:30:00,0
TXN0006783,26.68,Online,IL,2024-03-11 15:45:00,0
TXN0006784,10.84,POS,CA,2024-03-11 16:00:00,0
TXN0006785,9.64,Transfer,FL,2024-03-11 16:15:00,0
TXN0006786,8.69,Online,NY,2024-03-11 16:30:00,0
TXN0006787,13.99,Online,CA,2024-03-11 16:45:00,0
TXN0006788,3.97,Online,FL,2024-03-11 17:00:00,0
TXN0006789,18.38,POS,CA,2024-03-11 17:15:00,0
TXN0006790,3.25,Online,TX,2024-03-11 17:30:00,0
TXN0006791,21.13,ATM,IL,2024-03-11 17:45:00,0
TXN0006792,17.47,Transfer,IL,2024-03-11 18:00:00,0
TXN0006793,5.62,Transfer,NY,2024-03-11 18:15:00,0
TXN0006794,53.35,Transfer,TX,2024-03-11 18:30:00,0
TXN0006795,194.14,Transfer,IL,2024-03-11 18:45:00,0
TXN0006796,93.67,POS,CA,2024-03-11 19:00:00,0
TXN0006797,3.79,POS,IL,2024-03-11 19:15:00,0
TXN0006798,88.05,Transfer,IL,2024-03-11 19:30:00,0
TXN0006799,25.05,ATM,CA,2024-03-11 19:45:00,0
TXN0006800,18.13,POS,WA,2024-03-11 20:00:00,0
TXN0006801,9.49,POS,CA,2024-03-11 20:15:00,1
TXN0006802,19.14,Transfer,NY,2024-03-11 20:30:00,0
TXN0006803,100.91,POS,FL,2024-03-11 20:45:00,0
TXN0006804,36.9,Transfer,TX,2024-03-11 21:00:00,0
TXN0006805,11.78,POS,NY,2024-03-11 21:15:00,0
TXN0006806,8.69,Transfer,FL,2024-03-11 21:30:00,0
TXN0006807,11.75,ATM,CA,2024-03-11 21:45:00,0
TXN0006808,38.79,ATM,IL,2024-03-11 22:00:00,0
TXN0006809,178.11,POS,NY,2024-03-11 22:15:00,0
TXN0006810,5.47,Transfer,TX,2024-03-11 22:30:00,0
TXN0006811,19.24,Transfer,CA,2024-03-11 22:45:00,0
TXN0006812,12.19,Transfer,WA,2024-03-11 23:00:00,0
TXN0006813,7.87,POS,FL,2024-03-11 23:15:00,0
TXN0006814,30.97,Online,CA,2024-03-11 23:30:00,0
TXN0006815,37.17,Transfer,IL,2024-03-11 23:45:00,0
TXN0006816,3.57,ATM,TX,2024-03-12 00:00:00,0
TXN0006817,5.62,Transfer,WA,2024-03-12 00:15:00,0
TXN0006818,79.91,ATM,WA,2024-03-12 00:30:00,0
TXN0006819,28.12,Transfer,WA,2024-03-12 00:45:00,0
TXN0006820,35.87,ATM,TX,2024-03-12 01:00:00,0
TXN0006821,10.62,Transfer,WA,2024-03-12 01:15:00,0
TXN0006822,12.26,ATM,TX,2024-03-12 01:30:00,0
TXN0006823,33.27,Transfer,FL,2024-03-12 01:45:00,0
TXN0006824,10.67,POS,NY,2024-03-12 02:00:00,0
TXN0006825,5.15,POS,WA,2024-03-12 02:15:00,0
TXN0006826,19.28,Transfer,NY,2024-03-12 02:30:00,0
TXN0006827,56.57,ATM,CA,2024-03-12 02:45:00,0
TXN0006828,5.66,Transfer,FL,2024-03-12 03:00:00,0
TXN0006829,67.76,Transfer,CA,2024-03-12 03:15:00,0
TXN0006830,44.41,Transfer,WA,2024-03-12 03:30:00,0
TXN0006831,6.91,POS,NY,2024-03-12 03:45:00,0
TXN0006832,19.45,Online,TX,2024-03-12 04:00:00,0
TXN0006833,18.34,Transfer,WA,2024-03-12 04:15:00,0
TXN0006834,40.95,Online,IL,2024-03-12 04:30:00,0
TXN0006835,42.57,Transfer,IL,2024-03-12 04:45:00,0
TXN0006836,4.1,Online,NY,2024-03-12 05:00:00,0
TXN0006837,3.88,ATM,FL,2024-03-12 05:15:00,0
TXN0006838,65.53,POS,FL,2024-03-12 05:30:00,0
TXN0006839,22.05,Online,FL,2024-03-12 05:45:00,0
TXN0006840,31.66,Online,NY,2024-03-12 06:00:00,0
TXN0006841,28.67,POS,CA,2024-03-12 06:15:00,0
TXN0006842,119.0,POS,WA,2024-03-12 06:30:00,0
TXN0006843,4.6,Transfer,NY,2024-03-12 06:45:00,0
TXN0006844,70.36,Online,IL,2024-03-12 07:00:00,0
TXN0006845,7.29,POS,TX,2024-03-12 07:15:00,0
TXN0006846,45.77,POS,NY,2024-03-12 07:30:00,0
TXN0006847,94.82,ATM,IL,2024-03-12 07:45:00,0
TXN0006848,3.73,ATM,IL,2024-03-12 08:00:00,0
TXN0006849,31.11,Online,IL,2024-03-12 08:15:00,0
TXN0006850,13.87,POS,CA,2024-03-12 08:30:00,0
TXN0006851,13.66,ATM,TX,2024-03-12 08:45:00,0
TXN0006852,20.28,Online,FL,2024-03-12 09:00:00,0
TXN0006853,5.53,Transfer,TX,2024-03-12 09:15:00,0
TXN0006854,6.14,POS,NY,2024-03-12 09:30:00,0
TXN0006855,42.09,ATM,IL,2024-03-12 09:45:00,0
TXN0006856,52.58,Transfer,NY,2024-03-12 10:00:00,0
TXN0006857,9.83,Transfer,IL,2024-03-12 10:15:00,0
TXN0006858,3.43,Transfer,CA,2024-03-12 10:30:00,0
TXN0006859,301.21,Transfer,CA,2024-03-12 10:45:00,0
TXN0006860,71.07,ATM,FL,2024-03-12 11:00:00,0
TXN0006861,29.54,POS,IL,2024-03-12 11:15:00,0
TXN0006862,5.68,Transfer,IL,2024-03-12 11:30:00,0
TXN0006863,9.66,Online,WA,2024-03-12 11:45:00,0
TXN0006864,25.71,Online,FL,2024-03-12 12:00:00,0
TXN0006865,6.17,Transfer,CA,2024-03-12 12:15:00,0
TXN0006866,128.98,ATM,TX,2024-03-12 12:30:00,0
TXN0006867,22.67,Transfer,NY,2024-03-12 12:45:00,0
TXN0006868,30.72,ATM,CA,2024-03-12 13:00:00,0
TXN0006869,5.69,ATM,CA,2024-03-12 13:15:00,0
TXN0006870,6.58,POS,FL,2024-03-12 13:30:00,0
TXN0006871,7.57,POS,WA,2024-03-12 13:45:00,0
TXN0006872,26.75,Online,WA,2024-03-12 14:00:00,0
TXN0006873,14.08,Transfer,TX,2024-03-12 14:15:00,0
TXN0006874,13.69,Online,FL,2024-03-12 14:30:00,0
TXN0006875,28.01,POS,IL,2024-03-12 14:45:00,0
TXN0006876,25.17,Transfer,CA,2024-03-12 15:00:00,0
TXN0006877,111.65,Online,WA,2024-03-12 15:15:00,0
TXN0006878,15.27,Transfer,NY,2024-03-12 15:30:00,0
TXN0006879,5.81,POS,FL,2024-03-12 15:45:00,0
TXN0006880,19.02,POS,WA,2024-03-12 16:00:00,0
TXN0006881,108.91,ATM,FL,2024-03-12 16:15:00,0
TXN0006882,10.02,Transfer,NY,2024-03-12 16:30:00,0
TXN0006883,20.43,ATM,NY,2024-03-12 16:45:00,0
TXN0006884,12.63,POS,WA,2024-03-12 17:00:00,0
TXN0006885,31.13,ATM,WA,2024-03-12 17:15:00,0
TXN0006886,26.13,Online,NY,2024-03-12 17:30:00,0
TXN0006887,7.4,Online,WA,2024-03-12 17:45:00,0
TXN0006888,14.73,Transfer,TX,2024-03-12 18:00:00,0
TXN0006889,58.67,POS,CA,2024-03-12 18:15:00,0
TXN0006890,70.35,Online,FL,2024-03-12 18:30:00,0
TXN0006891,57.37,Online,TX,2024-03-12 18:45:00,0
TXN0006892,53.45,Online,CA,2024-03-12 19:00:00,0
TXN0006893,13.02,ATM,WA,2024-03-12 19:15:00,0
TXN0006894,12.56,ATM,CA,2024-03-12 19:30:00,0
TXN0006895,57.81,ATM,FL,2024-03-12 19:45:00,0
TXN0006896,4.84,POS,IL,2024-03-12 20:00:00,0
TXN0006897,18.03,Online,IL,2024-03-12 20:15:00,0
TXN0006898,2.16,Transfer,FL,2024-03-12 20:30:00,0
TXN0006899,12.33,POS,TX,2024-03-12 20:45:00,0
TXN0006900,8.39,Online,NY,2024-03-12 21:00:00,0
TXN0006901,4.66,Online,WA,2024-03-12 21:15:00,0
TXN0006902,38.24,ATM,TX,2024-03-12 21:30:00,0
TXN0006903,8.11,ATM,IL,2024-03-12 21:45:00,0
TXN0006904,12.52,ATM,IL,2024-03-12 22:00:00,0
TXN0006905,14.25,Transfer,FL,2024-03-12 22:15:00,0
TXN0006906,8.1,Transfer,NY,2024-03-12 22:30:00,0
TXN0006907,103.32,ATM,TX,2024-03-12 22:45:00,0
TXN0006908,10.78,Online,NY,2024-03-12 23:00:00,0
TXN0006909,24.36,ATM,TX,2024-03-12 23:15:00,0
TXN0006910,4.14,POS,CA,2024-03-12 23:30:00,0
TXN0006911,11.05,Online,NY,2024-03-12 23:45:00,0
TXN0006912,13.19,Online,TX,2024-03-13 00:00:00,0
TXN0006913,13.45,Online,NY,2024-03-13 00:15:00,0
TXN0006914,9.7,POS,NY,2024-03-13 00:30:00,0
TXN0006915,22.87,Online,CA,2024-03-13 00:45:00,0
TXN0006916,121.32,POS,CA,2024-03-13 01:00:00,0
TXN0006917,16.52,Transfer,TX,2024-03-13 01:15:00,0
TXN0006918,16.4,POS,TX,2024-03-13 01:30:00,0
TXN0006919,12.2,Transfer,NY,2024-03-13 01:45:00,0
TXN0006920,383.9,ATM,NY,2024-03-13 02:00:00,0
TXN0006921,129.39,Transfer,TX,2024-03-13 02:15:00,0
TXN0006922,37.26,POS,CA,2024-03-13 02:30:00,0
TXN0006923,44.32,ATM,CA,2024-03-13 02:45:00,0
TXN0006924,8.37,ATM,IL,2024-03-13 03:00:00,0
TXN0006925,16.14,ATM,WA,2024-03-13 03:15:00,0
TXN0006926,24.77,Online,WA,2024-03-13 03:30:00,0
TXN0006927,22.26,ATM,NY,2024-03-13 03:45:00,0
TXN0006928,7.05,Transfer,CA,2024-03-13 04:00:00,0
TXN0006929,7.72,Transfer,CA,2024-03-13 04:15:00,0
TXN0006930,35.49,ATM,NY,2024-03-13 04:30:00,0
TXN0006931,27.94,Transfer,FL,2024-03-13 04:45:00,0
TXN0006932,1.62,Transfer,NY,2024-03-13 05:00:00,1
TXN0006933,21.56,ATM,NY,2024-03-13 05:15:00,0
TXN0006934,86.45,Transfer,CA,2024-03-13 05:30:00,0
TXN0006935,9.05,POS,NY,2024-03-13 05:45:00,0
TXN0006936,25.67,POS,IL,2024-03-13 06:00:00,0
TXN0006937,3.49,Transfer,NY,2024-03-13 06:15:00,0
TXN0006938,51.56,POS,NY,2024-03-13 06:30:00,0
TXN0006939,5.21,Online,TX,2024-03-13 06:45:00,0
TXN0006940,4.43,Transfer,NY,2024-03-13 07:00:00,0
TXN0006941,13.33,ATM,IL,2024-03-13 07:15:00,0
TXN0006942,315.05,Online,CA,2024-03-13 07:30:00,0
TXN0006943,9.43,POS,WA,2024-03-13 07:45:00,0
TXN0006944,4.38,Online,TX,2024-03-13 08:00:00,0
TXN0006945,33.33,ATM,FL,2024-03-13 08:15:00,0
TXN0006946,25.35,POS,NY,2024-03-13 08:30:00,0
TXN0006947,136.24,POS,TX,2024-03-13 08:45:00,0
TXN0006948,4.35,ATM,TX,2024-03-13 09:00:00,0
TXN0006949,2.97,Online,TX,2024-03-13 09:15:00,0
TXN0006950,13.36,Transfer,TX,2024-03-13 09:30:00,0
TXN0006951,30.23,Transfer,IL,2024-03-13 09:45:00,0
TXN0006952,29.48,ATM,FL,2024-03-13 10:00:00,0
TXN0006953,69.4,ATM,FL,2024-03-13 10:15:00,0
TXN0006954,3.34,ATM,FL,2024-03-13 10:30:00,0
TXN0006955,7.34,ATM,CA,2024-03-13 10:45:00,0
TXN0006956,16.59,Transfer,WA,2024-03-13 11:00:00,0
TXN0006957,52.01,ATM,IL,2024-03-13 11:15:00,0
TXN0006958,33.91,Transfer,NY,2024-03-13 11:30:00,0
TXN0006959,11.79,Transfer,NY,2024-03-13 11:45:00,0
TXN0006960,5.83,ATM,NY,2024-03-13 12:00:00,0
TXN0006961,54.71,Transfer,WA,2024-03-13 12:15:00,0
TXN0006962,59.21,POS,IL,2024-03-13 12:30:00,0
TXN0006963,471.64,Transfer,CA,2024-03-13 12:45:00,0
TXN0006964,15.72,Transfer,NY,2024-03-13 13:00:00,0
TXN0006965,130.89,ATM,TX,2024-03-13 13:15:00,0
TXN0006966,4.67,ATM,TX,2024-03-13 13:30:00,0
TXN0006967,10.22,Transfer,WA,2024-03-13 13:45:00,0
TXN0006968,8.74,Transfer,CA,2024-03-13 14:00:00,0
TXN0006969,11.23,Transfer,FL,2024-03-13 14:15:00,0
TXN0006970,6.92,Online,FL,2024-03-13 14:30:00,0
TXN0006971,10.23,ATM,IL,2024-03-13 14:45:00,0
TXN0006972,18.18,Online,WA,2024-03-13 15:00:00,0
TXN0006973,11.42,Transfer,CA,2024-03-13 15:15:00,0
TXN0006974,42.12,Transfer,CA,2024-03-13 15:30:00,0
TXN0006975,17.57,Online,IL,2024-03-13 15:45:00,0
TXN0006976,19.35,ATM,TX,2024-03-13 16:00:00,0
TXN0006977,109.66,Online,TX,2024-03-13 16:15:00,0
TXN0006978,28.08,POS,TX,2024-03-13 16:30:00,0
TXN0006979,23.25,POS,WA,2024-03-13 16:45:00,0
TXN0006980,18.95,Transfer,NY,2024-03-13 17:00:00,0
TXN0006981,20.87,ATM,IL,2024-03-13 17:15:00,0
TXN0006982,38.05,ATM,NY,2024-03-13 17:30:00,0
TXN0006983,7.55,ATM,NY,2024-03-13 17:45:00,0
TXN0006984,74.51,Transfer,FL,2024-03-13 18:00:00,0
TXN0006985,123.03,Transfer,FL,2024-03-13 18:15:00,0
TXN0006986,75.27,ATM,TX,2024-03-13 18:30:00,0
TXN0006987,10.88,ATM,IL,2024-03-13 18:45:00,0
TXN0006988,2.98,POS,FL,2024-03-13 19:00:00,0
TXN0006989,11.6,POS,TX,2024-03-13 19:15:00,0
TXN0006990,23.23,Transfer,NY,2024-03-13 19:30:00,0
TXN0006991,51.33,POS,IL,2024-03-13 19:45:00,0
TXN0006992,15.65,Online,TX,2024-03-13 20:00:00,0
TXN0006993,13.57,Transfer,TX,2024-03-13 20:15:00,0
TXN0006994,115.92,POS,FL,2024-03-13 20:30:00,0
TXN0006995,8.82,ATM,CA,2024-03-13 20:45:00,0
TXN0006996,67.88,Transfer,CA,2024-03-13 21:00:00,0
TXN0006997,56.2,Online,WA,2024-03-13 21:15:00,0
TXN0006998,4.06,ATM,FL,2024-03-13 21:30:00,0
TXN0006999,26.9,POS,IL,2024-03-13 21:45:00,0
TXN0007000,10.07,Online,TX,2024-03-13 22:00:00,0
TXN0007001,6.36,POS,IL,2024-03-13 22:15:00,0
TXN0007002,2.2,POS,CA,2024-03-13 22:30:00,0
TXN0007003,3.07,POS,FL,2024-03-13 22:45:00,0
TXN0007004,31.57,Online,CA,2024-03-13 23:00:00,0
TXN0007005,12.29,Transfer,IL,2024-03-13 23:15:00,0
TXN0007006,26.74,Online,IL,2024-03-13 23:30:00,0
TXN0007007,5.56,POS,TX,2024-03-13 23:45:00,0
TXN0007008,13.31,Online,CA,2024-03-14 00:00:00,0
TXN0007009,14.09,POS,NY,2024-03-14 00:15:00,0
TXN0007010,3.15,Online,NY,2024-03-14 00:30:00,0
TXN0007011,2.75,Online,TX,2024-03-14 00:45:00,0
TXN0007012,32.55,POS,TX,2024-03-14 01:00:00,0
TXN0007013,23.07,ATM,IL,2024-03-14 01:15:00,0
TXN0007014,6.48,Online,FL,2024-03-14 01:30:00,0
TXN0007015,17.22,POS,CA,2024-03-14 01:45:00,0
TXN0007016,42.26,ATM,CA,2024-03-14 02:00:00,0
TXN0007017,166.97,Online,IL,2024-03-14 02:15:00,0
TXN0007018,6.83,Online,WA,2024-03-14 02:30:00,0
TXN0007019,40.05,ATM,TX,2024-03-14 02:45:00,0
TXN0007020,234.0,Transfer,IL,2024-03-14 03:00:00,0
TXN0007021,20.96,Online,IL,2024-03-14 03:15:00,0
TXN0007022,108.86,ATM,FL,2024-03-14 03:30:00,0
TXN0007023,0.93,Online,NY,2024-03-14 03:45:00,1
TXN0007024,106.54,Transfer,CA,2024-03-14 04:00:00,0
TXN0007025,19.16,Transfer,WA,2024-03-14 04:15:00,0
TXN0007026,2.14,ATM,WA,2024-03-14 04:30:00,0
TXN0007027,48.51,Online,TX,2024-03-14 04:45:00,0
TXN0007028,66.62,Online,WA,2024-03-14 05:00:00,0
TXN0007029,80.33,Transfer,FL,2024-03-14 05:15:00,0
TXN0007030,79.48,POS,FL,2024-03-14 05:30:00,0
TXN0007031,18.73,Transfer,NY,2024-03-14 05:45:00,0
TXN0007032,8.05,POS,NY,2024-03-14 06:00:00,0
TXN0007033,11.28,Online,FL,2024-03-14 06:15:00,0
TXN0007034,18.62,POS,CA,2024-03-14 06:30:00,0
TXN0007035,31.26,Online,TX,2024-03-14 06:45:00,0
TXN0007036,11.01,POS,CA,2024-03-14 07:00:00,0
TXN0007037,20.54,POS,FL,2024-03-14 07:15:00,0
TXN0007038,54.41,POS,CA,2024-03-14 07:30:00,0
TXN0007039,28.44,Online,FL,2024-03-14 07:45:00,0
TXN0007040,288.31,POS,NY,2024-03-14 08:00:00,0
TXN0007041,245.55,Transfer,CA,2024-03-14 08:15:00,0
TXN0007042,5.02,Transfer,NY,2024-03-14 08:30:00,0
TXN0007043,9.94,ATM,NY,2024-03-14 08:45:00,0
TXN0007044,4.15,Transfer,FL,2024-03-14 09:00:00,0
TXN0007045,4.92,Transfer,FL,2024-03-14 09:15:00,0
TXN0007046,36.88,Transfer,CA,2024-03-14 09:30:00,0
TXN0007047,6.03,Transfer,NY,2024-03-14 09:45:00,0
TXN0007048,5.65,Transfer,NY,2024-03-14 10:00:00,0
TXN0007049,14.11,ATM,IL,2024-03-14 10:15:00,0
TXN0007050,49.79,ATM,NY,2024-03-14 10:30:00,0
TXN0007051,12.76,ATM,IL,2024-03-14 10:45:00,0
TXN0007052,12.73,POS,TX,2024-03-14 11:00:00,0
TXN0007053,57.21,Transfer,CA,2024-03-14 11:15:00,0
TXN0007054,33.81,Transfer,NY,2024-03-14 11:30:00,0
TXN0007055,33.19,POS,FL,2024-03-14 11:45:00,0
TXN0007056,59.25,Online,FL,2024-03-14 12:00:00,0
TXN0007057,5.88,POS,IL,2024-03-14 12:15:00,0
TXN0007058,25.0,POS,CA,2024-03-14 12:30:00,0
TXN0007059,9.19,POS,IL,2024-03-14 12:45:00,0
TXN0007060,65.03,ATM,WA,2024-03-14 13:00:00,0
TXN0007061,50.73,Online,CA,2024-03-14 13:15:00,0
TXN0007062,5.66,POS,TX,2024-03-14 13:30:00,0
TXN0007063,93.87,ATM,WA,2024-03-14 13:45:00,0
TXN0007064,4.89,POS,WA,2024-03-14 14:00:00,0
TXN0007065,77.04,Transfer,CA,2024-03-14 14:15:00,0
TXN0007066,24.7,ATM,FL,2024-03-14 14:30:00,0
TXN0007067,6.94,ATM,TX,2024-03-14 14:45:00,0
TXN0007068,5.18,Online,WA,2024-03-14 15:00:00,0
TXN0007069,13.54,POS,TX,2024-03-14 15:15:00,0
TXN0007070,18.85,ATM,TX,2024-03-14 15:30:00,0
TXN0007071,8.39,ATM,FL,2024-03-14 15:45:00,0
TXN0007072,37.68,Transfer,CA,2024-03-14 16:00:00,0
TXN0007073,3.71,ATM,TX,2024-03-14 16:15:00,0
TXN0007074,19.22,Transfer,TX,2024-03-14 16:30:00,0
TXN0007075,19.41,Online,WA,2024-03-14 16:45:00,0
TXN0007076,2.13,Online,WA,2024-03-14 17:00:00,0
TXN0007077,27.93,ATM,FL,2024-03-14 17:15:00,0
TXN0007078,4.36,POS,NY,2024-03-14 17:30:00,0
TXN0007079,1.02,POS,WA,2024-03-14 17:45:00,0
TXN0007080,9.39,Transfer,NY,2024-03-14 18:00:00,0
TXN0007081,14.8,POS,NY,2024-03-14 18:15:00,0
TXN0007082,56.38,Online,TX,2024-03-14 18:30:00,0
TXN0007083,10.91,Online,CA,2024-03-14 18:45:00,0
TXN0007084,110.44,ATM,WA,2024-03-14 19:00:00,0
TXN0007085,106.01,Transfer,FL,2024-03-14 19:15:00,0
TXN0007086,70.48,Online,CA,2024-03-14 19:30:00,0
TXN0007087,92.55,Transfer,FL,2024-03-14 19:45:00,0
TXN0007088,29.32,ATM,TX,2024-03-14 20:00:00,0
TXN0007089,10.03,Online,FL,2024-03-14 20:15:00,0
TXN0007090,41.69,POS,WA,2024-03-14 20:30:00,0
TXN0007091,60.82,POS,NY,2024-03-14 20:45:00,0
TXN0007092,25.7,Online,WA,2024-03-14 21:00:00,0
TXN0007093,14.5,ATM,TX,2024-03-14 21:15:00,0
TXN0007094,3.03,Transfer,NY,2024-03-14 21:30:00,0
TXN0007095,43.09,POS,FL,2024-03-14 21:45:00,0
TXN0007096,29.37,ATM,CA,2024-03-14 22:00:00,0
TXN0007097,4.16,ATM,FL,2024-03-14 22:15:00,0
TXN0007098,21.79,Online,IL,2024-03-14 22:30:00,0
TXN0007099,45.53,POS,WA,2024-03-14 22:45:00,0
TXN0007100,17.03,ATM,IL,2024-03-14 23:00:00,0
TXN0007101,48.95,Transfer,CA,2024-03-14 23:15:00,0
TXN0007102,47.29,ATM,NY,2024-03-14 23:30:00,0
TXN0007103,3.38,Transfer,WA,2024-03-14 23:45:00,0
TXN0007104,13.56,POS,CA,2024-03-15 00:00:00,0
TXN0007105,34.37,ATM,WA,2024-03-15 00:15:00,0
TXN0007106,57.31,Transfer,CA,2024-03-15 00:30:00,0
TXN0007107,102.79,Online,FL,2024-03-15 00:45:00,0
TXN0007108,2.0,POS,NY,2024-03-15 01:00:00,0
TXN0007109,17.91,POS,CA,2024-03-15 01:15:00,0
TXN0007110,45.2,Transfer,IL,2024-03-15 01:30:00,0
TXN0007111,82.52,ATM,WA,2024-03-15 01:45:00,0
TXN0007112,142.84,Online,CA,2024-03-15 02:00:00,0
TXN0007113,6.4,Online,CA,2024-03-15 02:15:00,0
TXN0007114,12.46,Online,TX,2024-03-15 02:30:00,0
TXN0007115,5.56,ATM,CA,2024-03-15 02:45:00,0
TXN0007116,51.04,Online,WA,2024-03-15 03:00:00,0
TXN0007117,4.04,Transfer,WA,2024-03-15 03:15:00,0
TXN0007118,78.73,ATM,FL,2024-03-15 03:30:00,0
TXN0007119,58.73,ATM,NY,2024-03-15 03:45:00,0
TXN0007120,34.5,Transfer,TX,2024-03-15 04:00:00,0
TXN0007121,1.48,Transfer,TX,2024-03-15 04:15:00,0
TXN0007122,8.68,ATM,TX,2024-03-15 04:30:00,0
TXN0007123,47.04,POS,WA,2024-03-15 04:45:00,0
TXN0007124,3.61,Online,NY,2024-03-15 05:00:00,0
TXN0007125,14.58,ATM,NY,2024-03-15 05:15:00,0
TXN0007126,17.11,Online,FL,2024-03-15 05:30:00,0
TXN0007127,55.59,ATM,TX,2024-03-15 05:45:00,0
TXN0007128,27.07,POS,WA,2024-03-15 06:00:00,0
TXN0007129,26.81,Transfer,TX,2024-03-15 06:15:00,0
TXN0007130,11.49,ATM,NY,2024-03-15 06:30:00,0
TXN0007131,19.48,POS,IL,2024-03-15 06:45:00,0
TXN0007132,16.51,POS,WA,2024-03-15 07:00:00,0
TXN0007133,45.88,ATM,IL,2024-03-15 07:15:00,0
TXN0007134,15.65,ATM,WA,2024-03-15 07:30:00,0
TXN0007135,65.9,Transfer,CA,2024-03-15 07:45:00,0
TXN0007136,2.59,POS,WA,2024-03-15 08:00:00,0
TXN0007137,80.3,Transfer,TX,2024-03-15 08:15:00,0
TXN0007138,15.81,Online,IL,2024-03-15 08:30:00,0
TXN0007139,73.71,POS,CA,2024-03-15 08:45:00,0
TXN0007140,21.36,POS,WA,2024-03-15 09:00:00,0
TXN0007141,53.29,POS,CA,2024-03-15 09:15:00,0
TXN0007142,113.7,Transfer,CA,2024-03-15 09:30:00,0
TXN0007143,10.03,Online,IL,2024-03-15 09:45:00,0
TXN0007144,21.26,Online,IL,2024-03-15 10:00:00,0
TXN0007145,15.81,POS,TX,2024-03-15 10:15:00,0
TXN0007146,24.75,POS,TX,2024-03-15 10:30:00,0
TXN0007147,2.83,POS,CA,2024-03-15 10:45:00,0
TXN0007148,15.78,ATM,FL,2024-03-15 11:00:00,0
TXN0007149,14.39,POS,TX,2024-03-15 11:15:00,0
TXN0007150,7.61,POS,WA,2024-03-15 11:30:00,0
TXN0007151,15.35,POS,IL,2024-03-15 11:45:00,0
TXN0007152,3.1,ATM,IL,2024-03-15 12:00:00,0
TXN0007153,101.4,Online,TX,2024-03-15 12:15:00,0
TXN0007154,32.83,POS,FL,2024-03-15 12:30:00,0
TXN0007155,180.37,ATM,CA,2024-03-15 12:45:00,0
TXN0007156,6.85,POS,IL,2024-03-15 13:00:00,0
TXN0007157,4.84,ATM,NY,2024-03-15 13:15:00,0
TXN0007158,26.99,ATM,CA,2024-03-15 13:30:00,0
TXN0007159,2.67,POS,WA,2024-03-15 13:45:00,0
TXN0007160,25.24,Transfer,NY,2024-03-15 14:00:00,0
TXN0007161,8.39,ATM,TX,2024-03-15 14:15:00,0
TXN0007162,12.98,Online,TX,2024-03-15 14:30:00,0
TXN0007163,26.08,POS,NY,2024-03-15 14:45:00,0
TXN0007164,20.37,Transfer,NY,2024-03-15 15:00:00,0
TXN0007165,175.4,POS,FL,2024-03-15 15:15:00,0
TXN0007166,40.8,POS,TX,2024-03-15 15:30:00,0
TXN0007167,4.17,Online,WA,2024-03-15 15:45:00,0
TXN0007168,61.63,ATM,WA,2024-03-15 16:00:00,0
TXN0007169,3.94,Online,WA,2024-03-15 16:15:00,0
TXN0007170,21.35,Online,WA,2024-03-15 16:30:00,0
TXN0007171,4.39,ATM,TX,2024-03-15 16:45:00,0
TXN0007172,7.22,POS,FL,2024-03-15 17:00:00,0
TXN0007173,91.46,Transfer,FL,2024-03-15 17:15:00,0
TXN0007174,9.95,POS,TX,2024-03-15 17:30:00,0
TXN0007175,8.97,Transfer,CA,2024-03-15 17:45:00,0
TXN0007176,9.88,ATM,FL,2024-03-15 18:00:00,0
TXN0007177,13.28,Online,IL,2024-03-15 18:15:00,0
TXN0007178,106.26,POS,CA,2024-03-15 18:30:00,0
TXN0007179,4.75,Online,NY,2024-03-15 18:45:00,0
TXN0007180,4.44,ATM,WA,2024-03-15 19:00:00,0
TXN0007181,38.2,POS,IL,2024-03-15 19:15:00,0
TXN0007182,2.9,Online,CA,2024-03-15 19:30:00,0
TXN0007183,12.44,ATM,TX,2024-03-15 19:45:00,0
TXN0007184,73.42,ATM,NY,2024-03-15 20:00:00,0
TXN0007185,19.21,Transfer,TX,2024-03-15 20:15:00,0
TXN0007186,10.86,Transfer,IL,2024-03-15 20:30:00,0
TXN0007187,8.26,POS,TX,2024-03-15 20:45:00,0
TXN0007188,6.46,Transfer,IL,2024-03-15 21:00:00,0
TXN0007189,9.5,ATM,CA,2024-03-15 21:15:00,0
TXN0007190,22.49,Transfer,CA,2024-03-15 21:30:00,0
TXN0007191,83.55,Online,FL,2024-03-15 21:45:00,0
TXN0007192,60.07,Transfer,TX,2024-03-15 22:00:00,0
TXN0007193,9.77,Online,IL,2024-03-15 22:15:00,0
TXN0007194,8.02,ATM,WA,2024-03-15 22:30:00,0
TXN0007195,43.49,Transfer,TX,2024-03-15 22:45:00,0
TXN0007196,2.22,ATM,NY,2024-03-15 23:00:00,0
TXN0007197,11.32,POS,FL,2024-03-15 23:15:00,0
TXN0007198,12.95,Transfer,FL,2024-03-15 23:30:00,1
TXN0007199,5.1,Transfer,TX,2024-03-15 23:45:00,0
TXN0007200,5.84,ATM,NY,2024-03-16 00:00:00,0
TXN0007201,28.66,Online,NY,2024-03-16 00:15:00,0
TXN0007202,2.67,Online,NY,2024-03-16 00:30:00,0
TXN0007203,6.41,Online,NY,2024-03-16 00:45:00,0
TXN0007204,8.77,Transfer,FL,2024-03-16 01:00:00,0
TXN0007205,20.82,POS,IL,2024-03-16 01:15:00,0
TXN0007206,3.72,ATM,TX,2024-03-16 01:30:00,0
TXN0007207,68.33,POS,IL,2024-03-16 01:45:00,0
TXN0007208,13.07,Transfer,CA,2024-03-16 02:00:00,0
TXN0007209,13.82,POS,NY,2024-03-16 02:15:00,0
TXN0007210,12.23,POS,FL,2024-03-16 02:30:00,0
TXN0007211,8.46,POS,WA,2024-03-16 02:45:00,0
TXN0007212,5.87,POS,CA,2024-03-16 03:00:00,0
TXN0007213,72.99,ATM,IL,2024-03-16 03:15:00,0
TXN0007214,23.81,POS,TX,2024-03-16 03:30:00,0
TXN0007215,16.42,POS,TX,2024-03-16 03:45:00,0
TXN0007216,60.72,Transfer,WA,2024-03-16 04:00:00,0
TXN0007217,8.04,ATM,WA,2024-03-16 04:15:00,0
TXN0007218,39.3,Online,WA,2024-03-16 04:30:00,0
TXN0007219,19.13,ATM,NY,2024-03-16 04:45:00,0
TXN0007220,6.49,POS,IL,2024-03-16 05:00:00,0
TXN0007221,45.71,ATM,WA,2024-03-16 05:15:00,0
TXN0007222,3.17,ATM,CA,2024-03-16 05:30:00,0
TXN0007223,40.11,Transfer,NY,2024-03-16 05:45:00,0
TXN0007224,6.51,Transfer,IL,2024-03-16 06:00:00,0
TXN0007225,30.06,ATM,CA,2024-03-16 06:15:00,0
TXN0007226,94.83,ATM,FL,2024-03-16 06:30:00,0
TXN0007227,36.21,Transfer,WA,2024-03-16 06:45:00,0
TXN0007228,9.06,POS,IL,2024-03-16 07:00:00,0
TXN0007229,17.85,Transfer,FL,2024-03-16 07:15:00,0
TXN0007230,11.94,Online,WA,2024-03-16 07:30:00,0
TXN0007231,4.6,ATM,TX,2024-03-16 07:45:00,0
TXN0007232,4.97,Online,NY,2024-03-16 08:00:00,0
TXN0007233,19.37,Transfer,FL,2024-03-16 08:15:00,0
TXN0007234,34.68,Online,NY,2024-03-16 08:30:00,0
TXN0007235,2.28,Online,FL,2024-03-16 08:45:00,0
TXN0007236,16.84,Transfer,CA,2024-03-16 09:00:00,0
TXN0007237,33.33,POS,WA,2024-03-16 09:15:00,0
TXN0007238,20.83,ATM,CA,2024-03-16 09:30:00,0
TXN0007239,5.59,ATM,CA,2024-03-16 09:45:00,0
TXN0007240,62.02,Online,WA,2024-03-16 10:00:00,0
TXN0007241,4.34,Online,WA,2024-03-16 10:15:00,0
TXN0007242,39.17,ATM,TX,2024-03-16 10:30:00,0
TXN0007243,120.6,Online,FL,2024-03-16 10:45:00,0
TXN0007244,1.63,Online,NY,2024-03-16 11:00:00,0
TXN0007245,24.63,Online,WA,2024-03-16 11:15:00,0
TXN0007246,26.29,POS,WA,2024-03-16 11:30:00,0
TXN0007247,23.7,Transfer,NY,2024-03-16 11:45:00,0
TXN0007248,7.33,ATM,NY,2024-03-16 12:00:00,0
TXN0007249,12.54,POS,FL,2024-03-16 12:15:00,0
TXN0007250,3.48,POS,WA,2024-03-16 12:30:00,0
TXN0007251,21.14,POS,CA,2024-03-16 12:45:00,0
TXN0007252,34.07,ATM,TX,2024-03-16 13:00:00,0
TXN0007253,8.24,Transfer,NY,2024-03-16 13:15:00,0
TXN0007254,6.06,POS,IL,2024-03-16 13:30:00,0
TXN0007255,10.33,ATM,TX,2024-03-16 13:45:00,0
TXN0007256,17.85,Transfer,CA,2024-03-16 14:00:00,0
TXN0007257,19.36,Online,NY,2024-03-16 14:15:00,0
TXN0007258,15.93,POS,TX,2024-03-16 14:30:00,0
TXN0007259,19.51,Online,NY,2024-03-16 14:45:00,0
TXN0007260,3.84,Online,TX,2024-03-16 15:00:00,0
TXN0007261,0.72,ATM,FL,2024-03-16 15:15:00,0
TXN0007262,37.18,Online,FL,2024-03-16 15:30:00,0
TXN0007263,95.92,Transfer,IL,2024-03-16 15:45:00,0
TXN0007264,3.38,Transfer,IL,2024-03-16 16:00:00,0
TXN0007265,8.19,Online,CA,2024-03-16 16:15:00,0
TXN0007266,25.55,Transfer,WA,2024-03-16 16:30:00,0
TXN0007267,55.12,Online,NY,2024-03-16 16:45:00,0
TXN0007268,38.47,POS,NY,2024-03-16 17:00:00,0
TXN0007269,80.71,Transfer,CA,2024-03-16 17:15:00,0
TXN0007270,16.81,ATM,WA,2024-03-16 17:30:00,1
TXN0007271,29.16,ATM,IL,2024-03-16 17:45:00,1
TXN0007272,29.06,POS,CA,2024-03-16 18:00:00,0
TXN0007273,10.77,Online,IL,2024-03-16 18:15:00,0
TXN0007274,73.64,Online,CA,2024-03-16 18:30:00,0
TXN0007275,37.26,Online,WA,2024-03-16 18:45:00,0
TXN0007276,56.57,Transfer,WA,2024-03-16 19:00:00,0
TXN0007277,11.3,POS,WA,2024-03-16 19:15:00,0
TXN0007278,60.11,Online,NY,2024-03-16 19:30:00,0
TXN0007279,5.17,Online,CA,2024-03-16 19:45:00,0
TXN0007280,28.39,ATM,FL,2024-03-16 20:00:00,0
TXN0007281,0.83,Transfer,FL,2024-03-16 20:15:00,0
TXN0007282,5.45,POS,FL,2024-03-16 20:30:00,0
TXN0007283,42.46,Transfer,CA,2024-03-16 20:45:00,0
TXN0007284,10.51,ATM,WA,2024-03-16 21:00:00,0
TXN0007285,21.89,POS,IL,2024-03-16 21:15:00,0
TXN0007286,2.65,ATM,TX,2024-03-16 21:30:00,0
TXN0007287,110.01,Online,WA,2024-03-16 21:45:00,0
TXN0007288,35.94,Transfer,IL,2024-03-16 22:00:00,0
TXN0007289,17.3,POS,FL,2024-03-16 22:15:00,0
TXN0007290,29.06,Transfer,TX,2024-03-16 22:30:00,0
TXN0007291,26.21,Transfer,WA,2024-03-16 22:45:00,0
TXN0007292,94.04,ATM,FL,2024-03-16 23:00:00,0
TXN0007293,22.93,ATM,WA,2024-03-16 23:15:00,0
TXN0007294,3.16,Online,FL,2024-03-16 23:30:00,0
TXN0007295,13.2,Transfer,CA,2024-03-16 23:45:00,0
TXN0007296,80.49,Transfer,WA,2024-03-17 00:00:00,0
TXN0007297,34.78,Transfer,NY,2024-03-17 00:15:00,0
TXN0007298,10.87,ATM,IL,2024-03-17 00:30:00,0
TXN0007299,36.48,POS,NY,2024-03-17 00:45:00,0
TXN0007300,20.43,ATM,CA,2024-03-17 01:00:00,0
TXN0007301,36.45,Online,CA,2024-03-17 01:15:00,0
TXN0007302,2.77,ATM,NY,2024-03-17 01:30:00,0
TXN0007303,6.21,Transfer,CA,2024-03-17 01:45:00,0
TXN0007304,38.96,Online,NY,2024-03-17 02:00:00,1
TXN0007305,13.72,Transfer,NY,2024-03-17 02:15:00,0
TXN0007306,26.93,Transfer,IL,2024-03-17 02:30:00,0
TXN0007307,177.59,Online,CA,2024-03-17 02:45:00,0
TXN0007308,12.36,Online,WA,2024-03-17 03:00:00,0
TXN0007309,23.66,POS,WA,2024-03-17 03:15:00,0
TXN0007310,9.27,ATM,IL,2024-03-17 03:30:00,0
TXN0007311,8.56,POS,FL,2024-03-17 03:45:00,0
TXN0007312,16.32,POS,CA,2024-03-17 04:00:00,0
TXN0007313,3.24,ATM,FL,2024-03-17 04:15:00,0
TXN0007314,1.51,POS,CA,2024-03-17 04:30:00,0
TXN0007315,88.42,Online,IL,2024-03-17 04:45:00,0
TXN0007316,15.78,ATM,FL,2024-03-17 05:00:00,0
TXN0007317,66.59,POS,FL,2024-03-17 05:15:00,0
TXN0007318,20.57,ATM,WA,2024-03-17 05:30:00,0
TXN0007319,21.23,ATM,IL,2024-03-17 05:45:00,0
TXN0007320,39.13,POS,NY,2024-03-17 06:00:00,0
TXN0007321,41.38,Transfer,NY,2024-03-17 06:15:00,0
TXN0007322,4.35,POS,IL,2024-03-17 06:30:00,0
TXN0007323,73.5,Online,FL,2024-03-17 06:45:00,0
TXN0007324,5.71,Transfer,FL,2024-03-17 07:00:00,0
TXN0007325,22.63,POS,NY,2024-03-17 07:15:00,0
TXN0007326,357.01,Online,IL,2024-03-17 07:30:00,0
TXN0007327,19.59,ATM,TX,2024-03-17 07:45:00,0
TXN0007328,125.92,Transfer,FL,2024-03-17 08:00:00,0
TXN0007329,11.87,POS,TX,2024-03-17 08:15:00,0
TXN0007330,36.64,POS,NY,2024-03-17 08:30:00,0
TXN0007331,18.94,Online,TX,2024-03-17 08:45:00,0
TXN0007332,29.11,POS,IL,2024-03-17 09:00:00,0
TXN0007333,6.55,POS,FL,2024-03-17 09:15:00,0
TXN0007334,6.08,Online,IL,2024-03-17 09:30:00,0
TXN0007335,26.44,ATM,IL,2024-03-17 09:45:00,0
TXN0007336,2.86,ATM,CA,2024-03-17 10:00:00,0
TXN0007337,6.63,Transfer,NY,2024-03-17 10:15:00,0
TXN0007338,37.86,POS,TX,2024-03-17 10:30:00,0
TXN0007339,8.68,Transfer,IL,2024-03-17 10:45:00,0
TXN0007340,6.3,POS,FL,2024-03-17 11:00:00,0
TXN0007341,4.87,Transfer,FL,2024-03-17 11:15:00,0
TXN0007342,21.21,ATM,WA,2024-03-17 11:30:00,0
TXN0007343,11.65,Transfer,NY,2024-03-17 11:45:00,0
TXN0007344,21.27,Online,WA,2024-03-17 12:00:00,0
TXN0007345,14.32,Online,CA,2024-03-17 12:15:00,0
TXN0007346,156.14,POS,IL,2024-03-17 12:30:00,0
TXN0007347,10.7,Transfer,FL,2024-03-17 12:45:00,1
TXN0007348,1.8,Transfer,TX,2024-03-17 13:00:00,0
TXN0007349,20.46,Online,IL,2024-03-17 13:15:00,0
TXN0007350,17.9,Online,IL,2024-03-17 13:30:00,0
TXN0007351,21.44,Transfer,FL,2024-03-17 13:45:00,0
TXN0007352,2.72,ATM,NY,2024-03-17 14:00:00,0
TXN0007353,67.21,ATM,CA,2024-03-17 14:15:00,0
TXN0007354,17.21,Online,NY,2024-03-17 14:30:00,0
TXN0007355,16.98,Transfer,TX,2024-03-17 14:45:00,0
TXN0007356,2.8,Online,FL,2024-03-17 15:00:00,0
TXN0007357,31.07,POS,FL,2024-03-17 15:15:00,0
TXN0007358,16.54,Transfer,NY,2024-03-17 15:30:00,0
TXN0007359,86.76,POS,IL,2024-03-17 15:45:00,0
TXN0007360,10.98,ATM,CA,2024-03-17 16:00:00,0
TXN0007361,4.21,ATM,WA,2024-03-17 16:15:00,0
TXN0007362,20.75,POS,CA,2024-03-17 16:30:00,0
TXN0007363,6.14,Transfer,IL,2024-03-17 16:45:00,0
TXN0007364,29.02,ATM,WA,2024-03-17 17:00:00,0
TXN0007365,5.04,ATM,FL,2024-03-17 17:15:00,0
TXN0007366,15.36,POS,WA,2024-03-17 17:30:00,0
TXN0007367,13.7,POS,FL,2024-03-17 17:45:00,0
TXN0007368,17.16,Online,FL,2024-03-17 18:00:00,0
TXN0007369,9.79,Online,WA,2024-03-17 18:15:00,0
TXN0007370,6.93,Transfer,NY,2024-03-17 18:30:00,0
TXN0007371,16.66,ATM,FL,2024-03-17 18:45:00,0
TXN0007372,9.08,Transfer,IL,2024-03-17 19:00:00,0
TXN0007373,21.34,Transfer,FL,2024-03-17 19:15:00,0
TXN0007374,13.0,Transfer,NY,2024-03-17 19:30:00,0
TXN0007375,1.3,Online,TX,2024-03-17 19:45:00,0
TXN0007376,16.61,Online,FL,2024-03-17 20:00:00,0
TXN0007377,90.26,Transfer,IL,2024-03-17 20:15:00,0
TXN0007378,25.43,Transfer,CA,2024-03-17 20:30:00,0
TXN0007379,35.9,Transfer,CA,2024-03-17 20:45:00,0
TXN0007380,30.37,POS,WA,2024-03-17 21:00:00,0
TXN0007381,10.34,Transfer,TX,2024-03-17 21:15:00,0
TXN0007382,3.78,ATM,NY,2024-03-17 21:30:00,0
TXN0007383,45.85,Transfer,WA,2024-03-17 21:45:00,0
TXN0007384,60.96,POS,CA,2024-03-17 22:00:00,0
TXN0007385,34.54,ATM,CA,2024-03-17 22:15:00,0
TXN0007386,29.26,ATM,TX,2024-03-17 22:30:00,0
TXN0007387,28.27,POS,IL,2024-03-17 22:45:00,0
TXN0007388,17.29,POS,WA,2024-03-17 23:00:00,0
TXN0007389,24.57,POS,CA,2024-03-17 23:15:00,0
TXN0007390,18.11,Transfer,NY,2024-03-17 23:30:00,0
TXN0007391,26.1,ATM,NY,2024-03-17 23:45:00,0
TXN0007392,5.96,ATM,CA,2024-03-18 00:00:00,0
TXN0007393,8.6,Online,WA,2024-03-18 00:15:00,0
TXN0007394,34.57,Online,FL,2024-03-18 00:30:00,0
TXN0007395,12.06,POS,IL,2024-03-18 00:45:00,0
TXN0007396,1.08,POS,CA,2024-03-18 01:00:00,0
TXN0007397,20.66,Transfer,CA,2024-03-18 01:15:00,0
TXN0007398,1.26,Transfer,TX,2024-03-18 01:30:00,0
TXN0007399,163.82,Online,CA,2024-03-18 01:45:00,0
TXN0007400,41.16,Online,TX,2024-03-18 02:00:00,0
TXN0007401,38.96,Transfer,WA,2024-03-18 02:15:00,0
TXN0007402,8.3,Transfer,IL,2024-03-18 02:30:00,0
TXN0007403,4.85,ATM,TX,2024-03-18 02:45:00,0
TXN0007404,14.01,POS,TX,2024-03-18 03:00:00,0
TXN0007405,18.33,Online,IL,2024-03-18 03:15:00,0
TXN0007406,7.35,Transfer,NY,2024-03-18 03:30:00,0
TXN0007407,21.52,POS,IL,2024-03-18 03:45:00,0
TXN0007408,39.66,Transfer,CA,2024-03-18 04:00:00,0
TXN0007409,35.86,POS,FL,2024-03-18 04:15:00,0
TXN0007410,5.41,ATM,IL,2024-03-18 04:30:00,0
TXN0007411,1.48,ATM,IL,2024-03-18 04:45:00,0
TXN0007412,18.03,ATM,WA,2024-03-18 05:00:00,0
TXN0007413,8.4,POS,IL,2024-03-18 05:15:00,0
TXN0007414,30.08,ATM,NY,2024-03-18 05:30:00,0
TXN0007415,119.34,Transfer,IL,2024-03-18 05:45:00,0
TXN0007416,119.22,ATM,WA,2024-03-18 06:00:00,0
TXN0007417,25.04,POS,WA,2024-03-18 06:15:00,0
TXN0007418,64.6,POS,FL,2024-03-18 06:30:00,0
TXN0007419,119.67,Online,CA,2024-03-18 06:45:00,0
TXN0007420,19.01,POS,WA,2024-03-18 07:00:00,0
TXN0007421,24.68,POS,NY,2024-03-18 07:15:00,0
TXN0007422,48.14,Transfer,TX,2024-03-18 07:30:00,0
TXN0007423,17.33,POS,NY,2024-03-18 07:45:00,0
TXN0007424,10.18,POS,CA,2024-03-18 08:00:00,0
TXN0007425,7.63,Online,FL,2024-03-18 08:15:00,0
TXN0007426,18.23,POS,TX,2024-03-18 08:30:00,0
TXN0007427,8.87,Online,WA,2024-03-18 08:45:00,1
TXN0007428,45.32,Online,CA,2024-03-18 09:00:00,0
TXN0007429,12.36,Transfer,TX,2024-03-18 09:15:00,0
TXN0007430,97.49,ATM,WA,2024-03-18 09:30:00,0
TXN0007431,72.95,Online,WA,2024-03-18 09:45:00,0
TXN0007432,4.38,Transfer,CA,2024-03-18 10:00:00,0
TXN0007433,62.87,Online,IL,2024-03-18 10:15:00,0
TXN0007434,11.46,Online,WA,2024-03-18 10:30:00,0
TXN0007435,87.77,Online,NY,2024-03-18 10:45:00,0
TXN0007436,32.84,ATM,NY,2024-03-18 11:00:00,0
TXN0007437,17.31,ATM,TX,2024-03-18 11:15:00,0
TXN0007438,39.46,ATM,TX,2024-03-18 11:30:00,0
TXN0007439,9.64,POS,TX,2024-03-18 11:45:00,0
TXN0007440,26.66,Transfer,IL,2024-03-18 12:00:00,0
TXN0007441,28.45,POS,TX,2024-03-18 12:15:00,0
TXN0007442,15.47,ATM,TX,2024-03-18 12:30:00,0
TXN0007443,28.55,Transfer,IL,2024-03-18 12:45:00,0
TXN0007444,5.84,POS,TX,2024-03-18 13:00:00,0
TXN0007445,34.76,POS,TX,2024-03-18 13:15:00,0
TXN0007446,4.59,Online,FL,2024-03-18 13:30:00,0
TXN0007447,37.5,POS,FL,2024-03-18 13:45:00,0
TXN0007448,31.58,Online,IL,2024-03-18 14:00:00,0
TXN0007449,41.44,ATM,NY,2024-03-18 14:15:00,0
TXN0007450,9.74,Online,IL,2024-03-18 14:30:00,0
TXN0007451,593.84,POS,WA,2024-03-18 14:45:00,0
TXN0007452,14.26,Transfer,IL,2024-03-18 15:00:00,0
TXN0007453,22.01,Online,IL,2024-03-18 15:15:00,0
TXN0007454,7.82,Transfer,NY,2024-03-18 15:30:00,0
TXN0007455,95.09,Transfer,TX,2024-03-18 15:45:00,0
TXN0007456,10.84,Transfer,IL,2024-03-18 16:00:00,0
TXN0007457,57.82,Online,FL,2024-03-18 16:15:00,0
TXN0007458,6.33,Transfer,FL,2024-03-18 16:30:00,0
TXN0007459,26.55,ATM,CA,2024-03-18 16:45:00,0
TXN0007460,12.21,POS,FL,2024-03-18 17:00:00,0
TXN0007461,54.02,Online,WA,2024-03-18 17:15:00,0
TXN0007462,13.41,ATM,FL,2024-03-18 17:30:00,0
TXN0007463,6.99,Online,WA,2024-03-18 17:45:00,0
TXN0007464,31.35,ATM,FL,2024-03-18 18:00:00,0
TXN0007465,4.81,Online,WA,2024-03-18 18:15:00,0
TXN0007466,6.3,ATM,IL,2024-03-18 18:30:00,0
TXN0007467,45.04,Online,IL,2024-03-18 18:45:00,0
TXN0007468,2.23,Online,CA,2024-03-18 19:00:00,0
TXN0007469,44.68,ATM,IL,2024-03-18 19:15:00,0
TXN0007470,11.92,POS,CA,2024-03-18 19:30:00,0
TXN0007471,6.64,ATM,NY,2024-03-18 19:45:00,0
TXN0007472,24.9,Online,WA,2024-03-18 20:00:00,0
TXN0007473,38.76,Transfer,CA,2024-03-18 20:15:00,0
TXN0007474,9.72,Online,WA,2024-03-18 20:30:00,0
TXN0007475,15.48,Transfer,CA,2024-03-18 20:45:00,0
TXN0007476,47.06,ATM,FL,2024-03-18 21:00:00,0
TXN0007477,44.64,Online,IL,2024-03-18 21:15:00,0
TXN0007478,17.9,Transfer,FL,2024-03-18 21:30:00,0
TXN0007479,7.91,POS,NY,2024-03-18 21:45:00,0
TXN0007480,6.49,Transfer,TX,2024-03-18 22:00:00,0
TXN0007481,9.67,Transfer,CA,2024-03-18 22:15:00,0
TXN0007482,41.21,Online,NY,2024-03-18 22:30:00,0
TXN0007483,36.74,Transfer,FL,2024-03-18 22:45:00,0
TXN0007484,26.96,POS,WA,2024-03-18 23:00:00,0
TXN0007485,92.78,POS,TX,2024-03-18 23:15:00,0
TXN0007486,13.61,Transfer,NY,2024-03-18 23:30:00,0
TXN0007487,12.44,Online,WA,2024-03-18 23:45:00,0
TXN0007488,12.38,ATM,NY,2024-03-19 00:00:00,0
TXN0007489,167.71,Online,TX,2024-03-19 00:15:00,0
TXN0007490,1.86,Transfer,CA,2024-03-19 00:30:00,0
TXN0007491,26.72,Transfer,WA,2024-03-19 00:45:00,1
TXN0007492,31.91,POS,WA,2024-03-19 01:00:00,0
TXN0007493,20.66,Transfer,FL,2024-03-19 01:15:00,0
TXN0007494,272.07,ATM,WA,2024-03-19 01:30:00,0
TXN0007495,72.79,ATM,CA,2024-03-19 01:45:00,0
TXN0007496,46.29,ATM,WA,2024-03-19 02:00:00,0
TXN0007497,6.99,ATM,TX,2024-03-19 02:15:00,0
TXN0007498,34.03,POS,CA,2024-03-19 02:30:00,0
TXN0007499,12.72,Transfer,TX,2024-03-19 02:45:00,0
TXN0007500,20.39,Online,WA,2024-03-19 03:00:00,0
TXN0007501,24.37,ATM,NY,2024-03-19 03:15:00,0
TXN0007502,11.26,ATM,NY,2024-03-19 03:30:00,0
TXN0007503,39.8,POS,IL,2024-03-19 03:45:00,0
TXN0007504,123.17,Transfer,FL,2024-03-19 04:00:00,0
TXN0007505,62.94,ATM,WA,2024-03-19 04:15:00,0
TXN0007506,24.92,Online,CA,2024-03-19 04:30:00,0
TXN0007507,2.2,Online,CA,2024-03-19 04:45:00,0
TXN0007508,66.81,POS,TX,2024-03-19 05:00:00,0
TXN0007509,66.18,ATM,NY,2024-03-19 05:15:00,0
TXN0007510,15.74,Transfer,TX,2024-03-19 05:30:00,0
TXN0007511,11.43,POS,WA,2024-03-19 05:45:00,0
TXN0007512,41.3,Transfer,IL,2024-03-19 06:00:00,0
TXN0007513,7.87,POS,TX,2024-03-19 06:15:00,0
TXN0007514,48.34,ATM,FL,2024-03-19 06:30:00,0
TXN0007515,5.81,ATM,FL,2024-03-19 06:45:00,0
TXN0007516,6.96,Online,CA,2024-03-19 07:00:00,0
TXN0007517,20.07,ATM,WA,2024-03-19 07:15:00,0
TXN0007518,3.81,Online,IL,2024-03-19 07:30:00,0
TXN0007519,19.78,POS,CA,2024-03-19 07:45:00,0
TXN0007520,36.0,ATM,NY,2024-03-19 08:00:00,0
TXN0007521,4.48,Transfer,TX,2024-03-19 08:15:00,0
TXN0007522,56.22,POS,IL,2024-03-19 08:30:00,0
TXN0007523,10.5,Transfer,FL,2024-03-19 08:45:00,0
TXN0007524,36.75,POS,WA,2024-03-19 09:00:00,0
TXN0007525,25.2,Transfer,CA,2024-03-19 09:15:00,0
TXN0007526,11.84,POS,TX,2024-03-19 09:30:00,0
TXN0007527,10.99,Transfer,IL,2024-03-19 09:45:00,0
TXN0007528,2.89,POS,NY,2024-03-19 10:00:00,0
TXN0007529,9.05,ATM,TX,2024-03-19 10:15:00,0
TXN0007530,8.32,POS,WA,2024-03-19 10:30:00,0
TXN0007531,126.5,POS,IL,2024-03-19 10:45:00,0
TXN0007532,62.56,ATM,CA,2024-03-19 11:00:00,0
TXN0007533,4.24,Transfer,IL,2024-03-19 11:15:00,0
TXN0007534,49.02,ATM,WA,2024-03-19 11:30:00,0
TXN0007535,25.54,ATM,TX,2024-03-19 11:45:00,0
TXN0007536,12.96,ATM,FL,2024-03-19 12:00:00,0
TXN0007537,33.49,POS,WA,2024-03-19 12:15:00,0
TXN0007538,48.52,ATM,IL,2024-03-19 12:30:00,0
TXN0007539,10.49,ATM,CA,2024-03-19 12:45:00,0
TXN0007540,14.62,ATM,TX,2024-03-19 13:00:00,0
TXN0007541,24.01,POS,WA,2024-03-19 13:15:00,0
TXN0007542,6.58,Online,IL,2024-03-19 13:30:00,0
TXN0007543,24.54,POS,NY,2024-03-19 13:45:00,0
TXN0007544,18.21,POS,CA,2024-03-19 14:00:00,0
TXN0007545,9.29,Transfer,CA,2024-03-19 14:15:00,0
TXN0007546,7.75,ATM,TX,2024-03-19 14:30:00,0
TXN0007547,28.15,POS,TX,2024-03-19 14:45:00,0
TXN0007548,53.46,ATM,FL,2024-03-19 15:00:00,0
TXN0007549,28.97,POS,TX,2024-03-19 15:15:00,0
TXN0007550,7.64,Transfer,TX,2024-03-19 15:30:00,0
TXN0007551,46.38,ATM,WA,2024-03-19 15:45:00,0
TXN0007552,24.2,Online,IL,2024-03-19 16:00:00,0
TXN0007553,38.9,Transfer,IL,2024-03-19 16:15:00,0
TXN0007554,73.94,Transfer,CA,2024-03-19 16:30:00,0
TXN0007555,7.25,ATM,FL,2024-03-19 16:45:00,0
TXN0007556,17.1,POS,WA,2024-03-19 17:00:00,0
TXN0007557,10.22,Online,WA,2024-03-19 17:15:00,0
TXN0007558,7.49,POS,FL,2024-03-19 17:30:00,0
TXN0007559,190.06,POS,WA,2024-03-19 17:45:00,0
TXN0007560,57.45,Transfer,IL,2024-03-19 18:00:00,0
TXN0007561,2.75,Transfer,NY,2024-03-19 18:15:00,0
TXN0007562,32.31,Transfer,FL,2024-03-19 18:30:00,0
TXN0007563,10.73,ATM,FL,2024-03-19 18:45:00,0
TXN0007564,72.66,Transfer,FL,2024-03-19 19:00:00,0
TXN0007565,22.0,Online,TX,2024-03-19 19:15:00,1
TXN0007566,16.47,POS,FL,2024-03-19 19:30:00,0
TXN0007567,23.51,ATM,IL,2024-03-19 19:45:00,0
TXN0007568,30.82,POS,CA,2024-03-19 20:00:00,0
TXN0007569,20.73,ATM,CA,2024-03-19 20:15:00,0
TXN0007570,15.66,ATM,CA,2024-03-19 20:30:00,0
TXN0007571,17.17,POS,WA,2024-03-19 20:45:00,0
TXN0007572,35.57,Online,WA,2024-03-19 21:00:00,0
TXN0007573,5.65,ATM,WA,2024-03-19 21:15:00,0
TXN0007574,20.01,ATM,IL,2024-03-19 21:30:00,0
TXN0007575,17.53,Online,NY,2024-03-19 21:45:00,0
TXN0007576,11.63,ATM,NY,2024-03-19 22:00:00,0
TXN0007577,45.81,Transfer,FL,2024-03-19 22:15:00,0
TXN0007578,4.72,Transfer,WA,2024-03-19 22:30:00,0
TXN0007579,13.31,ATM,TX,2024-03-19 22:45:00,0
TXN0007580,7.71,ATM,FL,2024-03-19 23:00:00,0
TXN0007581,36.96,Online,IL,2024-03-19 23:15:00,0
TXN0007582,11.87,ATM,FL,2024-03-19 23:30:00,0
TXN0007583,21.19,ATM,FL,2024-03-19 23:45:00,0
TXN0007584,30.89,ATM,IL,2024-03-20 00:00:00,0
TXN0007585,3.35,Transfer,IL,2024-03-20 00:15:00,0
TXN0007586,33.31,Transfer,TX,2024-03-20 00:30:00,0
TXN0007587,8.68,Online,FL,2024-03-20 00:45:00,0
TXN0007588,15.09,Transfer,NY,2024-03-20 01:00:00,0
TXN0007589,17.69,Transfer,WA,2024-03-20 01:15:00,0
TXN0007590,49.68,POS,TX,2024-03-20 01:30:00,0
TXN0007591,45.91,Transfer,NY,2024-03-20 01:45:00,0
TXN0007592,145.25,Transfer,IL,2024-03-20 02:00:00,0
TXN0007593,24.48,Online,FL,2024-03-20 02:15:00,0
TXN0007594,11.77,POS,IL,2024-03-20 02:30:00,0
TXN0007595,11.43,Transfer,IL,2024-03-20 02:45:00,0
TXN0007596,41.77,POS,CA,2024-03-20 03:00:00,0
TXN0007597,121.01,Online,WA,2024-03-20 03:15:00,0
TXN0007598,29.42,POS,TX,2024-03-20 03:30:00,0
TXN0007599,10.52,ATM,CA,2024-03-20 03:45:00,0
TXN0007600,27.31,POS,CA,2024-03-20 04:00:00,0
TXN0007601,26.75,ATM,CA,2024-03-20 04:15:00,0
TXN0007602,20.83,Transfer,CA,2024-03-20 04:30:00,0
TXN0007603,8.74,Transfer,TX,2024-03-20 04:45:00,0
TXN0007604,1.17,ATM,NY,2024-03-20 05:00:00,0
TXN0007605,11.01,ATM,IL,2024-03-20 05:15:00,0
TXN0007606,65.36,ATM,TX,2024-03-20 05:30:00,0
TXN0007607,25.49,POS,TX,2024-03-20 05:45:00,0
TXN0007608,1.69,POS,FL,2024-03-20 06:00:00,0
TXN0007609,20.2,Online,TX,2024-03-20 06:15:00,0
TXN0007610,2.53,ATM,TX,2024-03-20 06:30:00,0
TXN0007611,186.75,ATM,CA,2024-03-20 06:45:00,0
TXN0007612,24.86,ATM,NY,2024-03-20 07:00:00,0
TXN0007613,5.21,Transfer,CA,2024-03-20 07:15:00,0
TXN0007614,49.11,Transfer,NY,2024-03-20 07:30:00,0
TXN0007615,8.36,POS,NY,2024-03-20 07:45:00,0
TXN0007616,37.69,POS,IL,2024-03-20 08:00:00,0
TXN0007617,20.58,Transfer,IL,2024-03-20 08:15:00,0
TXN0007618,5.35,Transfer,WA,2024-03-20 08:30:00,0
TXN0007619,42.32,Transfer,NY,2024-03-20 08:45:00,0
TXN0007620,4.48,POS,FL,2024-03-20 09:00:00,0
TXN0007621,90.21,POS,CA,2024-03-20 09:15:00,0
TXN0007622,21.49,ATM,NY,2024-03-20 09:30:00,0
TXN0007623,6.34,Online,IL,2024-03-20 09:45:00,0
TXN0007624,2.63,ATM,FL,2024-03-20 10:00:00,0
TXN0007625,122.87,POS,WA,2024-03-20 10:15:00,0
TXN0007626,102.15,Transfer,IL,2024-03-20 10:30:00,0
TXN0007627,4.91,ATM,FL,2024-03-20 10:45:00,0
TXN0007628,127.1,Online,IL,2024-03-20 11:00:00,0
TXN0007629,24.22,Online,TX,2024-03-20 11:15:00,0
TXN0007630,15.67,Online,NY,2024-03-20 11:30:00,0
TXN0007631,18.22,Transfer,WA,2024-03-20 11:45:00,0
TXN0007632,14.87,Transfer,TX,2024-03-20 12:00:00,0
TXN0007633,99.85,POS,CA,2024-03-20 12:15:00,0
TXN0007634,23.77,Transfer,IL,2024-03-20 12:30:00,0
TXN0007635,2.55,Online,FL,2024-03-20 12:45:00,0
TXN0007636,209.7,Online,WA,2024-03-20 13:00:00,0
TXN0007637,53.96,ATM,WA,2024-03-20 13:15:00,0
TXN0007638,5.93,Transfer,NY,2024-03-20 13:30:00,0
TXN0007639,13.47,ATM,CA,2024-03-20 13:45:00,0
TXN0007640,7.29,ATM,FL,2024-03-20 14:00:00,0
TXN0007641,21.16,Online,IL,2024-03-20 14:15:00,0
TXN0007642,31.24,Transfer,TX,2024-03-20 14:30:00,0
TXN0007643,26.23,POS,NY,2024-03-20 14:45:00,0
TXN0007644,10.27,Transfer,FL,2024-03-20 15:00:00,0
TXN0007645,8.19,POS,FL,2024-03-20 15:15:00,0
TXN0007646,51.89,ATM,CA,2024-03-20 15:30:00,0
TXN0007647,17.95,Transfer,TX,2024-03-20 15:45:00,0
TXN0007648,250.17,ATM,CA,2024-03-20 16:00:00,0
TXN0007649,8.13,POS,CA,2024-03-20 16:15:00,0
TXN0007650,48.6,POS,TX,2024-03-20 16:30:00,0
TXN0007651,21.22,POS,CA,2024-03-20 16:45:00,0
TXN0007652,8.57,Online,IL,2024-03-20 17:00:00,0
TXN0007653,92.45,Online,NY,2024-03-20 17:15:00,0
TXN0007654,23.07,POS,WA,2024-03-20 17:30:00,0
TXN0007655,7.38,POS,FL,2024-03-20 17:45:00,0
TXN0007656,14.05,POS,IL,2024-03-20 18:00:00,0
TXN0007657,62.82,POS,IL,2024-03-20 18:15:00,0
TXN0007658,5.09,POS,NY,2024-03-20 18:30:00,0
TXN0007659,94.19,ATM,WA,2024-03-20 18:45:00,0
TXN0007660,43.29,Transfer,WA,2024-03-20 19:00:00,0
TXN0007661,14.7,POS,FL,2024-03-20 19:15:00,0
TXN0007662,91.92,ATM,CA,2024-03-20 19:30:00,0
TXN0007663,142.71,Online,NY,2024-03-20 19:45:00,0
TXN0007664,39.31,POS,NY,2024-03-20 20:00:00,0
TXN0007665,24.32,Online,FL,2024-03-20 20:15:00,0
TXN0007666,159.44,ATM,CA,2024-03-20 20:30:00,0
TXN0007667,107.48,ATM,WA,2024-03-20 20:45:00,0
TXN0007668,7.1,POS,CA,2024-03-20 21:00:00,0
TXN0007669,15.93,Online,IL,2024-03-20 21:15:00,0
TXN0007670,15.77,ATM,WA,2024-03-20 21:30:00,0
TXN0007671,12.66,Online,TX,2024-03-20 21:45:00,0
TXN0007672,3.74,ATM,CA,2024-03-20 22:00:00,0
TXN0007673,55.32,ATM,NY,2024-03-20 22:15:00,0
TXN0007674,22.07,POS,FL,2024-03-20 22:30:00,0
TXN0007675,22.44,Transfer,NY,2024-03-20 22:45:00,0
TXN0007676,97.78,Transfer,NY,2024-03-20 23:00:00,0
TXN0007677,10.64,Online,TX,2024-03-20 23:15:00,0
TXN0007678,18.84,ATM,TX,2024-03-20 23:30:00,0
TXN0007679,27.33,Online,IL,2024-03-20 23:45:00,0
TXN0007680,12.35,Transfer,WA,2024-03-21 00:00:00,0
TXN0007681,17.73,POS,CA,2024-03-21 00:15:00,0
TXN0007682,47.57,ATM,NY,2024-03-21 00:30:00,0
TXN0007683,19.89,POS,IL,2024-03-21 00:45:00,0
TXN0007684,89.84,Online,CA,2024-03-21 01:00:00,0
TXN0007685,8.63,ATM,WA,2024-03-21 01:15:00,0
TXN0007686,25.21,Transfer,TX,2024-03-21 01:30:00,0
TXN0007687,4.03,Online,FL,2024-03-21 01:45:00,0
TXN0007688,17.58,Transfer,IL,2024-03-21 02:00:00,0
TXN0007689,9.11,Transfer,NY,2024-03-21 02:15:00,0
TXN0007690,93.18,Transfer,NY,2024-03-21 02:30:00,0
TXN0007691,46.47,Online,CA,2024-03-21 02:45:00,0
TXN0007692,35.65,Online,CA,2024-03-21 03:00:00,0
TXN0007693,160.77,Transfer,WA,2024-03-21 03:15:00,0
TXN0007694,102.26,POS,NY,2024-03-21 03:30:00,0
TXN0007695,45.16,POS,WA,2024-03-21 03:45:00,0
TXN0007696,9.22,Online,WA,2024-03-21 04:00:00,0
TXN0007697,3.93,ATM,IL,2024-03-21 04:15:00,0
TXN0007698,19.42,Transfer,FL,2024-03-21 04:30:00,0
TXN0007699,13.45,POS,WA,2024-03-21 04:45:00,0
TXN0007700,9.68,ATM,IL,2024-03-21 05:00:00,0
TXN0007701,14.47,Online,IL,2024-03-21 05:15:00,1
TXN0007702,3.1,POS,WA,2024-03-21 05:30:00,0
TXN0007703,108.18,Online,TX,2024-03-21 05:45:00,0
TXN0007704,5.54,ATM,WA,2024-03-21 06:00:00,0
TXN0007705,9.4,POS,NY,2024-03-21 06:15:00,0
TXN0007706,38.25,Transfer,NY,2024-03-21 06:30:00,0
TXN0007707,3.19,POS,WA,2024-03-21 06:45:00,0
TXN0007708,56.91,ATM,FL,2024-03-21 07:00:00,0
TXN0007709,58.01,Online,NY,2024-03-21 07:15:00,0
TXN0007710,14.1,Online,FL,2024-03-21 07:30:00,0
TXN0007711,5.93,POS,CA,2024-03-21 07:45:00,0
TXN0007712,11.75,ATM,TX,2024-03-21 08:00:00,0
TXN0007713,2.47,Online,TX,2024-03-21 08:15:00,0
TXN0007714,96.67,Transfer,NY,2024-03-21 08:30:00,0
TXN0007715,21.36,Online,WA,2024-03-21 08:45:00,0
TXN0007716,8.73,ATM,NY,2024-03-21 09:00:00,0
TXN0007717,7.19,ATM,TX,2024-03-21 09:15:00,0
TXN0007718,38.47,POS,TX,2024-03-21 09:30:00,0
TXN0007719,110.29,Transfer,FL,2024-03-21 09:45:00,0
TXN0007720,4.74,POS,IL,2024-03-21 10:00:00,0
TXN0007721,10.47,Online,WA,2024-03-21 10:15:00,0
TXN0007722,2.74,POS,IL,2024-03-21 10:30:00,0
TXN0007723,43.22,POS,FL,2024-03-21 10:45:00,0
TXN0007724,23.99,Online,FL,2024-03-21 11:00:00,0
TXN0007725,260.38,Transfer,NY,2024-03-21 11:15:00,0
TXN0007726,17.48,Online,FL,2024-03-21 11:30:00,0
TXN0007727,12.25,POS,FL,2024-03-21 11:45:00,0
TXN0007728,8.98,POS,CA,2024-03-21 12:00:00,0
TXN0007729,52.89,Online,IL,2024-03-21 12:15:00,0
TXN0007730,3.16,Transfer,WA,2024-03-21 12:30:00,0
TXN0007731,47.09,ATM,CA,2024-03-21 12:45:00,0
TXN0007732,26.58,Online,CA,2024-03-21 13:00:00,0
TXN0007733,11.31,Online,CA,2024-03-21 13:15:00,0
TXN0007734,7.21,ATM,FL,2024-03-21 13:30:00,0
TXN0007735,66.56,POS,WA,2024-03-21 13:45:00,0
TXN0007736,166.52,ATM,FL,2024-03-21 14:00:00,0
TXN0007737,12.1,POS,NY,2024-03-21 14:15:00,0
TXN0007738,36.66,Transfer,WA,2024-03-21 14:30:00,0
TXN0007739,145.6,POS,CA,2024-03-21 14:45:00,0
TXN0007740,9.92,Transfer,CA,2024-03-21 15:00:00,1
TXN0007741,15.08,Online,IL,2024-03-21 15:15:00,0
TXN0007742,5.01,POS,IL,2024-03-21 15:30:00,1
TXN0007743,16.98,Online,IL,2024-03-21 15:45:00,0
TXN0007744,18.31,ATM,FL,2024-03-21 16:00:00,0
TXN0007745,12.48,POS,IL,2024-03-21 16:15:00,0
TXN0007746,8.66,ATM,CA,2024-03-21 16:30:00,0
TXN0007747,3.31,Transfer,TX,2024-03-21 16:45:00,0
TXN0007748,4.34,POS,CA,2024-03-21 17:00:00,0
TXN0007749,6.6,ATM,FL,2024-03-21 17:15:00,0
TXN0007750,41.69,POS,CA,2024-03-21 17:30:00,0
TXN0007751,11.25,Transfer,CA,2024-03-21 17:45:00,0
TXN0007752,7.61,POS,CA,2024-03-21 18:00:00,0
TXN0007753,42.43,POS,CA,2024-03-21 18:15:00,1
TXN0007754,38.14,Online,FL,2024-03-21 18:30:00,0
TXN0007755,8.5,Online,IL,2024-03-21 18:45:00,0
TXN0007756,9.83,ATM,TX,2024-03-21 19:00:00,0
TXN0007757,42.67,Online,WA,2024-03-21 19:15:00,0
TXN0007758,30.46,Online,IL,2024-03-21 19:30:00,0
TXN0007759,7.74,POS,WA,2024-03-21 19:45:00,0
TXN0007760,26.43,Transfer,TX,2024-03-21 20:00:00,0
TXN0007761,19.42,Transfer,FL,2024-03-21 20:15:00,0
TXN0007762,71.63,ATM,NY,2024-03-21 20:30:00,0
TXN0007763,7.46,Transfer,TX,2024-03-21 20:45:00,0
TXN0007764,55.05,Online,CA,2024-03-21 21:00:00,0
TXN0007765,32.91,Online,CA,2024-03-21 21:15:00,0
TXN0007766,6.34,ATM,WA,2024-03-21 21:30:00,0
TXN0007767,67.0,POS,NY,2024-03-21 21:45:00,0
TXN0007768,56.78,POS,FL,2024-03-21 22:00:00,0
TXN0007769,4.45,POS,FL,2024-03-21 22:15:00,0
TXN0007770,193.72,Transfer,WA,2024-03-21 22:30:00,0
TXN0007771,5.41,POS,NY,2024-03-21 22:45:00,0
TXN0007772,7.02,Transfer,FL,2024-03-21 23:00:00,0
TXN0007773,13.89,Transfer,TX,2024-03-21 23:15:00,0
TXN0007774,48.51,ATM,IL,2024-03-21 23:30:00,0
TXN0007775,39.15,ATM,NY,2024-03-21 23:45:00,0
TXN0007776,18.02,Online,FL,2024-03-22 00:00:00,0
TXN0007777,96.09,Transfer,TX,2024-03-22 00:15:00,0
TXN0007778,31.94,Online,TX,2024-03-22 00:30:00,0
TXN0007779,99.46,POS,TX,2024-03-22 00:45:00,0
TXN0007780,508.73,Transfer,WA,2024-03-22 01:00:00,0
TXN0007781,25.08,Transfer,CA,2024-03-22 01:15:00,0
TXN0007782,1.05,Online,IL,2024-03-22 01:30:00,0
TXN0007783,11.95,POS,CA,2024-03-22 01:45:00,0
TXN0007784,5.83,Online,TX,2024-03-22 02:00:00,0
TXN0007785,22.33,Online,NY,2024-03-22 02:15:00,0
TXN0007786,22.47,Transfer,WA,2024-03-22 02:30:00,0
TXN0007787,4.9,Transfer,CA,2024-03-22 02:45:00,0
TXN0007788,5.33,Online,CA,2024-03-22 03:00:00,0
TXN0007789,14.82,ATM,TX,2024-03-22 03:15:00,0
TXN0007790,16.02,ATM,IL,2024-03-22 03:30:00,0
TXN0007791,1.0,POS,NY,2024-03-22 03:45:00,0
TXN0007792,61.69,Transfer,FL,2024-03-22 04:00:00,0
TXN0007793,20.82,ATM,CA,2024-03-22 04:15:00,0
TXN0007794,19.86,Online,NY,2024-03-22 04:30:00,0
TXN0007795,28.3,Online,FL,2024-03-22 04:45:00,0
TXN0007796,6.15,Online,WA,2024-03-22 05:00:00,0
TXN0007797,18.94,ATM,WA,2024-03-22 05:15:00,0
TXN0007798,66.72,ATM,IL,2024-03-22 05:30:00,0
TXN0007799,69.84,Online,WA,2024-03-22 05:45:00,0
TXN0007800,34.29,ATM,WA,2024-03-22 06:00:00,0
TXN0007801,14.54,ATM,CA,2024-03-22 06:15:00,0
TXN0007802,7.75,Online,TX,2024-03-22 06:30:00,0
TXN0007803,92.82,Transfer,WA,2024-03-22 06:45:00,0
TXN0007804,36.91,Transfer,CA,2024-03-22 07:00:00,0
TXN0007805,12.29,Online,IL,2024-03-22 07:15:00,0
TXN0007806,1.61,Transfer,NY,2024-03-22 07:30:00,0
TXN0007807,7.31,POS,CA,2024-03-22 07:45:00,0
TXN0007808,2.13,Online,CA,2024-03-22 08:00:00,0
TXN0007809,85.68,POS,TX,2024-03-22 08:15:00,0
TXN0007810,25.01,Online,IL,2024-03-22 08:30:00,0
TXN0007811,8.43,Online,CA,2024-03-22 08:45:00,0
TXN0007812,14.54,POS,TX,2024-03-22 09:00:00,0
TXN0007813,416.11,ATM,CA,2024-03-22 09:15:00,0
TXN0007814,83.08,ATM,IL,2024-03-22 09:30:00,0
TXN0007815,4.18,Transfer,CA,2024-03-22 09:45:00,0
TXN0007816,17.24,POS,FL,2024-03-22 10:00:00,0
TXN0007817,4.76,ATM,WA,2024-03-22 10:15:00,0
TXN0007818,2.67,ATM,CA,2024-03-22 10:30:00,0
TXN0007819,24.63,Online,FL,2024-03-22 10:45:00,0
TXN0007820,340.31,Transfer,WA,2024-03-22 11:00:00,0
TXN0007821,125.25,Online,IL,2024-03-22 11:15:00,0
TXN0007822,21.14,Transfer,WA,2024-03-22 11:30:00,0
TXN0007823,12.92,POS,NY,2024-03-22 11:45:00,0
TXN0007824,25.44,POS,NY,2024-03-22 12:00:00,0
TXN0007825,67.7,ATM,FL,2024-03-22 12:15:00,0
TXN0007826,3.61,POS,NY,2024-03-22 12:30:00,0
TXN0007827,2.23,POS,TX,2024-03-22 12:45:00,0
TXN0007828,183.64,Transfer,IL,2024-03-22 13:00:00,0
TXN0007829,27.93,Transfer,CA,2024-03-22 13:15:00,0
TXN0007830,133.15,Online,CA,2024-03-22 13:30:00,1
TXN0007831,26.57,POS,WA,2024-03-22 13:45:00,0
TXN0007832,114.58,Online,IL,2024-03-22 14:00:00,0
TXN0007833,9.77,Transfer,FL,2024-03-22 14:15:00,0
TXN0007834,36.13,Transfer,FL,2024-03-22 14:30:00,0
TXN0007835,125.43,Transfer,IL,2024-03-22 14:45:00,0
TXN0007836,67.07,Online,TX,2024-03-22 15:00:00,0
TXN0007837,11.66,Online,NY,2024-03-22 15:15:00,0
TXN0007838,57.83,POS,IL,2024-03-22 15:30:00,0
TXN0007839,9.15,Transfer,WA,2024-03-22 15:45:00,0
TXN0007840,3.72,Transfer,CA,2024-03-22 16:00:00,0
TXN0007841,37.32,POS,NY,2024-03-22 16:15:00,0
TXN0007842,105.33,ATM,NY,2024-03-22 16:30:00,0
TXN0007843,54.95,Transfer,IL,2024-03-22 16:45:00,0
TXN0007844,4.52,Transfer,IL,2024-03-22 17:00:00,0
TXN0007845,56.28,POS,IL,2024-03-22 17:15:00,0
TXN0007846,44.95,Transfer,NY,2024-03-22 17:30:00,0
TXN0007847,11.64,Transfer,FL,2024-03-22 17:45:00,0
TXN0007848,1.05,Transfer,TX,2024-03-22 18:00:00,0
TXN0007849,67.05,ATM,TX,2024-03-22 18:15:00,0
TXN0007850,57.55,Online,TX,2024-03-22 18:30:00,0
TXN0007851,36.26,POS,WA,2024-03-22 18:45:00,0
TXN0007852,2.57,POS,CA,2024-03-22 19:00:00,0
TXN0007853,3.42,Online,TX,2024-03-22 19:15:00,0
TXN0007854,66.92,POS,NY,2024-03-22 19:30:00,0
TXN0007855,52.19,Online,TX,2024-03-22 19:45:00,0
TXN0007856,36.16,ATM,NY,2024-03-22 20:00:00,0
TXN0007857,14.97,POS,FL,2024-03-22 20:15:00,0
TXN0007858,32.1,POS,WA,2024-03-22 20:30:00,0
TXN0007859,10.54,Transfer,WA,2024-03-22 20:45:00,0
TXN0007860,13.84,ATM,CA,2024-03-22 21:00:00,0
TXN0007861,7.15,ATM,TX,2024-03-22 21:15:00,0
TXN0007862,27.31,Online,TX,2024-03-22 21:30:00,0
TXN0007863,12.2,Transfer,NY,2024-03-22 21:45:00,0
TXN0007864,62.49,ATM,IL,2024-03-22 22:00:00,0
TXN0007865,47.4,Transfer,IL,2024-03-22 22:15:00,0
TXN0007866,7.62,Transfer,FL,2024-03-22 22:30:00,0
TXN0007867,179.74,Transfer,FL,2024-03-22 22:45:00,0
TXN0007868,5.26,Online,TX,2024-03-22 23:00:00,0
TXN0007869,34.38,ATM,FL,2024-03-22 23:15:00,1
TXN0007870,73.22,ATM,TX,2024-03-22 23:30:00,0
TXN0007871,92.78,ATM,IL,2024-03-22 23:45:00,0
TXN0007872,1.44,POS,FL,2024-03-23 00:00:00,0
TXN0007873,66.43,ATM,CA,2024-03-23 00:15:00,0
TXN0007874,86.31,ATM,TX,2024-03-23 00:30:00,0
TXN0007875,112.16,Transfer,IL,2024-03-23 00:45:00,0
TXN0007876,1.4,POS,FL,2024-03-23 01:00:00,0
TXN0007877,8.94,Transfer,NY,2024-03-23 01:15:00,0
TXN0007878,17.85,POS,FL,2024-03-23 01:30:00,0
TXN0007879,11.78,ATM,TX,2024-03-23 01:45:00,0
TXN0007880,99.95,POS,CA,2024-03-23 02:00:00,0
TXN0007881,8.91,ATM,WA,2024-03-23 02:15:00,0
TXN0007882,87.44,ATM,WA,2024-03-23 02:30:00,0
TXN0007883,39.34,ATM,IL,2024-03-23 02:45:00,0
TXN0007884,3.52,Online,IL,2024-03-23 03:00:00,0
TXN0007885,6.12,ATM,WA,2024-03-23 03:15:00,0
TXN0007886,11.45,POS,TX,2024-03-23 03:30:00,1
TXN0007887,22.55,Transfer,WA,2024-03-23 03:45:00,0
TXN0007888,66.05,POS,TX,2024-03-23 04:00:00,0
TXN0007889,16.14,Online,FL,2024-03-23 04:15:00,0
TXN0007890,59.74,Online,IL,2024-03-23 04:30:00,0
TXN0007891,3.04,ATM,NY,2024-03-23 04:45:00,0
TXN0007892,0.52,Online,IL,2024-03-23 05:00:00,0
TXN0007893,13.41,ATM,CA,2024-03-23 05:15:00,0
TXN0007894,34.82,POS,IL,2024-03-23 05:30:00,0
TXN0007895,13.02,Online,FL,2024-03-23 05:45:00,0
TXN0007896,5.98,Transfer,CA,2024-03-23 06:00:00,0
TXN0007897,33.34,Online,NY,2024-03-23 06:15:00,0
TXN0007898,204.29,Transfer,IL,2024-03-23 06:30:00,0
TXN0007899,17.74,ATM,CA,2024-03-23 06:45:00,0
TXN0007900,8.4,Online,IL,2024-03-23 07:00:00,0
TXN0007901,7.28,POS,NY,2024-03-23 07:15:00,0
TXN0007902,212.56,Online,TX,2024-03-23 07:30:00,0
TXN0007903,19.14,ATM,CA,2024-03-23 07:45:00,0
TXN0007904,41.87,Online,TX,2024-03-23 08:00:00,0
TXN0007905,86.83,Transfer,WA,2024-03-23 08:15:00,0
TXN0007906,73.16,Transfer,WA,2024-03-23 08:30:00,0
TXN0007907,6.64,ATM,TX,2024-03-23 08:45:00,0
TXN0007908,63.26,ATM,WA,2024-03-23 09:00:00,0
TXN0007909,55.29,ATM,WA,2024-03-23 09:15:00,0
TXN0007910,36.13,ATM,FL,2024-03-23 09:30:00,0
TXN0007911,67.46,Online,CA,2024-03-23 09:45:00,0
TXN0007912,10.24,Online,NY,2024-03-23 10:00:00,0
TXN0007913,18.37,Transfer,WA,2024-03-23 10:15:00,0
TXN0007914,10.7,Online,WA,2024-03-23 10:30:00,0
TXN0007915,49.9,ATM,NY,2024-03-23 10:45:00,0
TXN0007916,9.17,Online,IL,2024-03-23 11:00:00,0
TXN0007917,32.2,Online,FL,2024-03-23 11:15:00,0
TXN0007918,5.4,Transfer,IL,2024-03-23 11:30:00,0
TXN0007919,17.35,Transfer,FL,2024-03-23 11:45:00,0
TXN0007920,13.01,ATM,WA,2024-03-23 12:00:00,0
TXN0007921,17.51,Transfer,NY,2024-03-23 12:15:00,0
TXN0007922,23.56,POS,CA,2024-03-23 12:30:00,0
TXN0007923,16.11,Transfer,WA,2024-03-23 12:45:00,0
TXN0007924,15.44,Transfer,TX,2024-03-23 13:00:00,0
TXN0007925,1.67,POS,FL,2024-03-23 13:15:00,0
TXN0007926,75.67,POS,WA,2024-03-23 13:30:00,0
TXN0007927,9.51,ATM,FL,2024-03-23 13:45:00,0
TXN0007928,14.97,ATM,WA,2024-03-23 14:00:00,0
TXN0007929,7.44,ATM,IL,2024-03-23 14:15:00,0
TXN0007930,66.62,Transfer,IL,2024-03-23 14:30:00,0
TXN0007931,6.79,POS,WA,2024-03-23 14:45:00,0
TXN0007932,36.79,Transfer,NY,2024-03-23 15:00:00,0
TXN0007933,82.6,Online,FL,2024-03-23 15:15:00,0
TXN0007934,144.69,ATM,IL,2024-03-23 15:30:00,0
TXN0007935,83.58,POS,FL,2024-03-23 15:45:00,0
TXN0007936,42.24,POS,IL,2024-03-23 16:00:00,0
TXN0007937,4.78,Online,TX,2024-03-23 16:15:00,0
TXN0007938,94.53,Transfer,FL,2024-03-23 16:30:00,0
TXN0007939,83.63,Online,TX,2024-03-23 16:45:00,0
TXN0007940,54.98,POS,NY,2024-03-23 17:00:00,0
TXN0007941,52.73,ATM,WA,2024-03-23 17:15:00,0
TXN0007942,22.09,POS,TX,2024-03-23 17:30:00,0
TXN0007943,10.88,Transfer,NY,2024-03-23 17:45:00,0
TXN0007944,73.72,POS,IL,2024-03-23 18:00:00,0
TXN0007945,92.87,Transfer,FL,2024-03-23 18:15:00,0
TXN0007946,5.82,ATM,IL,2024-03-23 18:30:00,0
TXN0007947,60.45,Transfer,CA,2024-03-23 18:45:00,0
TXN0007948,27.17,Transfer,FL,2024-03-23 19:00:00,0
TXN0007949,58.57,POS,IL,2024-03-23 19:15:00,0
TXN0007950,28.16,Online,NY,2024-03-23 19:30:00,0
TXN0007951,76.75,Online,WA,2024-03-23 19:45:00,0
TXN0007952,69.27,ATM,NY,2024-03-23 20:00:00,0
TXN0007953,58.77,POS,NY,2024-03-23 20:15:00,0
TXN0007954,3.91,Online,TX,2024-03-23 20:30:00,0
TXN0007955,54.52,ATM,NY,2024-03-23 20:45:00,0
TXN0007956,21.63,Online,NY,2024-03-23 21:00:00,0
TXN0007957,5.31,Transfer,CA,2024-03-23 21:15:00,0
TXN0007958,47.51,Transfer,NY,2024-03-23 21:30:00,0
TXN0007959,3.98,POS,IL,2024-03-23 21:45:00,0
TXN0007960,59.53,Transfer,NY,2024-03-23 22:00:00,0
TXN0007961,154.67,Transfer,IL,2024-03-23 22:15:00,0
TXN0007962,11.23,ATM,FL,2024-03-23 22:30:00,0
TXN0007963,61.41,Transfer,NY,2024-03-23 22:45:00,0
TXN0007964,35.12,POS,WA,2024-03-23 23:00:00,0
TXN0007965,44.58,POS,WA,2024-03-23 23:15:00,0
TXN0007966,4.09,ATM,TX,2024-03-23 23:30:00,0
TXN0007967,42.49,Online,NY,2024-03-23 23:45:00,0
TXN0007968,24.11,Transfer,IL,2024-03-24 00:00:00,0
TXN0007969,49.68,ATM,IL,2024-03-24 00:15:00,0
TXN0007970,20.8,Transfer,IL,2024-03-24 00:30:00,0
TXN0007971,76.04,POS,CA,2024-03-24 00:45:00,0
TXN0007972,28.59,ATM,TX,2024-03-24 01:00:00,0
TXN0007973,46.35,Transfer,FL,2024-03-24 01:15:00,0
TXN0007974,105.41,Transfer,FL,2024-03-24 01:30:00,0
TXN0007975,25.68,ATM,TX,2024-03-24 01:45:00,0
TXN0007976,67.51,POS,NY,2024-03-24 02:00:00,0
TXN0007977,27.13,ATM,FL,2024-03-24 02:15:00,0
TXN0007978,38.54,Transfer,NY,2024-03-24 02:30:00,0
TXN0007979,11.08,ATM,FL,2024-03-24 02:45:00,0
TXN0007980,52.13,Transfer,CA,2024-03-24 03:00:00,0
TXN0007981,89.12,POS,IL,2024-03-24 03:15:00,0
TXN0007982,18.85,POS,WA,2024-03-24 03:30:00,0
TXN0007983,53.34,Online,NY,2024-03-24 03:45:00,0
TXN0007984,34.58,Transfer,FL,2024-03-24 04:00:00,0
TXN0007985,5.61,ATM,IL,2024-03-24 04:15:00,0
TXN0007986,31.63,ATM,FL,2024-03-24 04:30:00,0
TXN0007987,99.5,Online,FL,2024-03-24 04:45:00,0
TXN0007988,11.72,Transfer,CA,2024-03-24 05:00:00,0
TXN0007989,2.52,ATM,NY,2024-03-24 05:15:00,0
TXN0007990,26.57,Online,IL,2024-03-24 05:30:00,0
TXN0007991,9.74,ATM,TX,2024-03-24 05:45:00,0
TXN0007992,197.32,Online,CA,2024-03-24 06:00:00,0
TXN0007993,19.89,Transfer,IL,2024-03-24 06:15:00,0
TXN0007994,20.77,POS,TX,2024-03-24 06:30:00,0
TXN0007995,9.93,Online,CA,2024-03-24 06:45:00,0
TXN0007996,28.09,Online,TX,2024-03-24 07:00:00,0
TXN0007997,10.73,Online,CA,2024-03-24 07:15:00,0
TXN0007998,7.2,Transfer,NY,2024-03-24 07:30:00,0
TXN0007999,19.43,Online,FL,2024-03-24 07:45:00,0
TXN0008000,8.03,POS,TX,2024-03-24 08:00:00,0
TXN0008001,99.27,Transfer,FL,2024-03-24 08:15:00,0
TXN0008002,5.28,Transfer,WA,2024-03-24 08:30:00,0
TXN0008003,19.2,POS,IL,2024-03-24 08:45:00,0
TXN0008004,9.29,POS,TX,2024-03-24 09:00:00,0
TXN0008005,4.11,Transfer,FL,2024-03-24 09:15:00,0
TXN0008006,148.77,Transfer,FL,2024-03-24 09:30:00,0
TXN0008007,1.76,ATM,FL,2024-03-24 09:45:00,0
TXN0008008,116.28,POS,IL,2024-03-24 10:00:00,0
TXN0008009,3.97,Online,FL,2024-03-24 10:15:00,0
TXN0008010,23.3,Online,FL,2024-03-24 10:30:00,0
TXN0008011,301.37,Online,TX,2024-03-24 10:45:00,0
TXN0008012,1.71,Online,FL,2024-03-24 11:00:00,0
TXN0008013,4.16,ATM,WA,2024-03-24 11:15:00,0
TXN0008014,98.21,ATM,FL,2024-03-24 11:30:00,0
TXN0008015,25.69,Transfer,CA,2024-03-24 11:45:00,0
TXN0008016,11.01,ATM,IL,2024-03-24 12:00:00,0
TXN0008017,20.18,POS,TX,2024-03-24 12:15:00,0
TXN0008018,6.73,Online,WA,2024-03-24 12:30:00,0
TXN0008019,24.2,Transfer,NY,2024-03-24 12:45:00,0
TXN0008020,121.61,POS,CA,2024-03-24 13:00:00,1
TXN0008021,13.36,POS,WA,2024-03-24 13:15:00,0
TXN0008022,24.68,ATM,IL,2024-03-24 13:30:00,0
TXN0008023,86.33,Online,WA,2024-03-24 13:45:00,0
TXN0008024,217.23,ATM,TX,2024-03-24 14:00:00,0
TXN0008025,10.49,Transfer,IL,2024-03-24 14:15:00,0
TXN0008026,29.85,ATM,NY,2024-03-24 14:30:00,0
TXN0008027,10.81,POS,TX,2024-03-24 14:45:00,0
TXN0008028,9.82,Online,FL,2024-03-24 15:00:00,0
TXN0008029,13.09,POS,TX,2024-03-24 15:15:00,0
TXN0008030,9.96,ATM,FL,2024-03-24 15:30:00,0
TXN0008031,2.74,Transfer,IL,2024-03-24 15:45:00,0
TXN0008032,2.02,Online,IL,2024-03-24 16:00:00,0
TXN0008033,8.87,POS,FL,2024-03-24 16:15:00,0
TXN0008034,24.48,ATM,TX,2024-03-24 16:30:00,0
TXN0008035,87.42,Online,NY,2024-03-24 16:45:00,0
TXN0008036,11.23,POS,WA,2024-03-24 17:00:00,0
TXN0008037,17.21,POS,TX,2024-03-24 17:15:00,0
TXN0008038,45.57,POS,TX,2024-03-24 17:30:00,0
TXN0008039,50.04,ATM,WA,2024-03-24 17:45:00,0
TXN0008040,18.31,Transfer,TX,2024-03-24 18:00:00,0
TXN0008041,19.68,Transfer,IL,2024-03-24 18:15:00,0
TXN0008042,189.47,Transfer,NY,2024-03-24 18:30:00,0
TXN0008043,14.14,Transfer,IL,2024-03-24 18:45:00,0
TXN0008044,11.78,POS,CA,2024-03-24 19:00:00,0
TXN0008045,3.1,POS,CA,2024-03-24 19:15:00,0
TXN0008046,34.87,Transfer,NY,2024-03-24 19:30:00,0
TXN0008047,15.37,Transfer,WA,2024-03-24 19:45:00,0
TXN0008048,197.67,ATM,FL,2024-03-24 20:00:00,0
TXN0008049,14.14,ATM,IL,2024-03-24 20:15:00,0
TXN0008050,54.41,Online,IL,2024-03-24 20:30:00,0
TXN0008051,62.73,POS,IL,2024-03-24 20:45:00,0
TXN0008052,145.26,Online,WA,2024-03-24 21:00:00,0
TXN0008053,4.49,Online,NY,2024-03-24 21:15:00,0
TXN0008054,131.81,ATM,FL,2024-03-24 21:30:00,0
TXN0008055,21.29,Online,TX,2024-03-24 21:45:00,0
TXN0008056,18.54,POS,FL,2024-03-24 22:00:00,0
TXN0008057,14.55,Online,FL,2024-03-24 22:15:00,0
TXN0008058,13.18,POS,FL,2024-03-24 22:30:00,0
TXN0008059,13.99,Online,TX,2024-03-24 22:45:00,0
TXN0008060,1.35,Transfer,WA,2024-03-24 23:00:00,0
TXN0008061,38.15,Online,WA,2024-03-24 23:15:00,0
TXN0008062,22.55,Transfer,CA,2024-03-24 23:30:00,0
TXN0008063,6.86,Online,WA,2024-03-24 23:45:00,0
TXN0008064,19.44,POS,WA,2024-03-25 00:00:00,0
TXN0008065,311.08,POS,FL,2024-03-25 00:15:00,0
TXN0008066,32.74,ATM,CA,2024-03-25 00:30:00,0
TXN0008067,13.29,Online,WA,2024-03-25 00:45:00,0
TXN0008068,155.87,ATM,NY,2024-03-25 01:00:00,0
TXN0008069,8.23,Online,CA,2024-03-25 01:15:00,0
TXN0008070,17.49,Transfer,CA,2024-03-25 01:30:00,0
TXN0008071,10.95,ATM,CA,2024-03-25 01:45:00,0
TXN0008072,15.87,Online,WA,2024-03-25 02:00:00,0
TXN0008073,49.37,POS,FL,2024-03-25 02:15:00,0
TXN0008074,41.35,Transfer,TX,2024-03-25 02:30:00,0
TXN0008075,8.89,ATM,CA,2024-03-25 02:45:00,0
TXN0008076,17.99,Online,FL,2024-03-25 03:00:00,0
TXN0008077,23.13,ATM,WA,2024-03-25 03:15:00,0
TXN0008078,12.96,POS,TX,2024-03-25 03:30:00,0
TXN0008079,20.04,ATM,IL,2024-03-25 03:45:00,0
TXN0008080,8.99,Transfer,TX,2024-03-25 04:00:00,0
TXN0008081,8.84,Online,NY,2024-03-25 04:15:00,0
TXN0008082,22.02,POS,WA,2024-03-25 04:30:00,0
TXN0008083,6.24,ATM,TX,2024-03-25 04:45:00,0
TXN0008084,34.09,ATM,WA,2024-03-25 05:00:00,0
TXN0008085,16.65,Transfer,WA,2024-03-25 05:15:00,0
TXN0008086,7.1,POS,TX,2024-03-25 05:30:00,0
TXN0008087,10.2,ATM,FL,2024-03-25 05:45:00,0
TXN0008088,11.93,Transfer,IL,2024-03-25 06:00:00,0
TXN0008089,17.31,ATM,TX,2024-03-25 06:15:00,0
TXN0008090,23.84,ATM,TX,2024-03-25 06:30:00,0
TXN0008091,16.35,Online,FL,2024-03-25 06:45:00,0
TXN0008092,7.56,ATM,TX,2024-03-25 07:00:00,0
TXN0008093,111.11,Online,NY,2024-03-25 07:15:00,0
TXN0008094,60.01,POS,TX,2024-03-25 07:30:00,0
TXN0008095,23.73,POS,WA,2024-03-25 07:45:00,0
TXN0008096,63.32,Online,FL,2024-03-25 08:00:00,0
TXN0008097,30.53,POS,CA,2024-03-25 08:15:00,0
TXN0008098,15.41,ATM,TX,2024-03-25 08:30:00,0
TXN0008099,23.02,POS,TX,2024-03-25 08:45:00,0
TXN0008100,466.74,ATM,CA,2024-03-25 09:00:00,0
TXN0008101,66.32,POS,FL,2024-03-25 09:15:00,0
TXN0008102,70.22,POS,TX,2024-03-25 09:30:00,0
TXN0008103,13.15,POS,FL,2024-03-25 09:45:00,0
TXN0008104,41.93,POS,FL,2024-03-25 10:00:00,0
TXN0008105,289.69,Transfer,WA,2024-03-25 10:15:00,0
TXN0008106,34.24,POS,WA,2024-03-25 10:30:00,0
TXN0008107,72.72,Online,CA,2024-03-25 10:45:00,0
TXN0008108,90.14,ATM,NY,2024-03-25 11:00:00,0
TXN0008109,44.06,Transfer,NY,2024-03-25 11:15:00,0
TXN0008110,130.48,Online,NY,2024-03-25 11:30:00,0
TXN0008111,27.21,Online,NY,2024-03-25 11:45:00,0
TXN0008112,37.13,Online,NY,2024-03-25 12:00:00,0
TXN0008113,10.02,Transfer,CA,2024-03-25 12:15:00,0
TXN0008114,449.58,ATM,WA,2024-03-25 12:30:00,0
TXN0008115,29.65,Online,NY,2024-03-25 12:45:00,0
TXN0008116,23.67,POS,CA,2024-03-25 13:00:00,0
TXN0008117,104.78,POS,NY,2024-03-25 13:15:00,0
TXN0008118,11.8,Online,CA,2024-03-25 13:30:00,0
TXN0008119,20.67,Transfer,CA,2024-03-25 13:45:00,0
TXN0008120,8.37,ATM,IL,2024-03-25 14:00:00,0
TXN0008121,21.33,Transfer,WA,2024-03-25 14:15:00,0
TXN0008122,13.23,Online,IL,2024-03-25 14:30:00,0
TXN0008123,39.06,ATM,CA,2024-03-25 14:45:00,0
TXN0008124,17.93,ATM,NY,2024-03-25 15:00:00,0
TXN0008125,10.36,ATM,CA,2024-03-25 15:15:00,0
TXN0008126,14.76,ATM,CA,2024-03-25 15:30:00,0
TXN0008127,18.09,POS,NY,2024-03-25 15:45:00,0
TXN0008128,11.45,Online,CA,2024-03-25 16:00:00,0
TXN0008129,61.73,Online,WA,2024-03-25 16:15:00,0
TXN0008130,45.35,ATM,FL,2024-03-25 16:30:00,0
TXN0008131,24.59,POS,IL,2024-03-25 16:45:00,0
TXN0008132,5.21,POS,TX,2024-03-25 17:00:00,0
TXN0008133,37.85,POS,IL,2024-03-25 17:15:00,0
TXN0008134,4.71,ATM,FL,2024-03-25 17:30:00,0
TXN0008135,25.74,POS,CA,2024-03-25 17:45:00,0
TXN0008136,21.93,Transfer,WA,2024-03-25 18:00:00,0
TXN0008137,10.47,ATM,TX,2024-03-25 18:15:00,1
TXN0008138,7.92,POS,IL,2024-03-25 18:30:00,0
TXN0008139,9.26,Online,FL,2024-03-25 18:45:00,0
TXN0008140,224.76,Online,WA,2024-03-25 19:00:00,0
TXN0008141,15.25,POS,NY,2024-03-25 19:15:00,0
TXN0008142,16.32,Transfer,NY,2024-03-25 19:30:00,0
TXN0008143,63.12,ATM,FL,2024-03-25 19:45:00,0
TXN0008144,33.74,Online,NY,2024-03-25 20:00:00,0
TXN0008145,70.72,Transfer,WA,2024-03-25 20:15:00,0
TXN0008146,5.0,Online,WA,2024-03-25 20:30:00,0
TXN0008147,5.87,ATM,FL,2024-03-25 20:45:00,0
TXN0008148,984.3,Online,CA,2024-03-25 21:00:00,0
TXN0008149,19.76,ATM,NY,2024-03-25 21:15:00,1
TXN0008150,14.83,ATM,FL,2024-03-25 21:30:00,0
TXN0008151,25.0,POS,FL,2024-03-25 21:45:00,0
TXN0008152,65.41,Online,IL,2024-03-25 22:00:00,0
TXN0008153,5.23,Transfer,WA,2024-03-25 22:15:00,0
TXN0008154,28.8,ATM,CA,2024-03-25 22:30:00,0
TXN0008155,20.07,Online,CA,2024-03-25 22:45:00,0
TXN0008156,45.22,Transfer,FL,2024-03-25 23:00:00,0
TXN0008157,25.35,POS,WA,2024-03-25 23:15:00,0
TXN0008158,11.21,POS,WA,2024-03-25 23:30:00,0
TXN0008159,7.61,Online,TX,2024-03-25 23:45:00,0
TXN0008160,1.24,Transfer,CA,2024-03-26 00:00:00,0
TXN0008161,64.39,POS,WA,2024-03-26 00:15:00,0
TXN0008162,3.79,ATM,IL,2024-03-26 00:30:00,0
TXN0008163,13.0,POS,IL,2024-03-26 00:45:00,0
TXN0008164,141.86,Transfer,FL,2024-03-26 01:00:00,0
TXN0008165,12.78,ATM,CA,2024-03-26 01:15:00,0
TXN0008166,42.05,Transfer,FL,2024-03-26 01:30:00,0
TXN0008167,16.24,ATM,CA,2024-03-26 01:45:00,0
TXN0008168,46.5,Online,NY,2024-03-26 02:00:00,0
TXN0008169,21.44,ATM,IL,2024-03-26 02:15:00,0
TXN0008170,11.51,ATM,TX,2024-03-26 02:30:00,0
TXN0008171,98.72,POS,WA,2024-03-26 02:45:00,0
TXN0008172,15.24,POS,CA,2024-03-26 03:00:00,0
TXN0008173,4.41,Online,FL,2024-03-26 03:15:00,0
TXN0008174,14.18,POS,IL,2024-03-26 03:30:00,0
TXN0008175,38.63,Online,TX,2024-03-26 03:45:00,0
TXN0008176,5.73,ATM,WA,2024-03-26 04:00:00,0
TXN0008177,51.39,ATM,TX,2024-03-26 04:15:00,0
TXN0008178,50.17,ATM,CA,2024-03-26 04:30:00,0
TXN0008179,240.06,Online,IL,2024-03-26 04:45:00,0
TXN0008180,9.88,ATM,WA,2024-03-26 05:00:00,0
TXN0008181,44.46,POS,CA,2024-03-26 05:15:00,0
TXN0008182,3.02,Transfer,CA,2024-03-26 05:30:00,0
TXN0008183,12.78,Transfer,CA,2024-03-26 05:45:00,0
TXN0008184,23.38,ATM,CA,2024-03-26 06:00:00,0
TXN0008185,33.15,POS,WA,2024-03-26 06:15:00,0
TXN0008186,19.44,Transfer,WA,2024-03-26 06:30:00,0
TXN0008187,18.66,Online,CA,2024-03-26 06:45:00,0
TXN0008188,10.22,ATM,NY,2024-03-26 07:00:00,0
TXN0008189,12.39,Transfer,NY,2024-03-26 07:15:00,0
TXN0008190,29.47,Transfer,IL,2024-03-26 07:30:00,0
TXN0008191,39.46,Transfer,CA,2024-03-26 07:45:00,0
TXN0008192,43.32,ATM,WA,2024-03-26 08:00:00,0
TXN0008193,65.25,Online,FL,2024-03-26 08:15:00,0
TXN0008194,81.49,ATM,IL,2024-03-26 08:30:00,0
TXN0008195,2.6,Transfer,WA,2024-03-26 08:45:00,0
TXN0008196,11.35,Transfer,WA,2024-03-26 09:00:00,0
TXN0008197,17.19,ATM,TX,2024-03-26 09:15:00,0
TXN0008198,9.86,Transfer,WA,2024-03-26 09:30:00,0
TXN0008199,69.17,Online,TX,2024-03-26 09:45:00,0
TXN0008200,49.06,ATM,IL,2024-03-26 10:00:00,0
TXN0008201,18.3,ATM,IL,2024-03-26 10:15:00,1
TXN0008202,23.81,ATM,WA,2024-03-26 10:30:00,0
TXN0008203,88.77,POS,FL,2024-03-26 10:45:00,0
TXN0008204,13.88,Transfer,IL,2024-03-26 11:00:00,0
TXN0008205,14.42,Transfer,IL,2024-03-26 11:15:00,0
TXN0008206,58.81,ATM,TX,2024-03-26 11:30:00,0
TXN0008207,35.57,Transfer,CA,2024-03-26 11:45:00,0
TXN0008208,106.14,ATM,IL,2024-03-26 12:00:00,0
TXN0008209,31.7,Online,CA,2024-03-26 12:15:00,0
TXN0008210,49.03,Online,FL,2024-03-26 12:30:00,0
TXN0008211,11.06,Transfer,NY,2024-03-26 12:45:00,0
TXN0008212,7.03,ATM,CA,2024-03-26 13:00:00,0
TXN0008213,20.5,Online,IL,2024-03-26 13:15:00,0
TXN0008214,0.98,ATM,WA,2024-03-26 13:30:00,0
TXN0008215,33.13,Transfer,CA,2024-03-26 13:45:00,0
TXN0008216,63.29,ATM,NY,2024-03-26 14:00:00,0
TXN0008217,22.62,POS,IL,2024-03-26 14:15:00,0
TXN0008218,16.08,POS,CA,2024-03-26 14:30:00,0
TXN0008219,72.34,Online,NY,2024-03-26 14:45:00,0
TXN0008220,19.73,POS,FL,2024-03-26 15:00:00,0
TXN0008221,63.95,POS,TX,2024-03-26 15:15:00,0
TXN0008222,257.74,Transfer,IL,2024-03-26 15:30:00,0
TXN0008223,47.61,POS,WA,2024-03-26 15:45:00,0
TXN0008224,60.93,Online,CA,2024-03-26 16:00:00,0
TXN0008225,36.55,ATM,FL,2024-03-26 16:15:00,0
TXN0008226,27.66,Transfer,TX,2024-03-26 16:30:00,0
TXN0008227,28.45,ATM,TX,2024-03-26 16:45:00,0
TXN0008228,22.4,Transfer,FL,2024-03-26 17:00:00,0
TXN0008229,71.99,POS,IL,2024-03-26 17:15:00,0
TXN0008230,3.25,Online,TX,2024-03-26 17:30:00,0
TXN0008231,15.25,ATM,TX,2024-03-26 17:45:00,0
TXN0008232,44.09,ATM,IL,2024-03-26 18:00:00,0
TXN0008233,7.87,Online,NY,2024-03-26 18:15:00,0
TXN0008234,18.37,ATM,WA,2024-03-26 18:30:00,0
TXN0008235,9.34,Online,FL,2024-03-26 18:45:00,0
TXN0008236,34.38,Online,WA,2024-03-26 19:00:00,0
TXN0008237,55.9,Online,NY,2024-03-26 19:15:00,0
TXN0008238,109.96,ATM,NY,2024-03-26 19:30:00,0
TXN0008239,36.9,Online,FL,2024-03-26 19:45:00,0
TXN0008240,9.09,Online,WA,2024-03-26 20:00:00,0
TXN0008241,27.68,POS,IL,2024-03-26 20:15:00,0
TXN0008242,39.85,Online,IL,2024-03-26 20:30:00,0
TXN0008243,104.66,Online,TX,2024-03-26 20:45:00,0
TXN0008244,1.77,ATM,CA,2024-03-26 21:00:00,0
TXN0008245,31.74,ATM,IL,2024-03-26 21:15:00,0
TXN0008246,2.55,POS,TX,2024-03-26 21:30:00,0
TXN0008247,47.09,Transfer,FL,2024-03-26 21:45:00,0
TXN0008248,34.54,ATM,FL,2024-03-26 22:00:00,0
TXN0008249,36.76,Transfer,FL,2024-03-26 22:15:00,0
TXN0008250,57.23,Online,CA,2024-03-26 22:30:00,0
TXN0008251,32.26,Transfer,NY,2024-03-26 22:45:00,1
TXN0008252,9.88,POS,CA,2024-03-26 23:00:00,0
TXN0008253,31.02,Transfer,FL,2024-03-26 23:15:00,0
TXN0008254,82.11,ATM,CA,2024-03-26 23:30:00,0
TXN0008255,18.15,Online,CA,2024-03-26 23:45:00,0
TXN0008256,21.41,ATM,CA,2024-03-27 00:00:00,0
TXN0008257,5.16,Online,NY,2024-03-27 00:15:00,0
TXN0008258,78.41,POS,NY,2024-03-27 00:30:00,0
TXN0008259,11.63,ATM,TX,2024-03-27 00:45:00,0
TXN0008260,8.85,ATM,WA,2024-03-27 01:00:00,0
TXN0008261,12.42,POS,FL,2024-03-27 01:15:00,0
TXN0008262,7.73,Transfer,WA,2024-03-27 01:30:00,0
TXN0008263,15.55,Online,TX,2024-03-27 01:45:00,0
TXN0008264,89.46,Online,NY,2024-03-27 02:00:00,0
TXN0008265,51.46,Online,IL,2024-03-27 02:15:00,0
TXN0008266,106.12,Transfer,NY,2024-03-27 02:30:00,0
TXN0008267,113.91,POS,FL,2024-03-27 02:45:00,0
TXN0008268,7.43,Online,TX,2024-03-27 03:00:00,0
TXN0008269,35.96,POS,IL,2024-03-27 03:15:00,0
TXN0008270,115.54,Online,CA,2024-03-27 03:30:00,0
TXN0008271,287.96,Online,IL,2024-03-27 03:45:00,0
TXN0008272,4.1,POS,CA,2024-03-27 04:00:00,0
TXN0008273,4.05,POS,NY,2024-03-27 04:15:00,0
TXN0008274,35.44,Transfer,CA,2024-03-27 04:30:00,0
TXN0008275,14.11,Online,CA,2024-03-27 04:45:00,0
TXN0008276,6.63,POS,TX,2024-03-27 05:00:00,0
TXN0008277,32.04,Transfer,CA,2024-03-27 05:15:00,0
TXN0008278,8.4,ATM,IL,2024-03-27 05:30:00,0
TXN0008279,1.54,ATM,IL,2024-03-27 05:45:00,0
TXN0008280,20.15,ATM,WA,2024-03-27 06:00:00,0
TXN0008281,23.88,Online,CA,2024-03-27 06:15:00,0
TXN0008282,42.92,Online,IL,2024-03-27 06:30:00,0
TXN0008283,60.73,Online,TX,2024-03-27 06:45:00,0
TXN0008284,25.48,Online,IL,2024-03-27 07:00:00,0
TXN0008285,15.77,Transfer,FL,2024-03-27 07:15:00,0
TXN0008286,9.64,POS,FL,2024-03-27 07:30:00,0
TXN0008287,3.13,Transfer,IL,2024-03-27 07:45:00,0
TXN0008288,12.5,Online,FL,2024-03-27 08:00:00,0
TXN0008289,64.73,Transfer,NY,2024-03-27 08:15:00,0
TXN0008290,43.55,Online,WA,2024-03-27 08:30:00,0
TXN0008291,216.58,Online,CA,2024-03-27 08:45:00,0
TXN0008292,17.34,Online,WA,2024-03-27 09:00:00,0
TXN0008293,2.67,ATM,WA,2024-03-27 09:15:00,0
TXN0008294,53.21,POS,FL,2024-03-27 09:30:00,0
TXN0008295,67.7,Transfer,FL,2024-03-27 09:45:00,0
TXN0008296,5.41,ATM,TX,2024-03-27 10:00:00,0
TXN0008297,3.25,POS,CA,2024-03-27 10:15:00,0
TXN0008298,24.55,POS,CA,2024-03-27 10:30:00,0
TXN0008299,46.57,Online,TX,2024-03-27 10:45:00,0
TXN0008300,5.71,POS,CA,2024-03-27 11:00:00,0
TXN0008301,13.96,Online,WA,2024-03-27 11:15:00,0
TXN0008302,8.46,Online,CA,2024-03-27 11:30:00,0
TXN0008303,5.31,POS,IL,2024-03-27 11:45:00,0
TXN0008304,4.56,Online,WA,2024-03-27 12:00:00,0
TXN0008305,24.15,POS,CA,2024-03-27 12:15:00,0
TXN0008306,13.42,Online,CA,2024-03-27 12:30:00,0
TXN0008307,9.53,ATM,NY,2024-03-27 12:45:00,0
TXN0008308,1.04,Transfer,NY,2024-03-27 13:00:00,0
TXN0008309,152.17,Online,FL,2024-03-27 13:15:00,0
TXN0008310,6.96,ATM,IL,2024-03-27 13:30:00,0
TXN0008311,17.55,Transfer,CA,2024-03-27 13:45:00,0
TXN0008312,5.57,ATM,NY,2024-03-27 14:00:00,0
TXN0008313,31.66,Online,IL,2024-03-27 14:15:00,0
TXN0008314,3.64,Online,WA,2024-03-27 14:30:00,0
TXN0008315,22.82,POS,NY,2024-03-27 14:45:00,0
TXN0008316,16.51,Online,WA,2024-03-27 15:00:00,0
TXN0008317,58.64,POS,TX,2024-03-27 15:15:00,0
TXN0008318,5.83,Transfer,NY,2024-03-27 15:30:00,0
TXN0008319,9.73,Online,FL,2024-03-27 15:45:00,0
TXN0008320,15.62,Online,NY,2024-03-27 16:00:00,0
TXN0008321,225.27,POS,IL,2024-03-27 16:15:00,0
TXN0008322,3.78,Transfer,WA,2024-03-27 16:30:00,0
TXN0008323,28.52,Transfer,NY,2024-03-27 16:45:00,0
TXN0008324,9.64,Online,IL,2024-03-27 17:00:00,0
TXN0008325,29.17,Transfer,NY,2024-03-27 17:15:00,0
TXN0008326,43.15,Transfer,FL,2024-03-27 17:30:00,0
TXN0008327,23.98,Transfer,TX,2024-03-27 17:45:00,0
TXN0008328,27.55,POS,IL,2024-03-27 18:00:00,0
TXN0008329,28.08,POS,FL,2024-03-27 18:15:00,1
TXN0008330,10.4,POS,TX,2024-03-27 18:30:00,0
TXN0008331,15.9,ATM,FL,2024-03-27 18:45:00,0
TXN0008332,3.05,Transfer,CA,2024-03-27 19:00:00,0
TXN0008333,13.56,Transfer,FL,2024-03-27 19:15:00,0
TXN0008334,8.44,ATM,TX,2024-03-27 19:30:00,0
TXN0008335,15.2,Online,WA,2024-03-27 19:45:00,0
TXN0008336,47.27,Online,TX,2024-03-27 20:00:00,0
TXN0008337,31.49,POS,NY,2024-03-27 20:15:00,0
TXN0008338,34.84,Transfer,FL,2024-03-27 20:30:00,0
TXN0008339,71.91,ATM,IL,2024-03-27 20:45:00,0
TXN0008340,1.32,Online,CA,2024-03-27 21:00:00,0
TXN0008341,33.23,ATM,WA,2024-03-27 21:15:00,0
TXN0008342,19.74,Online,FL,2024-03-27 21:30:00,0
TXN0008343,18.13,Online,CA,2024-03-27 21:45:00,0
TXN0008344,4.54,ATM,FL,2024-03-27 22:00:00,0
TXN0008345,38.05,POS,CA,2024-03-27 22:15:00,0
TXN0008346,75.51,Online,CA,2024-03-27 22:30:00,0
TXN0008347,65.77,Transfer,FL,2024-03-27 22:45:00,0
TXN0008348,18.36,ATM,WA,2024-03-27 23:00:00,0
TXN0008349,42.08,Online,NY,2024-03-27 23:15:00,0
TXN0008350,58.22,POS,IL,2024-03-27 23:30:00,0
TXN0008351,163.34,Transfer,IL,2024-03-27 23:45:00,1
TXN0008352,82.5,Transfer,TX,2024-03-28 00:00:00,0
TXN0008353,23.81,ATM,CA,2024-03-28 00:15:00,0
TXN0008354,22.54,Online,CA,2024-03-28 00:30:00,0
TXN0008355,24.49,Transfer,IL,2024-03-28 00:45:00,0
TXN0008356,26.23,POS,NY,2024-03-28 01:00:00,0
TXN0008357,11.45,ATM,NY,2024-03-28 01:15:00,0
TXN0008358,48.93,Transfer,CA,2024-03-28 01:30:00,0
TXN0008359,9.15,POS,WA,2024-03-28 01:45:00,0
TXN0008360,8.07,POS,TX,2024-03-28 02:00:00,0
TXN0008361,30.33,Transfer,CA,2024-03-28 02:15:00,0
TXN0008362,10.47,POS,IL,2024-03-28 02:30:00,0
TXN0008363,15.27,ATM,IL,2024-03-28 02:45:00,0
TXN0008364,1.87,POS,NY,2024-03-28 03:00:00,0
TXN0008365,50.15,ATM,IL,2024-03-28 03:15:00,0
TXN0008366,20.04,ATM,TX,2024-03-28 03:30:00,0
TXN0008367,17.44,Transfer,TX,2024-03-28 03:45:00,0
TXN0008368,34.29,Online,WA,2024-03-28 04:00:00,0
TXN0008369,25.67,POS,IL,2024-03-28 04:15:00,0
TXN0008370,9.05,Online,WA,2024-03-28 04:30:00,0
TXN0008371,200.4,ATM,NY,2024-03-28 04:45:00,0
TXN0008372,12.04,Transfer,NY,2024-03-28 05:00:00,0
TXN0008373,61.53,Transfer,IL,2024-03-28 05:15:00,0
TXN0008374,164.0,POS,IL,2024-03-28 05:30:00,0
TXN0008375,9.91,Online,WA,2024-03-28 05:45:00,0
TXN0008376,22.45,Transfer,NY,2024-03-28 06:00:00,0
TXN0008377,7.9,Online,CA,2024-03-28 06:15:00,0
TXN0008378,67.09,Online,IL,2024-03-28 06:30:00,0
TXN0008379,13.74,Transfer,FL,2024-03-28 06:45:00,1
TXN0008380,5.72,POS,FL,2024-03-28 07:00:00,0
TXN0008381,91.02,Transfer,CA,2024-03-28 07:15:00,0
TXN0008382,57.64,POS,CA,2024-03-28 07:30:00,0
TXN0008383,7.28,ATM,CA,2024-03-28 07:45:00,0
TXN0008384,78.11,ATM,IL,2024-03-28 08:00:00,0
TXN0008385,25.2,ATM,TX,2024-03-28 08:15:00,0
TXN0008386,451.28,Online,FL,2024-03-28 08:30:00,0
TXN0008387,143.6,Online,FL,2024-03-28 08:45:00,0
TXN0008388,10.67,ATM,TX,2024-03-28 09:00:00,0
TXN0008389,14.79,Transfer,CA,2024-03-28 09:15:00,0
TXN0008390,7.38,POS,CA,2024-03-28 09:30:00,0
TXN0008391,23.45,Transfer,FL,2024-03-28 09:45:00,0
TXN0008392,21.25,ATM,WA,2024-03-28 10:00:00,0
TXN0008393,46.76,Transfer,TX,2024-03-28 10:15:00,0
TXN0008394,22.22,Online,TX,2024-03-28 10:30:00,0
TXN0008395,3.73,ATM,NY,2024-03-28 10:45:00,0
TXN0008396,7.95,ATM,FL,2024-03-28 11:00:00,0
TXN0008397,101.6,Online,NY,2024-03-28 11:15:00,0
TXN0008398,75.5,Online,IL,2024-03-28 11:30:00,0
TXN0008399,16.71,POS,WA,2024-03-28 11:45:00,0
TXN0008400,17.21,Transfer,WA,2024-03-28 12:00:00,0
TXN0008401,16.58,Transfer,FL,2024-03-28 12:15:00,0
TXN0008402,20.63,ATM,TX,2024-03-28 12:30:00,0
TXN0008403,2.94,ATM,CA,2024-03-28 12:45:00,0
TXN0008404,56.03,Transfer,CA,2024-03-28 13:00:00,0
TXN0008405,9.46,Online,TX,2024-03-28 13:15:00,0
TXN0008406,23.78,Transfer,TX,2024-03-28 13:30:00,0
TXN0008407,1.11,Transfer,TX,2024-03-28 13:45:00,0
TXN0008408,26.28,Online,FL,2024-03-28 14:00:00,1
TXN0008409,93.06,ATM,TX,2024-03-28 14:15:00,0
TXN0008410,1.55,ATM,FL,2024-03-28 14:30:00,0
TXN0008411,114.5,Transfer,NY,2024-03-28 14:45:00,1
TXN0008412,34.52,POS,WA,2024-03-28 15:00:00,0
TXN0008413,8.68,Online,CA,2024-03-28 15:15:00,1
TXN0008414,3.27,Online,TX,2024-03-28 15:30:00,0
TXN0008415,76.13,ATM,FL,2024-03-28 15:45:00,0
TXN0008416,27.09,ATM,TX,2024-03-28 16:00:00,0
TXN0008417,39.63,Transfer,IL,2024-03-28 16:15:00,0
TXN0008418,14.72,Online,WA,2024-03-28 16:30:00,0
TXN0008419,8.06,Online,CA,2024-03-28 16:45:00,0
TXN0008420,54.46,ATM,IL,2024-03-28 17:00:00,0
TXN0008421,6.73,POS,CA,2024-03-28 17:15:00,0
TXN0008422,56.42,ATM,CA,2024-03-28 17:30:00,0
TXN0008423,2.96,Transfer,IL,2024-03-28 17:45:00,0
TXN0008424,6.96,ATM,WA,2024-03-28 18:00:00,0
TXN0008425,3.8,ATM,FL,2024-03-28 18:15:00,0
TXN0008426,90.15,Transfer,WA,2024-03-28 18:30:00,0
TXN0008427,2.7,Transfer,IL,2024-03-28 18:45:00,0
TXN0008428,5.44,Online,NY,2024-03-28 19:00:00,0
TXN0008429,42.83,Transfer,CA,2024-03-28 19:15:00,0
TXN0008430,26.12,POS,FL,2024-03-28 19:30:00,1
TXN0008431,248.1,ATM,FL,2024-03-28 19:45:00,0
TXN0008432,165.91,ATM,CA,2024-03-28 20:00:00,0
TXN0008433,40.77,POS,CA,2024-03-28 20:15:00,0
TXN0008434,44.32,ATM,WA,2024-03-28 20:30:00,0
TXN0008435,2.48,ATM,IL,2024-03-28 20:45:00,0
TXN0008436,7.31,ATM,TX,2024-03-28 21:00:00,0
TXN0008437,13.78,POS,WA,2024-03-28 21:15:00,0
TXN0008438,16.38,Transfer,IL,2024-03-28 21:30:00,0
TXN0008439,4.15,ATM,TX,2024-03-28 21:45:00,0
TXN0008440,6.9,POS,FL,2024-03-28 22:00:00,0
TXN0008441,7.6,Online,TX,2024-03-28 22:15:00,0
TXN0008442,67.96,Transfer,CA,2024-03-28 22:30:00,0
TXN0008443,32.73,ATM,TX,2024-03-28 22:45:00,0
TXN0008444,13.72,Transfer,TX,2024-03-28 23:00:00,0
TXN0008445,14.64,Transfer,IL,2024-03-28 23:15:00,0
TXN0008446,28.05,ATM,CA,2024-03-28 23:30:00,0
TXN0008447,9.02,Transfer,IL,2024-03-28 23:45:00,0
TXN0008448,14.84,POS,IL,2024-03-29 00:00:00,0
TXN0008449,2.78,ATM,WA,2024-03-29 00:15:00,0
TXN0008450,43.31,Online,CA,2024-03-29 00:30:00,0
TXN0008451,60.51,Transfer,NY,2024-03-29 00:45:00,0
TXN0008452,30.43,Transfer,NY,2024-03-29 01:00:00,1
TXN0008453,34.73,Online,NY,2024-03-29 01:15:00,0
TXN0008454,30.53,Online,TX,2024-03-29 01:30:00,0
TXN0008455,209.06,Online,TX,2024-03-29 01:45:00,0
TXN0008456,25.36,ATM,IL,2024-03-29 02:00:00,0
TXN0008457,4.4,Transfer,TX,2024-03-29 02:15:00,0
TXN0008458,6.02,POS,CA,2024-03-29 02:30:00,0
TXN0008459,45.44,Online,CA,2024-03-29 02:45:00,0
TXN0008460,68.29,Transfer,FL,2024-03-29 03:00:00,0
TXN0008461,48.62,Online,FL,2024-03-29 03:15:00,0
TXN0008462,52.64,ATM,CA,2024-03-29 03:30:00,0
TXN0008463,24.86,POS,TX,2024-03-29 03:45:00,0
TXN0008464,3.63,POS,TX,2024-03-29 04:00:00,0
TXN0008465,8.88,Online,WA,2024-03-29 04:15:00,0
TXN0008466,2.51,Transfer,CA,2024-03-29 04:30:00,0
TXN0008467,12.85,Online,IL,2024-03-29 04:45:00,0
TXN0008468,4.18,ATM,NY,2024-03-29 05:00:00,0
TXN0008469,22.38,POS,FL,2024-03-29 05:15:00,0
TXN0008470,16.47,Transfer,FL,2024-03-29 05:30:00,0
TXN0008471,2.13,Online,IL,2024-03-29 05:45:00,0
TXN0008472,46.47,POS,IL,2024-03-29 06:00:00,0
TXN0008473,47.99,Transfer,NY,2024-03-29 06:15:00,0
TXN0008474,4.04,Online,WA,2024-03-29 06:30:00,1
TXN0008475,23.61,Online,FL,2024-03-29 06:45:00,0
TXN0008476,45.62,ATM,NY,2024-03-29 07:00:00,0
TXN0008477,14.3,POS,FL,2024-03-29 07:15:00,0
TXN0008478,53.5,Online,WA,2024-03-29 07:30:00,0
TXN0008479,24.81,Online,NY,2024-03-29 07:45:00,0
TXN0008480,68.65,POS,CA,2024-03-29 08:00:00,0
TXN0008481,24.7,ATM,CA,2024-03-29 08:15:00,0
TXN0008482,16.48,POS,TX,2024-03-29 08:30:00,0
TXN0008483,35.91,Online,CA,2024-03-29 08:45:00,0
TXN0008484,49.12,Online,NY,2024-03-29 09:00:00,0
TXN0008485,26.54,ATM,NY,2024-03-29 09:15:00,0
TXN0008486,11.86,POS,WA,2024-03-29 09:30:00,0
TXN0008487,8.0,Online,FL,2024-03-29 09:45:00,0
TXN0008488,12.92,POS,CA,2024-03-29 10:00:00,0
TXN0008489,10.26,Transfer,TX,2024-03-29 10:15:00,0
TXN0008490,25.15,Online,IL,2024-03-29 10:30:00,0
TXN0008491,24.13,POS,WA,2024-03-29 10:45:00,0
TXN0008492,17.97,Transfer,FL,2024-03-29 11:00:00,0
TXN0008493,19.77,POS,CA,2024-03-29 11:15:00,0
TXN0008494,24.16,Online,TX,2024-03-29 11:30:00,0
TXN0008495,120.69,Transfer,IL,2024-03-29 11:45:00,1
TXN0008496,79.44,Transfer,TX,2024-03-29 12:00:00,0
TXN0008497,10.17,Online,IL,2024-03-29 12:15:00,0
TXN0008498,32.19,POS,CA,2024-03-29 12:30:00,0
TXN0008499,13.53,ATM,TX,2024-03-29 12:45:00,0
TXN0008500,17.67,ATM,WA,2024-03-29 13:00:00,0
TXN0008501,14.91,ATM,NY,2024-03-29 13:15:00,0
TXN0008502,9.6,POS,TX,2024-03-29 13:30:00,0
TXN0008503,4.1,POS,WA,2024-03-29 13:45:00,0
TXN0008504,1.15,ATM,IL,2024-03-29 14:00:00,0
TXN0008505,24.88,Transfer,FL,2024-03-29 14:15:00,0
TXN0008506,77.38,ATM,NY,2024-03-29 14:30:00,0
TXN0008507,6.92,Transfer,FL,2024-03-29 14:45:00,0
TXN0008508,35.38,Transfer,WA,2024-03-29 15:00:00,0
TXN0008509,12.61,Online,FL,2024-03-29 15:15:00,0
TXN0008510,27.21,Online,WA,2024-03-29 15:30:00,0
TXN0008511,7.75,Transfer,NY,2024-03-29 15:45:00,0
TXN0008512,15.06,POS,IL,2024-03-29 16:00:00,0
TXN0008513,17.31,Transfer,FL,2024-03-29 16:15:00,0
TXN0008514,1.26,Transfer,IL,2024-03-29 16:30:00,1
TXN0008515,25.23,Online,IL,2024-03-29 16:45:00,0
TXN0008516,16.76,ATM,FL,2024-03-29 17:00:00,0
TXN0008517,1.11,Transfer,CA,2024-03-29 17:15:00,0
TXN0008518,41.65,POS,TX,2024-03-29 17:30:00,0
TXN0008519,18.88,POS,WA,2024-03-29 17:45:00,0
TXN0008520,24.86,Online,WA,2024-03-29 18:00:00,0
TXN0008521,29.79,POS,IL,2024-03-29 18:15:00,0
TXN0008522,12.1,Transfer,WA,2024-03-29 18:30:00,0
TXN0008523,5.64,ATM,IL,2024-03-29 18:45:00,0
TXN0008524,11.7,POS,WA,2024-03-29 19:00:00,0
TXN0008525,11.94,Online,CA,2024-03-29 19:15:00,0
TXN0008526,256.46,Online,IL,2024-03-29 19:30:00,0
TXN0008527,165.82,Transfer,WA,2024-03-29 19:45:00,0
TXN0008528,11.11,ATM,IL,2024-03-29 20:00:00,0
TXN0008529,12.1,Transfer,IL,2024-03-29 20:15:00,0
TXN0008530,28.4,Online,NY,2024-03-29 20:30:00,0
TXN0008531,37.62,POS,NY,2024-03-29 20:45:00,0
TXN0008532,8.75,POS,CA,2024-03-29 21:00:00,0
TXN0008533,6.11,Transfer,WA,2024-03-29 21:15:00,0
TXN0008534,184.04,POS,WA,2024-03-29 21:30:00,0
TXN0008535,66.46,Transfer,WA,2024-03-29 21:45:00,0
TXN0008536,3.21,POS,WA,2024-03-29 22:00:00,0
TXN0008537,2.51,POS,WA,2024-03-29 22:15:00,0
TXN0008538,7.46,POS,NY,2024-03-29 22:30:00,0
TXN0008539,25.15,POS,NY,2024-03-29 22:45:00,0
TXN0008540,36.78,ATM,FL,2024-03-29 23:00:00,0
TXN0008541,13.1,ATM,TX,2024-03-29 23:15:00,0
TXN0008542,2.97,Online,FL,2024-03-29 23:30:00,0
TXN0008543,25.1,Online,TX,2024-03-29 23:45:00,0
TXN0008544,39.16,Transfer,IL,2024-03-30 00:00:00,0
TXN0008545,19.41,Online,CA,2024-03-30 00:15:00,0
TXN0008546,10.92,Online,FL,2024-03-30 00:30:00,0
TXN0008547,37.92,ATM,TX,2024-03-30 00:45:00,0
TXN0008548,18.18,Online,NY,2024-03-30 01:00:00,0
TXN0008549,5.26,POS,IL,2024-03-30 01:15:00,0
TXN0008550,21.65,Online,WA,2024-03-30 01:30:00,0
TXN0008551,4.29,ATM,FL,2024-03-30 01:45:00,0
TXN0008552,59.6,Transfer,NY,2024-03-30 02:00:00,0
TXN0008553,33.49,Online,WA,2024-03-30 02:15:00,0
TXN0008554,6.07,Transfer,CA,2024-03-30 02:30:00,0
TXN0008555,24.82,Transfer,TX,2024-03-30 02:45:00,0
TXN0008556,83.34,Online,WA,2024-03-30 03:00:00,0
TXN0008557,1.59,POS,IL,2024-03-30 03:15:00,0
TXN0008558,16.47,Transfer,NY,2024-03-30 03:30:00,0
TXN0008559,132.35,Online,TX,2024-03-30 03:45:00,0
TXN0008560,3.17,ATM,NY,2024-03-30 04:00:00,0
TXN0008561,15.94,Online,IL,2024-03-30 04:15:00,0
TXN0008562,3.67,Transfer,FL,2024-03-30 04:30:00,0
TXN0008563,17.9,ATM,IL,2024-03-30 04:45:00,0
TXN0008564,1.17,Transfer,WA,2024-03-30 05:00:00,0
TXN0008565,2.91,POS,FL,2024-03-30 05:15:00,0
TXN0008566,10.33,POS,WA,2024-03-30 05:30:00,0
TXN0008567,22.77,ATM,IL,2024-03-30 05:45:00,0
TXN0008568,30.16,POS,NY,2024-03-30 06:00:00,0
TXN0008569,31.86,ATM,WA,2024-03-30 06:15:00,0
TXN0008570,74.31,ATM,CA,2024-03-30 06:30:00,0
TXN0008571,43.86,Online,NY,2024-03-30 06:45:00,0
TXN0008572,45.98,Transfer,CA,2024-03-30 07:00:00,0
TXN0008573,6.15,Online,FL,2024-03-30 07:15:00,0
TXN0008574,16.13,Transfer,IL,2024-03-30 07:30:00,0
TXN0008575,809.19,POS,WA,2024-03-30 07:45:00,0
TXN0008576,276.52,POS,NY,2024-03-30 08:00:00,0
TXN0008577,51.22,POS,WA,2024-03-30 08:15:00,0
TXN0008578,46.15,Transfer,NY,2024-03-30 08:30:00,0
TXN0008579,61.81,POS,CA,2024-03-30 08:45:00,0
TXN0008580,12.06,Online,CA,2024-03-30 09:00:00,0
TXN0008581,193.42,ATM,CA,2024-03-30 09:15:00,0
TXN0008582,12.46,ATM,NY,2024-03-30 09:30:00,0
TXN0008583,17.6,POS,WA,2024-03-30 09:45:00,0
TXN0008584,250.25,ATM,NY,2024-03-30 10:00:00,0
TXN0008585,1.68,Transfer,IL,2024-03-30 10:15:00,0
TXN0008586,29.66,Transfer,IL,2024-03-30 10:30:00,0
TXN0008587,2.55,ATM,TX,2024-03-30 10:45:00,0
TXN0008588,8.98,Online,NY,2024-03-30 11:00:00,0
TXN0008589,17.39,POS,TX,2024-03-30 11:15:00,0
TXN0008590,12.8,POS,NY,2024-03-30 11:30:00,0
TXN0008591,23.78,POS,TX,2024-03-30 11:45:00,0
TXN0008592,7.84,POS,NY,2024-03-30 12:00:00,0
TXN0008593,17.15,Online,NY,2024-03-30 12:15:00,0
TXN0008594,4.78,Transfer,WA,2024-03-30 12:30:00,0
TXN0008595,12.27,ATM,FL,2024-03-30 12:45:00,0
TXN0008596,3.77,Online,WA,2024-03-30 13:00:00,0
TXN0008597,42.02,Transfer,FL,2024-03-30 13:15:00,0
TXN0008598,4.2,POS,CA,2024-03-30 13:30:00,0
TXN0008599,43.94,ATM,IL,2024-03-30 13:45:00,0
TXN0008600,11.88,POS,CA,2024-03-30 14:00:00,0
TXN0008601,13.54,Transfer,WA,2024-03-30 14:15:00,0
TXN0008602,78.16,Online,TX,2024-03-30 14:30:00,0
TXN0008603,22.02,Transfer,NY,2024-03-30 14:45:00,0
TXN0008604,2.06,ATM,IL,2024-03-30 15:00:00,0
TXN0008605,34.99,ATM,NY,2024-03-30 15:15:00,0
TXN0008606,0.63,Online,CA,2024-03-30 15:30:00,0
TXN0008607,26.58,Transfer,IL,2024-03-30 15:45:00,0
TXN0008608,12.06,ATM,IL,2024-03-30 16:00:00,0
TXN0008609,3.7,ATM,TX,2024-03-30 16:15:00,0
TXN0008610,21.27,POS,IL,2024-03-30 16:30:00,0
TXN0008611,13.45,Online,FL,2024-03-30 16:45:00,1
TXN0008612,208.69,ATM,FL,2024-03-30 17:00:00,0
TXN0008613,11.52,ATM,FL,2024-03-30 17:15:00,0
TXN0008614,193.79,Transfer,IL,2024-03-30 17:30:00,0
TXN0008615,99.91,Transfer,CA,2024-03-30 17:45:00,0
TXN0008616,9.39,ATM,CA,2024-03-30 18:00:00,0
TXN0008617,7.36,Transfer,NY,2024-03-30 18:15:00,0
TXN0008618,92.89,ATM,TX,2024-03-30 18:30:00,0
TXN0008619,16.49,POS,TX,2024-03-30 18:45:00,0
TXN0008620,23.43,Online,WA,2024-03-30 19:00:00,0
TXN0008621,14.32,Online,CA,2024-03-30 19:15:00,0
TXN0008622,4.6,POS,TX,2024-03-30 19:30:00,0
TXN0008623,12.44,Online,TX,2024-03-30 19:45:00,0
TXN0008624,6.19,Transfer,IL,2024-03-30 20:00:00,0
TXN0008625,3.14,Online,CA,2024-03-30 20:15:00,0
TXN0008626,13.67,ATM,WA,2024-03-30 20:30:00,0
TXN0008627,161.89,Online,FL,2024-03-30 20:45:00,0
TXN0008628,132.67,POS,IL,2024-03-30 21:00:00,0
TXN0008629,18.0,POS,NY,2024-03-30 21:15:00,0
TXN0008630,22.77,POS,TX,2024-03-30 21:30:00,0
TXN0008631,35.68,Online,TX,2024-03-30 21:45:00,0
TXN0008632,97.86,Transfer,IL,2024-03-30 22:00:00,0
TXN0008633,28.32,Online,WA,2024-03-30 22:15:00,0
TXN0008634,10.97,Transfer,WA,2024-03-30 22:30:00,0
TXN0008635,12.16,Online,WA,2024-03-30 22:45:00,0
TXN0008636,74.81,Online,WA,2024-03-30 23:00:00,0
TXN0008637,431.76,Online,CA,2024-03-30 23:15:00,0
TXN0008638,9.19,ATM,WA,2024-03-30 23:30:00,0
TXN0008639,1.68,POS,WA,2024-03-30 23:45:00,0
TXN0008640,50.96,Transfer,WA,2024-03-31 00:00:00,0
TXN0008641,17.69,Transfer,FL,2024-03-31 00:15:00,0
TXN0008642,22.88,Online,TX,2024-03-31 00:30:00,0
TXN0008643,84.82,Transfer,WA,2024-03-31 00:45:00,0
TXN0008644,21.02,Transfer,WA,2024-03-31 01:00:00,0
TXN0008645,3.98,ATM,NY,2024-03-31 01:15:00,0
TXN0008646,1.86,Transfer,IL,2024-03-31 01:30:00,0
TXN0008647,18.32,ATM,WA,2024-03-31 01:45:00,0
TXN0008648,4.86,Online,WA,2024-03-31 02:00:00,0
TXN0008649,27.42,POS,WA,2024-03-31 02:15:00,0
TXN0008650,4.23,ATM,TX,2024-03-31 02:30:00,0
TXN0008651,12.73,Transfer,IL,2024-03-31 02:45:00,0
TXN0008652,3.35,Transfer,NY,2024-03-31 03:00:00,0
TXN0008653,12.57,Transfer,WA,2024-03-31 03:15:00,0
TXN0008654,11.38,ATM,IL,2024-03-31 03:30:00,0
TXN0008655,39.51,ATM,WA,2024-03-31 03:45:00,0
TXN0008656,96.65,Online,IL,2024-03-31 04:00:00,0
TXN0008657,15.58,POS,IL,2024-03-31 04:15:00,0
TXN0008658,6.92,Transfer,CA,2024-03-31 04:30:00,0
TXN0008659,201.33,Transfer,IL,2024-03-31 04:45:00,0
TXN0008660,29.97,Transfer,FL,2024-03-31 05:00:00,0
TXN0008661,40.35,Transfer,NY,2024-03-31 05:15:00,0
TXN0008662,40.22,Online,NY,2024-03-31 05:30:00,1
TXN0008663,110.68,POS,CA,2024-03-31 05:45:00,0
TXN0008664,65.01,ATM,NY,2024-03-31 06:00:00,0
TXN0008665,43.73,Online,NY,2024-03-31 06:15:00,0
TXN0008666,48.66,POS,NY,2024-03-31 06:30:00,0
TXN0008667,6.96,POS,FL,2024-03-31 06:45:00,0
TXN0008668,9.39,POS,FL,2024-03-31 07:00:00,0
TXN0008669,17.12,POS,NY,2024-03-31 07:15:00,0
TXN0008670,21.75,ATM,IL,2024-03-31 07:30:00,0
TXN0008671,19.9,Online,TX,2024-03-31 07:45:00,0
TXN0008672,28.17,ATM,WA,2024-03-31 08:00:00,0
TXN0008673,20.09,ATM,NY,2024-03-31 08:15:00,0
TXN0008674,11.67,POS,NY,2024-03-31 08:30:00,0
TXN0008675,2.79,ATM,CA,2024-03-31 08:45:00,0
TXN0008676,52.96,POS,NY,2024-03-31 09:00:00,0
TXN0008677,39.35,ATM,WA,2024-03-31 09:15:00,0
TXN0008678,6.8,Online,CA,2024-03-31 09:30:00,0
TXN0008679,35.33,Online,FL,2024-03-31 09:45:00,0
TXN0008680,31.24,POS,CA,2024-03-31 10:00:00,0
TXN0008681,21.25,ATM,NY,2024-03-31 10:15:00,0
TXN0008682,2.15,POS,WA,2024-03-31 10:30:00,0
TXN0008683,4.6,POS,CA,2024-03-31 10:45:00,0
TXN0008684,9.49,Online,WA,2024-03-31 11:00:00,0
TXN0008685,134.59,POS,CA,2024-03-31 11:15:00,0
TXN0008686,6.97,Transfer,WA,2024-03-31 11:30:00,0
TXN0008687,12.86,POS,TX,2024-03-31 11:45:00,0
TXN0008688,5.15,Transfer,TX,2024-03-31 12:00:00,0
TXN0008689,10.8,POS,NY,2024-03-31 12:15:00,0
TXN0008690,29.35,Online,CA,2024-03-31 12:30:00,0
TXN0008691,1.62,ATM,WA,2024-03-31 12:45:00,0
TXN0008692,0.65,Transfer,CA,2024-03-31 13:00:00,0
TXN0008693,43.04,Transfer,TX,2024-03-31 13:15:00,0
TXN0008694,20.31,Transfer,NY,2024-03-31 13:30:00,0
TXN0008695,9.43,ATM,NY,2024-03-31 13:45:00,0
TXN0008696,62.16,ATM,TX,2024-03-31 14:00:00,0
TXN0008697,62.3,Online,WA,2024-03-31 14:15:00,0
TXN0008698,1.58,Transfer,IL,2024-03-31 14:30:00,0
TXN0008699,15.93,POS,CA,2024-03-31 14:45:00,0
TXN0008700,73.45,ATM,WA,2024-03-31 15:00:00,0
TXN0008701,8.74,ATM,WA,2024-03-31 15:15:00,0
TXN0008702,13.37,ATM,CA,2024-03-31 15:30:00,0
TXN0008703,61.04,POS,IL,2024-03-31 15:45:00,0
TXN0008704,14.12,ATM,IL,2024-03-31 16:00:00,0
TXN0008705,4.64,Online,NY,2024-03-31 16:15:00,0
TXN0008706,8.55,ATM,FL,2024-03-31 16:30:00,0
TXN0008707,3.97,Transfer,CA,2024-03-31 16:45:00,0
TXN0008708,37.81,POS,CA,2024-03-31 17:00:00,0
TXN0008709,2.46,ATM,CA,2024-03-31 17:15:00,0
TXN0008710,64.68,POS,IL,2024-03-31 17:30:00,0
TXN0008711,2.71,Online,IL,2024-03-31 17:45:00,1
TXN0008712,20.55,Online,CA,2024-03-31 18:00:00,0
TXN0008713,3.35,Transfer,CA,2024-03-31 18:15:00,0
TXN0008714,13.33,ATM,IL,2024-03-31 18:30:00,0
TXN0008715,66.29,Online,WA,2024-03-31 18:45:00,0
TXN0008716,74.75,ATM,NY,2024-03-31 19:00:00,0
TXN0008717,93.03,Online,CA,2024-03-31 19:15:00,0
TXN0008718,17.49,POS,NY,2024-03-31 19:30:00,0
TXN0008719,22.13,Online,IL,2024-03-31 19:45:00,0
TXN0008720,25.72,ATM,WA,2024-03-31 20:00:00,0
TXN0008721,40.73,Online,WA,2024-03-31 20:15:00,0
TXN0008722,12.06,POS,FL,2024-03-31 20:30:00,0
TXN0008723,72.81,ATM,IL,2024-03-31 20:45:00,0
TXN0008724,28.76,POS,TX,2024-03-31 21:00:00,0
TXN0008725,76.74,Transfer,CA,2024-03-31 21:15:00,0
TXN0008726,34.51,POS,IL,2024-03-31 21:30:00,0
TXN0008727,43.88,POS,IL,2024-03-31 21:45:00,0
TXN0008728,8.11,Transfer,FL,2024-03-31 22:00:00,0
TXN0008729,11.81,Transfer,NY,2024-03-31 22:15:00,0
TXN0008730,4.13,POS,IL,2024-03-31 22:30:00,0
TXN0008731,13.65,POS,NY,2024-03-31 22:45:00,0
TXN0008732,15.75,Online,TX,2024-03-31 23:00:00,0
TXN0008733,53.04,POS,WA,2024-03-31 23:15:00,0
TXN0008734,4.3,ATM,CA,2024-03-31 23:30:00,0
TXN0008735,942.79,ATM,NY,2024-03-31 23:45:00,0
TXN0008736,16.81,POS,CA,2024-04-01 00:00:00,0
TXN0008737,88.04,Transfer,WA,2024-04-01 00:15:00,0
TXN0008738,67.74,POS,NY,2024-04-01 00:30:00,0
TXN0008739,0.95,ATM,NY,2024-04-01 00:45:00,0
TXN0008740,14.2,ATM,WA,2024-04-01 01:00:00,0
TXN0008741,113.99,POS,TX,2024-04-01 01:15:00,0
TXN0008742,1.06,Online,IL,2024-04-01 01:30:00,1
TXN0008743,48.94,POS,FL,2024-04-01 01:45:00,0
TXN0008744,6.48,Online,WA,2024-04-01 02:00:00,0
TXN0008745,11.11,POS,CA,2024-04-01 02:15:00,1
TXN0008746,25.45,Transfer,WA,2024-04-01 02:30:00,0
TXN0008747,2.07,Transfer,CA,2024-04-01 02:45:00,0
TXN0008748,24.59,Online,CA,2024-04-01 03:00:00,0
TXN0008749,8.95,POS,WA,2024-04-01 03:15:00,0
TXN0008750,7.91,ATM,TX,2024-04-01 03:30:00,0
TXN0008751,45.11,Online,FL,2024-04-01 03:45:00,0
TXN0008752,1308.13,POS,IL,2024-04-01 04:00:00,0
TXN0008753,29.34,POS,NY,2024-04-01 04:15:00,0
TXN0008754,37.76,ATM,WA,2024-04-01 04:30:00,0
TXN0008755,18.28,POS,TX,2024-04-01 04:45:00,0
TXN0008756,8.16,Online,TX,2024-04-01 05:00:00,0
TXN0008757,26.49,Transfer,IL,2024-04-01 05:15:00,0
TXN0008758,120.11,Transfer,FL,2024-04-01 05:30:00,0
TXN0008759,24.37,POS,CA,2024-04-01 05:45:00,0
TXN0008760,56.54,ATM,TX,2024-04-01 06:00:00,0
TXN0008761,14.79,Transfer,WA,2024-04-01 06:15:00,0
TXN0008762,399.41,Online,FL,2024-04-01 06:30:00,0
TXN0008763,2.68,Transfer,IL,2024-04-01 06:45:00,0
TXN0008764,39.15,Online,FL,2024-04-01 07:00:00,0
TXN0008765,37.15,ATM,FL,2024-04-01 07:15:00,0
TXN0008766,26.68,Online,WA,2024-04-01 07:30:00,0
TXN0008767,5.07,ATM,TX,2024-04-01 07:45:00,0
TXN0008768,4.94,Transfer,FL,2024-04-01 08:00:00,0
TXN0008769,14.6,Online,TX,2024-04-01 08:15:00,0
TXN0008770,21.8,POS,IL,2024-04-01 08:30:00,0
TXN0008771,4.51,POS,WA,2024-04-01 08:45:00,0
TXN0008772,5.38,ATM,IL,2024-04-01 09:00:00,0
TXN0008773,37.86,Online,TX,2024-04-01 09:15:00,0
TXN0008774,66.67,Transfer,NY,2024-04-01 09:30:00,0
TXN0008775,9.85,Online,NY,2024-04-01 09:45:00,0
TXN0008776,8.35,Online,NY,2024-04-01 10:00:00,0
TXN0008777,8.06,POS,CA,2024-04-01 10:15:00,0
TXN0008778,377.54,Transfer,WA,2024-04-01 10:30:00,0
TXN0008779,34.7,Transfer,CA,2024-04-01 10:45:00,0
TXN0008780,17.81,ATM,IL,2024-04-01 11:00:00,0
TXN0008781,64.47,Online,TX,2024-04-01 11:15:00,0
TXN0008782,302.93,Online,FL,2024-04-01 11:30:00,0
TXN0008783,78.53,Online,TX,2024-04-01 11:45:00,0
TXN0008784,3.47,Online,TX,2024-04-01 12:00:00,0
TXN0008785,17.37,Transfer,FL,2024-04-01 12:15:00,0
TXN0008786,11.84,ATM,FL,2024-04-01 12:30:00,1
TXN0008787,12.74,POS,NY,2024-04-01 12:45:00,0
TXN0008788,4.46,ATM,IL,2024-04-01 13:00:00,0
TXN0008789,12.01,Online,WA,2024-04-01 13:15:00,0
TXN0008790,5.22,Transfer,NY,2024-04-01 13:30:00,0
TXN0008791,28.86,Transfer,CA,2024-04-01 13:45:00,0
TXN0008792,20.26,ATM,TX,2024-04-01 14:00:00,0
TXN0008793,3.51,ATM,NY,2024-04-01 14:15:00,1
TXN0008794,2.47,Transfer,NY,2024-04-01 14:30:00,0
TXN0008795,10.78,Transfer,CA,2024-04-01 14:45:00,0
TXN0008796,41.94,ATM,TX,2024-04-01 15:00:00,0
TXN0008797,34.75,Transfer,NY,2024-04-01 15:15:00,0
TXN0008798,17.7,Online,CA,2024-04-01 15:30:00,0
TXN0008799,0.36,Online,FL,2024-04-01 15:45:00,0
TXN0008800,10.57,Online,IL,2024-04-01 16:00:00,0
TXN0008801,7.87,Online,WA,2024-04-01 16:15:00,0
TXN0008802,12.8,Transfer,CA,2024-04-01 16:30:00,0
TXN0008803,4.42,Transfer,TX,2024-04-01 16:45:00,0
TXN0008804,11.38,Online,FL,2024-04-01 17:00:00,0
TXN0008805,8.61,POS,TX,2024-04-01 17:15:00,0
TXN0008806,501.61,Online,IL,2024-04-01 17:30:00,0
TXN0008807,44.65,ATM,CA,2024-04-01 17:45:00,0
TXN0008808,15.18,POS,IL,2024-04-01 18:00:00,0
TXN0008809,18.07,ATM,CA,2024-04-01 18:15:00,0
TXN0008810,16.59,Online,WA,2024-04-01 18:30:00,0
TXN0008811,24.01,Online,CA,2024-04-01 18:45:00,0
TXN0008812,11.76,POS,CA,2024-04-01 19:00:00,1
TXN0008813,18.74,POS,NY,2024-04-01 19:15:00,0
TXN0008814,65.83,POS,FL,2024-04-01 19:30:00,0
TXN0008815,52.06,Online,CA,2024-04-01 19:45:00,0
TXN0008816,27.76,POS,FL,2024-04-01 20:00:00,0
TXN0008817,95.08,ATM,TX,2024-04-01 20:15:00,0
TXN0008818,25.07,Transfer,IL,2024-04-01 20:30:00,0
TXN0008819,5.87,ATM,IL,2024-04-01 20:45:00,0
TXN0008820,2.34,POS,CA,2024-04-01 21:00:00,0
TXN0008821,8.29,Online,IL,2024-04-01 21:15:00,0
TXN0008822,17.75,Transfer,TX,2024-04-01 21:30:00,0
TXN0008823,30.91,Transfer,TX,2024-04-01 21:45:00,1
TXN0008824,69.99,POS,IL,2024-04-01 22:00:00,0
TXN0008825,9.59,POS,CA,2024-04-01 22:15:00,0
TXN0008826,7.26,POS,FL,2024-04-01 22:30:00,0
TXN0008827,48.42,ATM,IL,2024-04-01 22:45:00,0
TXN0008828,78.95,Transfer,WA,2024-04-01 23:00:00,0
TXN0008829,10.77,Online,CA,2024-04-01 23:15:00,0
TXN0008830,28.73,Online,NY,2024-04-01 23:30:00,0
TXN0008831,100.21,POS,FL,2024-04-01 23:45:00,0
TXN0008832,28.16,Online,IL,2024-04-02 00:00:00,0
TXN0008833,17.92,Online,TX,2024-04-02 00:15:00,0
TXN0008834,1.57,Transfer,WA,2024-04-02 00:30:00,0
TXN0008835,94.38,ATM,FL,2024-04-02 00:45:00,0
TXN0008836,41.55,POS,CA,2024-04-02 01:00:00,0
TXN0008837,22.27,POS,IL,2024-04-02 01:15:00,0
TXN0008838,10.94,Online,TX,2024-04-02 01:30:00,0
TXN0008839,4.27,Transfer,TX,2024-04-02 01:45:00,0
TXN0008840,16.98,Online,NY,2024-04-02 02:00:00,0
TXN0008841,16.83,Online,FL,2024-04-02 02:15:00,0
TXN0008842,71.7,Online,FL,2024-04-02 02:30:00,0
TXN0008843,4.45,ATM,TX,2024-04-02 02:45:00,0
TXN0008844,108.46,Transfer,TX,2024-04-02 03:00:00,0
TXN0008845,19.97,Transfer,IL,2024-04-02 03:15:00,0
TXN0008846,79.85,POS,NY,2024-04-02 03:30:00,0
TXN0008847,5.96,POS,IL,2024-04-02 03:45:00,0
TXN0008848,29.05,ATM,NY,2024-04-02 04:00:00,0
TXN0008849,83.12,Transfer,NY,2024-04-02 04:15:00,0
TXN0008850,21.97,Transfer,NY,2024-04-02 04:30:00,0
TXN0008851,3.26,Transfer,IL,2024-04-02 04:45:00,0
TXN0008852,12.87,Transfer,IL,2024-04-02 05:00:00,0
TXN0008853,36.45,Online,WA,2024-04-02 05:15:00,0
TXN0008854,3.56,Transfer,TX,2024-04-02 05:30:00,0
TXN0008855,3.37,ATM,CA,2024-04-02 05:45:00,0
TXN0008856,25.4,ATM,TX,2024-04-02 06:00:00,0
TXN0008857,6.1,POS,WA,2024-04-02 06:15:00,0
TXN0008858,43.42,ATM,TX,2024-04-02 06:30:00,0
TXN0008859,4.65,POS,TX,2024-04-02 06:45:00,0
TXN0008860,2.1,Online,TX,2024-04-02 07:00:00,0
TXN0008861,7.53,Transfer,TX,2024-04-02 07:15:00,0
TXN0008862,115.25,Online,TX,2024-04-02 07:30:00,0
TXN0008863,6.78,Transfer,NY,2024-04-02 07:45:00,0
TXN0008864,19.02,Transfer,WA,2024-04-02 08:00:00,0
TXN0008865,25.76,POS,FL,2024-04-02 08:15:00,0
TXN0008866,6.11,Online,IL,2024-04-02 08:30:00,0
TXN0008867,71.16,ATM,CA,2024-04-02 08:45:00,0
TXN0008868,23.7,POS,NY,2024-04-02 09:00:00,0
TXN0008869,32.73,Transfer,CA,2024-04-02 09:15:00,0
TXN0008870,2.54,Online,FL,2024-04-02 09:30:00,0
TXN0008871,2.34,Online,FL,2024-04-02 09:45:00,0
TXN0008872,0.7,POS,CA,2024-04-02 10:00:00,0
TXN0008873,15.26,Online,CA,2024-04-02 10:15:00,0
TXN0008874,14.55,POS,NY,2024-04-02 10:30:00,0
TXN0008875,45.75,ATM,CA,2024-04-02 10:45:00,0
TXN0008876,114.38,POS,TX,2024-04-02 11:00:00,0
TXN0008877,14.14,POS,IL,2024-04-02 11:15:00,0
TXN0008878,13.89,Transfer,TX,2024-04-02 11:30:00,0
TXN0008879,32.98,POS,NY,2024-04-02 11:45:00,0
TXN0008880,120.57,ATM,CA,2024-04-02 12:00:00,0
TXN0008881,7.13,Transfer,IL,2024-04-02 12:15:00,0
TXN0008882,40.73,Transfer,TX,2024-04-02 12:30:00,0
TXN0008883,14.27,Transfer,IL,2024-04-02 12:45:00,0
TXN0008884,12.84,POS,CA,2024-04-02 13:00:00,0
TXN0008885,51.14,Online,NY,2024-04-02 13:15:00,0
TXN0008886,7.43,Transfer,TX,2024-04-02 13:30:00,0
TXN0008887,5.32,Online,WA,2024-04-02 13:45:00,0
TXN0008888,42.73,ATM,TX,2024-04-02 14:00:00,0
TXN0008889,18.64,POS,WA,2024-04-02 14:15:00,0
TXN0008890,14.0,Online,IL,2024-04-02 14:30:00,0
TXN0008891,16.37,ATM,FL,2024-04-02 14:45:00,0
TXN0008892,34.91,ATM,IL,2024-04-02 15:00:00,0
TXN0008893,12.32,Transfer,IL,2024-04-02 15:15:00,0
TXN0008894,48.22,Online,FL,2024-04-02 15:30:00,0
TXN0008895,31.62,Transfer,NY,2024-04-02 15:45:00,0
TXN0008896,114.05,Online,WA,2024-04-02 16:00:00,0
TXN0008897,87.98,ATM,NY,2024-04-02 16:15:00,0
TXN0008898,53.86,Transfer,CA,2024-04-02 16:30:00,0
TXN0008899,15.08,ATM,IL,2024-04-02 16:45:00,1
TXN0008900,22.18,Transfer,TX,2024-04-02 17:00:00,0
TXN0008901,9.44,ATM,CA,2024-04-02 17:15:00,0
TXN0008902,591.0,POS,CA,2024-04-02 17:30:00,0
TXN0008903,14.75,Online,CA,2024-04-02 17:45:00,0
TXN0008904,37.54,Online,CA,2024-04-02 18:00:00,0
TXN0008905,98.5,ATM,IL,2024-04-02 18:15:00,0
TXN0008906,3.75,Transfer,FL,2024-04-02 18:30:00,0
TXN0008907,7.15,ATM,CA,2024-04-02 18:45:00,0
TXN0008908,11.99,POS,CA,2024-04-02 19:00:00,0
TXN0008909,5.84,POS,TX,2024-04-02 19:15:00,0
TXN0008910,4.2,Transfer,TX,2024-04-02 19:30:00,0
TXN0008911,10.37,ATM,NY,2024-04-02 19:45:00,0
TXN0008912,91.05,Transfer,TX,2024-04-02 20:00:00,0
TXN0008913,46.03,POS,WA,2024-04-02 20:15:00,0
TXN0008914,20.13,ATM,IL,2024-04-02 20:30:00,0
TXN0008915,19.97,Transfer,TX,2024-04-02 20:45:00,0
TXN0008916,2.63,Online,FL,2024-04-02 21:00:00,0
TXN0008917,44.57,POS,CA,2024-04-02 21:15:00,0
TXN0008918,32.22,Transfer,WA,2024-04-02 21:30:00,0
TXN0008919,5.27,ATM,CA,2024-04-02 21:45:00,0
TXN0008920,24.77,POS,IL,2024-04-02 22:00:00,0
TXN0008921,15.34,Online,FL,2024-04-02 22:15:00,0
TXN0008922,10.38,Online,WA,2024-04-02 22:30:00,0
TXN0008923,5.9,ATM,IL,2024-04-02 22:45:00,0
TXN0008924,8.59,POS,FL,2024-04-02 23:00:00,0
TXN0008925,6.24,POS,IL,2024-04-02 23:15:00,0
TXN0008926,33.65,POS,TX,2024-04-02 23:30:00,0
TXN0008927,29.99,Online,TX,2024-04-02 23:45:00,0
TXN0008928,28.49,Online,FL,2024-04-03 00:00:00,0
TXN0008929,15.54,ATM,FL,2024-04-03 00:15:00,0
TXN0008930,11.86,Transfer,NY,2024-04-03 00:30:00,0
TXN0008931,224.63,Online,CA,2024-04-03 00:45:00,0
TXN0008932,2.07,ATM,NY,2024-04-03 01:00:00,0
TXN0008933,81.4,POS,TX,2024-04-03 01:15:00,0
TXN0008934,29.6,Transfer,IL,2024-04-03 01:30:00,0
TXN0008935,21.04,POS,FL,2024-04-03 01:45:00,0
TXN0008936,10.51,POS,NY,2024-04-03 02:00:00,0
TXN0008937,14.89,ATM,TX,2024-04-03 02:15:00,0
TXN0008938,4.67,ATM,CA,2024-04-03 02:30:00,0
TXN0008939,3.66,ATM,WA,2024-04-03 02:45:00,0
TXN0008940,16.94,Transfer,WA,2024-04-03 03:00:00,0
TXN0008941,2.66,Transfer,TX,2024-04-03 03:15:00,0
TXN0008942,53.07,ATM,FL,2024-04-03 03:30:00,0
TXN0008943,73.87,ATM,FL,2024-04-03 03:45:00,0
TXN0008944,0.31,ATM,WA,2024-04-03 04:00:00,0
TXN0008945,3.01,Transfer,CA,2024-04-03 04:15:00,0
TXN0008946,26.88,Online,IL,2024-04-03 04:30:00,0
TXN0008947,25.01,Transfer,FL,2024-04-03 04:45:00,0
TXN0008948,22.17,Transfer,NY,2024-04-03 05:00:00,0
TXN0008949,32.19,Online,TX,2024-04-03 05:15:00,0
TXN0008950,47.53,ATM,FL,2024-04-03 05:30:00,0
TXN0008951,54.87,POS,CA,2024-04-03 05:45:00,0
TXN0008952,166.33,Transfer,NY,2024-04-03 06:00:00,0
TXN0008953,20.05,Online,IL,2024-04-03 06:15:00,0
TXN0008954,54.76,Transfer,TX,2024-04-03 06:30:00,0
TXN0008955,2.77,Transfer,NY,2024-04-03 06:45:00,0
TXN0008956,16.6,Transfer,CA,2024-04-03 07:00:00,0
TXN0008957,4.5,Online,TX,2024-04-03 07:15:00,0
TXN0008958,103.5,POS,NY,2024-04-03 07:30:00,0
TXN0008959,320.52,Online,NY,2024-04-03 07:45:00,0
TXN0008960,37.26,Transfer,IL,2024-04-03 08:00:00,0
TXN0008961,4.09,ATM,FL,2024-04-03 08:15:00,0
TXN0008962,17.0,ATM,IL,2024-04-03 08:30:00,0
TXN0008963,20.17,Online,FL,2024-04-03 08:45:00,0
TXN0008964,24.71,Online,FL,2024-04-03 09:00:00,1
TXN0008965,71.98,Transfer,WA,2024-04-03 09:15:00,0
TXN0008966,61.22,POS,WA,2024-04-03 09:30:00,0
TXN0008967,0.81,POS,FL,2024-04-03 09:45:00,0
TXN0008968,100.47,Transfer,NY,2024-04-03 10:00:00,0
TXN0008969,10.75,Online,WA,2024-04-03 10:15:00,0
TXN0008970,9.97,ATM,IL,2024-04-03 10:30:00,0
TXN0008971,106.76,Online,TX,2024-04-03 10:45:00,0
TXN0008972,14.16,Online,CA,2024-04-03 11:00:00,0
TXN0008973,3.77,POS,WA,2024-04-03 11:15:00,0
TXN0008974,3.98,Online,CA,2024-04-03 11:30:00,0
TXN0008975,20.91,POS,TX,2024-04-03 11:45:00,0
TXN0008976,57.98,ATM,NY,2024-04-03 12:00:00,0
TXN0008977,118.22,ATM,WA,2024-04-03 12:15:00,0
TXN0008978,15.9,ATM,NY,2024-04-03 12:30:00,0
TXN0008979,11.13,Online,TX,2024-04-03 12:45:00,0
TXN0008980,136.91,Transfer,NY,2024-04-03 13:00:00,0
TXN0008981,11.28,Online,IL,2024-04-03 13:15:00,0
TXN0008982,112.34,Online,CA,2024-04-03 13:30:00,0
TXN0008983,25.88,POS,TX,2024-04-03 13:45:00,0
TXN0008984,25.97,POS,NY,2024-04-03 14:00:00,0
TXN0008985,14.73,Online,TX,2024-04-03 14:15:00,0
TXN0008986,27.89,POS,FL,2024-04-03 14:30:00,0
TXN0008987,11.19,Online,FL,2024-04-03 14:45:00,0
TXN0008988,8.65,ATM,NY,2024-04-03 15:00:00,0
TXN0008989,16.61,POS,IL,2024-04-03 15:15:00,0
TXN0008990,8.96,Online,FL,2024-04-03 15:30:00,1
TXN0008991,28.15,POS,NY,2024-04-03 15:45:00,1
TXN0008992,21.65,ATM,NY,2024-04-03 16:00:00,0
TXN0008993,14.27,ATM,NY,2024-04-03 16:15:00,0
TXN0008994,15.38,POS,TX,2024-04-03 16:30:00,0
TXN0008995,14.86,Transfer,TX,2024-04-03 16:45:00,0
TXN0008996,157.48,ATM,WA,2024-04-03 17:00:00,0
TXN0008997,19.33,Online,FL,2024-04-03 17:15:00,0
TXN0008998,9.58,POS,CA,2024-04-03 17:30:00,0
TXN0008999,13.7,ATM,IL,2024-04-03 17:45:00,0
TXN0009000,43.26,Transfer,IL,2024-04-03 18:00:00,0
TXN0009001,15.36,Online,WA,2024-04-03 18:15:00,0
TXN0009002,16.31,ATM,CA,2024-04-03 18:30:00,0
TXN0009003,14.37,Online,WA,2024-04-03 18:45:00,0
TXN0009004,23.8,ATM,FL,2024-04-03 19:00:00,0
TXN0009005,31.21,Online,TX,2024-04-03 19:15:00,0
TXN0009006,33.26,Transfer,FL,2024-04-03 19:30:00,0
TXN0009007,2.74,Online,WA,2024-04-03 19:45:00,0
TXN0009008,5.43,Online,NY,2024-04-03 20:00:00,0
TXN0009009,0.83,Online,WA,2024-04-03 20:15:00,0
TXN0009010,51.06,ATM,TX,2024-04-03 20:30:00,1
TXN0009011,73.77,ATM,TX,2024-04-03 20:45:00,0
TXN0009012,92.87,Transfer,CA,2024-04-03 21:00:00,0
TXN0009013,23.19,Transfer,TX,2024-04-03 21:15:00,0
TXN0009014,77.44,Transfer,IL,2024-04-03 21:30:00,0
TXN0009015,18.67,Transfer,TX,2024-04-03 21:45:00,0
TXN0009016,16.88,Transfer,NY,2024-04-03 22:00:00,0
TXN0009017,3.07,Transfer,IL,2024-04-03 22:15:00,0
TXN0009018,7.64,Transfer,NY,2024-04-03 22:30:00,1
TXN0009019,9.6,POS,FL,2024-04-03 22:45:00,0
TXN0009020,58.71,Transfer,WA,2024-04-03 23:00:00,1
TXN0009021,142.65,Transfer,TX,2024-04-03 23:15:00,0
TXN0009022,11.12,POS,WA,2024-04-03 23:30:00,0
TXN0009023,30.5,ATM,CA,2024-04-03 23:45:00,0
TXN0009024,27.17,POS,WA,2024-04-04 00:00:00,0
TXN0009025,7.72,ATM,FL,2024-04-04 00:15:00,0
TXN0009026,2.48,ATM,TX,2024-04-04 00:30:00,0
TXN0009027,7.91,ATM,NY,2024-04-04 00:45:00,0
TXN0009028,3.48,ATM,TX,2024-04-04 01:00:00,0
TXN0009029,13.35,POS,WA,2024-04-04 01:15:00,0
TXN0009030,16.45,POS,NY,2024-04-04 01:30:00,0
TXN0009031,15.69,Transfer,WA,2024-04-04 01:45:00,0
TXN0009032,15.93,ATM,NY,2024-04-04 02:00:00,0
TXN0009033,34.78,POS,FL,2024-04-04 02:15:00,0
TXN0009034,6.38,Transfer,CA,2024-04-04 02:30:00,0
TXN0009035,56.48,Online,IL,2024-04-04 02:45:00,0
TXN0009036,2.63,ATM,CA,2024-04-04 03:00:00,0
TXN0009037,20.98,POS,TX,2024-04-04 03:15:00,0
TXN0009038,31.02,ATM,FL,2024-04-04 03:30:00,0
TXN0009039,7.54,ATM,WA,2024-04-04 03:45:00,0
TXN0009040,2.88,Transfer,WA,2024-04-04 04:00:00,0
TXN0009041,41.81,ATM,FL,2024-04-04 04:15:00,0
TXN0009042,8.68,Transfer,WA,2024-04-04 04:30:00,0
TXN0009043,49.62,ATM,NY,2024-04-04 04:45:00,0
TXN0009044,48.83,Transfer,NY,2024-04-04 05:00:00,0
TXN0009045,19.31,Transfer,NY,2024-04-04 05:15:00,0
TXN0009046,19.41,Transfer,FL,2024-04-04 05:30:00,0
TXN0009047,63.44,ATM,IL,2024-04-04 05:45:00,0
TXN0009048,30.51,POS,CA,2024-04-04 06:00:00,0
TXN0009049,6.36,Transfer,IL,2024-04-04 06:15:00,0
TXN0009050,23.76,ATM,FL,2024-04-04 06:30:00,0
TXN0009051,37.73,ATM,FL,2024-04-04 06:45:00,0
TXN0009052,24.77,ATM,NY,2024-04-04 07:00:00,0
TXN0009053,24.38,ATM,IL,2024-04-04 07:15:00,0
TXN0009054,16.29,Online,TX,2024-04-04 07:30:00,0
TXN0009055,16.87,ATM,TX,2024-04-04 07:45:00,0
TXN0009056,6.35,ATM,CA,2024-04-04 08:00:00,0
TXN0009057,3.51,Transfer,WA,2024-04-04 08:15:00,0
TXN0009058,74.7,POS,IL,2024-04-04 08:30:00,0
TXN0009059,9.08,Online,WA,2024-04-04 08:45:00,0
TXN0009060,25.35,POS,TX,2024-04-04 09:00:00,0
TXN0009061,3.23,Transfer,CA,2024-04-04 09:15:00,0
TXN0009062,23.49,POS,IL,2024-04-04 09:30:00,1
TXN0009063,7.23,POS,TX,2024-04-04 09:45:00,0
TXN0009064,674.48,Online,TX,2024-04-04 10:00:00,0
TXN0009065,5.75,ATM,NY,2024-04-04 10:15:00,0
TXN0009066,6.13,Transfer,IL,2024-04-04 10:30:00,0
TXN0009067,59.94,Transfer,WA,2024-04-04 10:45:00,0
TXN0009068,75.6,Online,NY,2024-04-04 11:00:00,0
TXN0009069,1.57,POS,NY,2024-04-04 11:15:00,0
TXN0009070,26.34,Online,TX,2024-04-04 11:30:00,0
TXN0009071,55.47,Transfer,FL,2024-04-04 11:45:00,0
TXN0009072,4.51,Online,NY,2024-04-04 12:00:00,0
TXN0009073,43.93,POS,IL,2024-04-04 12:15:00,0
TXN0009074,10.35,Online,NY,2024-04-04 12:30:00,0
TXN0009075,5.9,Online,FL,2024-04-04 12:45:00,0
TXN0009076,12.78,POS,NY,2024-04-04 13:00:00,0
TXN0009077,11.19,Online,CA,2024-04-04 13:15:00,0
TXN0009078,3.7,Online,TX,2024-04-04 13:30:00,0
TXN0009079,280.27,Transfer,FL,2024-04-04 13:45:00,0
TXN0009080,11.28,Transfer,IL,2024-04-04 14:00:00,0
TXN0009081,7.97,Transfer,CA,2024-04-04 14:15:00,0
TXN0009082,53.77,Online,TX,2024-04-04 14:30:00,0
TXN0009083,17.8,Transfer,NY,2024-04-04 14:45:00,0
TXN0009084,95.24,Online,NY,2024-04-04 15:00:00,0
TXN0009085,14.11,POS,CA,2024-04-04 15:15:00,0
TXN0009086,29.51,Online,FL,2024-04-04 15:30:00,0
TXN0009087,21.68,Transfer,CA,2024-04-04 15:45:00,0
TXN0009088,23.67,Transfer,NY,2024-04-04 16:00:00,0
TXN0009089,15.14,POS,FL,2024-04-04 16:15:00,0
TXN0009090,17.13,POS,CA,2024-04-04 16:30:00,0
TXN0009091,143.08,POS,TX,2024-04-04 16:45:00,0
TXN0009092,8.62,Online,FL,2024-04-04 17:00:00,0
TXN0009093,10.12,Transfer,WA,2024-04-04 17:15:00,0
TXN0009094,12.88,ATM,FL,2024-04-04 17:30:00,0
TXN0009095,38.28,Online,TX,2024-04-04 17:45:00,0
TXN0009096,31.29,POS,TX,2024-04-04 18:00:00,0
TXN0009097,59.11,ATM,TX,2024-04-04 18:15:00,0
TXN0009098,3.93,Online,CA,2024-04-04 18:30:00,0
TXN0009099,26.42,POS,IL,2024-04-04 18:45:00,0
TXN0009100,15.73,ATM,WA,2024-04-04 19:00:00,0
TXN0009101,13.79,Transfer,FL,2024-04-04 19:15:00,0
TXN0009102,23.58,Online,TX,2024-04-04 19:30:00,0
TXN0009103,1.86,POS,TX,2024-04-04 19:45:00,0
TXN0009104,26.85,Online,FL,2024-04-04 20:00:00,0
TXN0009105,23.04,Online,CA,2024-04-04 20:15:00,0
TXN0009106,3.54,ATM,FL,2024-04-04 20:30:00,0
TXN0009107,17.32,ATM,WA,2024-04-04 20:45:00,0
TXN0009108,122.66,POS,NY,2024-04-04 21:00:00,0
TXN0009109,12.23,ATM,TX,2024-04-04 21:15:00,0
TXN0009110,39.29,Transfer,WA,2024-04-04 21:30:00,0
TXN0009111,14.83,POS,CA,2024-04-04 21:45:00,0
TXN0009112,7.39,ATM,IL,2024-04-04 22:00:00,0
TXN0009113,6.49,POS,TX,2024-04-04 22:15:00,1
TXN0009114,12.09,POS,CA,2024-04-04 22:30:00,0
TXN0009115,91.11,Transfer,TX,2024-04-04 22:45:00,0
TXN0009116,51.23,Online,FL,2024-04-04 23:00:00,0
TXN0009117,8.38,Online,FL,2024-04-04 23:15:00,0
TXN0009118,63.62,POS,NY,2024-04-04 23:30:00,0
TXN0009119,16.67,ATM,NY,2024-04-04 23:45:00,0
TXN0009120,8.53,POS,IL,2024-04-05 00:00:00,0
TXN0009121,32.37,POS,TX,2024-04-05 00:15:00,0
TXN0009122,6.56,Online,NY,2024-04-05 00:30:00,0
TXN0009123,3.0,Transfer,NY,2024-04-05 00:45:00,0
TXN0009124,90.37,POS,IL,2024-04-05 01:00:00,0
TXN0009125,2.21,Transfer,CA,2024-04-05 01:15:00,0
TXN0009126,36.95,ATM,IL,2024-04-05 01:30:00,0
TXN0009127,3.17,Transfer,CA,2024-04-05 01:45:00,0
TXN0009128,18.75,POS,TX,2024-04-05 02:00:00,0
TXN0009129,15.35,ATM,IL,2024-04-05 02:15:00,0
TXN0009130,11.52,Online,IL,2024-04-05 02:30:00,0
TXN0009131,1.45,POS,CA,2024-04-05 02:45:00,0
TXN0009132,17.07,Transfer,TX,2024-04-05 03:00:00,0
TXN0009133,18.59,Online,TX,2024-04-05 03:15:00,0
TXN0009134,6.69,Online,CA,2024-04-05 03:30:00,0
TXN0009135,17.93,ATM,NY,2024-04-05 03:45:00,1
TXN0009136,63.15,Transfer,TX,2024-04-05 04:00:00,0
TXN0009137,8.29,Transfer,CA,2024-04-05 04:15:00,0
TXN0009138,26.38,Online,CA,2024-04-05 04:30:00,0
TXN0009139,4.97,Transfer,WA,2024-04-05 04:45:00,0
TXN0009140,30.6,POS,TX,2024-04-05 05:00:00,0
TXN0009141,41.53,POS,IL,2024-04-05 05:15:00,0
TXN0009142,368.54,POS,WA,2024-04-05 05:30:00,0
TXN0009143,56.94,Online,FL,2024-04-05 05:45:00,0
TXN0009144,32.52,Online,CA,2024-04-05 06:00:00,0
TXN0009145,103.43,POS,TX,2024-04-05 06:15:00,0
TXN0009146,5.99,ATM,WA,2024-04-05 06:30:00,0
TXN0009147,69.37,Online,NY,2024-04-05 06:45:00,0
TXN0009148,10.21,ATM,IL,2024-04-05 07:00:00,0
TXN0009149,9.36,ATM,FL,2024-04-05 07:15:00,0
TXN0009150,71.35,POS,CA,2024-04-05 07:30:00,0
TXN0009151,25.73,ATM,IL,2024-04-05 07:45:00,0
TXN0009152,93.75,POS,NY,2024-04-05 08:00:00,0
TXN0009153,3.51,Online,TX,2024-04-05 08:15:00,0
TXN0009154,26.95,Online,NY,2024-04-05 08:30:00,0
TXN0009155,10.48,Transfer,CA,2024-04-05 08:45:00,0
TXN0009156,14.18,ATM,TX,2024-04-05 09:00:00,0
TXN0009157,2.05,POS,WA,2024-04-05 09:15:00,1
TXN0009158,59.24,ATM,TX,2024-04-05 09:30:00,0
TXN0009159,25.07,ATM,IL,2024-04-05 09:45:00,0
TXN0009160,6.1,ATM,WA,2024-04-05 10:00:00,0
TXN0009161,3.98,ATM,CA,2024-04-05 10:15:00,0
TXN0009162,7.0,POS,FL,2024-04-05 10:30:00,0
TXN0009163,102.22,Transfer,NY,2024-04-05 10:45:00,0
TXN0009164,17.41,ATM,WA,2024-04-05 11:00:00,0
TXN0009165,13.22,Transfer,FL,2024-04-05 11:15:00,0
TXN0009166,35.14,Online,WA,2024-04-05 11:30:00,0
TXN0009167,19.91,ATM,CA,2024-04-05 11:45:00,0
TXN0009168,25.83,ATM,TX,2024-04-05 12:00:00,1
TXN0009169,47.3,POS,WA,2024-04-05 12:15:00,0
TXN0009170,29.08,ATM,TX,2024-04-05 12:30:00,0
TXN0009171,55.52,Transfer,WA,2024-04-05 12:45:00,0
TXN0009172,4.82,POS,NY,2024-04-05 13:00:00,0
TXN0009173,21.22,ATM,TX,2024-04-05 13:15:00,0
TXN0009174,12.98,ATM,WA,2024-04-05 13:30:00,0
TXN0009175,22.38,POS,IL,2024-04-05 13:45:00,0
TXN0009176,18.84,ATM,CA,2024-04-05 14:00:00,0
TXN0009177,9.34,Transfer,NY,2024-04-05 14:15:00,0
TXN0009178,13.1,Transfer,NY,2024-04-05 14:30:00,0
TXN0009179,60.45,Online,NY,2024-04-05 14:45:00,0
TXN0009180,10.32,Online,WA,2024-04-05 15:00:00,0
TXN0009181,4.57,Online,CA,2024-04-05 15:15:00,0
TXN0009182,39.94,POS,IL,2024-04-05 15:30:00,0
TXN0009183,62.38,Online,WA,2024-04-05 15:45:00,0
TXN0009184,14.45,POS,IL,2024-04-05 16:00:00,0
TXN0009185,23.09,ATM,WA,2024-04-05 16:15:00,0
TXN0009186,7.41,Online,FL,2024-04-05 16:30:00,0
TXN0009187,15.67,Transfer,WA,2024-04-05 16:45:00,0
TXN0009188,73.27,ATM,CA,2024-04-05 17:00:00,0
TXN0009189,51.19,POS,TX,2024-04-05 17:15:00,0
TXN0009190,23.73,Transfer,WA,2024-04-05 17:30:00,0
TXN0009191,14.43,Online,FL,2024-04-05 17:45:00,0
TXN0009192,2.93,Transfer,NY,2024-04-05 18:00:00,0
TXN0009193,28.93,Transfer,WA,2024-04-05 18:15:00,0
TXN0009194,34.24,Transfer,NY,2024-04-05 18:30:00,0
TXN0009195,69.08,Transfer,WA,2024-04-05 18:45:00,0
TXN0009196,213.9,Online,TX,2024-04-05 19:00:00,0
TXN0009197,31.15,Online,IL,2024-04-05 19:15:00,0
TXN0009198,61.66,Transfer,TX,2024-04-05 19:30:00,0
TXN0009199,5.39,ATM,FL,2024-04-05 19:45:00,0
TXN0009200,82.6,POS,CA,2024-04-05 20:00:00,0
TXN0009201,55.58,ATM,FL,2024-04-05 20:15:00,0
TXN0009202,99.5,Online,CA,2024-04-05 20:30:00,0
TXN0009203,44.35,ATM,NY,2024-04-05 20:45:00,0
TXN0009204,34.16,ATM,WA,2024-04-05 21:00:00,0
TXN0009205,114.01,POS,FL,2024-04-05 21:15:00,0
TXN0009206,9.21,Transfer,IL,2024-04-05 21:30:00,0
TXN0009207,42.83,POS,WA,2024-04-05 21:45:00,0
TXN0009208,71.75,Online,WA,2024-04-05 22:00:00,0
TXN0009209,8.01,Transfer,WA,2024-04-05 22:15:00,0
TXN0009210,5.21,POS,NY,2024-04-05 22:30:00,0
TXN0009211,33.53,Online,TX,2024-04-05 22:45:00,0
TXN0009212,23.34,ATM,NY,2024-04-05 23:00:00,0
TXN0009213,41.22,ATM,FL,2024-04-05 23:15:00,0
TXN0009214,43.01,POS,CA,2024-04-05 23:30:00,0
TXN0009215,8.24,POS,IL,2024-04-05 23:45:00,0
TXN0009216,30.07,Online,IL,2024-04-06 00:00:00,0
TXN0009217,75.9,ATM,FL,2024-04-06 00:15:00,0
TXN0009218,13.37,ATM,CA,2024-04-06 00:30:00,0
TXN0009219,14.53,Transfer,WA,2024-04-06 00:45:00,0
TXN0009220,5.42,Online,FL,2024-04-06 01:00:00,0
TXN0009221,52.85,ATM,CA,2024-04-06 01:15:00,0
TXN0009222,199.59,ATM,CA,2024-04-06 01:30:00,0
TXN0009223,4.09,ATM,WA,2024-04-06 01:45:00,0
TXN0009224,49.63,Online,FL,2024-04-06 02:00:00,0
TXN0009225,58.55,POS,WA,2024-04-06 02:15:00,0
TXN0009226,10.57,ATM,FL,2024-04-06 02:30:00,0
TXN0009227,13.18,ATM,FL,2024-04-06 02:45:00,0
TXN0009228,6.0,POS,CA,2024-04-06 03:00:00,0
TXN0009229,8.16,POS,FL,2024-04-06 03:15:00,0
TXN0009230,24.77,ATM,NY,2024-04-06 03:30:00,0
TXN0009231,43.79,POS,FL,2024-04-06 03:45:00,0
TXN0009232,23.41,Transfer,TX,2024-04-06 04:00:00,0
TXN0009233,55.57,Transfer,NY,2024-04-06 04:15:00,0
TXN0009234,25.98,Transfer,TX,2024-04-06 04:30:00,0
TXN0009235,5.21,ATM,TX,2024-04-06 04:45:00,0
TXN0009236,111.78,Online,TX,2024-04-06 05:00:00,0
TXN0009237,81.84,Transfer,NY,2024-04-06 05:15:00,0
TXN0009238,8.92,Online,IL,2024-04-06 05:30:00,0
TXN0009239,162.94,ATM,TX,2024-04-06 05:45:00,0
TXN0009240,35.51,Transfer,FL,2024-04-06 06:00:00,0
TXN0009241,23.95,ATM,TX,2024-04-06 06:15:00,0
TXN0009242,193.44,Online,FL,2024-04-06 06:30:00,0
TXN0009243,1.11,ATM,TX,2024-04-06 06:45:00,0
TXN0009244,3.14,Transfer,CA,2024-04-06 07:00:00,0
TXN0009245,47.22,POS,WA,2024-04-06 07:15:00,0
TXN0009246,15.44,Online,CA,2024-04-06 07:30:00,0
TXN0009247,6.8,Transfer,IL,2024-04-06 07:45:00,0
TXN0009248,120.2,Online,FL,2024-04-06 08:00:00,0
TXN0009249,36.45,ATM,NY,2024-04-06 08:15:00,0
TXN0009250,4.63,Transfer,NY,2024-04-06 08:30:00,0
TXN0009251,9.53,POS,NY,2024-04-06 08:45:00,0
TXN0009252,55.51,ATM,IL,2024-04-06 09:00:00,0
TXN0009253,166.82,ATM,CA,2024-04-06 09:15:00,0
TXN0009254,1.98,ATM,TX,2024-04-06 09:30:00,0
TXN0009255,27.71,Transfer,NY,2024-04-06 09:45:00,0
TXN0009256,13.24,POS,CA,2024-04-06 10:00:00,0
TXN0009257,2.68,Online,CA,2024-04-06 10:15:00,0
TXN0009258,17.06,Online,IL,2024-04-06 10:30:00,0
TXN0009259,3.18,POS,TX,2024-04-06 10:45:00,0
TXN0009260,11.06,Online,CA,2024-04-06 11:00:00,0
TXN0009261,137.78,ATM,WA,2024-04-06 11:15:00,0
TXN0009262,37.87,Transfer,TX,2024-04-06 11:30:00,0
TXN0009263,51.81,Online,CA,2024-04-06 11:45:00,0
TXN0009264,41.91,Transfer,NY,2024-04-06 12:00:00,0
TXN0009265,31.48,ATM,NY,2024-04-06 12:15:00,0
TXN0009266,64.92,Transfer,FL,2024-04-06 12:30:00,0
TXN0009267,5.32,Transfer,NY,2024-04-06 12:45:00,0
TXN0009268,13.67,POS,IL,2024-04-06 13:00:00,0
TXN0009269,56.56,POS,CA,2024-04-06 13:15:00,0
TXN0009270,8.89,POS,TX,2024-04-06 13:30:00,0
TXN0009271,12.5,Online,NY,2024-04-06 13:45:00,0
TXN0009272,85.76,Online,WA,2024-04-06 14:00:00,0
TXN0009273,125.86,POS,NY,2024-04-06 14:15:00,0
TXN0009274,10.29,Online,NY,2024-04-06 14:30:00,0
TXN0009275,8.05,ATM,NY,2024-04-06 14:45:00,0
TXN0009276,41.47,Transfer,WA,2024-04-06 15:00:00,0
TXN0009277,28.77,ATM,FL,2024-04-06 15:15:00,0
TXN0009278,9.53,Online,NY,2024-04-06 15:30:00,0
TXN0009279,42.17,ATM,CA,2024-04-06 15:45:00,0
TXN0009280,40.14,Online,CA,2024-04-06 16:00:00,0
TXN0009281,23.09,Transfer,NY,2024-04-06 16:15:00,1
TXN0009282,655.98,Online,NY,2024-04-06 16:30:00,0
TXN0009283,103.22,Transfer,CA,2024-04-06 16:45:00,0
TXN0009284,54.59,POS,WA,2024-04-06 17:00:00,0
TXN0009285,69.75,POS,IL,2024-04-06 17:15:00,0
TXN0009286,675.15,Online,CA,2024-04-06 17:30:00,1
TXN0009287,76.14,POS,FL,2024-04-06 17:45:00,0
TXN0009288,9.07,POS,FL,2024-04-06 18:00:00,0
TXN0009289,30.68,Transfer,IL,2024-04-06 18:15:00,0
TXN0009290,22.96,POS,FL,2024-04-06 18:30:00,0
TXN0009291,10.84,Online,IL,2024-04-06 18:45:00,0
TXN0009292,28.59,ATM,FL,2024-04-06 19:00:00,0
TXN0009293,28.3,Online,FL,2024-04-06 19:15:00,0
TXN0009294,19.75,POS,TX,2024-04-06 19:30:00,0
TXN0009295,11.93,ATM,WA,2024-04-06 19:45:00,0
TXN0009296,55.73,POS,IL,2024-04-06 20:00:00,0
TXN0009297,3.25,POS,TX,2024-04-06 20:15:00,0
TXN0009298,55.46,ATM,WA,2024-04-06 20:30:00,0
TXN0009299,21.35,Transfer,TX,2024-04-06 20:45:00,1
TXN0009300,29.14,ATM,FL,2024-04-06 21:00:00,0
TXN0009301,1.3,POS,CA,2024-04-06 21:15:00,0
TXN0009302,151.5,Online,CA,2024-04-06 21:30:00,0
TXN0009303,2.77,POS,IL,2024-04-06 21:45:00,0
TXN0009304,7.66,ATM,WA,2024-04-06 22:00:00,0
TXN0009305,44.95,POS,TX,2024-04-06 22:15:00,0
TXN0009306,10.38,ATM,WA,2024-04-06 22:30:00,0
TXN0009307,13.1,Online,TX,2024-04-06 22:45:00,0
TXN0009308,1.54,Transfer,CA,2024-04-06 23:00:00,0
TXN0009309,12.66,POS,IL,2024-04-06 23:15:00,0
TXN0009310,27.11,POS,TX,2024-04-06 23:30:00,0
TXN0009311,46.9,ATM,NY,2024-04-06 23:45:00,0
TXN0009312,15.1,POS,WA,2024-04-07 00:00:00,0
TXN0009313,27.35,Online,FL,2024-04-07 00:15:00,0
TXN0009314,35.38,Online,FL,2024-04-07 00:30:00,1
TXN0009315,9.59,ATM,WA,2024-04-07 00:45:00,0
TXN0009316,8.77,Online,WA,2024-04-07 01:00:00,0
TXN0009317,211.62,POS,WA,2024-04-07 01:15:00,0
TXN0009318,7.79,Transfer,CA,2024-04-07 01:30:00,0
TXN0009319,90.06,POS,TX,2024-04-07 01:45:00,0
TXN0009320,23.01,Online,IL,2024-04-07 02:00:00,0
TXN0009321,119.47,Transfer,FL,2024-04-07 02:15:00,0
TXN0009322,10.0,Transfer,NY,2024-04-07 02:30:00,0
TXN0009323,38.91,POS,WA,2024-04-07 02:45:00,0
TXN0009324,31.26,ATM,NY,2024-04-07 03:00:00,0
TXN0009325,16.23,Transfer,FL,2024-04-07 03:15:00,0
TXN0009326,30.52,Online,CA,2024-04-07 03:30:00,0
TXN0009327,8.59,ATM,WA,2024-04-07 03:45:00,0
TXN0009328,19.29,Online,FL,2024-04-07 04:00:00,0
TXN0009329,13.26,Transfer,TX,2024-04-07 04:15:00,0
TXN0009330,51.86,ATM,WA,2024-04-07 04:30:00,0
TXN0009331,19.05,Transfer,FL,2024-04-07 04:45:00,0
TXN0009332,4.12,Transfer,NY,2024-04-07 05:00:00,0
TXN0009333,13.69,POS,NY,2024-04-07 05:15:00,0
TXN0009334,18.89,Online,FL,2024-04-07 05:30:00,0
TXN0009335,7.33,ATM,NY,2024-04-07 05:45:00,0
TXN0009336,101.37,ATM,NY,2024-04-07 06:00:00,0
TXN0009337,34.12,Online,TX,2024-04-07 06:15:00,0
TXN0009338,57.12,Online,WA,2024-04-07 06:30:00,0
TXN0009339,8.63,Transfer,FL,2024-04-07 06:45:00,0
TXN0009340,13.27,POS,CA,2024-04-07 07:00:00,0
TXN0009341,69.41,Online,IL,2024-04-07 07:15:00,0
TXN0009342,3.93,ATM,IL,2024-04-07 07:30:00,0
TXN0009343,32.67,POS,TX,2024-04-07 07:45:00,0
TXN0009344,23.56,Online,TX,2024-04-07 08:00:00,0
TXN0009345,11.77,Transfer,WA,2024-04-07 08:15:00,1
TXN0009346,23.59,Online,FL,2024-04-07 08:30:00,0
TXN0009347,5.98,ATM,TX,2024-04-07 08:45:00,1
TXN0009348,27.62,Online,CA,2024-04-07 09:00:00,0
TXN0009349,5.06,POS,CA,2024-04-07 09:15:00,0
TXN0009350,4.72,Transfer,TX,2024-04-07 09:30:00,0
TXN0009351,110.03,Online,TX,2024-04-07 09:45:00,0
TXN0009352,9.28,POS,WA,2024-04-07 10:00:00,0
TXN0009353,1.76,Online,NY,2024-04-07 10:15:00,0
TXN0009354,66.8,ATM,IL,2024-04-07 10:30:00,0
TXN0009355,8.54,Transfer,NY,2024-04-07 10:45:00,0
TXN0009356,0.33,ATM,WA,2024-04-07 11:00:00,0
TXN0009357,19.82,POS,CA,2024-04-07 11:15:00,0
TXN0009358,63.25,POS,CA,2024-04-07 11:30:00,0
TXN0009359,32.11,POS,WA,2024-04-07 11:45:00,0
TXN0009360,160.97,Online,IL,2024-04-07 12:00:00,0
TXN0009361,18.3,Online,WA,2024-04-07 12:15:00,0
TXN0009362,42.96,Transfer,FL,2024-04-07 12:30:00,0
TXN0009363,6.47,ATM,NY,2024-04-07 12:45:00,0
TXN0009364,25.73,POS,NY,2024-04-07 13:00:00,0
TXN0009365,129.05,ATM,CA,2024-04-07 13:15:00,0
TXN0009366,38.45,ATM,CA,2024-04-07 13:30:00,0
TXN0009367,25.71,Transfer,WA,2024-04-07 13:45:00,0
TXN0009368,2.06,ATM,CA,2024-04-07 14:00:00,0
TXN0009369,13.61,Transfer,TX,2024-04-07 14:15:00,0
TXN0009370,4.64,ATM,NY,2024-04-07 14:30:00,0
TXN0009371,53.1,Online,NY,2024-04-07 14:45:00,0
TXN0009372,8.88,POS,NY,2024-04-07 15:00:00,0
TXN0009373,32.53,Online,NY,2024-04-07 15:15:00,0
TXN0009374,6.51,POS,CA,2024-04-07 15:30:00,0
TXN0009375,196.7,POS,NY,2024-04-07 15:45:00,1
TXN0009376,5.32,POS,TX,2024-04-07 16:00:00,0
TXN0009377,24.98,POS,CA,2024-04-07 16:15:00,0
TXN0009378,473.1,POS,WA,2024-04-07 16:30:00,0
TXN0009379,27.38,Online,IL,2024-04-07 16:45:00,0
TXN0009380,7.58,POS,IL,2024-04-07 17:00:00,0
TXN0009381,43.9,Transfer,WA,2024-04-07 17:15:00,0
TXN0009382,68.54,POS,IL,2024-04-07 17:30:00,0
TXN0009383,59.42,POS,FL,2024-04-07 17:45:00,0
TXN0009384,2.07,POS,WA,2024-04-07 18:00:00,0
TXN0009385,27.44,Transfer,TX,2024-04-07 18:15:00,0
TXN0009386,1.72,Transfer,FL,2024-04-07 18:30:00,0
TXN0009387,200.25,POS,IL,2024-04-07 18:45:00,0
TXN0009388,23.13,POS,TX,2024-04-07 19:00:00,0
TXN0009389,12.33,Online,TX,2024-04-07 19:15:00,0
TXN0009390,47.1,POS,CA,2024-04-07 19:30:00,0
TXN0009391,37.85,POS,FL,2024-04-07 19:45:00,0
TXN0009392,5.24,POS,CA,2024-04-07 20:00:00,0
TXN0009393,145.33,ATM,IL,2024-04-07 20:15:00,0
TXN0009394,15.96,Online,NY,2024-04-07 20:30:00,0
TXN0009395,2.66,POS,NY,2024-04-07 20:45:00,0
TXN0009396,111.56,ATM,IL,2024-04-07 21:00:00,0
TXN0009397,130.71,Transfer,TX,2024-04-07 21:15:00,0
TXN0009398,94.06,Online,FL,2024-04-07 21:30:00,0
TXN0009399,40.76,POS,IL,2024-04-07 21:45:00,0
TXN0009400,7.4,Online,CA,2024-04-07 22:00:00,0
TXN0009401,64.65,ATM,NY,2024-04-07 22:15:00,0
TXN0009402,192.85,POS,IL,2024-04-07 22:30:00,0
TXN0009403,55.94,POS,TX,2024-04-07 22:45:00,0
TXN0009404,142.13,POS,CA,2024-04-07 23:00:00,0
TXN0009405,8.5,ATM,TX,2024-04-07 23:15:00,0
TXN0009406,71.39,Online,WA,2024-04-07 23:30:00,0
TXN0009407,64.78,ATM,NY,2024-04-07 23:45:00,0
TXN0009408,3.64,POS,NY,2024-04-08 00:00:00,0
TXN0009409,3.1,Transfer,WA,2024-04-08 00:15:00,0
TXN0009410,9.08,ATM,TX,2024-04-08 00:30:00,0
TXN0009411,23.5,ATM,NY,2024-04-08 00:45:00,0
TXN0009412,36.55,POS,NY,2024-04-08 01:00:00,0
TXN0009413,16.33,POS,IL,2024-04-08 01:15:00,0
TXN0009414,19.76,ATM,NY,2024-04-08 01:30:00,0
TXN0009415,18.68,ATM,NY,2024-04-08 01:45:00,0
TXN0009416,23.71,Transfer,NY,2024-04-08 02:00:00,0
TXN0009417,42.77,POS,CA,2024-04-08 02:15:00,0
TXN0009418,38.53,Online,WA,2024-04-08 02:30:00,0
TXN0009419,20.03,ATM,IL,2024-04-08 02:45:00,0
TXN0009420,29.09,Online,FL,2024-04-08 03:00:00,0
TXN0009421,12.5,Online,NY,2024-04-08 03:15:00,0
TXN0009422,55.14,Online,FL,2024-04-08 03:30:00,0
TXN0009423,11.74,Transfer,TX,2024-04-08 03:45:00,0
TXN0009424,150.64,Transfer,CA,2024-04-08 04:00:00,0
TXN0009425,20.79,Transfer,WA,2024-04-08 04:15:00,1
TXN0009426,29.65,Online,WA,2024-04-08 04:30:00,0
TXN0009427,8.66,Online,WA,2024-04-08 04:45:00,0
TXN0009428,14.19,POS,CA,2024-04-08 05:00:00,0
TXN0009429,26.03,Online,IL,2024-04-08 05:15:00,0
TXN0009430,21.89,Transfer,IL,2024-04-08 05:30:00,0
TXN0009431,10.21,ATM,CA,2024-04-08 05:45:00,0
TXN0009432,5.37,ATM,WA,2024-04-08 06:00:00,0
TXN0009433,22.45,ATM,NY,2024-04-08 06:15:00,0
TXN0009434,25.71,POS,CA,2024-04-08 06:30:00,1
TXN0009435,41.17,POS,TX,2024-04-08 06:45:00,0
TXN0009436,94.51,POS,TX,2024-04-08 07:00:00,0
TXN0009437,14.76,Transfer,NY,2024-04-08 07:15:00,0
TXN0009438,1.99,Transfer,IL,2024-04-08 07:30:00,0
TXN0009439,18.06,Online,CA,2024-04-08 07:45:00,0
TXN0009440,2.38,ATM,IL,2024-04-08 08:00:00,0
TXN0009441,4.63,ATM,FL,2024-04-08 08:15:00,0
TXN0009442,73.11,ATM,FL,2024-04-08 08:30:00,0
TXN0009443,42.09,POS,NY,2024-04-08 08:45:00,0
TXN0009444,9.94,POS,FL,2024-04-08 09:00:00,0
TXN0009445,10.05,Transfer,FL,2024-04-08 09:15:00,1
TXN0009446,19.27,POS,FL,2024-04-08 09:30:00,0
TXN0009447,2.64,ATM,FL,2024-04-08 09:45:00,0
TXN0009448,38.01,Online,TX,2024-04-08 10:00:00,0
TXN0009449,14.14,Transfer,CA,2024-04-08 10:15:00,0
TXN0009450,192.48,POS,WA,2024-04-08 10:30:00,0
TXN0009451,6.06,Transfer,NY,2024-04-08 10:45:00,0
TXN0009452,70.99,POS,NY,2024-04-08 11:00:00,0
TXN0009453,9.52,Online,TX,2024-04-08 11:15:00,0
TXN0009454,72.48,Transfer,TX,2024-04-08 11:30:00,0
TXN0009455,6.67,POS,TX,2024-04-08 11:45:00,0
TXN0009456,51.53,Transfer,FL,2024-04-08 12:00:00,0
TXN0009457,12.69,POS,FL,2024-04-08 12:15:00,0
TXN0009458,8.02,Transfer,CA,2024-04-08 12:30:00,0
TXN0009459,17.94,Online,IL,2024-04-08 12:45:00,0
TXN0009460,37.91,ATM,TX,2024-04-08 13:00:00,0
TXN0009461,34.8,Transfer,CA,2024-04-08 13:15:00,0
TXN0009462,141.42,Transfer,CA,2024-04-08 13:30:00,0
TXN0009463,57.28,Transfer,CA,2024-04-08 13:45:00,0
TXN0009464,0.92,Online,WA,2024-04-08 14:00:00,0
TXN0009465,13.31,Transfer,WA,2024-04-08 14:15:00,0
TXN0009466,1.99,ATM,CA,2024-04-08 14:30:00,0
TXN0009467,13.58,Online,FL,2024-04-08 14:45:00,0
TXN0009468,45.26,ATM,IL,2024-04-08 15:00:00,0
TXN0009469,4.35,Transfer,NY,2024-04-08 15:15:00,0
TXN0009470,5.24,Online,FL,2024-04-08 15:30:00,0
TXN0009471,25.53,Transfer,NY,2024-04-08 15:45:00,0
TXN0009472,15.23,Transfer,WA,2024-04-08 16:00:00,0
TXN0009473,142.55,Online,TX,2024-04-08 16:15:00,0
TXN0009474,31.6,POS,NY,2024-04-08 16:30:00,0
TXN0009475,40.61,POS,WA,2024-04-08 16:45:00,0
TXN0009476,174.03,Transfer,IL,2024-04-08 17:00:00,0
TXN0009477,11.81,ATM,NY,2024-04-08 17:15:00,1
TXN0009478,21.47,ATM,WA,2024-04-08 17:30:00,0
TXN0009479,6.57,POS,CA,2024-04-08 17:45:00,0
TXN0009480,29.28,ATM,CA,2024-04-08 18:00:00,0
TXN0009481,74.14,Online,WA,2024-04-08 18:15:00,0
TXN0009482,110.51,Transfer,FL,2024-04-08 18:30:00,0
TXN0009483,20.61,ATM,IL,2024-04-08 18:45:00,0
TXN0009484,9.2,ATM,NY,2024-04-08 19:00:00,0
TXN0009485,8.61,ATM,TX,2024-04-08 19:15:00,0
TXN0009486,4.06,Online,FL,2024-04-08 19:30:00,0
TXN0009487,24.9,Online,WA,2024-04-08 19:45:00,0
TXN0009488,109.52,Online,CA,2024-04-08 20:00:00,0
TXN0009489,1.26,POS,WA,2024-04-08 20:15:00,0
TXN0009490,1.6,POS,CA,2024-04-08 20:30:00,0
TXN0009491,115.37,Transfer,FL,2024-04-08 20:45:00,0
TXN0009492,3.14,Online,IL,2024-04-08 21:00:00,0
TXN0009493,32.06,Online,TX,2024-04-08 21:15:00,0
TXN0009494,4.78,Transfer,IL,2024-04-08 21:30:00,0
TXN0009495,55.07,Online,FL,2024-04-08 21:45:00,0
TXN0009496,55.12,Online,CA,2024-04-08 22:00:00,0
TXN0009497,26.45,Transfer,IL,2024-04-08 22:15:00,0
TXN0009498,58.08,POS,WA,2024-04-08 22:30:00,0
TXN0009499,22.97,Transfer,FL,2024-04-08 22:45:00,0
TXN0009500,42.51,ATM,NY,2024-04-08 23:00:00,0
TXN0009501,192.38,ATM,IL,2024-04-08 23:15:00,0
TXN0009502,80.7,Transfer,TX,2024-04-08 23:30:00,0
TXN0009503,9.85,Online,FL,2024-04-08 23:45:00,0
TXN0009504,8.28,ATM,TX,2024-04-09 00:00:00,0
TXN0009505,16.29,Online,FL,2024-04-09 00:15:00,1
TXN0009506,16.49,Online,CA,2024-04-09 00:30:00,0
TXN0009507,23.64,POS,WA,2024-04-09 00:45:00,0
TXN0009508,10.53,Online,TX,2024-04-09 01:00:00,0
TXN0009509,47.47,Transfer,WA,2024-04-09 01:15:00,0
TXN0009510,22.74,Online,NY,2024-04-09 01:30:00,0
TXN0009511,33.53,POS,CA,2024-04-09 01:45:00,0
TXN0009512,21.93,ATM,NY,2024-04-09 02:00:00,0
TXN0009513,45.47,Transfer,CA,2024-04-09 02:15:00,0
TXN0009514,5.19,ATM,NY,2024-04-09 02:30:00,0
TXN0009515,144.83,Transfer,IL,2024-04-09 02:45:00,0
TXN0009516,33.01,ATM,FL,2024-04-09 03:00:00,0
TXN0009517,37.38,POS,WA,2024-04-09 03:15:00,0
TXN0009518,45.4,ATM,FL,2024-04-09 03:30:00,0
TXN0009519,79.86,Transfer,NY,2024-04-09 03:45:00,0
TXN0009520,52.8,Online,CA,2024-04-09 04:00:00,0
TXN0009521,29.04,ATM,TX,2024-04-09 04:15:00,0
TXN0009522,17.59,POS,IL,2024-04-09 04:30:00,0
TXN0009523,3.05,ATM,WA,2024-04-09 04:45:00,0
TXN0009524,28.3,Online,IL,2024-04-09 05:00:00,0
TXN0009525,15.06,POS,IL,2024-04-09 05:15:00,0
TXN0009526,15.04,POS,IL,2024-04-09 05:30:00,0
TXN0009527,391.76,Transfer,IL,2024-04-09 05:45:00,0
TXN0009528,2.36,Transfer,TX,2024-04-09 06:00:00,0
TXN0009529,23.46,ATM,IL,2024-04-09 06:15:00,0
TXN0009530,93.94,Transfer,IL,2024-04-09 06:30:00,0
TXN0009531,69.52,POS,TX,2024-04-09 06:45:00,0
TXN0009532,97.18,ATM,FL,2024-04-09 07:00:00,0
TXN0009533,4.8,POS,WA,2024-04-09 07:15:00,0
TXN0009534,6.94,ATM,WA,2024-04-09 07:30:00,0
TXN0009535,46.22,Online,IL,2024-04-09 07:45:00,0
TXN0009536,15.43,ATM,NY,2024-04-09 08:00:00,0
TXN0009537,171.59,Online,WA,2024-04-09 08:15:00,0
TXN0009538,28.98,ATM,CA,2024-04-09 08:30:00,0
TXN0009539,27.89,POS,IL,2024-04-09 08:45:00,0
TXN0009540,37.44,ATM,IL,2024-04-09 09:00:00,0
TXN0009541,15.93,ATM,TX,2024-04-09 09:15:00,0
TXN0009542,25.48,ATM,CA,2024-04-09 09:30:00,0
TXN0009543,9.84,ATM,IL,2024-04-09 09:45:00,0
TXN0009544,21.15,ATM,WA,2024-04-09 10:00:00,0
TXN0009545,12.39,ATM,WA,2024-04-09 10:15:00,0
TXN0009546,30.11,ATM,IL,2024-04-09 10:30:00,0
TXN0009547,4.05,POS,TX,2024-04-09 10:45:00,1
TXN0009548,3.7,Online,FL,2024-04-09 11:00:00,1
TXN0009549,38.48,ATM,IL,2024-04-09 11:15:00,0
TXN0009550,29.11,Transfer,CA,2024-04-09 11:30:00,0
TXN0009551,6.98,Online,FL,2024-04-09 11:45:00,0
TXN0009552,16.91,ATM,WA,2024-04-09 12:00:00,0
TXN0009553,6.31,Online,WA,2024-04-09 12:15:00,0
TXN0009554,256.92,ATM,NY,2024-04-09 12:30:00,0
TXN0009555,3.41,Online,FL,2024-04-09 12:45:00,0
TXN0009556,173.64,ATM,TX,2024-04-09 13:00:00,0
TXN0009557,8.28,POS,TX,2024-04-09 13:15:00,0
TXN0009558,36.88,POS,FL,2024-04-09 13:30:00,0
TXN0009559,16.24,Transfer,IL,2024-04-09 13:45:00,0
TXN0009560,14.1,POS,IL,2024-04-09 14:00:00,0
TXN0009561,68.46,POS,CA,2024-04-09 14:15:00,0
TXN0009562,59.28,Online,IL,2024-04-09 14:30:00,0
TXN0009563,15.75,ATM,TX,2024-04-09 14:45:00,0
TXN0009564,7.49,Transfer,NY,2024-04-09 15:00:00,0
TXN0009565,268.08,Transfer,NY,2024-04-09 15:15:00,0
TXN0009566,120.21,Online,CA,2024-04-09 15:30:00,0
TXN0009567,26.43,POS,TX,2024-04-09 15:45:00,0
TXN0009568,15.62,ATM,CA,2024-04-09 16:00:00,0
TXN0009569,31.73,POS,WA,2024-04-09 16:15:00,0
TXN0009570,24.64,ATM,CA,2024-04-09 16:30:00,0
TXN0009571,93.8,Online,WA,2024-04-09 16:45:00,0
TXN0009572,7.01,POS,CA,2024-04-09 17:00:00,0
TXN0009573,22.9,POS,TX,2024-04-09 17:15:00,0
TXN0009574,8.72,Online,IL,2024-04-09 17:30:00,0
TXN0009575,107.18,Transfer,CA,2024-04-09 17:45:00,0
TXN0009576,194.46,POS,TX,2024-04-09 18:00:00,0
TXN0009577,20.03,Transfer,TX,2024-04-09 18:15:00,0
TXN0009578,42.71,POS,CA,2024-04-09 18:30:00,0
TXN0009579,120.85,ATM,WA,2024-04-09 18:45:00,0
TXN0009580,15.61,ATM,NY,2024-04-09 19:00:00,0
TXN0009581,7.3,ATM,IL,2024-04-09 19:15:00,0
TXN0009582,77.93,Transfer,FL,2024-04-09 19:30:00,0
TXN0009583,41.08,Transfer,TX,2024-04-09 19:45:00,0
TXN0009584,17.45,Online,IL,2024-04-09 20:00:00,0
TXN0009585,129.15,POS,IL,2024-04-09 20:15:00,0
TXN0009586,29.72,ATM,IL,2024-04-09 20:30:00,0
TXN0009587,2.64,POS,CA,2024-04-09 20:45:00,0
TXN0009588,33.93,Online,IL,2024-04-09 21:00:00,1
TXN0009589,20.86,Transfer,TX,2024-04-09 21:15:00,0
TXN0009590,213.91,ATM,WA,2024-04-09 21:30:00,0
TXN0009591,21.96,Transfer,IL,2024-04-09 21:45:00,0
TXN0009592,17.49,Transfer,FL,2024-04-09 22:00:00,1
TXN0009593,37.85,Transfer,NY,2024-04-09 22:15:00,0
TXN0009594,30.07,POS,FL,2024-04-09 22:30:00,0
TXN0009595,4.14,ATM,FL,2024-04-09 22:45:00,0
TXN0009596,25.87,ATM,NY,2024-04-09 23:00:00,0
TXN0009597,15.13,Online,FL,2024-04-09 23:15:00,0
TXN0009598,120.94,Transfer,WA,2024-04-09 23:30:00,0
TXN0009599,399.43,ATM,CA,2024-04-09 23:45:00,0
TXN0009600,5.87,POS,CA,2024-04-10 00:00:00,0
TXN0009601,7.04,POS,FL,2024-04-10 00:15:00,0
TXN0009602,8.16,Transfer,FL,2024-04-10 00:30:00,0
TXN0009603,10.2,POS,NY,2024-04-10 00:45:00,0
TXN0009604,9.8,Online,IL,2024-04-10 01:00:00,0
TXN0009605,23.94,ATM,CA,2024-04-10 01:15:00,0
TXN0009606,82.9,POS,IL,2024-04-10 01:30:00,0
TXN0009607,4.71,Transfer,CA,2024-04-10 01:45:00,0
TXN0009608,3.54,POS,CA,2024-04-10 02:00:00,0
TXN0009609,2.46,Transfer,IL,2024-04-10 02:15:00,0
TXN0009610,84.55,POS,TX,2024-04-10 02:30:00,0
TXN0009611,110.34,Transfer,IL,2024-04-10 02:45:00,0
TXN0009612,3.56,ATM,FL,2024-04-10 03:00:00,0
TXN0009613,3.17,Online,FL,2024-04-10 03:15:00,0
TXN0009614,26.26,ATM,TX,2024-04-10 03:30:00,0
TXN0009615,83.36,POS,TX,2024-04-10 03:45:00,0
TXN0009616,75.92,Transfer,CA,2024-04-10 04:00:00,0
TXN0009617,28.34,ATM,TX,2024-04-10 04:15:00,0
TXN0009618,50.94,POS,TX,2024-04-10 04:30:00,0
TXN0009619,33.28,Online,CA,2024-04-10 04:45:00,0
TXN0009620,11.56,Transfer,TX,2024-04-10 05:00:00,0
TXN0009621,222.07,ATM,TX,2024-04-10 05:15:00,0
TXN0009622,22.45,Transfer,NY,2024-04-10 05:30:00,0
TXN0009623,5.92,Online,IL,2024-04-10 05:45:00,0
TXN0009624,12.82,Online,NY,2024-04-10 06:00:00,0
TXN0009625,3.53,POS,CA,2024-04-10 06:15:00,0
TXN0009626,22.95,Online,TX,2024-04-10 06:30:00,0
TXN0009627,83.85,POS,FL,2024-04-10 06:45:00,0
TXN0009628,4.93,Transfer,IL,2024-04-10 07:00:00,0
TXN0009629,87.02,ATM,NY,2024-04-10 07:15:00,0
TXN0009630,277.51,POS,IL,2024-04-10 07:30:00,0
TXN0009631,35.43,POS,FL,2024-04-10 07:45:00,0
TXN0009632,5.61,POS,IL,2024-04-10 08:00:00,0
TXN0009633,8.08,Online,NY,2024-04-10 08:15:00,0
TXN0009634,15.06,POS,TX,2024-04-10 08:30:00,0
TXN0009635,4.83,Online,NY,2024-04-10 08:45:00,0
TXN0009636,5.02,Online,NY,2024-04-10 09:00:00,0
TXN0009637,16.48,Transfer,WA,2024-04-10 09:15:00,0
TXN0009638,18.12,POS,TX,2024-04-10 09:30:00,0
TXN0009639,46.56,Online,FL,2024-04-10 09:45:00,0
TXN0009640,5.33,ATM,TX,2024-04-10 10:00:00,0
TXN0009641,213.01,ATM,NY,2024-04-10 10:15:00,0
TXN0009642,80.48,ATM,CA,2024-04-10 10:30:00,0
TXN0009643,65.56,ATM,FL,2024-04-10 10:45:00,0
TXN0009644,10.3,Online,TX,2024-04-10 11:00:00,0
TXN0009645,181.67,Online,CA,2024-04-10 11:15:00,0
TXN0009646,14.91,POS,WA,2024-04-10 11:30:00,0
TXN0009647,199.1,POS,WA,2024-04-10 11:45:00,0
TXN0009648,81.46,Transfer,WA,2024-04-10 12:00:00,0
TXN0009649,7.67,Transfer,CA,2024-04-10 12:15:00,0
TXN0009650,13.05,Online,WA,2024-04-10 12:30:00,0
TXN0009651,212.82,Transfer,TX,2024-04-10 12:45:00,0
TXN0009652,74.93,POS,FL,2024-04-10 13:00:00,0
TXN0009653,18.68,Online,WA,2024-04-10 13:15:00,0
TXN0009654,28.77,POS,TX,2024-04-10 13:30:00,0
TXN0009655,28.58,Transfer,TX,2024-04-10 13:45:00,0
TXN0009656,8.9,Transfer,TX,2024-04-10 14:00:00,0
TXN0009657,17.71,POS,CA,2024-04-10 14:15:00,0
TXN0009658,10.19,POS,FL,2024-04-10 14:30:00,0
TXN0009659,13.46,ATM,FL,2024-04-10 14:45:00,0
TXN0009660,39.44,POS,TX,2024-04-10 15:00:00,0
TXN0009661,7.13,Online,IL,2024-04-10 15:15:00,0
TXN0009662,53.89,ATM,WA,2024-04-10 15:30:00,0
TXN0009663,25.7,ATM,FL,2024-04-10 15:45:00,0
TXN0009664,56.29,Online,IL,2024-04-10 16:00:00,0
TXN0009665,65.55,ATM,TX,2024-04-10 16:15:00,0
TXN0009666,100.68,POS,CA,2024-04-10 16:30:00,0
TXN0009667,47.91,POS,WA,2024-04-10 16:45:00,0
TXN0009668,52.68,POS,CA,2024-04-10 17:00:00,0
TXN0009669,18.14,POS,FL,2024-04-10 17:15:00,1
TXN0009670,44.63,Online,NY,2024-04-10 17:30:00,0
TXN0009671,7.63,ATM,FL,2024-04-10 17:45:00,0
TXN0009672,16.75,POS,TX,2024-04-10 18:00:00,0
TXN0009673,55.4,POS,CA,2024-04-10 18:15:00,0
TXN0009674,21.15,POS,WA,2024-04-10 18:30:00,0
TXN0009675,38.48,POS,IL,2024-04-10 18:45:00,0
TXN0009676,6.32,ATM,IL,2024-04-10 19:00:00,0
TXN0009677,116.57,ATM,FL,2024-04-10 19:15:00,0
TXN0009678,11.25,Transfer,TX,2024-04-10 19:30:00,0
TXN0009679,36.22,Transfer,FL,2024-04-10 19:45:00,0
TXN0009680,21.91,Transfer,IL,2024-04-10 20:00:00,0
TXN0009681,69.1,ATM,TX,2024-04-10 20:15:00,0
TXN0009682,14.21,POS,IL,2024-04-10 20:30:00,0
TXN0009683,6.76,POS,WA,2024-04-10 20:45:00,0
TXN0009684,2.3,ATM,TX,2024-04-10 21:00:00,0
TXN0009685,15.57,Transfer,IL,2024-04-10 21:15:00,0
TXN0009686,5.36,Online,NY,2024-04-10 21:30:00,0
TXN0009687,42.82,POS,TX,2024-04-10 21:45:00,0
TXN0009688,127.45,POS,IL,2024-04-10 22:00:00,0
TXN0009689,1.55,POS,WA,2024-04-10 22:15:00,0
TXN0009690,4.77,Online,TX,2024-04-10 22:30:00,0
TXN0009691,32.64,POS,IL,2024-04-10 22:45:00,0
TXN0009692,99.37,POS,FL,2024-04-10 23:00:00,0
TXN0009693,32.51,POS,FL,2024-04-10 23:15:00,0
TXN0009694,33.24,POS,FL,2024-04-10 23:30:00,0
TXN0009695,41.37,Transfer,FL,2024-04-10 23:45:00,0
TXN0009696,44.97,ATM,NY,2024-04-11 00:00:00,0
TXN0009697,162.68,Online,NY,2024-04-11 00:15:00,0
TXN0009698,47.04,Transfer,IL,2024-04-11 00:30:00,0
TXN0009699,5.05,Transfer,FL,2024-04-11 00:45:00,0
TXN0009700,12.74,Online,CA,2024-04-11 01:00:00,0
TXN0009701,28.97,Transfer,WA,2024-04-11 01:15:00,0
TXN0009702,8.47,POS,TX,2024-04-11 01:30:00,0
TXN0009703,16.44,Transfer,IL,2024-04-11 01:45:00,0
TXN0009704,11.95,Online,FL,2024-04-11 02:00:00,1
TXN0009705,9.67,Transfer,IL,2024-04-11 02:15:00,0
TXN0009706,51.9,ATM,TX,2024-04-11 02:30:00,0
TXN0009707,14.08,POS,IL,2024-04-11 02:45:00,0
TXN0009708,6.03,ATM,CA,2024-04-11 03:00:00,0
TXN0009709,9.5,ATM,FL,2024-04-11 03:15:00,0
TXN0009710,23.54,POS,WA,2024-04-11 03:30:00,0
TXN0009711,286.83,POS,IL,2024-04-11 03:45:00,0
TXN0009712,30.72,Transfer,NY,2024-04-11 04:00:00,0
TXN0009713,134.61,ATM,NY,2024-04-11 04:15:00,0
TXN0009714,40.84,Transfer,NY,2024-04-11 04:30:00,0
TXN0009715,1.69,ATM,TX,2024-04-11 04:45:00,0
TXN0009716,35.52,ATM,TX,2024-04-11 05:00:00,0
TXN0009717,8.05,Online,TX,2024-04-11 05:15:00,0
TXN0009718,4.39,ATM,WA,2024-04-11 05:30:00,0
TXN0009719,6.13,ATM,IL,2024-04-11 05:45:00,0
TXN0009720,194.51,Online,NY,2024-04-11 06:00:00,0
TXN0009721,3.35,ATM,TX,2024-04-11 06:15:00,0
TXN0009722,10.64,ATM,IL,2024-04-11 06:30:00,0
TXN0009723,90.98,ATM,IL,2024-04-11 06:45:00,0
TXN0009724,50.15,Online,TX,2024-04-11 07:00:00,0
TXN0009725,2.85,POS,TX,2024-04-11 07:15:00,0
TXN0009726,19.65,POS,NY,2024-04-11 07:30:00,0
TXN0009727,12.05,Online,NY,2024-04-11 07:45:00,0
TXN0009728,17.75,Transfer,TX,2024-04-11 08:00:00,0
TXN0009729,55.69,ATM,WA,2024-04-11 08:15:00,0
TXN0009730,11.2,ATM,IL,2024-04-11 08:30:00,0
TXN0009731,15.26,Transfer,WA,2024-04-11 08:45:00,0
TXN0009732,130.89,ATM,TX,2024-04-11 09:00:00,0
TXN0009733,2.42,ATM,WA,2024-04-11 09:15:00,0
TXN0009734,14.32,Online,CA,2024-04-11 09:30:00,0
TXN0009735,39.59,Transfer,NY,2024-04-11 09:45:00,0
TXN0009736,4.98,ATM,TX,2024-04-11 10:00:00,0
TXN0009737,10.47,Transfer,IL,2024-04-11 10:15:00,0
TXN0009738,4.59,POS,NY,2024-04-11 10:30:00,0
TXN0009739,27.07,Online,WA,2024-04-11 10:45:00,0
TXN0009740,10.56,ATM,IL,2024-04-11 11:00:00,0
TXN0009741,58.04,Transfer,NY,2024-04-11 11:15:00,0
TXN0009742,77.02,Transfer,TX,2024-04-11 11:30:00,0
TXN0009743,23.71,POS,TX,2024-04-11 11:45:00,0
TXN0009744,14.17,Online,IL,2024-04-11 12:00:00,0
TXN0009745,30.71,ATM,FL,2024-04-11 12:15:00,0
TXN0009746,24.03,POS,IL,2024-04-11 12:30:00,0
TXN0009747,5.15,Transfer,CA,2024-04-11 12:45:00,0
TXN0009748,81.83,Online,WA,2024-04-11 13:00:00,0
TXN0009749,29.44,Online,TX,2024-04-11 13:15:00,0
TXN0009750,58.13,POS,TX,2024-04-11 13:30:00,0
TXN0009751,4.32,Online,FL,2024-04-11 13:45:00,0
TXN0009752,64.64,ATM,WA,2024-04-11 14:00:00,0
TXN0009753,285.97,POS,IL,2024-04-11 14:15:00,0
TXN0009754,47.15,Online,IL,2024-04-11 14:30:00,0
TXN0009755,3.88,ATM,TX,2024-04-11 14:45:00,0
TXN0009756,23.4,POS,FL,2024-04-11 15:00:00,0
TXN0009757,20.84,Transfer,WA,2024-04-11 15:15:00,0
TXN0009758,29.13,Transfer,IL,2024-04-11 15:30:00,0
TXN0009759,16.86,Transfer,FL,2024-04-11 15:45:00,0
TXN0009760,40.74,ATM,TX,2024-04-11 16:00:00,0
TXN0009761,12.74,ATM,CA,2024-04-11 16:15:00,0
TXN0009762,29.52,POS,TX,2024-04-11 16:30:00,0
TXN0009763,9.72,ATM,WA,2024-04-11 16:45:00,0
TXN0009764,25.19,POS,FL,2024-04-11 17:00:00,0
TXN0009765,74.52,Transfer,CA,2024-04-11 17:15:00,0
TXN0009766,12.34,Transfer,NY,2024-04-11 17:30:00,0
TXN0009767,50.07,POS,CA,2024-04-11 17:45:00,0
TXN0009768,7.63,POS,WA,2024-04-11 18:00:00,0
TXN0009769,14.23,ATM,NY,2024-04-11 18:15:00,0
TXN0009770,16.77,POS,IL,2024-04-11 18:30:00,0
TXN0009771,100.93,ATM,TX,2024-04-11 18:45:00,0
TXN0009772,8.83,ATM,NY,2024-04-11 19:00:00,0
TXN0009773,97.51,Online,TX,2024-04-11 19:15:00,0
TXN0009774,3.78,Transfer,TX,2024-04-11 19:30:00,0
TXN0009775,18.42,POS,CA,2024-04-11 19:45:00,0
TXN0009776,67.33,ATM,IL,2024-04-11 20:00:00,0
TXN0009777,51.74,Online,NY,2024-04-11 20:15:00,0
TXN0009778,6.56,POS,FL,2024-04-11 20:30:00,0
TXN0009779,5.06,POS,TX,2024-04-11 20:45:00,0
TXN0009780,64.49,Online,NY,2024-04-11 21:00:00,0
TXN0009781,4.83,ATM,CA,2024-04-11 21:15:00,0
TXN0009782,44.96,Online,NY,2024-04-11 21:30:00,0
TXN0009783,11.84,Online,WA,2024-04-11 21:45:00,0
TXN0009784,21.96,Online,FL,2024-04-11 22:00:00,0
TXN0009785,368.08,Online,WA,2024-04-11 22:15:00,0
TXN0009786,145.67,ATM,CA,2024-04-11 22:30:00,0
TXN0009787,61.58,Online,TX,2024-04-11 22:45:00,0
TXN0009788,4.19,POS,NY,2024-04-11 23:00:00,0
TXN0009789,32.78,Transfer,NY,2024-04-11 23:15:00,0
TXN0009790,23.72,ATM,CA,2024-04-11 23:30:00,1
TXN0009791,19.68,Online,TX,2024-04-11 23:45:00,0
TXN0009792,112.41,Transfer,FL,2024-04-12 00:00:00,0
TXN0009793,2.76,Online,NY,2024-04-12 00:15:00,0
TXN0009794,32.67,Online,WA,2024-04-12 00:30:00,0
TXN0009795,25.89,POS,WA,2024-04-12 00:45:00,0
TXN0009796,8.93,ATM,WA,2024-04-12 01:00:00,0
TXN0009797,180.3,POS,CA,2024-04-12 01:15:00,0
TXN0009798,4.77,POS,TX,2024-04-12 01:30:00,0
TXN0009799,22.95,Transfer,IL,2024-04-12 01:45:00,0
TXN0009800,24.45,ATM,TX,2024-04-12 02:00:00,0
TXN0009801,1.55,Online,FL,2024-04-12 02:15:00,0
TXN0009802,3.91,POS,TX,2024-04-12 02:30:00,0
TXN0009803,6.84,Online,WA,2024-04-12 02:45:00,0
TXN0009804,57.67,Transfer,IL,2024-04-12 03:00:00,0
TXN0009805,69.83,POS,FL,2024-04-12 03:15:00,0
TXN0009806,45.59,Transfer,CA,2024-04-12 03:30:00,0
TXN0009807,29.65,Transfer,FL,2024-04-12 03:45:00,0
TXN0009808,1.54,Online,WA,2024-04-12 04:00:00,0
TXN0009809,28.78,POS,FL,2024-04-12 04:15:00,0
TXN0009810,11.87,ATM,TX,2024-04-12 04:30:00,0
TXN0009811,91.75,ATM,FL,2024-04-12 04:45:00,0
TXN0009812,113.45,POS,NY,2024-04-12 05:00:00,0
TXN0009813,334.85,POS,FL,2024-04-12 05:15:00,0
TXN0009814,52.34,Online,CA,2024-04-12 05:30:00,0
TXN0009815,59.54,Transfer,IL,2024-04-12 05:45:00,0
TXN0009816,6.32,ATM,TX,2024-04-12 06:00:00,0
TXN0009817,24.35,Online,NY,2024-04-12 06:15:00,0
TXN0009818,4.93,Transfer,TX,2024-04-12 06:30:00,0
TXN0009819,65.7,ATM,FL,2024-04-12 06:45:00,0
TXN0009820,5.18,ATM,NY,2024-04-12 07:00:00,0
TXN0009821,17.02,Transfer,TX,2024-04-12 07:15:00,0
TXN0009822,8.15,Online,IL,2024-04-12 07:30:00,0
TXN0009823,12.48,Transfer,TX,2024-04-12 07:45:00,0
TXN0009824,38.46,POS,IL,2024-04-12 08:00:00,0
TXN0009825,11.11,ATM,TX,2024-04-12 08:15:00,0
TXN0009826,28.82,ATM,IL,2024-04-12 08:30:00,0
TXN0009827,6.51,POS,WA,2024-04-12 08:45:00,0
TXN0009828,120.42,Online,WA,2024-04-12 09:00:00,0
TXN0009829,10.07,Transfer,WA,2024-04-12 09:15:00,0
TXN0009830,75.45,Online,IL,2024-04-12 09:30:00,0
TXN0009831,296.56,ATM,FL,2024-04-12 09:45:00,0
TXN0009832,1.14,POS,NY,2024-04-12 10:00:00,0
TXN0009833,6.59,Transfer,TX,2024-04-12 10:15:00,0
TXN0009834,17.13,ATM,IL,2024-04-12 10:30:00,0
TXN0009835,91.39,Transfer,CA,2024-04-12 10:45:00,0
TXN0009836,12.2,Online,NY,2024-04-12 11:00:00,0
TXN0009837,34.89,ATM,IL,2024-04-12 11:15:00,0
TXN0009838,9.04,ATM,IL,2024-04-12 11:30:00,0
TXN0009839,43.62,Online,TX,2024-04-12 11:45:00,0
TXN0009840,5.01,Transfer,NY,2024-04-12 12:00:00,0
TXN0009841,60.87,Transfer,WA,2024-04-12 12:15:00,0
TXN0009842,0.57,Transfer,WA,2024-04-12 12:30:00,0
TXN0009843,2.19,Online,TX,2024-04-12 12:45:00,0
TXN0009844,201.56,ATM,NY,2024-04-12 13:00:00,0
TXN0009845,27.08,ATM,CA,2024-04-12 13:15:00,0
TXN0009846,7.37,Online,CA,2024-04-12 13:30:00,0
TXN0009847,322.22,Online,WA,2024-04-12 13:45:00,0
TXN0009848,79.01,Transfer,CA,2024-04-12 14:00:00,0
TXN0009849,86.91,Online,TX,2024-04-12 14:15:00,0
TXN0009850,13.1,Online,FL,2024-04-12 14:30:00,0
TXN0009851,46.81,Transfer,WA,2024-04-12 14:45:00,0
TXN0009852,40.7,Transfer,IL,2024-04-12 15:00:00,0
TXN0009853,2.9,Transfer,TX,2024-04-12 15:15:00,0
TXN0009854,45.22,ATM,NY,2024-04-12 15:30:00,0
TXN0009855,17.48,POS,TX,2024-04-12 15:45:00,0
TXN0009856,105.42,Online,WA,2024-04-12 16:00:00,0
TXN0009857,108.01,POS,IL,2024-04-12 16:15:00,0
TXN0009858,9.98,ATM,IL,2024-04-12 16:30:00,0
TXN0009859,10.46,Online,TX,2024-04-12 16:45:00,0
TXN0009860,27.66,Transfer,TX,2024-04-12 17:00:00,0
TXN0009861,48.74,Online,CA,2024-04-12 17:15:00,0
TXN0009862,13.23,Transfer,FL,2024-04-12 17:30:00,0
TXN0009863,19.02,Online,FL,2024-04-12 17:45:00,0
TXN0009864,46.16,ATM,WA,2024-04-12 18:00:00,0
TXN0009865,36.68,Transfer,FL,2024-04-12 18:15:00,0
TXN0009866,90.7,Transfer,NY,2024-04-12 18:30:00,0
TXN0009867,29.27,Online,WA,2024-04-12 18:45:00,0
TXN0009868,7.38,Online,CA,2024-04-12 19:00:00,0
TXN0009869,2.52,Online,FL,2024-04-12 19:15:00,0
TXN0009870,58.98,Online,CA,2024-04-12 19:30:00,0
TXN0009871,14.51,ATM,IL,2024-04-12 19:45:00,0
TXN0009872,14.25,ATM,FL,2024-04-12 20:00:00,0
TXN0009873,15.3,Online,TX,2024-04-12 20:15:00,0
TXN0009874,3.18,POS,CA,2024-04-12 20:30:00,1
TXN0009875,13.51,Transfer,FL,2024-04-12 20:45:00,0
TXN0009876,0.9,POS,CA,2024-04-12 21:00:00,0
TXN0009877,13.31,Transfer,FL,2024-04-12 21:15:00,0
TXN0009878,7.27,ATM,TX,2024-04-12 21:30:00,0
TXN0009879,207.78,ATM,CA,2024-04-12 21:45:00,0
TXN0009880,37.72,Transfer,FL,2024-04-12 22:00:00,0
TXN0009881,16.76,POS,CA,2024-04-12 22:15:00,0
TXN0009882,26.59,POS,IL,2024-04-12 22:30:00,0
TXN0009883,53.33,ATM,NY,2024-04-12 22:45:00,0
TXN0009884,8.6,ATM,IL,2024-04-12 23:00:00,0
TXN0009885,16.42,ATM,WA,2024-04-12 23:15:00,0
TXN0009886,14.08,ATM,FL,2024-04-12 23:30:00,0
TXN0009887,460.92,Online,TX,2024-04-12 23:45:00,0
TXN0009888,23.8,ATM,FL,2024-04-13 00:00:00,0
TXN0009889,1.94,ATM,IL,2024-04-13 00:15:00,0
TXN0009890,57.95,ATM,FL,2024-04-13 00:30:00,0
TXN0009891,523.39,Transfer,NY,2024-04-13 00:45:00,0
TXN0009892,6.71,POS,WA,2024-04-13 01:00:00,0
TXN0009893,1571.08,POS,WA,2024-04-13 01:15:00,0
TXN0009894,20.13,POS,IL,2024-04-13 01:30:00,0
TXN0009895,74.48,Transfer,FL,2024-04-13 01:45:00,0
TXN0009896,10.85,POS,IL,2024-04-13 02:00:00,0
TXN0009897,15.59,Online,NY,2024-04-13 02:15:00,0
TXN0009898,4.77,POS,CA,2024-04-13 02:30:00,0
TXN0009899,5.91,Online,NY,2024-04-13 02:45:00,0
TXN0009900,1.55,ATM,CA,2024-04-13 03:00:00,0
TXN0009901,88.91,POS,IL,2024-04-13 03:15:00,0
TXN0009902,5.27,ATM,WA,2024-04-13 03:30:00,0
TXN0009903,34.26,ATM,CA,2024-04-13 03:45:00,0
TXN0009904,32.59,Transfer,CA,2024-04-13 04:00:00,0
TXN0009905,9.74,POS,NY,2024-04-13 04:15:00,0
TXN0009906,23.0,Transfer,CA,2024-04-13 04:30:00,0
TXN0009907,19.29,POS,TX,2024-04-13 04:45:00,0
TXN0009908,11.76,Online,FL,2024-04-13 05:00:00,0
TXN0009909,23.03,Online,TX,2024-04-13 05:15:00,0
TXN0009910,23.06,ATM,TX,2024-04-13 05:30:00,0
TXN0009911,6.15,POS,CA,2024-04-13 05:45:00,0
TXN0009912,4.37,Transfer,IL,2024-04-13 06:00:00,0
TXN0009913,7.59,Online,WA,2024-04-13 06:15:00,0
TXN0009914,25.13,POS,TX,2024-04-13 06:30:00,0
TXN0009915,119.41,Online,WA,2024-04-13 06:45:00,0
TXN0009916,132.99,POS,NY,2024-04-13 07:00:00,0
TXN0009917,31.87,Transfer,IL,2024-04-13 07:15:00,0
TXN0009918,69.68,ATM,FL,2024-04-13 07:30:00,0
TXN0009919,25.16,Transfer,NY,2024-04-13 07:45:00,0
TXN0009920,84.69,ATM,IL,2024-04-13 08:00:00,0
TXN0009921,25.3,Transfer,WA,2024-04-13 08:15:00,0
TXN0009922,35.11,Online,IL,2024-04-13 08:30:00,0
TXN0009923,15.18,POS,FL,2024-04-13 08:45:00,0
TXN0009924,21.43,POS,FL,2024-04-13 09:00:00,0
TXN0009925,226.05,ATM,NY,2024-04-13 09:15:00,0
TXN0009926,4.89,Transfer,FL,2024-04-13 09:30:00,0
TXN0009927,21.64,Transfer,NY,2024-04-13 09:45:00,0
TXN0009928,10.37,ATM,CA,2024-04-13 10:00:00,0
TXN0009929,70.78,Transfer,TX,2024-04-13 10:15:00,0
TXN0009930,204.17,Transfer,WA,2024-04-13 10:30:00,0
TXN0009931,14.64,Online,FL,2024-04-13 10:45:00,0
TXN0009932,0.69,POS,WA,2024-04-13 11:00:00,0
TXN0009933,46.17,Transfer,CA,2024-04-13 11:15:00,0
TXN0009934,46.2,Transfer,CA,2024-04-13 11:30:00,0
TXN0009935,2.67,POS,CA,2024-04-13 11:45:00,0
TXN0009936,15.94,POS,FL,2024-04-13 12:00:00,0
TXN0009937,19.8,ATM,TX,2024-04-13 12:15:00,0
TXN0009938,1.22,ATM,TX,2024-04-13 12:30:00,0
TXN0009939,49.67,Online,NY,2024-04-13 12:45:00,0
TXN0009940,37.1,Transfer,IL,2024-04-13 13:00:00,0
TXN0009941,28.91,POS,WA,2024-04-13 13:15:00,0
TXN0009942,5.76,ATM,CA,2024-04-13 13:30:00,0
TXN0009943,8.87,POS,CA,2024-04-13 13:45:00,0
TXN0009944,9.78,Transfer,FL,2024-04-13 14:00:00,0
TXN0009945,38.9,ATM,TX,2024-04-13 14:15:00,0
TXN0009946,6.32,POS,FL,2024-04-13 14:30:00,0
TXN0009947,132.18,POS,CA,2024-04-13 14:45:00,0
TXN0009948,34.3,POS,WA,2024-04-13 15:00:00,0
TXN0009949,1.43,Online,TX,2024-04-13 15:15:00,0
TXN0009950,173.79,Online,IL,2024-04-13 15:30:00,0
TXN0009951,26.07,Transfer,WA,2024-04-13 15:45:00,0
TXN0009952,10.8,Online,NY,2024-04-13 16:00:00,0
TXN0009953,24.3,POS,WA,2024-04-13 16:15:00,0
TXN0009954,2.21,Online,FL,2024-04-13 16:30:00,0
TXN0009955,27.08,Online,NY,2024-04-13 16:45:00,0
TXN0009956,1.0,ATM,CA,2024-04-13 17:00:00,0
TXN0009957,5.98,ATM,CA,2024-04-13 17:15:00,0
TXN0009958,115.34,POS,NY,2024-04-13 17:30:00,0
TXN0009959,102.76,Transfer,CA,2024-04-13 17:45:00,0
TXN0009960,13.95,POS,WA,2024-04-13 18:00:00,0
TXN0009961,6.4,Online,WA,2024-04-13 18:15:00,1
TXN0009962,68.15,Transfer,CA,2024-04-13 18:30:00,0
TXN0009963,20.02,Online,WA,2024-04-13 18:45:00,0
TXN0009964,27.74,ATM,IL,2024-04-13 19:00:00,0
TXN0009965,46.5,Online,WA,2024-04-13 19:15:00,0
TXN0009966,5.57,Transfer,WA,2024-04-13 19:30:00,0
TXN0009967,57.22,ATM,TX,2024-04-13 19:45:00,0
TXN0009968,1.52,Transfer,NY,2024-04-13 20:00:00,0
TXN0009969,131.82,ATM,WA,2024-04-13 20:15:00,0
TXN0009970,3.0,ATM,FL,2024-04-13 20:30:00,0
TXN0009971,9.7,Transfer,CA,2024-04-13 20:45:00,0
TXN0009972,9.21,Online,IL,2024-04-13 21:00:00,0
TXN0009973,52.66,POS,FL,2024-04-13 21:15:00,0
TXN0009974,53.82,ATM,IL,2024-04-13 21:30:00,0
TXN0009975,33.19,Online,CA,2024-04-13 21:45:00,0
TXN0009976,41.72,ATM,NY,2024-04-13 22:00:00,1
TXN0009977,38.02,Transfer,FL,2024-04-13 22:15:00,0
TXN0009978,19.33,Transfer,CA,2024-04-13 22:30:00,0
TXN0009979,1.94,Online,WA,2024-04-13 22:45:00,0
TXN0009980,1.19,ATM,NY,2024-04-13 23:00:00,0
TXN0009981,1.19,ATM,WA,2024-04-13 23:15:00,0
TXN0009982,19.9,POS,NY,2024-04-13 23:30:00,0
TXN0009983,15.88,Online,TX,2024-04-13 23:45:00,0
TXN0009984,17.73,Online,WA,2024-04-14 00:00:00,0
TXN0009985,27.94,Transfer,TX,2024-04-14 00:15:00,0
TXN0009986,15.71,Online,TX,2024-04-14 00:30:00,0
TXN0009987,6.04,Online,CA,2024-04-14 00:45:00,0
TXN0009988,3.22,Transfer,IL,2024-04-14 01:00:00,0
TXN0009989,1.96,Online,IL,2024-04-14 01:15:00,0
TXN0009990,96.34,Transfer,FL,2024-04-14 01:30:00,1
TXN0009991,65.48,Online,NY,2024-04-14 01:45:00,0
TXN0009992,3.86,Transfer,TX,2024-04-14 02:00:00,0
TXN0009993,14.91,Transfer,FL,2024-04-14 02:15:00,0
TXN0009994,36.48,Online,WA,2024-04-14 02:30:00,0
TXN0009995,154.53,ATM,IL,2024-04-14 02:45:00,0
TXN0009996,9.88,Online,IL,2024-04-14 03:00:00,0
TXN0009997,26.11,ATM,TX,2024-04-14 03:15:00,0
TXN0009998,89.33,Online,NY,2024-04-14 03:30:00,0
TXN0009999,2.38,Online,CA,2024-04-14 03:45:00,0
TXN0010000,8.36,ATM,NY,2024-04-14 04:00:00,0
TXN0010001,19.94,Transfer,TX,2024-04-14 04:15:00,0
TXN0010002,8.49,ATM,IL,2024-04-14 04:30:00,0
TXN0010003,295.49,Transfer,IL,2024-04-14 04:45:00,0
TXN0010004,62.07,POS,FL,2024-04-14 05:00:00,0
TXN0010005,26.76,POS,TX,2024-04-14 05:15:00,0
TXN0010006,6.28,POS,WA,2024-04-14 05:30:00,0
TXN0010007,61.95,ATM,WA,2024-04-14 05:45:00,0
TXN0010008,46.19,POS,IL,2024-04-14 06:00:00,0
TXN0010009,10.95,Transfer,IL,2024-04-14 06:15:00,0
TXN0010010,12.11,Online,TX,2024-04-14 06:30:00,0
TXN0010011,3.34,ATM,NY,2024-04-14 06:45:00,0
TXN0010012,18.94,Online,IL,2024-04-14 07:00:00,0
TXN0010013,61.75,POS,IL,2024-04-14 07:15:00,0
TXN0010014,73.11,POS,NY,2024-04-14 07:30:00,0
TXN0010015,43.14,ATM,IL,2024-04-14 07:45:00,0
TXN0010016,58.58,POS,IL,2024-04-14 08:00:00,0
TXN0010017,9.96,Online,WA,2024-04-14 08:15:00,0
TXN0010018,11.55,POS,WA,2024-04-14 08:30:00,0
TXN0010019,94.2,Online,IL,2024-04-14 08:45:00,0
TXN0010020,36.63,Online,FL,2024-04-14 09:00:00,0
TXN0010021,7.69,ATM,IL,2024-04-14 09:15:00,0
TXN0010022,38.98,Online,WA,2024-04-14 09:30:00,0
TXN0010023,58.89,POS,NY,2024-04-14 09:45:00,0
TXN0010024,50.45,POS,IL,2024-04-14 10:00:00,0
TXN0010025,23.79,POS,CA,2024-04-14 10:15:00,0
TXN0010026,10.89,ATM,FL,2024-04-14 10:30:00,0
TXN0010027,34.26,ATM,TX,2024-04-14 10:45:00,0
TXN0010028,173.56,Online,NY,2024-04-14 11:00:00,0
TXN0010029,24.97,POS,TX,2024-04-14 11:15:00,0
TXN0010030,8.99,Online,NY,2024-04-14 11:30:00,0
TXN0010031,31.75,POS,NY,2024-04-14 11:45:00,0
TXN0010032,4.43,POS,WA,2024-04-14 12:00:00,0
TXN0010033,27.65,Transfer,FL,2024-04-14 12:15:00,0
TXN0010034,14.26,ATM,IL,2024-04-14 12:30:00,0
TXN0010035,68.77,Online,FL,2024-04-14 12:45:00,0
TXN0010036,23.59,Online,FL,2024-04-14 13:00:00,0
TXN0010037,77.12,Transfer,CA,2024-04-14 13:15:00,0
TXN0010038,368.58,Transfer,WA,2024-04-14 13:30:00,0
TXN0010039,15.78,Transfer,FL,2024-04-14 13:45:00,0
TXN0010040,7.29,Transfer,IL,2024-04-14 14:00:00,0
TXN0010041,36.8,POS,IL,2024-04-14 14:15:00,0
TXN0010042,18.55,ATM,IL,2024-04-14 14:30:00,0
TXN0010043,24.72,ATM,CA,2024-04-14 14:45:00,0
TXN0010044,9.74,POS,NY,2024-04-14 15:00:00,0
TXN0010045,41.46,Transfer,IL,2024-04-14 15:15:00,0
TXN0010046,22.56,ATM,FL,2024-04-14 15:30:00,0
TXN0010047,1.39,ATM,CA,2024-04-14 15:45:00,0
TXN0010048,15.39,POS,NY,2024-04-14 16:00:00,0
TXN0010049,31.37,Online,WA,2024-04-14 16:15:00,0
TXN0010050,90.11,Transfer,WA,2024-04-14 16:30:00,0
TXN0010051,10.04,POS,WA,2024-04-14 16:45:00,0
TXN0010052,7.58,ATM,TX,2024-04-14 17:00:00,1
TXN0010053,86.8,ATM,NY,2024-04-14 17:15:00,0
TXN0010054,9.64,Transfer,CA,2024-04-14 17:30:00,0
TXN0010055,23.54,ATM,FL,2024-04-14 17:45:00,0
TXN0010056,37.25,Online,TX,2024-04-14 18:00:00,0
TXN0010057,51.85,POS,IL,2024-04-14 18:15:00,0
TXN0010058,20.85,Online,CA,2024-04-14 18:30:00,0
TXN0010059,5.15,ATM,NY,2024-04-14 18:45:00,0
TXN0010060,72.87,POS,NY,2024-04-14 19:00:00,0
TXN0010061,12.0,ATM,TX,2024-04-14 19:15:00,0
TXN0010062,10.77,Transfer,IL,2024-04-14 19:30:00,0
TXN0010063,252.2,Transfer,CA,2024-04-14 19:45:00,0
TXN0010064,61.73,POS,IL,2024-04-14 20:00:00,0
TXN0010065,5.49,Transfer,WA,2024-04-14 20:15:00,0
TXN0010066,11.31,Transfer,WA,2024-04-14 20:30:00,0
TXN0010067,15.17,POS,NY,2024-04-14 20:45:00,0
TXN0010068,8.09,Transfer,TX,2024-04-14 21:00:00,0
TXN0010069,1.89,Transfer,TX,2024-04-14 21:15:00,0
TXN0010070,56.02,ATM,FL,2024-04-14 21:30:00,0
TXN0010071,54.21,Online,TX,2024-04-14 21:45:00,0
TXN0010072,27.92,ATM,CA,2024-04-14 22:00:00,0
TXN0010073,12.48,ATM,CA,2024-04-14 22:15:00,1
TXN0010074,26.82,Transfer,CA,2024-04-14 22:30:00,0
TXN0010075,45.62,Online,WA,2024-04-14 22:45:00,0
TXN0010076,5.62,POS,FL,2024-04-14 23:00:00,0
TXN0010077,13.6,Online,NY,2024-04-14 23:15:00,0
TXN0010078,10.25,ATM,TX,2024-04-14 23:30:00,0
TXN0010079,48.99,ATM,CA,2024-04-14 23:45:00,0
TXN0010080,28.49,Transfer,CA,2024-04-15 00:00:00,0
TXN0010081,4.08,ATM,CA,2024-04-15 00:15:00,0
TXN0010082,9.54,Transfer,TX,2024-04-15 00:30:00,0
TXN0010083,185.52,Transfer,WA,2024-04-15 00:45:00,0
TXN0010084,6.14,Transfer,WA,2024-04-15 01:00:00,0
TXN0010085,24.79,Transfer,CA,2024-04-15 01:15:00,1
TXN0010086,9.38,Online,FL,2024-04-15 01:30:00,0
TXN0010087,97.0,Transfer,WA,2024-04-15 01:45:00,0
TXN0010088,18.96,ATM,FL,2024-04-15 02:00:00,0
TXN0010089,11.92,POS,WA,2024-04-15 02:15:00,0
TXN0010090,4.75,POS,FL,2024-04-15 02:30:00,0
TXN0010091,15.12,POS,WA,2024-04-15 02:45:00,0
TXN0010092,57.5,ATM,CA,2024-04-15 03:00:00,0
TXN0010093,47.35,Transfer,FL,2024-04-15 03:15:00,0
TXN0010094,3.95,Transfer,FL,2024-04-15 03:30:00,0
TXN0010095,142.64,Transfer,WA,2024-04-15 03:45:00,0
TXN0010096,15.08,ATM,FL,2024-04-15 04:00:00,0
TXN0010097,5.52,Online,TX,2024-04-15 04:15:00,0
TXN0010098,24.0,Transfer,WA,2024-04-15 04:30:00,0
TXN0010099,9.45,Online,NY,2024-04-15 04:45:00,0
TXN0010100,9.96,POS,WA,2024-04-15 05:00:00,0
TXN0010101,9.32,POS,NY,2024-04-15 05:15:00,0
TXN0010102,18.27,Online,NY,2024-04-15 05:30:00,0
TXN0010103,10.97,POS,TX,2024-04-15 05:45:00,0
TXN0010104,2.44,Transfer,CA,2024-04-15 06:00:00,0
TXN0010105,39.08,Transfer,FL,2024-04-15 06:15:00,0
TXN0010106,10.68,Online,TX,2024-04-15 06:30:00,0
TXN0010107,90.18,Transfer,NY,2024-04-15 06:45:00,0
TXN0010108,39.68,Transfer,FL,2024-04-15 07:00:00,0
TXN0010109,43.87,Transfer,IL,2024-04-15 07:15:00,0
TXN0010110,25.56,Transfer,CA,2024-04-15 07:30:00,0
TXN0010111,101.92,Transfer,FL,2024-04-15 07:45:00,0
TXN0010112,13.57,ATM,NY,2024-04-15 08:00:00,0
TXN0010113,5.94,Transfer,IL,2024-04-15 08:15:00,0
TXN0010114,31.27,Online,TX,2024-04-15 08:30:00,0
TXN0010115,0.7,Online,IL,2024-04-15 08:45:00,0
TXN0010116,12.88,Transfer,IL,2024-04-15 09:00:00,0
TXN0010117,26.58,Online,FL,2024-04-15 09:15:00,0
TXN0010118,12.14,ATM,TX,2024-04-15 09:30:00,0
TXN0010119,96.86,Transfer,NY,2024-04-15 09:45:00,0
TXN0010120,48.57,POS,WA,2024-04-15 10:00:00,0
TXN0010121,23.41,Transfer,TX,2024-04-15 10:15:00,0
TXN0010122,12.38,Transfer,IL,2024-04-15 10:30:00,0
TXN0010123,79.13,POS,NY,2024-04-15 10:45:00,0
TXN0010124,8.76,ATM,NY,2024-04-15 11:00:00,0
TXN0010125,12.13,Transfer,NY,2024-04-15 11:15:00,0
TXN0010126,51.32,Transfer,NY,2024-04-15 11:30:00,0
TXN0010127,42.53,Online,NY,2024-04-15 11:45:00,0
TXN0010128,253.41,Transfer,CA,2024-04-15 12:00:00,0
TXN0010129,15.53,Online,IL,2024-04-15 12:15:00,0
TXN0010130,1.97,Online,CA,2024-04-15 12:30:00,0
TXN0010131,45.99,Transfer,WA,2024-04-15 12:45:00,0
TXN0010132,96.48,ATM,FL,2024-04-15 13:00:00,0
TXN0010133,16.54,POS,CA,2024-04-15 13:15:00,0
TXN0010134,140.09,POS,TX,2024-04-15 13:30:00,0
TXN0010135,184.39,Online,NY,2024-04-15 13:45:00,0
TXN0010136,8.88,Transfer,IL,2024-04-15 14:00:00,0
TXN0010137,11.17,Transfer,WA,2024-04-15 14:15:00,0
TXN0010138,4.29,POS,WA,2024-04-15 14:30:00,0
TXN0010139,39.71,POS,FL,2024-04-15 14:45:00,0
TXN0010140,49.37,Transfer,FL,2024-04-15 15:00:00,0
TXN0010141,42.87,Transfer,FL,2024-04-15 15:15:00,0
TXN0010142,4.39,POS,IL,2024-04-15 15:30:00,0
TXN0010143,7.86,Transfer,CA,2024-04-15 15:45:00,0
TXN0010144,3.43,POS,NY,2024-04-15 16:00:00,0
TXN0010145,2.75,POS,FL,2024-04-15 16:15:00,0
TXN0010146,3.81,ATM,IL,2024-04-15 16:30:00,0
TXN0010147,2.85,POS,TX,2024-04-15 16:45:00,0
TXN0010148,16.12,POS,IL,2024-04-15 17:00:00,0
TXN0010149,34.13,ATM,IL,2024-04-15 17:15:00,0
TXN0010150,43.8,Transfer,CA,2024-04-15 17:30:00,0
TXN0010151,19.69,Online,WA,2024-04-15 17:45:00,0
TXN0010152,8.79,ATM,CA,2024-04-15 18:00:00,0
TXN0010153,19.92,Transfer,CA,2024-04-15 18:15:00,0
TXN0010154,40.84,Online,CA,2024-04-15 18:30:00,0
TXN0010155,13.98,Transfer,FL,2024-04-15 18:45:00,0
TXN0010156,21.53,Transfer,IL,2024-04-15 19:00:00,0
TXN0010157,13.8,Online,IL,2024-04-15 19:15:00,0
TXN0010158,10.53,Transfer,WA,2024-04-15 19:30:00,0
TXN0010159,21.01,Transfer,WA,2024-04-15 19:45:00,0
TXN0010160,5.06,Online,NY,2024-04-15 20:00:00,0
TXN0010161,73.96,POS,CA,2024-04-15 20:15:00,0
TXN0010162,2.91,POS,FL,2024-04-15 20:30:00,0
TXN0010163,35.6,POS,FL,2024-04-15 20:45:00,0
TXN0010164,3.73,ATM,NY,2024-04-15 21:00:00,0
TXN0010165,130.27,Online,TX,2024-04-15 21:15:00,0
TXN0010166,58.92,POS,IL,2024-04-15 21:30:00,0
TXN0010167,7.37,Transfer,IL,2024-04-15 21:45:00,0
TXN0010168,11.53,Transfer,TX,2024-04-15 22:00:00,0
TXN0010169,4.98,ATM,FL,2024-04-15 22:15:00,0
TXN0010170,18.71,Online,IL,2024-04-15 22:30:00,0
TXN0010171,33.42,ATM,IL,2024-04-15 22:45:00,0
TXN0010172,473.04,POS,WA,2024-04-15 23:00:00,0
TXN0010173,3.71,ATM,FL,2024-04-15 23:15:00,0
TXN0010174,93.12,ATM,FL,2024-04-15 23:30:00,0
TXN0010175,9.78,POS,IL,2024-04-15 23:45:00,0
TXN0010176,28.24,Transfer,FL,2024-04-16 00:00:00,0
TXN0010177,59.51,Transfer,IL,2024-04-16 00:15:00,0
TXN0010178,39.31,Transfer,IL,2024-04-16 00:30:00,0
TXN0010179,33.87,Online,FL,2024-04-16 00:45:00,0
TXN0010180,15.75,Online,CA,2024-04-16 01:00:00,0
TXN0010181,19.88,ATM,FL,2024-04-16 01:15:00,0
TXN0010182,24.26,Transfer,IL,2024-04-16 01:30:00,0
TXN0010183,88.28,POS,FL,2024-04-16 01:45:00,0
TXN0010184,3.28,Online,CA,2024-04-16 02:00:00,0
TXN0010185,10.94,POS,CA,2024-04-16 02:15:00,0
TXN0010186,4.31,POS,IL,2024-04-16 02:30:00,0
TXN0010187,6.11,ATM,WA,2024-04-16 02:45:00,0
TXN0010188,7.5,Online,FL,2024-04-16 03:00:00,0
TXN0010189,77.91,ATM,CA,2024-04-16 03:15:00,0
TXN0010190,283.49,ATM,WA,2024-04-16 03:30:00,0
TXN0010191,106.99,POS,TX,2024-04-16 03:45:00,0
TXN0010192,4.65,POS,FL,2024-04-16 04:00:00,0
TXN0010193,22.03,ATM,CA,2024-04-16 04:15:00,0
TXN0010194,4.95,Transfer,CA,2024-04-16 04:30:00,0
TXN0010195,34.8,POS,NY,2024-04-16 04:45:00,0
TXN0010196,96.42,Transfer,TX,2024-04-16 05:00:00,0
TXN0010197,41.47,Transfer,IL,2024-04-16 05:15:00,0
TXN0010198,58.81,ATM,NY,2024-04-16 05:30:00,0
TXN0010199,16.74,Transfer,TX,2024-04-16 05:45:00,0
TXN0010200,1.77,Online,CA,2024-04-16 06:00:00,0
TXN0010201,1.74,Online,FL,2024-04-16 06:15:00,0
TXN0010202,17.78,POS,FL,2024-04-16 06:30:00,0
TXN0010203,40.8,Online,IL,2024-04-16 06:45:00,0
TXN0010204,96.26,Transfer,CA,2024-04-16 07:00:00,0
TXN0010205,13.07,POS,NY,2024-04-16 07:15:00,0
TXN0010206,22.01,Online,FL,2024-04-16 07:30:00,0
TXN0010207,27.52,ATM,CA,2024-04-16 07:45:00,0
TXN0010208,74.5,POS,WA,2024-04-16 08:00:00,0
TXN0010209,18.42,Transfer,IL,2024-04-16 08:15:00,0
TXN0010210,5.2,POS,CA,2024-04-16 08:30:00,0
TXN0010211,76.27,Transfer,CA,2024-04-16 08:45:00,0
TXN0010212,33.34,ATM,CA,2024-04-16 09:00:00,0
TXN0010213,32.17,Online,TX,2024-04-16 09:15:00,0
TXN0010214,4.18,POS,IL,2024-04-16 09:30:00,0
TXN0010215,19.89,Online,WA,2024-04-16 09:45:00,0
TXN0010216,2.41,POS,FL,2024-04-16 10:00:00,0
TXN0010217,1.69,Transfer,TX,2024-04-16 10:15:00,0
TXN0010218,14.99,POS,IL,2024-04-16 10:30:00,0
TXN0010219,11.74,POS,WA,2024-04-16 10:45:00,0
TXN0010220,40.42,Online,WA,2024-04-16 11:00:00,0
TXN0010221,118.71,ATM,NY,2024-04-16 11:15:00,0
TXN0010222,19.24,Online,FL,2024-04-16 11:30:00,0
TXN0010223,181.93,POS,WA,2024-04-16 11:45:00,0
TXN0010224,9.73,Transfer,IL,2024-04-16 12:00:00,0
TXN0010225,51.41,ATM,IL,2024-04-16 12:15:00,0
TXN0010226,4.21,POS,IL,2024-04-16 12:30:00,0
TXN0010227,23.46,Online,FL,2024-04-16 12:45:00,0
TXN0010228,13.6,Online,NY,2024-04-16 13:00:00,0
TXN0010229,15.52,Transfer,FL,2024-04-16 13:15:00,1
TXN0010230,41.48,Transfer,WA,2024-04-16 13:30:00,0
TXN0010231,1.97,POS,TX,2024-04-16 13:45:00,0
TXN0010232,23.15,POS,FL,2024-04-16 14:00:00,0
TXN0010233,7.38,ATM,NY,2024-04-16 14:15:00,0
TXN0010234,23.19,Transfer,NY,2024-04-16 14:30:00,0
TXN0010235,32.58,POS,CA,2024-04-16 14:45:00,0
TXN0010236,12.71,ATM,CA,2024-04-16 15:00:00,0
TXN0010237,12.69,Online,FL,2024-04-16 15:15:00,0
TXN0010238,4.85,ATM,CA,2024-04-16 15:30:00,0
TXN0010239,39.48,POS,TX,2024-04-16 15:45:00,0
TXN0010240,8.77,Transfer,IL,2024-04-16 16:00:00,0
TXN0010241,34.69,POS,FL,2024-04-16 16:15:00,1
TXN0010242,3.47,Transfer,FL,2024-04-16 16:30:00,0
TXN0010243,108.23,Online,FL,2024-04-16 16:45:00,0
TXN0010244,5.71,ATM,CA,2024-04-16 17:00:00,0
TXN0010245,83.46,ATM,TX,2024-04-16 17:15:00,1
TXN0010246,11.56,ATM,FL,2024-04-16 17:30:00,0
TXN0010247,39.31,POS,TX,2024-04-16 17:45:00,0
TXN0010248,16.82,ATM,TX,2024-04-16 18:00:00,0
TXN0010249,46.34,Transfer,CA,2024-04-16 18:15:00,0
TXN0010250,20.19,ATM,IL,2024-04-16 18:30:00,0
TXN0010251,95.88,Transfer,FL,2024-04-16 18:45:00,0
TXN0010252,45.91,Online,IL,2024-04-16 19:00:00,0
TXN0010253,46.46,Transfer,TX,2024-04-16 19:15:00,0
TXN0010254,156.83,Online,NY,2024-04-16 19:30:00,0
TXN0010255,8.51,ATM,NY,2024-04-16 19:45:00,0
TXN0010256,99.67,ATM,FL,2024-04-16 20:00:00,0
TXN0010257,21.93,ATM,FL,2024-04-16 20:15:00,0
TXN0010258,3.25,ATM,CA,2024-04-16 20:30:00,0
TXN0010259,36.17,POS,TX,2024-04-16 20:45:00,0
TXN0010260,15.62,ATM,TX,2024-04-16 21:00:00,0
TXN0010261,160.3,Online,FL,2024-04-16 21:15:00,0
TXN0010262,10.96,Online,IL,2024-04-16 21:30:00,0
TXN0010263,21.34,Transfer,NY,2024-04-16 21:45:00,0
TXN0010264,26.8,Online,TX,2024-04-16 22:00:00,0
TXN0010265,1.92,ATM,TX,2024-04-16 22:15:00,0
TXN0010266,37.53,Online,IL,2024-04-16 22:30:00,0
TXN0010267,5.91,POS,NY,2024-04-16 22:45:00,0
TXN0010268,113.56,Online,NY,2024-04-16 23:00:00,0
TXN0010269,156.04,ATM,NY,2024-04-16 23:15:00,0
TXN0010270,19.87,Transfer,CA,2024-04-16 23:30:00,0
TXN0010271,2.85,Transfer,NY,2024-04-16 23:45:00,0
TXN0010272,25.11,Transfer,CA,2024-04-17 00:00:00,0
TXN0010273,24.94,Online,NY,2024-04-17 00:15:00,0
TXN0010274,48.74,POS,CA,2024-04-17 00:30:00,0
TXN0010275,13.95,Online,WA,2024-04-17 00:45:00,0
TXN0010276,4.64,ATM,WA,2024-04-17 01:00:00,0
TXN0010277,16.86,POS,FL,2024-04-17 01:15:00,0
TXN0010278,6.43,POS,NY,2024-04-17 01:30:00,0
TXN0010279,177.78,Online,WA,2024-04-17 01:45:00,0
TXN0010280,8.41,Online,CA,2024-04-17 02:00:00,0
TXN0010281,9.0,Transfer,TX,2024-04-17 02:15:00,0
TXN0010282,18.96,ATM,TX,2024-04-17 02:30:00,0
TXN0010283,4.36,Transfer,FL,2024-04-17 02:45:00,0
TXN0010284,11.61,Online,IL,2024-04-17 03:00:00,0
TXN0010285,17.0,Online,NY,2024-04-17 03:15:00,0
TXN0010286,11.01,ATM,WA,2024-04-17 03:30:00,0
TXN0010287,14.74,POS,TX,2024-04-17 03:45:00,0
TXN0010288,92.5,POS,TX,2024-04-17 04:00:00,0
TXN0010289,34.24,ATM,CA,2024-04-17 04:15:00,0
TXN0010290,3.87,Transfer,IL,2024-04-17 04:30:00,0
TXN0010291,11.84,POS,IL,2024-04-17 04:45:00,0
TXN0010292,50.3,Transfer,CA,2024-04-17 05:00:00,0
TXN0010293,9.02,Transfer,IL,2024-04-17 05:15:00,0
TXN0010294,22.21,POS,CA,2024-04-17 05:30:00,0
TXN0010295,19.38,Transfer,WA,2024-04-17 05:45:00,1
TXN0010296,38.48,Transfer,IL,2024-04-17 06:00:00,0
TXN0010297,16.11,Online,NY,2024-04-17 06:15:00,0
TXN0010298,16.88,Transfer,IL,2024-04-17 06:30:00,0
TXN0010299,6.98,Transfer,FL,2024-04-17 06:45:00,0
TXN0010300,31.26,Online,IL,2024-04-17 07:00:00,0
TXN0010301,6.41,Online,IL,2024-04-17 07:15:00,0
TXN0010302,169.38,Transfer,TX,2024-04-17 07:30:00,0
TXN0010303,19.59,Online,NY,2024-04-17 07:45:00,0
TXN0010304,15.25,POS,CA,2024-04-17 08:00:00,0
TXN0010305,52.95,ATM,WA,2024-04-17 08:15:00,0
TXN0010306,18.09,POS,CA,2024-04-17 08:30:00,0
TXN0010307,22.39,ATM,TX,2024-04-17 08:45:00,0
TXN0010308,18.83,Online,FL,2024-04-17 09:00:00,0
TXN0010309,8.23,Online,WA,2024-04-17 09:15:00,0
TXN0010310,6.46,POS,FL,2024-04-17 09:30:00,0
TXN0010311,8.5,Transfer,CA,2024-04-17 09:45:00,0
TXN0010312,80.78,Online,TX,2024-04-17 10:00:00,0
TXN0010313,9.28,POS,FL,2024-04-17 10:15:00,0
TXN0010314,12.19,ATM,CA,2024-04-17 10:30:00,0
TXN0010315,11.56,ATM,FL,2024-04-17 10:45:00,0
TXN0010316,47.36,POS,TX,2024-04-17 11:00:00,0
TXN0010317,229.42,Online,CA,2024-04-17 11:15:00,1
TXN0010318,6.44,Online,IL,2024-04-17 11:30:00,0
TXN0010319,39.42,Transfer,TX,2024-04-17 11:45:00,0
TXN0010320,23.26,Transfer,CA,2024-04-17 12:00:00,0
TXN0010321,13.84,Transfer,IL,2024-04-17 12:15:00,0
TXN0010322,37.37,POS,IL,2024-04-17 12:30:00,0
TXN0010323,4.21,POS,FL,2024-04-17 12:45:00,0
TXN0010324,55.88,Online,NY,2024-04-17 13:00:00,0
TXN0010325,26.34,ATM,WA,2024-04-17 13:15:00,0
TXN0010326,5.9,POS,FL,2024-04-17 13:30:00,0
TXN0010327,142.39,Online,WA,2024-04-17 13:45:00,0
TXN0010328,57.14,Online,CA,2024-04-17 14:00:00,0
TXN0010329,83.79,Transfer,NY,2024-04-17 14:15:00,0
TXN0010330,3.36,ATM,NY,2024-04-17 14:30:00,0
TXN0010331,14.39,Online,IL,2024-04-17 14:45:00,0
TXN0010332,10.57,ATM,FL,2024-04-17 15:00:00,0
TXN0010333,43.36,Transfer,IL,2024-04-17 15:15:00,1
TXN0010334,106.07,POS,IL,2024-04-17 15:30:00,0
TXN0010335,1.93,Online,WA,2024-04-17 15:45:00,0
TXN0010336,20.59,Online,IL,2024-04-17 16:00:00,0
TXN0010337,17.21,POS,FL,2024-04-17 16:15:00,0
TXN0010338,68.52,ATM,TX,2024-04-17 16:30:00,0
TXN0010339,19.11,Transfer,CA,2024-04-17 16:45:00,0
TXN0010340,4.21,POS,IL,2024-04-17 17:00:00,0
TXN0010341,15.82,Online,NY,2024-04-17 17:15:00,0
TXN0010342,5.63,Online,CA,2024-04-17 17:30:00,0
TXN0010343,7.73,Online,WA,2024-04-17 17:45:00,0
TXN0010344,21.15,Online,IL,2024-04-17 18:00:00,0
TXN0010345,11.13,POS,IL,2024-04-17 18:15:00,0
TXN0010346,28.29,Online,IL,2024-04-17 18:30:00,0
TXN0010347,3.12,ATM,TX,2024-04-17 18:45:00,0
TXN0010348,346.78,POS,NY,2024-04-17 19:00:00,0
TXN0010349,94.43,Online,WA,2024-04-17 19:15:00,0
TXN0010350,48.46,Transfer,WA,2024-04-17 19:30:00,0
TXN0010351,4.11,POS,NY,2024-04-17 19:45:00,0
TXN0010352,1.42,POS,IL,2024-04-17 20:00:00,0
TXN0010353,6.96,POS,WA,2024-04-17 20:15:00,0
TXN0010354,15.1,ATM,TX,2024-04-17 20:30:00,0
TXN0010355,310.48,Online,FL,2024-04-17 20:45:00,0
TXN0010356,99.79,POS,CA,2024-04-17 21:00:00,0
TXN0010357,10.54,Online,FL,2024-04-17 21:15:00,0
TXN0010358,88.45,Transfer,WA,2024-04-17 21:30:00,0
TXN0010359,90.16,ATM,WA,2024-04-17 21:45:00,0
TXN0010360,20.47,Transfer,TX,2024-04-17 22:00:00,0
TXN0010361,89.39,ATM,WA,2024-04-17 22:15:00,0
TXN0010362,30.11,ATM,FL,2024-04-17 22:30:00,0
TXN0010363,8.99,Online,NY,2024-04-17 22:45:00,1
TXN0010364,4.75,Online,FL,2024-04-17 23:00:00,0
TXN0010365,17.27,Online,IL,2024-04-17 23:15:00,0
TXN0010366,68.32,Transfer,FL,2024-04-17 23:30:00,0
TXN0010367,3.81,Transfer,NY,2024-04-17 23:45:00,0
TXN0010368,2.78,Transfer,WA,2024-04-18 00:00:00,0
TXN0010369,39.43,Transfer,FL,2024-04-18 00:15:00,0
TXN0010370,0.72,ATM,TX,2024-04-18 00:30:00,0
TXN0010371,187.95,ATM,TX,2024-04-18 00:45:00,0
TXN0010372,11.71,ATM,NY,2024-04-18 01:00:00,0
TXN0010373,49.34,Transfer,TX,2024-04-18 01:15:00,0
TXN0010374,196.67,Transfer,CA,2024-04-18 01:30:00,0
TXN0010375,3.39,ATM,FL,2024-04-18 01:45:00,0
TXN0010376,5.53,ATM,CA,2024-04-18 02:00:00,0
TXN0010377,314.53,POS,IL,2024-04-18 02:15:00,0
TXN0010378,14.16,Online,TX,2024-04-18 02:30:00,0
TXN0010379,17.17,Transfer,TX,2024-04-18 02:45:00,0
TXN0010380,26.54,ATM,NY,2024-04-18 03:00:00,0
TXN0010381,73.45,Online,WA,2024-04-18 03:15:00,0
TXN0010382,102.14,Online,IL,2024-04-18 03:30:00,0
TXN0010383,22.98,Transfer,NY,2024-04-18 03:45:00,0
TXN0010384,13.31,POS,CA,2024-04-18 04:00:00,0
TXN0010385,19.21,Transfer,NY,2024-04-18 04:15:00,0
TXN0010386,29.14,POS,NY,2024-04-18 04:30:00,0
TXN0010387,100.17,POS,IL,2024-04-18 04:45:00,0
TXN0010388,23.72,POS,FL,2024-04-18 05:00:00,0
TXN0010389,187.42,Online,FL,2024-04-18 05:15:00,0
TXN0010390,7.01,ATM,CA,2024-04-18 05:30:00,0
TXN0010391,38.58,Transfer,WA,2024-04-18 05:45:00,0
TXN0010392,173.22,Transfer,IL,2024-04-18 06:00:00,0
TXN0010393,97.53,ATM,FL,2024-04-18 06:15:00,0
TXN0010394,30.2,ATM,FL,2024-04-18 06:30:00,0
TXN0010395,6.8,POS,CA,2024-04-18 06:45:00,0
TXN0010396,8.38,ATM,NY,2024-04-18 07:00:00,0
TXN0010397,16.58,ATM,TX,2024-04-18 07:15:00,1
TXN0010398,29.4,Transfer,NY,2024-04-18 07:30:00,0
TXN0010399,14.79,Transfer,NY,2024-04-18 07:45:00,0
TXN0010400,3.37,Online,TX,2024-04-18 08:00:00,0
TXN0010401,8.12,Transfer,WA,2024-04-18 08:15:00,0
TXN0010402,37.91,Transfer,NY,2024-04-18 08:30:00,0
TXN0010403,55.96,ATM,WA,2024-04-18 08:45:00,0
TXN0010404,3.61,ATM,CA,2024-04-18 09:00:00,0
TXN0010405,12.85,Transfer,NY,2024-04-18 09:15:00,0
TXN0010406,2.58,Transfer,IL,2024-04-18 09:30:00,0
TXN0010407,10.06,ATM,TX,2024-04-18 09:45:00,0
TXN0010408,1551.05,POS,TX,2024-04-18 10:00:00,0
TXN0010409,21.72,POS,CA,2024-04-18 10:15:00,0
TXN0010410,13.15,Transfer,WA,2024-04-18 10:30:00,0
TXN0010411,9.75,Transfer,TX,2024-04-18 10:45:00,0
TXN0010412,4.55,Online,FL,2024-04-18 11:00:00,0
TXN0010413,2.05,POS,TX,2024-04-18 11:15:00,0
TXN0010414,19.07,Transfer,TX,2024-04-18 11:30:00,0
TXN0010415,14.31,ATM,WA,2024-04-18 11:45:00,0
TXN0010416,123.08,ATM,NY,2024-04-18 12:00:00,0
TXN0010417,2.7,POS,CA,2024-04-18 12:15:00,0
TXN0010418,34.28,POS,NY,2024-04-18 12:30:00,0
TXN0010419,104.16,ATM,CA,2024-04-18 12:45:00,0
TXN0010420,1.82,Online,CA,2024-04-18 13:00:00,0
TXN0010421,45.02,Transfer,WA,2024-04-18 13:15:00,0
TXN0010422,2.78,Transfer,WA,2024-04-18 13:30:00,1
TXN0010423,38.12,POS,CA,2024-04-18 13:45:00,0
TXN0010424,122.82,ATM,FL,2024-04-18 14:00:00,0
TXN0010425,19.99,Transfer,IL,2024-04-18 14:15:00,0
TXN0010426,28.57,ATM,TX,2024-04-18 14:30:00,0
TXN0010427,8.58,Transfer,FL,2024-04-18 14:45:00,0
TXN0010428,28.65,Online,WA,2024-04-18 15:00:00,0
TXN0010429,80.58,ATM,IL,2024-04-18 15:15:00,0
TXN0010430,16.05,Transfer,IL,2024-04-18 15:30:00,0
TXN0010431,16.93,POS,FL,2024-04-18 15:45:00,0
TXN0010432,32.43,POS,NY,2024-04-18 16:00:00,0
TXN0010433,55.15,POS,IL,2024-04-18 16:15:00,0
TXN0010434,2.7,POS,NY,2024-04-18 16:30:00,0
TXN0010435,21.62,Online,NY,2024-04-18 16:45:00,0
TXN0010436,8.67,POS,CA,2024-04-18 17:00:00,0
TXN0010437,36.95,POS,WA,2024-04-18 17:15:00,0
TXN0010438,71.67,ATM,TX,2024-04-18 17:30:00,0
TXN0010439,29.47,POS,CA,2024-04-18 17:45:00,0
TXN0010440,98.07,ATM,TX,2024-04-18 18:00:00,0
TXN0010441,5.96,POS,WA,2024-04-18 18:15:00,0
TXN0010442,12.17,POS,CA,2024-04-18 18:30:00,0
TXN0010443,5.97,POS,NY,2024-04-18 18:45:00,0
TXN0010444,21.61,Transfer,TX,2024-04-18 19:00:00,0
TXN0010445,22.61,POS,FL,2024-04-18 19:15:00,0
TXN0010446,15.76,ATM,IL,2024-04-18 19:30:00,0
TXN0010447,4.54,Transfer,TX,2024-04-18 19:45:00,0
TXN0010448,18.3,Transfer,TX,2024-04-18 20:00:00,0
TXN0010449,11.75,ATM,NY,2024-04-18 20:15:00,1
TXN0010450,42.22,ATM,CA,2024-04-18 20:30:00,0
TXN0010451,14.44,Transfer,IL,2024-04-18 20:45:00,0
TXN0010452,83.81,Online,NY,2024-04-18 21:00:00,0
TXN0010453,26.71,Online,IL,2024-04-18 21:15:00,0
TXN0010454,2.06,Transfer,FL,2024-04-18 21:30:00,0
TXN0010455,16.25,Transfer,IL,2024-04-18 21:45:00,0
TXN0010456,3.48,Online,IL,2024-04-18 22:00:00,0
TXN0010457,66.01,Online,TX,2024-04-18 22:15:00,0
TXN0010458,116.91,ATM,NY,2024-04-18 22:30:00,0
TXN0010459,19.46,POS,FL,2024-04-18 22:45:00,0
TXN0010460,34.66,Transfer,CA,2024-04-18 23:00:00,0
TXN0010461,3.41,ATM,FL,2024-04-18 23:15:00,0
TXN0010462,1.27,POS,CA,2024-04-18 23:30:00,0
TXN0010463,10.17,Transfer,CA,2024-04-18 23:45:00,0
TXN0010464,14.7,POS,NY,2024-04-19 00:00:00,0
TXN0010465,3.14,ATM,FL,2024-04-19 00:15:00,0
TXN0010466,22.49,Online,IL,2024-04-19 00:30:00,0
TXN0010467,29.53,ATM,WA,2024-04-19 00:45:00,0
TXN0010468,44.32,ATM,WA,2024-04-19 01:00:00,0
TXN0010469,134.86,POS,IL,2024-04-19 01:15:00,0
TXN0010470,54.38,Transfer,TX,2024-04-19 01:30:00,0
TXN0010471,12.83,Online,NY,2024-04-19 01:45:00,0
TXN0010472,22.9,ATM,CA,2024-04-19 02:00:00,0
TXN0010473,42.09,POS,IL,2024-04-19 02:15:00,0
TXN0010474,5.58,Transfer,IL,2024-04-19 02:30:00,0
TXN0010475,102.71,Online,TX,2024-04-19 02:45:00,0
TXN0010476,60.9,POS,TX,2024-04-19 03:00:00,0
TXN0010477,15.26,ATM,IL,2024-04-19 03:15:00,0
TXN0010478,9.21,POS,NY,2024-04-19 03:30:00,0
TXN0010479,2153.13,ATM,TX,2024-04-19 03:45:00,0
TXN0010480,56.56,Online,TX,2024-04-19 04:00:00,0
TXN0010481,63.91,ATM,CA,2024-04-19 04:15:00,0
TXN0010482,183.42,Online,FL,2024-04-19 04:30:00,0
TXN0010483,67.25,Online,WA,2024-04-19 04:45:00,0
TXN0010484,26.11,ATM,FL,2024-04-19 05:00:00,1
TXN0010485,47.86,ATM,WA,2024-04-19 05:15:00,0
TXN0010486,6.57,Online,FL,2024-04-19 05:30:00,0
TXN0010487,48.58,Transfer,IL,2024-04-19 05:45:00,0
TXN0010488,3.05,Online,NY,2024-04-19 06:00:00,0
TXN0010489,33.97,ATM,NY,2024-04-19 06:15:00,0
TXN0010490,40.06,POS,NY,2024-04-19 06:30:00,0
TXN0010491,2.98,Online,NY,2024-04-19 06:45:00,0
TXN0010492,213.6,Online,IL,2024-04-19 07:00:00,0
TXN0010493,4.92,Transfer,FL,2024-04-19 07:15:00,0
TXN0010494,73.11,ATM,FL,2024-04-19 07:30:00,0
TXN0010495,10.58,POS,IL,2024-04-19 07:45:00,0
TXN0010496,29.72,POS,WA,2024-04-19 08:00:00,0
TXN0010497,9.04,Transfer,NY,2024-04-19 08:15:00,0
TXN0010498,433.45,Transfer,TX,2024-04-19 08:30:00,0
TXN0010499,72.14,ATM,TX,2024-04-19 08:45:00,0
TXN0010500,187.92,ATM,TX,2024-04-19 09:00:00,0
TXN0010501,53.3,Online,IL,2024-04-19 09:15:00,0
TXN0010502,47.95,Transfer,TX,2024-04-19 09:30:00,0
TXN0010503,24.56,Online,WA,2024-04-19 09:45:00,0
TXN0010504,15.24,ATM,WA,2024-04-19 10:00:00,0
TXN0010505,43.18,POS,WA,2024-04-19 10:15:00,0
TXN0010506,24.93,ATM,NY,2024-04-19 10:30:00,0
TXN0010507,17.01,Transfer,IL,2024-04-19 10:45:00,0
TXN0010508,3.78,Transfer,WA,2024-04-19 11:00:00,0
TXN0010509,14.08,Transfer,NY,2024-04-19 11:15:00,0
TXN0010510,43.17,ATM,NY,2024-04-19 11:30:00,0
TXN0010511,11.52,ATM,WA,2024-04-19 11:45:00,1
TXN0010512,31.53,Online,TX,2024-04-19 12:00:00,0
TXN0010513,17.27,Online,TX,2024-04-19 12:15:00,0
TXN0010514,5.79,Online,CA,2024-04-19 12:30:00,0
TXN0010515,6.78,POS,TX,2024-04-19 12:45:00,0
TXN0010516,8.29,Online,CA,2024-04-19 13:00:00,0
TXN0010517,14.42,Transfer,FL,2024-04-19 13:15:00,0
TXN0010518,14.95,Transfer,CA,2024-04-19 13:30:00,0
TXN0010519,81.61,ATM,FL,2024-04-19 13:45:00,0
TXN0010520,5.43,ATM,WA,2024-04-19 14:00:00,0
TXN0010521,1.67,Online,WA,2024-04-19 14:15:00,0
TXN0010522,47.98,POS,WA,2024-04-19 14:30:00,0
TXN0010523,11.79,ATM,NY,2024-04-19 14:45:00,0
TXN0010524,17.85,POS,FL,2024-04-19 15:00:00,0
TXN0010525,475.79,Transfer,NY,2024-04-19 15:15:00,0
TXN0010526,125.23,Online,IL,2024-04-19 15:30:00,0
TXN0010527,42.72,Online,TX,2024-04-19 15:45:00,1
TXN0010528,66.33,Transfer,FL,2024-04-19 16:00:00,0
TXN0010529,24.0,POS,WA,2024-04-19 16:15:00,0
TXN0010530,67.41,POS,WA,2024-04-19 16:30:00,0
TXN0010531,9.78,Transfer,NY,2024-04-19 16:45:00,0
TXN0010532,8.64,ATM,WA,2024-04-19 17:00:00,1
TXN0010533,11.68,ATM,FL,2024-04-19 17:15:00,0
TXN0010534,145.01,Online,CA,2024-04-19 17:30:00,0
TXN0010535,141.06,Transfer,TX,2024-04-19 17:45:00,0
TXN0010536,9.85,Transfer,TX,2024-04-19 18:00:00,0
TXN0010537,86.8,Online,WA,2024-04-19 18:15:00,0
TXN0010538,17.09,ATM,TX,2024-04-19 18:30:00,0
TXN0010539,78.08,ATM,IL,2024-04-19 18:45:00,0
TXN0010540,14.08,ATM,TX,2024-04-19 19:00:00,0
TXN0010541,67.58,ATM,CA,2024-04-19 19:15:00,0
TXN0010542,18.17,Transfer,NY,2024-04-19 19:30:00,0
TXN0010543,14.65,ATM,WA,2024-04-19 19:45:00,0
TXN0010544,20.3,ATM,FL,2024-04-19 20:00:00,0
TXN0010545,25.36,Online,WA,2024-04-19 20:15:00,0
TXN0010546,10.21,Transfer,TX,2024-04-19 20:30:00,0
TXN0010547,3.88,ATM,CA,2024-04-19 20:45:00,0
TXN0010548,168.29,Online,FL,2024-04-19 21:00:00,1
TXN0010549,12.88,Transfer,IL,2024-04-19 21:15:00,0
TXN0010550,2.23,Transfer,TX,2024-04-19 21:30:00,0
TXN0010551,1.28,POS,FL,2024-04-19 21:45:00,0
TXN0010552,0.66,Online,CA,2024-04-19 22:00:00,0
TXN0010553,9.84,Transfer,TX,2024-04-19 22:15:00,0
TXN0010554,111.7,POS,NY,2024-04-19 22:30:00,0
TXN0010555,2.8,ATM,TX,2024-04-19 22:45:00,0
TXN0010556,14.11,Transfer,FL,2024-04-19 23:00:00,0
TXN0010557,2.18,Transfer,TX,2024-04-19 23:15:00,0
TXN0010558,81.65,Online,IL,2024-04-19 23:30:00,0
TXN0010559,32.91,ATM,FL,2024-04-19 23:45:00,0
TXN0010560,31.24,Online,IL,2024-04-20 00:00:00,0
TXN0010561,110.95,Transfer,WA,2024-04-20 00:15:00,0
TXN0010562,159.72,ATM,WA,2024-04-20 00:30:00,0
TXN0010563,74.84,Transfer,WA,2024-04-20 00:45:00,0
TXN0010564,10.3,Online,TX,2024-04-20 01:00:00,0
TXN0010565,4.1,ATM,TX,2024-04-20 01:15:00,0
TXN0010566,5.8,Online,TX,2024-04-20 01:30:00,0
TXN0010567,2.42,Online,TX,2024-04-20 01:45:00,0
TXN0010568,195.14,ATM,IL,2024-04-20 02:00:00,0
TXN0010569,16.64,POS,WA,2024-04-20 02:15:00,0
TXN0010570,24.68,POS,IL,2024-04-20 02:30:00,0
TXN0010571,26.83,Online,CA,2024-04-20 02:45:00,0
TXN0010572,254.3,Transfer,FL,2024-04-20 03:00:00,0
TXN0010573,10.52,Online,TX,2024-04-20 03:15:00,0
TXN0010574,90.66,ATM,FL,2024-04-20 03:30:00,0
TXN0010575,30.66,Transfer,IL,2024-04-20 03:45:00,0
TXN0010576,17.47,ATM,CA,2024-04-20 04:00:00,0
TXN0010577,1.97,ATM,NY,2024-04-20 04:15:00,0
TXN0010578,65.59,Online,TX,2024-04-20 04:30:00,0
TXN0010579,8.42,POS,IL,2024-04-20 04:45:00,0
TXN0010580,11.97,POS,TX,2024-04-20 05:00:00,0
TXN0010581,27.89,POS,CA,2024-04-20 05:15:00,0
TXN0010582,23.73,Transfer,CA,2024-04-20 05:30:00,0
TXN0010583,84.56,Online,FL,2024-04-20 05:45:00,0
TXN0010584,9.23,POS,CA,2024-04-20 06:00:00,0
TXN0010585,25.87,Transfer,CA,2024-04-20 06:15:00,0
TXN0010586,29.79,POS,IL,2024-04-20 06:30:00,0
TXN0010587,21.82,Transfer,FL,2024-04-20 06:45:00,0
TXN0010588,48.93,ATM,CA,2024-04-20 07:00:00,0
TXN0010589,15.44,POS,CA,2024-04-20 07:15:00,0
TXN0010590,93.65,ATM,FL,2024-04-20 07:30:00,0
TXN0010591,8.8,Transfer,TX,2024-04-20 07:45:00,0
TXN0010592,3.57,ATM,NY,2024-04-20 08:00:00,0
TXN0010593,20.1,Online,FL,2024-04-20 08:15:00,0
TXN0010594,90.89,ATM,FL,2024-04-20 08:30:00,0
TXN0010595,11.18,ATM,WA,2024-04-20 08:45:00,0
TXN0010596,9.74,Transfer,FL,2024-04-20 09:00:00,0
TXN0010597,13.79,POS,CA,2024-04-20 09:15:00,0
TXN0010598,25.92,Transfer,FL,2024-04-20 09:30:00,0
TXN0010599,17.02,Transfer,WA,2024-04-20 09:45:00,0
TXN0010600,31.04,Transfer,TX,2024-04-20 10:00:00,0
TXN0010601,2.53,Online,WA,2024-04-20 10:15:00,0
TXN0010602,134.65,Online,NY,2024-04-20 10:30:00,0
TXN0010603,43.42,POS,WA,2024-04-20 10:45:00,0
TXN0010604,7.3,POS,NY,2024-04-20 11:00:00,0
TXN0010605,115.16,ATM,CA,2024-04-20 11:15:00,0
TXN0010606,36.87,ATM,TX,2024-04-20 11:30:00,0
TXN0010607,130.24,Online,FL,2024-04-20 11:45:00,0
TXN0010608,4.94,Online,TX,2024-04-20 12:00:00,0
TXN0010609,164.15,ATM,FL,2024-04-20 12:15:00,0
TXN0010610,22.38,Transfer,IL,2024-04-20 12:30:00,0
TXN0010611,1.66,ATM,IL,2024-04-20 12:45:00,0
TXN0010612,53.6,ATM,FL,2024-04-20 13:00:00,0
TXN0010613,14.56,Transfer,FL,2024-04-20 13:15:00,0
TXN0010614,6.05,ATM,IL,2024-04-20 13:30:00,0
TXN0010615,16.21,Transfer,CA,2024-04-20 13:45:00,0
TXN0010616,1.92,Transfer,NY,2024-04-20 14:00:00,0
TXN0010617,43.51,Online,CA,2024-04-20 14:15:00,0
TXN0010618,16.19,Online,TX,2024-04-20 14:30:00,0
TXN0010619,15.14,Online,CA,2024-04-20 14:45:00,0
TXN0010620,121.39,POS,TX,2024-04-20 15:00:00,0
TXN0010621,22.08,POS,TX,2024-04-20 15:15:00,0
TXN0010622,9.34,ATM,IL,2024-04-20 15:30:00,0
TXN0010623,6.53,ATM,IL,2024-04-20 15:45:00,0
TXN0010624,19.61,POS,NY,2024-04-20 16:00:00,0
TXN0010625,78.8,Transfer,IL,2024-04-20 16:15:00,0
TXN0010626,10.31,Online,IL,2024-04-20 16:30:00,0
TXN0010627,5.86,Transfer,NY,2024-04-20 16:45:00,0
TXN0010628,66.11,ATM,WA,2024-04-20 17:00:00,0
TXN0010629,22.76,Transfer,CA,2024-04-20 17:15:00,0
TXN0010630,20.49,Online,IL,2024-04-20 17:30:00,0
TXN0010631,278.2,POS,IL,2024-04-20 17:45:00,0
TXN0010632,4.72,Online,CA,2024-04-20 18:00:00,0
TXN0010633,27.04,ATM,FL,2024-04-20 18:15:00,0
TXN0010634,2.36,Online,FL,2024-04-20 18:30:00,0
TXN0010635,14.58,Transfer,FL,2024-04-20 18:45:00,0
TXN0010636,43.69,POS,TX,2024-04-20 19:00:00,0
TXN0010637,84.91,ATM,FL,2024-04-20 19:15:00,0
TXN0010638,4.4,Transfer,IL,2024-04-20 19:30:00,0
TXN0010639,59.34,Transfer,IL,2024-04-20 19:45:00,0
TXN0010640,55.62,Online,CA,2024-04-20 20:00:00,0
TXN0010641,18.14,Transfer,CA,2024-04-20 20:15:00,0
TXN0010642,442.21,ATM,CA,2024-04-20 20:30:00,0
TXN0010643,21.15,Online,IL,2024-04-20 20:45:00,0
TXN0010644,7.11,POS,NY,2024-04-20 21:00:00,0
TXN0010645,35.75,ATM,CA,2024-04-20 21:15:00,0
TXN0010646,2.12,Transfer,FL,2024-04-20 21:30:00,0
TXN0010647,145.2,POS,TX,2024-04-20 21:45:00,0
TXN0010648,71.61,Online,WA,2024-04-20 22:00:00,0
TXN0010649,12.89,ATM,CA,2024-04-20 22:15:00,0
TXN0010650,45.13,ATM,TX,2024-04-20 22:30:00,0
TXN0010651,40.98,Transfer,CA,2024-04-20 22:45:00,0
TXN0010652,230.62,ATM,WA,2024-04-20 23:00:00,0
TXN0010653,9.87,POS,CA,2024-04-20 23:15:00,0
TXN0010654,4.29,ATM,FL,2024-04-20 23:30:00,0
TXN0010655,1.71,Transfer,NY,2024-04-20 23:45:00,0
TXN0010656,14.66,ATM,TX,2024-04-21 00:00:00,0
TXN0010657,3.04,ATM,WA,2024-04-21 00:15:00,0
TXN0010658,17.04,ATM,FL,2024-04-21 00:30:00,0
TXN0010659,35.05,Online,TX,2024-04-21 00:45:00,0
TXN0010660,12.23,Transfer,NY,2024-04-21 01:00:00,0
TXN0010661,6.57,Online,WA,2024-04-21 01:15:00,0
TXN0010662,92.1,Transfer,NY,2024-04-21 01:30:00,0
TXN0010663,16.49,ATM,CA,2024-04-21 01:45:00,0
TXN0010664,28.14,ATM,FL,2024-04-21 02:00:00,0
TXN0010665,68.42,ATM,TX,2024-04-21 02:15:00,0
TXN0010666,4.21,Transfer,FL,2024-04-21 02:30:00,0
TXN0010667,6.76,Transfer,WA,2024-04-21 02:45:00,0
TXN0010668,462.23,ATM,WA,2024-04-21 03:00:00,0
TXN0010669,17.36,POS,CA,2024-04-21 03:15:00,0
TXN0010670,5.82,POS,FL,2024-04-21 03:30:00,0
TXN0010671,15.41,POS,TX,2024-04-21 03:45:00,0
TXN0010672,10.39,Transfer,NY,2024-04-21 04:00:00,0
TXN0010673,4.62,Transfer,FL,2024-04-21 04:15:00,0
TXN0010674,12.73,Transfer,IL,2024-04-21 04:30:00,0
TXN0010675,20.58,Online,NY,2024-04-21 04:45:00,0
TXN0010676,20.74,Online,NY,2024-04-21 05:00:00,1
TXN0010677,41.03,ATM,IL,2024-04-21 05:15:00,0
TXN0010678,2.48,ATM,FL,2024-04-21 05:30:00,0
TXN0010679,3.32,Transfer,TX,2024-04-21 05:45:00,0
TXN0010680,55.94,Transfer,NY,2024-04-21 06:00:00,0
TXN0010681,12.21,POS,FL,2024-04-21 06:15:00,0
TXN0010682,94.84,Transfer,TX,2024-04-21 06:30:00,0
TXN0010683,30.72,Transfer,IL,2024-04-21 06:45:00,0
TXN0010684,3.7,Transfer,CA,2024-04-21 07:00:00,0
TXN0010685,40.94,ATM,NY,2024-04-21 07:15:00,0
TXN0010686,6.05,Transfer,FL,2024-04-21 07:30:00,0
TXN0010687,29.09,Online,WA,2024-04-21 07:45:00,0
TXN0010688,96.32,Transfer,WA,2024-04-21 08:00:00,0
TXN0010689,286.86,ATM,TX,2024-04-21 08:15:00,0
TXN0010690,19.37,POS,WA,2024-04-21 08:30:00,0
TXN0010691,49.96,ATM,IL,2024-04-21 08:45:00,0
TXN0010692,30.58,Online,NY,2024-04-21 09:00:00,0
TXN0010693,56.04,Online,IL,2024-04-21 09:15:00,0
TXN0010694,0.9,ATM,WA,2024-04-21 09:30:00,0
TXN0010695,13.06,POS,IL,2024-04-21 09:45:00,0
TXN0010696,30.22,Transfer,FL,2024-04-21 10:00:00,0
TXN0010697,37.68,Online,FL,2024-04-21 10:15:00,0
TXN0010698,8.33,Online,WA,2024-04-21 10:30:00,0
TXN0010699,58.43,Online,IL,2024-04-21 10:45:00,0
TXN0010700,82.41,ATM,FL,2024-04-21 11:00:00,0
TXN0010701,23.01,Transfer,IL,2024-04-21 11:15:00,0
TXN0010702,15.95,Transfer,TX,2024-04-21 11:30:00,0
TXN0010703,13.59,POS,CA,2024-04-21 11:45:00,0
TXN0010704,25.06,ATM,NY,2024-04-21 12:00:00,0
TXN0010705,90.52,Online,WA,2024-04-21 12:15:00,0
TXN0010706,134.26,Online,CA,2024-04-21 12:30:00,0
TXN0010707,11.82,ATM,NY,2024-04-21 12:45:00,0
TXN0010708,6.7,POS,WA,2024-04-21 13:00:00,0
TXN0010709,7.94,Online,NY,2024-04-21 13:15:00,0
TXN0010710,71.12,Transfer,CA,2024-04-21 13:30:00,0
TXN0010711,27.75,Online,CA,2024-04-21 13:45:00,0
TXN0010712,30.52,ATM,TX,2024-04-21 14:00:00,0
TXN0010713,38.24,ATM,TX,2024-04-21 14:15:00,0
TXN0010714,33.57,Transfer,TX,2024-04-21 14:30:00,0
TXN0010715,18.15,POS,WA,2024-04-21 14:45:00,0
TXN0010716,5.86,Transfer,IL,2024-04-21 15:00:00,0
TXN0010717,9.86,Online,NY,2024-04-21 15:15:00,0
TXN0010718,24.53,ATM,IL,2024-04-21 15:30:00,0
TXN0010719,34.26,Online,WA,2024-04-21 15:45:00,0
TXN0010720,13.39,Online,FL,2024-04-21 16:00:00,0
TXN0010721,12.66,POS,NY,2024-04-21 16:15:00,0
TXN0010722,113.88,POS,IL,2024-04-21 16:30:00,0
TXN0010723,11.89,POS,TX,2024-04-21 16:45:00,0
TXN0010724,27.76,POS,NY,2024-04-21 17:00:00,0
TXN0010725,14.27,ATM,TX,2024-04-21 17:15:00,0
TXN0010726,7.33,Online,WA,2024-04-21 17:30:00,0
TXN0010727,3.26,ATM,IL,2024-04-21 17:45:00,0
TXN0010728,10.9,POS,CA,2024-04-21 18:00:00,0
TXN0010729,7.69,POS,FL,2024-04-21 18:15:00,0
TXN0010730,59.95,ATM,WA,2024-04-21 18:30:00,0
TXN0010731,5.14,Transfer,CA,2024-04-21 18:45:00,0
TXN0010732,12.71,POS,TX,2024-04-21 19:00:00,0
TXN0010733,47.23,POS,FL,2024-04-21 19:15:00,0
TXN0010734,18.38,Online,TX,2024-04-21 19:30:00,0
TXN0010735,38.8,POS,TX,2024-04-21 19:45:00,0
TXN0010736,58.94,Transfer,TX,2024-04-21 20:00:00,0
TXN0010737,2.75,Online,CA,2024-04-21 20:15:00,0
TXN0010738,12.73,ATM,IL,2024-04-21 20:30:00,0
TXN0010739,6.49,ATM,CA,2024-04-21 20:45:00,0
TXN0010740,110.68,POS,CA,2024-04-21 21:00:00,0
TXN0010741,18.28,ATM,CA,2024-04-21 21:15:00,0
TXN0010742,38.85,POS,FL,2024-04-21 21:30:00,0
TXN0010743,169.85,ATM,NY,2024-04-21 21:45:00,0
TXN0010744,13.64,Online,IL,2024-04-21 22:00:00,0
TXN0010745,23.13,ATM,NY,2024-04-21 22:15:00,0
TXN0010746,34.84,ATM,IL,2024-04-21 22:30:00,0
TXN0010747,15.21,Transfer,NY,2024-04-21 22:45:00,0
TXN0010748,98.38,Transfer,NY,2024-04-21 23:00:00,0
TXN0010749,57.51,Transfer,CA,2024-04-21 23:15:00,0
TXN0010750,72.08,Online,CA,2024-04-21 23:30:00,0
TXN0010751,22.4,ATM,NY,2024-04-21 23:45:00,0
TXN0010752,13.87,Transfer,IL,2024-04-22 00:00:00,0
TXN0010753,13.66,Transfer,IL,2024-04-22 00:15:00,0
TXN0010754,13.5,ATM,FL,2024-04-22 00:30:00,0
TXN0010755,2.82,Transfer,IL,2024-04-22 00:45:00,0
TXN0010756,32.89,ATM,FL,2024-04-22 01:00:00,0
TXN0010757,57.07,Online,WA,2024-04-22 01:15:00,0
TXN0010758,20.83,Transfer,CA,2024-04-22 01:30:00,0
TXN0010759,11.5,POS,WA,2024-04-22 01:45:00,0
TXN0010760,22.06,POS,IL,2024-04-22 02:00:00,0
TXN0010761,27.77,ATM,IL,2024-04-22 02:15:00,0
TXN0010762,31.45,POS,NY,2024-04-22 02:30:00,0
TXN0010763,189.77,Online,WA,2024-04-22 02:45:00,0
TXN0010764,7.41,ATM,WA,2024-04-22 03:00:00,0
TXN0010765,32.89,Transfer,WA,2024-04-22 03:15:00,0
TXN0010766,48.95,Online,IL,2024-04-22 03:30:00,0
TXN0010767,23.18,Transfer,WA,2024-04-22 03:45:00,0
TXN0010768,15.82,Transfer,TX,2024-04-22 04:00:00,0
TXN0010769,6.03,ATM,NY,2024-04-22 04:15:00,0
TXN0010770,10.2,Transfer,TX,2024-04-22 04:30:00,0
TXN0010771,49.84,Online,IL,2024-04-22 04:45:00,0
TXN0010772,123.84,POS,TX,2024-04-22 05:00:00,0
TXN0010773,9.46,ATM,TX,2024-04-22 05:15:00,0
TXN0010774,37.41,Online,WA,2024-04-22 05:30:00,0
TXN0010775,39.68,Transfer,CA,2024-04-22 05:45:00,0
TXN0010776,71.92,POS,IL,2024-04-22 06:00:00,0
TXN0010777,28.36,ATM,WA,2024-04-22 06:15:00,0
TXN0010778,36.09,Transfer,WA,2024-04-22 06:30:00,0
TXN0010779,62.56,POS,IL,2024-04-22 06:45:00,0
TXN0010780,5.1,ATM,WA,2024-04-22 07:00:00,0
TXN0010781,22.27,Transfer,IL,2024-04-22 07:15:00,0
TXN0010782,2.46,ATM,WA,2024-04-22 07:30:00,0
TXN0010783,1.91,ATM,WA,2024-04-22 07:45:00,0
TXN0010784,7.73,Transfer,CA,2024-04-22 08:00:00,1
TXN0010785,3.23,Transfer,TX,2024-04-22 08:15:00,0
TXN0010786,38.94,ATM,CA,2024-04-22 08:30:00,0
TXN0010787,70.34,Transfer,IL,2024-04-22 08:45:00,1
TXN0010788,14.5,Transfer,CA,2024-04-22 09:00:00,0
TXN0010789,17.76,Transfer,NY,2024-04-22 09:15:00,0
TXN0010790,15.82,Online,FL,2024-04-22 09:30:00,0
TXN0010791,15.29,POS,NY,2024-04-22 09:45:00,0
TXN0010792,24.76,ATM,NY,2024-04-22 10:00:00,0
TXN0010793,32.16,Online,CA,2024-04-22 10:15:00,0
TXN0010794,11.98,POS,IL,2024-04-22 10:30:00,0
TXN0010795,8.08,Transfer,CA,2024-04-22 10:45:00,0
TXN0010796,11.16,POS,NY,2024-04-22 11:00:00,0
TXN0010797,55.47,ATM,NY,2024-04-22 11:15:00,0
TXN0010798,12.61,POS,IL,2024-04-22 11:30:00,0
TXN0010799,121.78,POS,WA,2024-04-22 11:45:00,0
TXN0010800,15.65,POS,TX,2024-04-22 12:00:00,0
TXN0010801,109.99,POS,FL,2024-04-22 12:15:00,0
TXN0010802,4.94,Online,CA,2024-04-22 12:30:00,0
TXN0010803,9.05,POS,FL,2024-04-22 12:45:00,0
TXN0010804,37.4,POS,IL,2024-04-22 13:00:00,0
TXN0010805,37.89,Transfer,NY,2024-04-22 13:15:00,0
TXN0010806,17.34,Online,WA,2024-04-22 13:30:00,0
TXN0010807,247.53,Online,IL,2024-04-22 13:45:00,0
TXN0010808,22.86,Online,WA,2024-04-22 14:00:00,0
TXN0010809,29.73,Transfer,IL,2024-04-22 14:15:00,0
TXN0010810,10.52,ATM,IL,2024-04-22 14:30:00,0
TXN0010811,155.31,POS,TX,2024-04-22 14:45:00,0
TXN0010812,59.02,POS,FL,2024-04-22 15:00:00,0
TXN0010813,34.5,Transfer,NY,2024-04-22 15:15:00,0
TXN0010814,2.89,Online,TX,2024-04-22 15:30:00,0
TXN0010815,32.48,POS,WA,2024-04-22 15:45:00,0
TXN0010816,11.91,Transfer,WA,2024-04-22 16:00:00,0
TXN0010817,33.65,ATM,WA,2024-04-22 16:15:00,0
TXN0010818,63.09,Transfer,NY,2024-04-22 16:30:00,0
TXN0010819,8.47,ATM,NY,2024-04-22 16:45:00,0
TXN0010820,27.2,ATM,FL,2024-04-22 17:00:00,0
TXN0010821,60.45,Transfer,TX,2024-04-22 17:15:00,0
TXN0010822,25.46,Transfer,NY,2024-04-22 17:30:00,0
TXN0010823,14.06,Transfer,FL,2024-04-22 17:45:00,0
TXN0010824,5.83,Online,NY,2024-04-22 18:00:00,0
TXN0010825,9.33,ATM,FL,2024-04-22 18:15:00,0
TXN0010826,4.52,ATM,IL,2024-04-22 18:30:00,0
TXN0010827,68.83,Transfer,IL,2024-04-22 18:45:00,0
TXN0010828,23.71,Transfer,IL,2024-04-22 19:00:00,0
TXN0010829,4.83,POS,IL,2024-04-22 19:15:00,0
TXN0010830,20.77,Transfer,FL,2024-04-22 19:30:00,0
TXN0010831,4.41,Online,TX,2024-04-22 19:45:00,0
TXN0010832,0.4,Online,NY,2024-04-22 20:00:00,0
TXN0010833,89.63,ATM,TX,2024-04-22 20:15:00,0
TXN0010834,85.72,Online,NY,2024-04-22 20:30:00,0
TXN0010835,3.53,Online,NY,2024-04-22 20:45:00,0
TXN0010836,8.79,Transfer,IL,2024-04-22 21:00:00,0
TXN0010837,26.76,Online,FL,2024-04-22 21:15:00,0
TXN0010838,13.15,POS,TX,2024-04-22 21:30:00,0
TXN0010839,7.45,ATM,IL,2024-04-22 21:45:00,0
TXN0010840,11.24,Online,NY,2024-04-22 22:00:00,0
TXN0010841,15.61,Online,NY,2024-04-22 22:15:00,0
TXN0010842,10.72,ATM,NY,2024-04-22 22:30:00,0
TXN0010843,26.87,Online,TX,2024-04-22 22:45:00,0
TXN0010844,15.78,POS,NY,2024-04-22 23:00:00,0
TXN0010845,8.34,ATM,NY,2024-04-22 23:15:00,0
TXN0010846,21.46,ATM,WA,2024-04-22 23:30:00,0
TXN0010847,2.82,POS,CA,2024-04-22 23:45:00,0
TXN0010848,118.6,Online,FL,2024-04-23 00:00:00,0
TXN0010849,2.57,Online,FL,2024-04-23 00:15:00,0
TXN0010850,18.84,POS,CA,2024-04-23 00:30:00,1
TXN0010851,31.34,ATM,NY,2024-04-23 00:45:00,0
TXN0010852,34.27,ATM,IL,2024-04-23 01:00:00,0
TXN0010853,28.48,Transfer,FL,2024-04-23 01:15:00,0
TXN0010854,95.13,ATM,CA,2024-04-23 01:30:00,0
TXN0010855,5.38,POS,CA,2024-04-23 01:45:00,0
TXN0010856,19.14,POS,FL,2024-04-23 02:00:00,0
TXN0010857,24.81,Online,CA,2024-04-23 02:15:00,0
TXN0010858,11.45,POS,FL,2024-04-23 02:30:00,0
TXN0010859,10.18,Online,IL,2024-04-23 02:45:00,0
TXN0010860,97.63,Transfer,WA,2024-04-23 03:00:00,0
TXN0010861,8.83,Transfer,FL,2024-04-23 03:15:00,0
TXN0010862,11.69,Online,TX,2024-04-23 03:30:00,0
TXN0010863,14.91,Online,FL,2024-04-23 03:45:00,0
TXN0010864,16.08,Online,IL,2024-04-23 04:00:00,0
TXN0010865,25.22,Transfer,WA,2024-04-23 04:15:00,0
TXN0010866,16.19,Transfer,CA,2024-04-23 04:30:00,0
TXN0010867,32.49,Transfer,IL,2024-04-23 04:45:00,0
TXN0010868,24.41,Online,IL,2024-04-23 05:00:00,0
TXN0010869,36.91,POS,NY,2024-04-23 05:15:00,0
TXN0010870,107.33,Transfer,FL,2024-04-23 05:30:00,0
TXN0010871,7.53,POS,FL,2024-04-23 05:45:00,0
TXN0010872,150.12,POS,WA,2024-04-23 06:00:00,0
TXN0010873,12.09,Transfer,TX,2024-04-23 06:15:00,0
TXN0010874,46.02,Transfer,NY,2024-04-23 06:30:00,0
TXN0010875,25.11,Transfer,FL,2024-04-23 06:45:00,0
TXN0010876,14.51,Online,TX,2024-04-23 07:00:00,0
TXN0010877,1.97,Transfer,NY,2024-04-23 07:15:00,0
TXN0010878,142.9,POS,TX,2024-04-23 07:30:00,0
TXN0010879,8.35,ATM,TX,2024-04-23 07:45:00,0
TXN0010880,8.05,POS,WA,2024-04-23 08:00:00,0
TXN0010881,73.88,ATM,NY,2024-04-23 08:15:00,0
TXN0010882,22.64,Transfer,CA,2024-04-23 08:30:00,0
TXN0010883,201.73,POS,WA,2024-04-23 08:45:00,0
TXN0010884,155.03,Online,TX,2024-04-23 09:00:00,0
TXN0010885,48.3,Online,TX,2024-04-23 09:15:00,0
TXN0010886,27.95,POS,NY,2024-04-23 09:30:00,0
TXN0010887,51.48,ATM,IL,2024-04-23 09:45:00,0
TXN0010888,4.27,POS,NY,2024-04-23 10:00:00,0
TXN0010889,25.37,Transfer,TX,2024-04-23 10:15:00,0
TXN0010890,24.64,Transfer,IL,2024-04-23 10:30:00,0
TXN0010891,11.75,ATM,IL,2024-04-23 10:45:00,0
TXN0010892,27.98,Online,FL,2024-04-23 11:00:00,0
TXN0010893,3.6,POS,CA,2024-04-23 11:15:00,0
TXN0010894,60.73,Transfer,FL,2024-04-23 11:30:00,0
TXN0010895,96.24,ATM,IL,2024-04-23 11:45:00,0
TXN0010896,4.39,Online,CA,2024-04-23 12:00:00,0
TXN0010897,24.55,ATM,CA,2024-04-23 12:15:00,0
TXN0010898,130.9,Transfer,WA,2024-04-23 12:30:00,0
TXN0010899,34.03,POS,FL,2024-04-23 12:45:00,0
TXN0010900,6.02,Transfer,WA,2024-04-23 13:00:00,0
TXN0010901,6.34,Online,FL,2024-04-23 13:15:00,0
TXN0010902,57.13,POS,TX,2024-04-23 13:30:00,0
TXN0010903,184.22,Transfer,CA,2024-04-23 13:45:00,0
TXN0010904,5.64,POS,IL,2024-04-23 14:00:00,0
TXN0010905,21.55,ATM,TX,2024-04-23 14:15:00,0
TXN0010906,8.16,Online,NY,2024-04-23 14:30:00,0
TXN0010907,14.67,ATM,NY,2024-04-23 14:45:00,0
TXN0010908,29.78,Transfer,CA,2024-04-23 15:00:00,0
TXN0010909,19.6,Online,IL,2024-04-23 15:15:00,0
TXN0010910,9.09,Transfer,CA,2024-04-23 15:30:00,0
TXN0010911,253.49,ATM,IL,2024-04-23 15:45:00,0
TXN0010912,17.05,ATM,TX,2024-04-23 16:00:00,0
TXN0010913,16.58,ATM,NY,2024-04-23 16:15:00,0
TXN0010914,77.28,Online,IL,2024-04-23 16:30:00,0
TXN0010915,20.88,POS,TX,2024-04-23 16:45:00,0
TXN0010916,16.17,ATM,IL,2024-04-23 17:00:00,0
TXN0010917,63.78,ATM,CA,2024-04-23 17:15:00,0
TXN0010918,6.0,POS,CA,2024-04-23 17:30:00,0
TXN0010919,50.18,Transfer,NY,2024-04-23 17:45:00,0
TXN0010920,70.22,ATM,IL,2024-04-23 18:00:00,0
TXN0010921,45.29,Transfer,IL,2024-04-23 18:15:00,0
TXN0010922,16.63,Transfer,TX,2024-04-23 18:30:00,0
TXN0010923,20.38,Online,NY,2024-04-23 18:45:00,0
TXN0010924,2.66,Online,FL,2024-04-23 19:00:00,0
TXN0010925,17.61,Online,FL,2024-04-23 19:15:00,0
TXN0010926,29.02,Transfer,WA,2024-04-23 19:30:00,0
TXN0010927,57.75,POS,WA,2024-04-23 19:45:00,0
TXN0010928,24.35,POS,CA,2024-04-23 20:00:00,0
TXN0010929,12.94,ATM,FL,2024-04-23 20:15:00,0
TXN0010930,7.58,POS,NY,2024-04-23 20:30:00,0
TXN0010931,19.47,Online,IL,2024-04-23 20:45:00,0
TXN0010932,24.13,ATM,FL,2024-04-23 21:00:00,1
TXN0010933,86.68,Online,TX,2024-04-23 21:15:00,0
TXN0010934,20.77,ATM,WA,2024-04-23 21:30:00,0
TXN0010935,11.33,POS,IL,2024-04-23 21:45:00,0
TXN0010936,18.09,Online,NY,2024-04-23 22:00:00,0
TXN0010937,11.57,ATM,IL,2024-04-23 22:15:00,0
TXN0010938,15.55,Transfer,IL,2024-04-23 22:30:00,0
TXN0010939,1.49,Transfer,CA,2024-04-23 22:45:00,0
TXN0010940,3.1,ATM,IL,2024-04-23 23:00:00,0
TXN0010941,4.97,ATM,TX,2024-04-23 23:15:00,0
TXN0010942,35.72,POS,FL,2024-04-23 23:30:00,0
TXN0010943,18.72,ATM,FL,2024-04-23 23:45:00,0
TXN0010944,24.46,Online,WA,2024-04-24 00:00:00,0
TXN0010945,81.68,ATM,NY,2024-04-24 00:15:00,0
TXN0010946,5.95,ATM,FL,2024-04-24 00:30:00,0
TXN0010947,79.78,ATM,TX,2024-04-24 00:45:00,0
TXN0010948,32.41,Transfer,CA,2024-04-24 01:00:00,0
TXN0010949,8.79,Transfer,WA,2024-04-24 01:15:00,0
TXN0010950,120.21,POS,CA,2024-04-24 01:30:00,0
TXN0010951,3.77,POS,WA,2024-04-24 01:45:00,0
TXN0010952,5.39,ATM,WA,2024-04-24 02:00:00,0
TXN0010953,16.03,ATM,CA,2024-04-24 02:15:00,0
TXN0010954,33.19,POS,IL,2024-04-24 02:30:00,0
TXN0010955,16.35,Transfer,WA,2024-04-24 02:45:00,0
TXN0010956,1.63,ATM,FL,2024-04-24 03:00:00,0
TXN0010957,14.4,POS,IL,2024-04-24 03:15:00,0
TXN0010958,18.56,Transfer,WA,2024-04-24 03:30:00,0
TXN0010959,419.71,POS,IL,2024-04-24 03:45:00,0
TXN0010960,104.62,Transfer,FL,2024-04-24 04:00:00,0
TXN0010961,23.73,Online,TX,2024-04-24 04:15:00,0
TXN0010962,5.62,ATM,FL,2024-04-24 04:30:00,0
TXN0010963,30.76,Online,WA,2024-04-24 04:45:00,0
TXN0010964,5.14,ATM,NY,2024-04-24 05:00:00,0
TXN0010965,26.07,ATM,FL,2024-04-24 05:15:00,0
TXN0010966,31.66,ATM,NY,2024-04-24 05:30:00,0
TXN0010967,12.74,Transfer,CA,2024-04-24 05:45:00,0
TXN0010968,27.55,Transfer,TX,2024-04-24 06:00:00,0
TXN0010969,13.86,POS,TX,2024-04-24 06:15:00,0
TXN0010970,10.41,Transfer,FL,2024-04-24 06:30:00,0
TXN0010971,126.31,ATM,TX,2024-04-24 06:45:00,0
TXN0010972,40.8,ATM,IL,2024-04-24 07:00:00,0
TXN0010973,14.24,ATM,FL,2024-04-24 07:15:00,1
TXN0010974,8.25,Transfer,CA,2024-04-24 07:30:00,0
TXN0010975,25.27,POS,WA,2024-04-24 07:45:00,0
TXN0010976,40.09,ATM,CA,2024-04-24 08:00:00,0
TXN0010977,56.17,Transfer,NY,2024-04-24 08:15:00,0
TXN0010978,117.39,Online,TX,2024-04-24 08:30:00,0
TXN0010979,35.37,Online,TX,2024-04-24 08:45:00,0
TXN0010980,5.44,ATM,CA,2024-04-24 09:00:00,0
TXN0010981,226.73,Online,WA,2024-04-24 09:15:00,0
TXN0010982,80.95,Online,CA,2024-04-24 09:30:00,0
TXN0010983,54.79,Transfer,WA,2024-04-24 09:45:00,0
TXN0010984,99.71,Online,IL,2024-04-24 10:00:00,0
TXN0010985,3.51,ATM,NY,2024-04-24 10:15:00,0
TXN0010986,13.15,POS,IL,2024-04-24 10:30:00,0
TXN0010987,11.16,Online,IL,2024-04-24 10:45:00,0
TXN0010988,83.71,ATM,WA,2024-04-24 11:00:00,0
TXN0010989,5.05,ATM,NY,2024-04-24 11:15:00,0
TXN0010990,13.96,Online,NY,2024-04-24 11:30:00,0
TXN0010991,123.42,Transfer,CA,2024-04-24 11:45:00,0
TXN0010992,44.02,ATM,IL,2024-04-24 12:00:00,0
TXN0010993,12.96,Transfer,NY,2024-04-24 12:15:00,0
TXN0010994,189.4,POS,CA,2024-04-24 12:30:00,0
TXN0010995,4.24,Transfer,CA,2024-04-24 12:45:00,0
TXN0010996,34.94,Transfer,NY,2024-04-24 13:00:00,0
TXN0010997,15.61,POS,IL,2024-04-24 13:15:00,0
TXN0010998,37.39,ATM,WA,2024-04-24 13:30:00,0
TXN0010999,14.74,Online,IL,2024-04-24 13:45:00,0
TXN0011000,7.59,ATM,TX,2024-04-24 14:00:00,0
TXN0011001,26.28,Transfer,IL,2024-04-24 14:15:00,0
TXN0011002,4.3,Online,TX,2024-04-24 14:30:00,0
TXN0011003,38.26,Transfer,FL,2024-04-24 14:45:00,0
TXN0011004,13.98,Online,NY,2024-04-24 15:00:00,0
TXN0011005,60.79,Online,FL,2024-04-24 15:15:00,0
TXN0011006,12.01,ATM,IL,2024-04-24 15:30:00,0
TXN0011007,9.21,POS,NY,2024-04-24 15:45:00,0
TXN0011008,32.71,Transfer,IL,2024-04-24 16:00:00,0
TXN0011009,87.86,POS,NY,2024-04-24 16:15:00,0
TXN0011010,1.76,POS,FL,2024-04-24 16:30:00,0
TXN0011011,23.48,POS,NY,2024-04-24 16:45:00,0
TXN0011012,42.75,POS,TX,2024-04-24 17:00:00,0
TXN0011013,3.79,Transfer,WA,2024-04-24 17:15:00,0
TXN0011014,7.19,POS,CA,2024-04-24 17:30:00,0
TXN0011015,43.6,POS,TX,2024-04-24 17:45:00,0
TXN0011016,7.66,POS,IL,2024-04-24 18:00:00,0
TXN0011017,9.57,Online,IL,2024-04-24 18:15:00,0
TXN0011018,155.3,POS,CA,2024-04-24 18:30:00,0
TXN0011019,6.67,Transfer,WA,2024-04-24 18:45:00,0
TXN0011020,7.33,Transfer,IL,2024-04-24 19:00:00,0
TXN0011021,1.32,ATM,TX,2024-04-24 19:15:00,0
TXN0011022,5.57,POS,IL,2024-04-24 19:30:00,0
TXN0011023,4.74,Transfer,FL,2024-04-24 19:45:00,0
TXN0011024,154.7,ATM,WA,2024-04-24 20:00:00,0
TXN0011025,85.8,ATM,CA,2024-04-24 20:15:00,0
TXN0011026,4.56,ATM,TX,2024-04-24 20:30:00,0
TXN0011027,208.08,Transfer,IL,2024-04-24 20:45:00,0
TXN0011028,50.58,Online,CA,2024-04-24 21:00:00,0
TXN0011029,16.43,POS,FL,2024-04-24 21:15:00,0
TXN0011030,52.91,POS,IL,2024-04-24 21:30:00,0
TXN0011031,31.9,ATM,NY,2024-04-24 21:45:00,0
TXN0011032,8.22,ATM,IL,2024-04-24 22:00:00,0
TXN0011033,2.54,Transfer,NY,2024-04-24 22:15:00,0
TXN0011034,6.93,Online,NY,2024-04-24 22:30:00,0
TXN0011035,20.19,Online,TX,2024-04-24 22:45:00,0
TXN0011036,13.32,Transfer,FL,2024-04-24 23:00:00,0
TXN0011037,8.47,POS,FL,2024-04-24 23:15:00,0
TXN0011038,64.33,Transfer,WA,2024-04-24 23:30:00,0
TXN0011039,5.76,Transfer,TX,2024-04-24 23:45:00,0
TXN0011040,58.26,Online,NY,2024-04-25 00:00:00,0
TXN0011041,11.48,Transfer,WA,2024-04-25 00:15:00,0
TXN0011042,23.09,Online,TX,2024-04-25 00:30:00,0
TXN0011043,5.39,Transfer,IL,2024-04-25 00:45:00,0
TXN0011044,20.09,POS,WA,2024-04-25 01:00:00,0
TXN0011045,8.04,ATM,IL,2024-04-25 01:15:00,0
TXN0011046,2.57,Transfer,NY,2024-04-25 01:30:00,0
TXN0011047,19.82,Transfer,NY,2024-04-25 01:45:00,0
TXN0011048,19.08,POS,TX,2024-04-25 02:00:00,0
TXN0011049,54.07,Transfer,WA,2024-04-25 02:15:00,1
TXN0011050,28.37,Transfer,NY,2024-04-25 02:30:00,0
TXN0011051,6.11,ATM,WA,2024-04-25 02:45:00,0
TXN0011052,9.81,ATM,IL,2024-04-25 03:00:00,0
TXN0011053,1.07,POS,IL,2024-04-25 03:15:00,0
TXN0011054,5.39,ATM,NY,2024-04-25 03:30:00,0
TXN0011055,94.04,ATM,WA,2024-04-25 03:45:00,0
TXN0011056,121.63,POS,TX,2024-04-25 04:00:00,0
TXN0011057,49.94,POS,FL,2024-04-25 04:15:00,0
TXN0011058,28.97,Transfer,CA,2024-04-25 04:30:00,0
TXN0011059,40.58,POS,IL,2024-04-25 04:45:00,0
TXN0011060,36.01,Online,TX,2024-04-25 05:00:00,0
TXN0011061,2.6,Transfer,TX,2024-04-25 05:15:00,0
TXN0011062,7.21,Transfer,CA,2024-04-25 05:30:00,0
TXN0011063,82.3,Online,NY,2024-04-25 05:45:00,0
TXN0011064,81.83,ATM,FL,2024-04-25 06:00:00,0
TXN0011065,26.9,Transfer,FL,2024-04-25 06:15:00,0
TXN0011066,14.02,Online,NY,2024-04-25 06:30:00,0
TXN0011067,12.83,POS,IL,2024-04-25 06:45:00,0
TXN0011068,10.63,POS,WA,2024-04-25 07:00:00,0
TXN0011069,6.76,ATM,TX,2024-04-25 07:15:00,0
TXN0011070,2.07,Transfer,IL,2024-04-25 07:30:00,0
TXN0011071,24.13,Online,NY,2024-04-25 07:45:00,0
TXN0011072,11.84,POS,TX,2024-04-25 08:00:00,0
TXN0011073,15.69,Transfer,WA,2024-04-25 08:15:00,0
TXN0011074,154.09,Transfer,TX,2024-04-25 08:30:00,0
TXN0011075,40.77,Transfer,WA,2024-04-25 08:45:00,0
TXN0011076,8.8,Online,CA,2024-04-25 09:00:00,0
TXN0011077,40.22,Online,WA,2024-04-25 09:15:00,0
TXN0011078,3.4,Transfer,NY,2024-04-25 09:30:00,0
TXN0011079,70.3,POS,IL,2024-04-25 09:45:00,0
TXN0011080,27.62,ATM,IL,2024-04-25 10:00:00,0
TXN0011081,16.07,ATM,CA,2024-04-25 10:15:00,0
TXN0011082,39.79,Transfer,NY,2024-04-25 10:30:00,1
TXN0011083,113.54,ATM,NY,2024-04-25 10:45:00,0
TXN0011084,11.66,ATM,NY,2024-04-25 11:00:00,0
TXN0011085,6.27,Online,TX,2024-04-25 11:15:00,0
TXN0011086,248.01,Online,IL,2024-04-25 11:30:00,0
TXN0011087,20.59,Transfer,CA,2024-04-25 11:45:00,0
TXN0011088,118.91,Transfer,FL,2024-04-25 12:00:00,0
TXN0011089,9.07,ATM,CA,2024-04-25 12:15:00,0
TXN0011090,31.66,Transfer,FL,2024-04-25 12:30:00,0
TXN0011091,9.44,ATM,WA,2024-04-25 12:45:00,0
TXN0011092,42.85,Online,NY,2024-04-25 13:00:00,0
TXN0011093,14.55,POS,NY,2024-04-25 13:15:00,0
TXN0011094,9.12,POS,IL,2024-04-25 13:30:00,0
TXN0011095,127.37,ATM,NY,2024-04-25 13:45:00,0
TXN0011096,30.23,ATM,CA,2024-04-25 14:00:00,0
TXN0011097,1.81,ATM,TX,2024-04-25 14:15:00,0
TXN0011098,15.27,Transfer,WA,2024-04-25 14:30:00,0
TXN0011099,6.79,POS,NY,2024-04-25 14:45:00,0
TXN0011100,4.75,POS,CA,2024-04-25 15:00:00,0
TXN0011101,10.09,POS,TX,2024-04-25 15:15:00,0
TXN0011102,11.44,ATM,CA,2024-04-25 15:30:00,0
TXN0011103,20.99,Transfer,WA,2024-04-25 15:45:00,0
TXN0011104,7.86,Transfer,TX,2024-04-25 16:00:00,0
TXN0011105,2.21,POS,NY,2024-04-25 16:15:00,0
TXN0011106,10.67,Online,IL,2024-04-25 16:30:00,0
TXN0011107,57.38,POS,CA,2024-04-25 16:45:00,0
TXN0011108,3.98,POS,WA,2024-04-25 17:00:00,0
TXN0011109,42.07,POS,WA,2024-04-25 17:15:00,0
TXN0011110,34.79,ATM,NY,2024-04-25 17:30:00,0
TXN0011111,11.83,ATM,NY,2024-04-25 17:45:00,0
TXN0011112,29.12,Online,TX,2024-04-25 18:00:00,0
TXN0011113,8.26,POS,WA,2024-04-25 18:15:00,0
TXN0011114,12.52,POS,WA,2024-04-25 18:30:00,0
TXN0011115,5.98,Transfer,TX,2024-04-25 18:45:00,0
TXN0011116,35.04,Transfer,IL,2024-04-25 19:00:00,0
TXN0011117,102.93,Online,IL,2024-04-25 19:15:00,0
TXN0011118,8.98,Transfer,WA,2024-04-25 19:30:00,0
TXN0011119,83.73,POS,NY,2024-04-25 19:45:00,0
TXN0011120,1.59,Online,WA,2024-04-25 20:00:00,0
TXN0011121,7.01,Transfer,IL,2024-04-25 20:15:00,0
TXN0011122,6.03,POS,IL,2024-04-25 20:30:00,0
TXN0011123,156.51,ATM,CA,2024-04-25 20:45:00,0
TXN0011124,9.95,POS,WA,2024-04-25 21:00:00,0
TXN0011125,50.95,ATM,IL,2024-04-25 21:15:00,0
TXN0011126,1.75,POS,IL,2024-04-25 21:30:00,0
TXN0011127,23.06,POS,NY,2024-04-25 21:45:00,0
TXN0011128,39.51,Online,WA,2024-04-25 22:00:00,0
TXN0011129,19.25,Online,TX,2024-04-25 22:15:00,0
TXN0011130,0.78,ATM,IL,2024-04-25 22:30:00,0
TXN0011131,24.84,Online,TX,2024-04-25 22:45:00,0
TXN0011132,52.94,Online,IL,2024-04-25 23:00:00,0
TXN0011133,97.31,Transfer,TX,2024-04-25 23:15:00,0
TXN0011134,32.36,POS,FL,2024-04-25 23:30:00,0
TXN0011135,2.68,Transfer,WA,2024-04-25 23:45:00,0
TXN0011136,15.67,POS,IL,2024-04-26 00:00:00,0
TXN0011137,59.16,POS,IL,2024-04-26 00:15:00,0
TXN0011138,7.56,POS,NY,2024-04-26 00:30:00,1
TXN0011139,39.49,ATM,CA,2024-04-26 00:45:00,0
TXN0011140,11.35,Online,NY,2024-04-26 01:00:00,0
TXN0011141,22.45,POS,IL,2024-04-26 01:15:00,0
TXN0011142,49.73,POS,CA,2024-04-26 01:30:00,0
TXN0011143,8.62,Transfer,CA,2024-04-26 01:45:00,0
TXN0011144,616.85,Transfer,TX,2024-04-26 02:00:00,0
TXN0011145,24.1,POS,WA,2024-04-26 02:15:00,0
TXN0011146,30.29,Transfer,NY,2024-04-26 02:30:00,0
TXN0011147,8.28,POS,TX,2024-04-26 02:45:00,0
TXN0011148,21.65,POS,NY,2024-04-26 03:00:00,0
TXN0011149,14.58,Transfer,TX,2024-04-26 03:15:00,0
TXN0011150,3.51,Transfer,NY,2024-04-26 03:30:00,0
TXN0011151,3.21,ATM,NY,2024-04-26 03:45:00,0
TXN0011152,28.33,ATM,CA,2024-04-26 04:00:00,0
TXN0011153,18.09,ATM,TX,2024-04-26 04:15:00,0
TXN0011154,0.86,Transfer,WA,2024-04-26 04:30:00,0
TXN0011155,1.54,Online,CA,2024-04-26 04:45:00,0
TXN0011156,13.88,POS,CA,2024-04-26 05:00:00,0
TXN0011157,18.5,POS,IL,2024-04-26 05:15:00,0
TXN0011158,41.62,ATM,FL,2024-04-26 05:30:00,0
TXN0011159,4.55,POS,IL,2024-04-26 05:45:00,0
TXN0011160,40.84,Transfer,NY,2024-04-26 06:00:00,0
TXN0011161,13.89,POS,TX,2024-04-26 06:15:00,0
TXN0011162,10.93,POS,IL,2024-04-26 06:30:00,0
TXN0011163,16.95,Online,IL,2024-04-26 06:45:00,0
TXN0011164,65.5,ATM,WA,2024-04-26 07:00:00,0
TXN0011165,39.2,Transfer,WA,2024-04-26 07:15:00,0
TXN0011166,58.37,Transfer,TX,2024-04-26 07:30:00,0
TXN0011167,8.8,Transfer,CA,2024-04-26 07:45:00,0
TXN0011168,14.29,ATM,CA,2024-04-26 08:00:00,0
TXN0011169,4.98,Transfer,IL,2024-04-26 08:15:00,0
TXN0011170,10.34,Online,CA,2024-04-26 08:30:00,0
TXN0011171,12.48,POS,NY,2024-04-26 08:45:00,0
TXN0011172,11.49,ATM,WA,2024-04-26 09:00:00,0
TXN0011173,47.26,ATM,CA,2024-04-26 09:15:00,0
TXN0011174,33.45,POS,FL,2024-04-26 09:30:00,0
TXN0011175,49.95,POS,NY,2024-04-26 09:45:00,1
TXN0011176,23.43,Online,CA,2024-04-26 10:00:00,0
TXN0011177,72.75,POS,TX,2024-04-26 10:15:00,0
TXN0011178,23.02,Online,WA,2024-04-26 10:30:00,0
TXN0011179,63.99,Transfer,NY,2024-04-26 10:45:00,0
TXN0011180,36.73,POS,NY,2024-04-26 11:00:00,0
TXN0011181,48.53,Transfer,CA,2024-04-26 11:15:00,0
TXN0011182,18.53,Transfer,FL,2024-04-26 11:30:00,0
TXN0011183,4.54,Transfer,IL,2024-04-26 11:45:00,0
TXN0011184,3.55,Transfer,TX,2024-04-26 12:00:00,0
TXN0011185,210.37,ATM,WA,2024-04-26 12:15:00,0
TXN0011186,31.99,ATM,NY,2024-04-26 12:30:00,0
TXN0011187,34.2,ATM,TX,2024-04-26 12:45:00,0
TXN0011188,16.44,Online,FL,2024-04-26 13:00:00,0
TXN0011189,11.59,Transfer,WA,2024-04-26 13:15:00,0
TXN0011190,630.26,Online,WA,2024-04-26 13:30:00,0
TXN0011191,5.24,ATM,IL,2024-04-26 13:45:00,0
TXN0011192,18.63,Online,IL,2024-04-26 14:00:00,0
TXN0011193,18.89,POS,WA,2024-04-26 14:15:00,0
TXN0011194,5.17,POS,FL,2024-04-26 14:30:00,0
TXN0011195,4.37,Online,CA,2024-04-26 14:45:00,0
TXN0011196,8.64,POS,NY,2024-04-26 15:00:00,0
TXN0011197,13.3,Transfer,WA,2024-04-26 15:15:00,0
TXN0011198,11.22,Transfer,TX,2024-04-26 15:30:00,0
TXN0011199,53.3,Online,NY,2024-04-26 15:45:00,1
TXN0011200,4.88,Online,FL,2024-04-26 16:00:00,0
TXN0011201,32.64,Online,IL,2024-04-26 16:15:00,0
TXN0011202,117.02,ATM,FL,2024-04-26 16:30:00,0
TXN0011203,58.65,ATM,FL,2024-04-26 16:45:00,0
TXN0011204,5.12,Online,CA,2024-04-26 17:00:00,0
TXN0011205,0.58,Online,TX,2024-04-26 17:15:00,0
TXN0011206,55.39,Transfer,NY,2024-04-26 17:30:00,0
TXN0011207,36.45,POS,WA,2024-04-26 17:45:00,0
TXN0011208,9.95,POS,TX,2024-04-26 18:00:00,0
TXN0011209,93.39,POS,CA,2024-04-26 18:15:00,0
TXN0011210,12.36,Transfer,TX,2024-04-26 18:30:00,0
TXN0011211,22.86,POS,WA,2024-04-26 18:45:00,0
TXN0011212,5.78,Transfer,IL,2024-04-26 19:00:00,0
TXN0011213,29.46,Transfer,IL,2024-04-26 19:15:00,0
TXN0011214,11.99,Online,WA,2024-04-26 19:30:00,0
TXN0011215,10.98,POS,WA,2024-04-26 19:45:00,0
TXN0011216,73.39,Transfer,WA,2024-04-26 20:00:00,0
TXN0011217,25.98,Transfer,WA,2024-04-26 20:15:00,0
TXN0011218,3.34,POS,IL,2024-04-26 20:30:00,1
TXN0011219,46.05,Transfer,FL,2024-04-26 20:45:00,0
TXN0011220,54.81,Transfer,TX,2024-04-26 21:00:00,0
TXN0011221,7.4,Transfer,IL,2024-04-26 21:15:00,0
TXN0011222,12.53,Transfer,TX,2024-04-26 21:30:00,0
TXN0011223,21.43,POS,IL,2024-04-26 21:45:00,0
TXN0011224,14.89,ATM,WA,2024-04-26 22:00:00,0
TXN0011225,23.3,POS,FL,2024-04-26 22:15:00,0
TXN0011226,43.81,POS,TX,2024-04-26 22:30:00,0
TXN0011227,11.13,POS,IL,2024-04-26 22:45:00,0
TXN0011228,243.95,ATM,WA,2024-04-26 23:00:00,0
TXN0011229,8.55,POS,FL,2024-04-26 23:15:00,0
TXN0011230,10.52,POS,WA,2024-04-26 23:30:00,0
TXN0011231,213.28,POS,FL,2024-04-26 23:45:00,0
TXN0011232,351.25,POS,IL,2024-04-27 00:00:00,0
TXN0011233,21.01,POS,TX,2024-04-27 00:15:00,0
TXN0011234,16.04,POS,NY,2024-04-27 00:30:00,0
TXN0011235,5.54,ATM,IL,2024-04-27 00:45:00,0
TXN0011236,79.15,POS,IL,2024-04-27 01:00:00,0
TXN0011237,24.72,ATM,WA,2024-04-27 01:15:00,0
TXN0011238,7.28,Online,WA,2024-04-27 01:30:00,0
TXN0011239,32.69,Transfer,FL,2024-04-27 01:45:00,0
TXN0011240,104.02,POS,TX,2024-04-27 02:00:00,0
TXN0011241,45.74,Transfer,CA,2024-04-27 02:15:00,0
TXN0011242,284.23,Transfer,FL,2024-04-27 02:30:00,0
TXN0011243,80.76,POS,FL,2024-04-27 02:45:00,0
TXN0011244,34.08,Online,TX,2024-04-27 03:00:00,0
TXN0011245,19.31,Transfer,CA,2024-04-27 03:15:00,0
TXN0011246,38.87,POS,WA,2024-04-27 03:30:00,0
TXN0011247,86.56,POS,WA,2024-04-27 03:45:00,0
TXN0011248,56.29,POS,TX,2024-04-27 04:00:00,0
TXN0011249,71.22,Online,WA,2024-04-27 04:15:00,0
TXN0011250,26.24,Transfer,CA,2024-04-27 04:30:00,0
TXN0011251,50.39,POS,TX,2024-04-27 04:45:00,0
TXN0011252,86.34,POS,WA,2024-04-27 05:00:00,0
TXN0011253,16.47,POS,CA,2024-04-27 05:15:00,0
TXN0011254,4.24,ATM,FL,2024-04-27 05:30:00,0
TXN0011255,159.41,POS,FL,2024-04-27 05:45:00,0
TXN0011256,40.45,Online,NY,2024-04-27 06:00:00,0
TXN0011257,11.85,Online,CA,2024-04-27 06:15:00,0
TXN0011258,26.6,Transfer,TX,2024-04-27 06:30:00,0
TXN0011259,14.93,Transfer,IL,2024-04-27 06:45:00,0
TXN0011260,2.6,Online,NY,2024-04-27 07:00:00,0
TXN0011261,16.11,Online,TX,2024-04-27 07:15:00,0
TXN0011262,3.64,ATM,CA,2024-04-27 07:30:00,0
TXN0011263,25.62,Transfer,FL,2024-04-27 07:45:00,0
TXN0011264,17.62,POS,FL,2024-04-27 08:00:00,0
TXN0011265,78.28,Transfer,FL,2024-04-27 08:15:00,0
TXN0011266,17.39,Online,IL,2024-04-27 08:30:00,0
TXN0011267,31.46,Transfer,TX,2024-04-27 08:45:00,0
TXN0011268,14.03,POS,IL,2024-04-27 09:00:00,0
TXN0011269,12.73,POS,CA,2024-04-27 09:15:00,0
TXN0011270,3.76,POS,CA,2024-04-27 09:30:00,0
TXN0011271,65.93,Online,FL,2024-04-27 09:45:00,0
TXN0011272,24.65,Transfer,TX,2024-04-27 10:00:00,0
TXN0011273,9.98,Transfer,TX,2024-04-27 10:15:00,0
TXN0011274,25.79,Online,IL,2024-04-27 10:30:00,0
TXN0011275,12.21,Transfer,IL,2024-04-27 10:45:00,0
TXN0011276,8.42,Online,FL,2024-04-27 11:00:00,0
TXN0011277,27.09,Transfer,IL,2024-04-27 11:15:00,1
TXN0011278,86.32,POS,FL,2024-04-27 11:30:00,0
TXN0011279,14.54,ATM,FL,2024-04-27 11:45:00,0
TXN0011280,3.63,ATM,WA,2024-04-27 12:00:00,0
TXN0011281,9.61,Transfer,WA,2024-04-27 12:15:00,0
TXN0011282,173.61,Online,CA,2024-04-27 12:30:00,0
TXN0011283,7.59,POS,CA,2024-04-27 12:45:00,0
TXN0011284,83.56,ATM,FL,2024-04-27 13:00:00,0
TXN0011285,15.08,Online,IL,2024-04-27 13:15:00,0
TXN0011286,48.82,POS,WA,2024-04-27 13:30:00,0
TXN0011287,17.68,Online,FL,2024-04-27 13:45:00,0
TXN0011288,3.03,ATM,WA,2024-04-27 14:00:00,0
TXN0011289,12.25,Transfer,CA,2024-04-27 14:15:00,0
TXN0011290,253.29,ATM,FL,2024-04-27 14:30:00,0
TXN0011291,17.15,Transfer,NY,2024-04-27 14:45:00,0
TXN0011292,39.56,ATM,NY,2024-04-27 15:00:00,0
TXN0011293,13.42,Online,NY,2024-04-27 15:15:00,0
TXN0011294,17.15,Transfer,TX,2024-04-27 15:30:00,0
TXN0011295,29.57,POS,NY,2024-04-27 15:45:00,0
TXN0011296,35.48,Online,FL,2024-04-27 16:00:00,0
TXN0011297,288.21,POS,NY,2024-04-27 16:15:00,0
TXN0011298,19.73,ATM,CA,2024-04-27 16:30:00,0
TXN0011299,16.19,Transfer,CA,2024-04-27 16:45:00,0
TXN0011300,9.08,Transfer,NY,2024-04-27 17:00:00,0
TXN0011301,4.16,Transfer,FL,2024-04-27 17:15:00,0
TXN0011302,2.91,Transfer,NY,2024-04-27 17:30:00,0
TXN0011303,44.57,Online,TX,2024-04-27 17:45:00,0
TXN0011304,2.15,POS,NY,2024-04-27 18:00:00,0
TXN0011305,108.73,POS,TX,2024-04-27 18:15:00,0
TXN0011306,56.39,Transfer,FL,2024-04-27 18:30:00,0
TXN0011307,14.12,Transfer,WA,2024-04-27 18:45:00,0
TXN0011308,5.04,ATM,NY,2024-04-27 19:00:00,0
TXN0011309,20.83,Transfer,TX,2024-04-27 19:15:00,0
TXN0011310,20.67,Online,NY,2024-04-27 19:30:00,0
TXN0011311,77.87,Transfer,IL,2024-04-27 19:45:00,0
TXN0011312,8.27,Transfer,WA,2024-04-27 20:00:00,0
TXN0011313,12.8,POS,IL,2024-04-27 20:15:00,0
TXN0011314,18.91,POS,CA,2024-04-27 20:30:00,0
TXN0011315,14.45,Transfer,FL,2024-04-27 20:45:00,0
TXN0011316,9.53,POS,WA,2024-04-27 21:00:00,0
TXN0011317,2.58,Online,IL,2024-04-27 21:15:00,0
TXN0011318,2.82,Transfer,CA,2024-04-27 21:30:00,0
TXN0011319,8.96,Online,TX,2024-04-27 21:45:00,0
TXN0011320,15.4,POS,WA,2024-04-27 22:00:00,0
TXN0011321,66.83,Transfer,IL,2024-04-27 22:15:00,0
TXN0011322,322.08,ATM,WA,2024-04-27 22:30:00,0
TXN0011323,157.69,Online,CA,2024-04-27 22:45:00,0
TXN0011324,32.4,POS,TX,2024-04-27 23:00:00,0
TXN0011325,192.06,Online,IL,2024-04-27 23:15:00,0
TXN0011326,17.54,ATM,WA,2024-04-27 23:30:00,0
TXN0011327,10.72,Transfer,TX,2024-04-27 23:45:00,0
TXN0011328,323.72,POS,NY,2024-04-28 00:00:00,0
TXN0011329,5.61,POS,FL,2024-04-28 00:15:00,0
TXN0011330,12.27,Online,WA,2024-04-28 00:30:00,0
TXN0011331,14.71,Transfer,WA,2024-04-28 00:45:00,0
TXN0011332,116.23,Online,CA,2024-04-28 01:00:00,0
TXN0011333,9.89,POS,NY,2024-04-28 01:15:00,0
TXN0011334,51.51,ATM,WA,2024-04-28 01:30:00,0
TXN0011335,12.38,ATM,NY,2024-04-28 01:45:00,0
TXN0011336,4.65,POS,IL,2024-04-28 02:00:00,0
TXN0011337,26.78,POS,CA,2024-04-28 02:15:00,0
TXN0011338,24.69,Transfer,WA,2024-04-28 02:30:00,0
TXN0011339,5.04,ATM,CA,2024-04-28 02:45:00,0
TXN0011340,7.15,ATM,TX,2024-04-28 03:00:00,0
TXN0011341,7.8,POS,FL,2024-04-28 03:15:00,0
TXN0011342,64.14,Online,WA,2024-04-28 03:30:00,0
TXN0011343,35.13,Online,TX,2024-04-28 03:45:00,0
TXN0011344,26.88,POS,FL,2024-04-28 04:00:00,0
TXN0011345,36.37,POS,FL,2024-04-28 04:15:00,0
TXN0011346,11.41,POS,CA,2024-04-28 04:30:00,0
TXN0011347,35.82,POS,WA,2024-04-28 04:45:00,0
TXN0011348,9.78,Transfer,FL,2024-04-28 05:00:00,0
TXN0011349,4.09,ATM,CA,2024-04-28 05:15:00,0
TXN0011350,8.7,POS,FL,2024-04-28 05:30:00,0
TXN0011351,26.02,Online,NY,2024-04-28 05:45:00,0
TXN0011352,22.52,Transfer,WA,2024-04-28 06:00:00,0
TXN0011353,71.9,POS,IL,2024-04-28 06:15:00,0
TXN0011354,2.67,Transfer,TX,2024-04-28 06:30:00,0
TXN0011355,15.54,Online,TX,2024-04-28 06:45:00,0
TXN0011356,32.47,ATM,IL,2024-04-28 07:00:00,0
TXN0011357,6.38,Online,WA,2024-04-28 07:15:00,0
TXN0011358,27.28,POS,NY,2024-04-28 07:30:00,0
TXN0011359,12.39,POS,NY,2024-04-28 07:45:00,0
TXN0011360,5.22,Online,CA,2024-04-28 08:00:00,0
TXN0011361,77.68,Online,IL,2024-04-28 08:15:00,0
TXN0011362,3.82,POS,FL,2024-04-28 08:30:00,0
TXN0011363,67.21,Online,TX,2024-04-28 08:45:00,0
TXN0011364,12.32,Online,TX,2024-04-28 09:00:00,0
TXN0011365,6.55,ATM,WA,2024-04-28 09:15:00,0
TXN0011366,7.01,ATM,WA,2024-04-28 09:30:00,0
TXN0011367,8.36,ATM,NY,2024-04-28 09:45:00,0
TXN0011368,7.33,ATM,WA,2024-04-28 10:00:00,0
TXN0011369,27.97,POS,CA,2024-04-28 10:15:00,0
TXN0011370,2.15,Online,WA,2024-04-28 10:30:00,0
TXN0011371,89.66,Online,CA,2024-04-28 10:45:00,0
TXN0011372,55.17,Transfer,IL,2024-04-28 11:00:00,0
TXN0011373,107.07,Transfer,IL,2024-04-28 11:15:00,0
TXN0011374,6.23,ATM,WA,2024-04-28 11:30:00,0
TXN0011375,1.26,Transfer,IL,2024-04-28 11:45:00,0
TXN0011376,9.59,Transfer,WA,2024-04-28 12:00:00,0
TXN0011377,16.58,POS,FL,2024-04-28 12:15:00,0
TXN0011378,29.17,Online,IL,2024-04-28 12:30:00,0
TXN0011379,10.89,ATM,CA,2024-04-28 12:45:00,0
TXN0011380,18.34,POS,FL,2024-04-28 13:00:00,0
TXN0011381,24.27,Online,NY,2024-04-28 13:15:00,0
TXN0011382,3.17,POS,WA,2024-04-28 13:30:00,0
TXN0011383,177.06,ATM,CA,2024-04-28 13:45:00,0
TXN0011384,5.28,POS,NY,2024-04-28 14:00:00,0
TXN0011385,27.83,Online,WA,2024-04-28 14:15:00,0
TXN0011386,74.05,ATM,FL,2024-04-28 14:30:00,0
TXN0011387,7.94,ATM,IL,2024-04-28 14:45:00,0
TXN0011388,20.4,Online,WA,2024-04-28 15:00:00,0
TXN0011389,144.03,Transfer,NY,2024-04-28 15:15:00,0
TXN0011390,14.5,Transfer,TX,2024-04-28 15:30:00,0
TXN0011391,71.24,Transfer,WA,2024-04-28 15:45:00,0
TXN0011392,28.84,ATM,FL,2024-04-28 16:00:00,0
TXN0011393,26.76,POS,FL,2024-04-28 16:15:00,0
TXN0011394,48.13,ATM,TX,2024-04-28 16:30:00,0
TXN0011395,15.42,Transfer,CA,2024-04-28 16:45:00,1
TXN0011396,15.83,ATM,WA,2024-04-28 17:00:00,0
TXN0011397,64.54,POS,IL,2024-04-28 17:15:00,0
TXN0011398,27.87,ATM,TX,2024-04-28 17:30:00,0
TXN0011399,37.01,ATM,CA,2024-04-28 17:45:00,0
TXN0011400,4.86,Online,FL,2024-04-28 18:00:00,0
TXN0011401,20.8,Online,NY,2024-04-28 18:15:00,0
TXN0011402,87.33,Transfer,TX,2024-04-28 18:30:00,0
TXN0011403,60.0,Transfer,IL,2024-04-28 18:45:00,0
TXN0011404,30.83,ATM,WA,2024-04-28 19:00:00,0
TXN0011405,10.97,Online,WA,2024-04-28 19:15:00,0
TXN0011406,9.8,ATM,TX,2024-04-28 19:30:00,0
TXN0011407,34.55,Online,IL,2024-04-28 19:45:00,0
TXN0011408,112.01,ATM,NY,2024-04-28 20:00:00,0
TXN0011409,21.52,ATM,NY,2024-04-28 20:15:00,0
TXN0011410,97.71,Transfer,CA,2024-04-28 20:30:00,0
TXN0011411,14.28,Online,IL,2024-04-28 20:45:00,1
TXN0011412,86.33,POS,NY,2024-04-28 21:00:00,0
TXN0011413,6.17,ATM,TX,2024-04-28 21:15:00,0
TXN0011414,25.59,Online,IL,2024-04-28 21:30:00,0
TXN0011415,5.69,POS,WA,2024-04-28 21:45:00,0
TXN0011416,45.13,POS,TX,2024-04-28 22:00:00,0
TXN0011417,40.66,Transfer,CA,2024-04-28 22:15:00,0
TXN0011418,6.55,Online,NY,2024-04-28 22:30:00,0
TXN0011419,8.38,POS,TX,2024-04-28 22:45:00,0
TXN0011420,12.03,Transfer,FL,2024-04-28 23:00:00,0
TXN0011421,3.43,ATM,WA,2024-04-28 23:15:00,0
TXN0011422,6.74,Online,TX,2024-04-28 23:30:00,0
TXN0011423,7.26,ATM,FL,2024-04-28 23:45:00,0
TXN0011424,52.25,Transfer,FL,2024-04-29 00:00:00,0
TXN0011425,107.45,Transfer,CA,2024-04-29 00:15:00,0
TXN0011426,12.01,Online,TX,2024-04-29 00:30:00,0
TXN0011427,14.49,POS,CA,2024-04-29 00:45:00,0
TXN0011428,26.43,Transfer,TX,2024-04-29 01:00:00,0
TXN0011429,10.95,Online,TX,2024-04-29 01:15:00,0
TXN0011430,14.66,Online,IL,2024-04-29 01:30:00,0
TXN0011431,55.82,Transfer,NY,2024-04-29 01:45:00,0
TXN0011432,26.96,POS,WA,2024-04-29 02:00:00,0
TXN0011433,18.47,POS,FL,2024-04-29 02:15:00,0
TXN0011434,10.3,Online,IL,2024-04-29 02:30:00,0
TXN0011435,119.31,Transfer,WA,2024-04-29 02:45:00,0
TXN0011436,9.8,Transfer,WA,2024-04-29 03:00:00,0
TXN0011437,23.66,POS,NY,2024-04-29 03:15:00,0
TXN0011438,5.93,ATM,NY,2024-04-29 03:30:00,0
TXN0011439,10.03,POS,TX,2024-04-29 03:45:00,0
TXN0011440,22.91,Transfer,CA,2024-04-29 04:00:00,0
TXN0011441,12.74,POS,CA,2024-04-29 04:15:00,0
TXN0011442,38.77,ATM,NY,2024-04-29 04:30:00,0
TXN0011443,22.19,Transfer,WA,2024-04-29 04:45:00,0
TXN0011444,3.9,Online,TX,2024-04-29 05:00:00,0
TXN0011445,1.29,Online,CA,2024-04-29 05:15:00,0
TXN0011446,67.42,Transfer,CA,2024-04-29 05:30:00,0
TXN0011447,10.16,ATM,WA,2024-04-29 05:45:00,1
TXN0011448,120.44,Online,IL,2024-04-29 06:00:00,0
TXN0011449,20.8,POS,TX,2024-04-29 06:15:00,0
TXN0011450,8.18,POS,FL,2024-04-29 06:30:00,0
TXN0011451,39.9,ATM,CA,2024-04-29 06:45:00,0
TXN0011452,14.77,POS,NY,2024-04-29 07:00:00,0
TXN0011453,20.75,Transfer,IL,2024-04-29 07:15:00,0
TXN0011454,6.71,Online,TX,2024-04-29 07:30:00,0
TXN0011455,43.91,Online,CA,2024-04-29 07:45:00,0
TXN0011456,75.93,ATM,WA,2024-04-29 08:00:00,0
TXN0011457,10.89,ATM,WA,2024-04-29 08:15:00,0
TXN0011458,173.22,POS,NY,2024-04-29 08:30:00,0
TXN0011459,10.33,ATM,FL,2024-04-29 08:45:00,1
TXN0011460,27.54,POS,NY,2024-04-29 09:00:00,0
TXN0011461,2.88,POS,CA,2024-04-29 09:15:00,0
TXN0011462,2.04,ATM,CA,2024-04-29 09:30:00,0
TXN0011463,253.53,Online,IL,2024-04-29 09:45:00,0
TXN0011464,112.58,POS,FL,2024-04-29 10:00:00,0
TXN0011465,80.83,Transfer,NY,2024-04-29 10:15:00,0
TXN0011466,2.67,ATM,FL,2024-04-29 10:30:00,0
TXN0011467,26.77,ATM,IL,2024-04-29 10:45:00,0
TXN0011468,33.76,ATM,TX,2024-04-29 11:00:00,0
TXN0011469,22.45,Transfer,CA,2024-04-29 11:15:00,0
TXN0011470,29.16,POS,NY,2024-04-29 11:30:00,0
TXN0011471,6.79,ATM,CA,2024-04-29 11:45:00,0
TXN0011472,16.84,ATM,WA,2024-04-29 12:00:00,0
TXN0011473,5.21,POS,NY,2024-04-29 12:15:00,0
TXN0011474,13.42,Transfer,TX,2024-04-29 12:30:00,0
TXN0011475,31.84,ATM,WA,2024-04-29 12:45:00,0
TXN0011476,7.99,Online,NY,2024-04-29 13:00:00,0
TXN0011477,14.63,Transfer,TX,2024-04-29 13:15:00,0
TXN0011478,12.16,Online,TX,2024-04-29 13:30:00,0
TXN0011479,20.75,Online,CA,2024-04-29 13:45:00,0
TXN0011480,61.42,Transfer,IL,2024-04-29 14:00:00,0
TXN0011481,27.05,Transfer,CA,2024-04-29 14:15:00,0
TXN0011482,32.72,POS,IL,2024-04-29 14:30:00,0
TXN0011483,3.63,POS,WA,2024-04-29 14:45:00,0
TXN0011484,13.19,POS,WA,2024-04-29 15:00:00,0
TXN0011485,54.28,POS,FL,2024-04-29 15:15:00,0
TXN0011486,7.26,Online,NY,2024-04-29 15:30:00,0
TXN0011487,12.11,ATM,IL,2024-04-29 15:45:00,0
TXN0011488,6.37,ATM,NY,2024-04-29 16:00:00,0
TXN0011489,100.69,Online,WA,2024-04-29 16:15:00,0
TXN0011490,11.83,Transfer,IL,2024-04-29 16:30:00,0
TXN0011491,8.49,POS,NY,2024-04-29 16:45:00,0
TXN0011492,42.64,Online,FL,2024-04-29 17:00:00,0
TXN0011493,75.96,POS,TX,2024-04-29 17:15:00,0
TXN0011494,36.77,ATM,CA,2024-04-29 17:30:00,0
TXN0011495,65.94,POS,CA,2024-04-29 17:45:00,0
TXN0011496,26.18,ATM,NY,2024-04-29 18:00:00,0
TXN0011497,17.42,Online,TX,2024-04-29 18:15:00,0
TXN0011498,11.99,POS,IL,2024-04-29 18:30:00,0
TXN0011499,11.05,ATM,IL,2024-04-29 18:45:00,0
TXN0011500,9.93,Online,FL,2024-04-29 19:00:00,0
TXN0011501,31.56,Transfer,CA,2024-04-29 19:15:00,0
TXN0011502,17.73,Online,IL,2024-04-29 19:30:00,0
TXN0011503,22.53,POS,IL,2024-04-29 19:45:00,0
TXN0011504,41.93,Online,TX,2024-04-29 20:00:00,0
TXN0011505,19.02,Online,IL,2024-04-29 20:15:00,0
TXN0011506,3.93,Transfer,TX,2024-04-29 20:30:00,0
TXN0011507,7.86,ATM,CA,2024-04-29 20:45:00,0
TXN0011508,5.31,POS,IL,2024-04-29 21:00:00,0
TXN0011509,2.06,POS,TX,2024-04-29 21:15:00,0
TXN0011510,22.98,Transfer,CA,2024-04-29 21:30:00,0
TXN0011511,4.82,Online,TX,2024-04-29 21:45:00,0
TXN0011512,4.36,Online,CA,2024-04-29 22:00:00,0
TXN0011513,5.57,Transfer,TX,2024-04-29 22:15:00,0
TXN0011514,57.7,POS,TX,2024-04-29 22:30:00,0
TXN0011515,13.96,ATM,IL,2024-04-29 22:45:00,0
TXN0011516,67.09,ATM,TX,2024-04-29 23:00:00,0
TXN0011517,18.18,Transfer,TX,2024-04-29 23:15:00,0
TXN0011518,12.01,Transfer,NY,2024-04-29 23:30:00,0
TXN0011519,39.86,Online,FL,2024-04-29 23:45:00,0
TXN0011520,41.39,Transfer,TX,2024-04-30 00:00:00,0
TXN0011521,23.23,POS,TX,2024-04-30 00:15:00,0
TXN0011522,5.84,ATM,NY,2024-04-30 00:30:00,0
TXN0011523,11.7,ATM,NY,2024-04-30 00:45:00,0
TXN0011524,4.91,Online,NY,2024-04-30 01:00:00,0
TXN0011525,14.84,POS,FL,2024-04-30 01:15:00,0
TXN0011526,22.61,Transfer,IL,2024-04-30 01:30:00,0
TXN0011527,119.59,Transfer,FL,2024-04-30 01:45:00,0
TXN0011528,109.92,Online,NY,2024-04-30 02:00:00,1
TXN0011529,45.5,Transfer,CA,2024-04-30 02:15:00,0
TXN0011530,63.43,ATM,IL,2024-04-30 02:30:00,0
TXN0011531,26.62,Transfer,FL,2024-04-30 02:45:00,0
TXN0011532,560.21,ATM,WA,2024-04-30 03:00:00,0
TXN0011533,126.03,POS,FL,2024-04-30 03:15:00,0
TXN0011534,481.7,POS,IL,2024-04-30 03:30:00,0
TXN0011535,31.88,POS,FL,2024-04-30 03:45:00,0
TXN0011536,33.1,Online,FL,2024-04-30 04:00:00,0
TXN0011537,71.26,ATM,FL,2024-04-30 04:15:00,0
TXN0011538,25.29,Transfer,FL,2024-04-30 04:30:00,0
TXN0011539,29.27,Online,FL,2024-04-30 04:45:00,0
TXN0011540,6.17,POS,NY,2024-04-30 05:00:00,0
TXN0011541,62.23,ATM,WA,2024-04-30 05:15:00,0
TXN0011542,23.71,POS,IL,2024-04-30 05:30:00,0
TXN0011543,53.18,ATM,WA,2024-04-30 05:45:00,0
TXN0011544,15.46,ATM,IL,2024-04-30 06:00:00,0
TXN0011545,2.39,Online,IL,2024-04-30 06:15:00,0
TXN0011546,36.74,Transfer,CA,2024-04-30 06:30:00,0
TXN0011547,81.43,Transfer,WA,2024-04-30 06:45:00,0
TXN0011548,4.34,Online,FL,2024-04-30 07:00:00,0
TXN0011549,6.28,ATM,TX,2024-04-30 07:15:00,0
TXN0011550,14.02,POS,NY,2024-04-30 07:30:00,0
TXN0011551,14.96,ATM,CA,2024-04-30 07:45:00,0
TXN0011552,2.62,ATM,CA,2024-04-30 08:00:00,0
TXN0011553,165.33,Online,IL,2024-04-30 08:15:00,0
TXN0011554,67.62,Transfer,IL,2024-04-30 08:30:00,0
TXN0011555,9.6,ATM,NY,2024-04-30 08:45:00,0
TXN0011556,2.29,Transfer,IL,2024-04-30 09:00:00,0
TXN0011557,31.05,Online,FL,2024-04-30 09:15:00,0
TXN0011558,217.23,Online,IL,2024-04-30 09:30:00,0
TXN0011559,54.29,POS,WA,2024-04-30 09:45:00,0
TXN0011560,80.29,ATM,IL,2024-04-30 10:00:00,0
TXN0011561,6.5,Transfer,NY,2024-04-30 10:15:00,0
TXN0011562,26.56,Online,FL,2024-04-30 10:30:00,0
TXN0011563,3.32,ATM,FL,2024-04-30 10:45:00,0
TXN0011564,215.81,Online,FL,2024-04-30 11:00:00,0
TXN0011565,39.79,POS,TX,2024-04-30 11:15:00,0
TXN0011566,1.61,Transfer,WA,2024-04-30 11:30:00,0
TXN0011567,2.19,Transfer,FL,2024-04-30 11:45:00,0
TXN0011568,35.71,ATM,FL,2024-04-30 12:00:00,0
TXN0011569,23.69,Online,NY,2024-04-30 12:15:00,0
TXN0011570,13.83,POS,CA,2024-04-30 12:30:00,0
TXN0011571,42.04,Online,TX,2024-04-30 12:45:00,0
TXN0011572,223.31,ATM,TX,2024-04-30 13:00:00,0
TXN0011573,31.15,Transfer,TX,2024-04-30 13:15:00,0
TXN0011574,2.3,POS,FL,2024-04-30 13:30:00,0
TXN0011575,16.59,POS,NY,2024-04-30 13:45:00,0
TXN0011576,4.16,Transfer,TX,2024-04-30 14:00:00,0
TXN0011577,7.64,Transfer,NY,2024-04-30 14:15:00,0
TXN0011578,29.64,Online,CA,2024-04-30 14:30:00,0
TXN0011579,16.33,Online,CA,2024-04-30 14:45:00,0
TXN0011580,5.58,Transfer,IL,2024-04-30 15:00:00,0
TXN0011581,19.37,Online,FL,2024-04-30 15:15:00,0
TXN0011582,7.51,ATM,WA,2024-04-30 15:30:00,0
TXN0011583,37.72,POS,FL,2024-04-30 15:45:00,0
TXN0011584,14.92,ATM,FL,2024-04-30 16:00:00,0
TXN0011585,31.89,POS,FL,2024-04-30 16:15:00,0
TXN0011586,14.47,ATM,CA,2024-04-30 16:30:00,0
TXN0011587,48.92,ATM,NY,2024-04-30 16:45:00,1
TXN0011588,16.92,POS,IL,2024-04-30 17:00:00,0
TXN0011589,19.61,ATM,CA,2024-04-30 17:15:00,0
TXN0011590,10.1,Transfer,FL,2024-04-30 17:30:00,0
TXN0011591,23.59,Transfer,NY,2024-04-30 17:45:00,0
TXN0011592,2.37,POS,WA,2024-04-30 18:00:00,0
TXN0011593,487.59,Online,IL,2024-04-30 18:15:00,0
TXN0011594,8.78,Transfer,FL,2024-04-30 18:30:00,0
TXN0011595,22.36,POS,NY,2024-04-30 18:45:00,0
TXN0011596,11.24,POS,CA,2024-04-30 19:00:00,0
TXN0011597,11.05,ATM,WA,2024-04-30 19:15:00,0
TXN0011598,32.15,ATM,NY,2024-04-30 19:30:00,0
TXN0011599,10.74,Online,IL,2024-04-30 19:45:00,0
TXN0011600,11.86,ATM,WA,2024-04-30 20:00:00,0
TXN0011601,3.79,Transfer,NY,2024-04-30 20:15:00,0
TXN0011602,6.54,ATM,FL,2024-04-30 20:30:00,0
TXN0011603,4.87,ATM,FL,2024-04-30 20:45:00,0
TXN0011604,171.99,Transfer,CA,2024-04-30 21:00:00,0
TXN0011605,3.99,POS,WA,2024-04-30 21:15:00,0
TXN0011606,5.46,Online,WA,2024-04-30 21:30:00,0
TXN0011607,24.93,ATM,CA,2024-04-30 21:45:00,0
TXN0011608,109.7,ATM,IL,2024-04-30 22:00:00,0
TXN0011609,2.59,POS,WA,2024-04-30 22:15:00,0
TXN0011610,3.08,ATM,TX,2024-04-30 22:30:00,0
TXN0011611,22.95,POS,IL,2024-04-30 22:45:00,0
TXN0011612,29.6,POS,TX,2024-04-30 23:00:00,0
TXN0011613,3.61,Online,WA,2024-04-30 23:15:00,0
TXN0011614,2.27,ATM,CA,2024-04-30 23:30:00,0
TXN0011615,6.22,Online,TX,2024-04-30 23:45:00,0
TXN0011616,48.33,ATM,CA,2024-05-01 00:00:00,0
TXN0011617,18.71,Online,TX,2024-05-01 00:15:00,0
TXN0011618,48.17,POS,WA,2024-05-01 00:30:00,0
TXN0011619,17.32,Transfer,IL,2024-05-01 00:45:00,0
TXN0011620,18.92,Online,CA,2024-05-01 01:00:00,0
TXN0011621,41.1,POS,CA,2024-05-01 01:15:00,0
TXN0011622,17.06,POS,CA,2024-05-01 01:30:00,0
TXN0011623,26.1,ATM,NY,2024-05-01 01:45:00,0
TXN0011624,6.58,ATM,TX,2024-05-01 02:00:00,0
TXN0011625,9.57,Transfer,NY,2024-05-01 02:15:00,0
TXN0011626,34.47,Transfer,NY,2024-05-01 02:30:00,0
TXN0011627,14.73,Online,CA,2024-05-01 02:45:00,0
TXN0011628,8.01,Transfer,CA,2024-05-01 03:00:00,0
TXN0011629,43.21,ATM,TX,2024-05-01 03:15:00,0
TXN0011630,37.81,Transfer,IL,2024-05-01 03:30:00,0
TXN0011631,19.45,POS,IL,2024-05-01 03:45:00,0
TXN0011632,7.89,ATM,TX,2024-05-01 04:00:00,0
TXN0011633,57.53,ATM,CA,2024-05-01 04:15:00,0
TXN0011634,392.31,POS,CA,2024-05-01 04:30:00,0
TXN0011635,7.31,Transfer,CA,2024-05-01 04:45:00,1
TXN0011636,3.08,POS,NY,2024-05-01 05:00:00,0
TXN0011637,7.69,Transfer,CA,2024-05-01 05:15:00,0
TXN0011638,6.39,ATM,IL,2024-05-01 05:30:00,0
TXN0011639,4.29,Transfer,TX,2024-05-01 05:45:00,0
TXN0011640,4.74,Online,IL,2024-05-01 06:00:00,0
TXN0011641,54.11,Online,TX,2024-05-01 06:15:00,0
TXN0011642,54.87,Online,NY,2024-05-01 06:30:00,0
TXN0011643,115.56,Transfer,TX,2024-05-01 06:45:00,0
TXN0011644,47.88,Online,CA,2024-05-01 07:00:00,0
TXN0011645,11.02,Transfer,FL,2024-05-01 07:15:00,0
TXN0011646,71.8,ATM,FL,2024-05-01 07:30:00,0
TXN0011647,9.38,Transfer,CA,2024-05-01 07:45:00,0
TXN0011648,12.87,POS,WA,2024-05-01 08:00:00,0
TXN0011649,4.78,Transfer,WA,2024-05-01 08:15:00,0
TXN0011650,85.05,Online,TX,2024-05-01 08:30:00,0
TXN0011651,65.59,Transfer,IL,2024-05-01 08:45:00,0
TXN0011652,11.18,Online,FL,2024-05-01 09:00:00,0
TXN0011653,13.43,ATM,FL,2024-05-01 09:15:00,0
TXN0011654,20.34,POS,NY,2024-05-01 09:30:00,0
TXN0011655,24.8,Transfer,WA,2024-05-01 09:45:00,0
TXN0011656,53.67,ATM,WA,2024-05-01 10:00:00,0
TXN0011657,21.09,ATM,FL,2024-05-01 10:15:00,0
TXN0011658,31.48,ATM,FL,2024-05-01 10:30:00,0
TXN0011659,3.22,Online,WA,2024-05-01 10:45:00,0
TXN0011660,13.55,Online,TX,2024-05-01 11:00:00,0
TXN0011661,2.26,POS,TX,2024-05-01 11:15:00,0
TXN0011662,165.13,ATM,CA,2024-05-01 11:30:00,0
TXN0011663,103.68,Online,WA,2024-05-01 11:45:00,0
TXN0011664,45.87,Transfer,WA,2024-05-01 12:00:00,0
TXN0011665,73.69,Transfer,NY,2024-05-01 12:15:00,0
TXN0011666,215.09,POS,NY,2024-05-01 12:30:00,0
TXN0011667,59.94,Online,WA,2024-05-01 12:45:00,0
TXN0011668,2.87,Transfer,CA,2024-05-01 13:00:00,0
TXN0011669,15.15,ATM,WA,2024-05-01 13:15:00,0
TXN0011670,1.15,Online,FL,2024-05-01 13:30:00,0
TXN0011671,7.3,ATM,CA,2024-05-01 13:45:00,0
TXN0011672,4.36,POS,NY,2024-05-01 14:00:00,0
TXN0011673,19.18,POS,TX,2024-05-01 14:15:00,0
TXN0011674,30.91,POS,TX,2024-05-01 14:30:00,0
TXN0011675,6.36,Transfer,IL,2024-05-01 14:45:00,0
TXN0011676,13.78,Transfer,CA,2024-05-01 15:00:00,0
TXN0011677,27.05,POS,CA,2024-05-01 15:15:00,0
TXN0011678,16.02,ATM,FL,2024-05-01 15:30:00,0
TXN0011679,15.6,POS,WA,2024-05-01 15:45:00,0
TXN0011680,1.08,Transfer,TX,2024-05-01 16:00:00,0
TXN0011681,11.38,Online,TX,2024-05-01 16:15:00,0
TXN0011682,49.94,Transfer,TX,2024-05-01 16:30:00,0
TXN0011683,26.3,Transfer,IL,2024-05-01 16:45:00,0
TXN0011684,3.26,POS,WA,2024-05-01 17:00:00,1
TXN0011685,13.9,ATM,CA,2024-05-01 17:15:00,0
TXN0011686,26.53,ATM,IL,2024-05-01 17:30:00,0
TXN0011687,5.99,ATM,CA,2024-05-01 17:45:00,0
TXN0011688,43.27,Transfer,IL,2024-05-01 18:00:00,0
TXN0011689,7.36,ATM,NY,2024-05-01 18:15:00,0
TXN0011690,12.94,Online,IL,2024-05-01 18:30:00,0
TXN0011691,16.89,POS,FL,2024-05-01 18:45:00,0
TXN0011692,278.32,POS,NY,2024-05-01 19:00:00,0
TXN0011693,13.09,Online,FL,2024-05-01 19:15:00,0
TXN0011694,9.7,Online,WA,2024-05-01 19:30:00,1
TXN0011695,45.4,Transfer,FL,2024-05-01 19:45:00,1
TXN0011696,10.93,Online,TX,2024-05-01 20:00:00,0
TXN0011697,24.25,Transfer,CA,2024-05-01 20:15:00,0
TXN0011698,1.29,Transfer,IL,2024-05-01 20:30:00,0
TXN0011699,27.49,Online,CA,2024-05-01 20:45:00,0
TXN0011700,18.78,ATM,TX,2024-05-01 21:00:00,0
TXN0011701,4.09,ATM,TX,2024-05-01 21:15:00,0
TXN0011702,97.9,POS,NY,2024-05-01 21:30:00,0
TXN0011703,14.44,ATM,TX,2024-05-01 21:45:00,1
TXN0011704,15.19,POS,WA,2024-05-01 22:00:00,0
TXN0011705,3.97,Online,NY,2024-05-01 22:15:00,0
TXN0011706,2.73,POS,IL,2024-05-01 22:30:00,0
TXN0011707,9.71,ATM,WA,2024-05-01 22:45:00,0
TXN0011708,3.09,Transfer,IL,2024-05-01 23:00:00,0
TXN0011709,34.59,ATM,WA,2024-05-01 23:15:00,0
TXN0011710,54.48,ATM,FL,2024-05-01 23:30:00,0
TXN0011711,8.96,Transfer,WA,2024-05-01 23:45:00,0
TXN0011712,2.78,Online,WA,2024-05-02 00:00:00,0
TXN0011713,11.96,ATM,WA,2024-05-02 00:15:00,0
TXN0011714,5.38,POS,NY,2024-05-02 00:30:00,0
TXN0011715,23.44,Online,CA,2024-05-02 00:45:00,0
TXN0011716,23.8,ATM,NY,2024-05-02 01:00:00,0
TXN0011717,11.5,ATM,IL,2024-05-02 01:15:00,0
TXN0011718,20.94,POS,FL,2024-05-02 01:30:00,0
TXN0011719,66.82,Transfer,FL,2024-05-02 01:45:00,0
TXN0011720,148.02,Online,FL,2024-05-02 02:00:00,0
TXN0011721,10.24,ATM,FL,2024-05-02 02:15:00,0
TXN0011722,45.57,Online,TX,2024-05-02 02:30:00,0
TXN0011723,14.4,ATM,CA,2024-05-02 02:45:00,0
TXN0011724,5.38,POS,WA,2024-05-02 03:00:00,0
TXN0011725,89.13,Online,FL,2024-05-02 03:15:00,0
TXN0011726,30.66,Transfer,CA,2024-05-02 03:30:00,0
TXN0011727,22.65,Transfer,NY,2024-05-02 03:45:00,0
TXN0011728,29.28,Online,FL,2024-05-02 04:00:00,0
TXN0011729,15.74,POS,IL,2024-05-02 04:15:00,0
TXN0011730,5.41,Transfer,WA,2024-05-02 04:30:00,0
TXN0011731,161.02,Online,NY,2024-05-02 04:45:00,0
TXN0011732,56.28,ATM,NY,2024-05-02 05:00:00,0
TXN0011733,26.22,Transfer,FL,2024-05-02 05:15:00,0
TXN0011734,60.89,Transfer,IL,2024-05-02 05:30:00,0
TXN0011735,89.42,POS,WA,2024-05-02 05:45:00,0
TXN0011736,15.04,Transfer,CA,2024-05-02 06:00:00,0
TXN0011737,38.67,Transfer,CA,2024-05-02 06:15:00,0
TXN0011738,12.95,ATM,NY,2024-05-02 06:30:00,0
TXN0011739,41.42,POS,CA,2024-05-02 06:45:00,0
TXN0011740,14.09,POS,CA,2024-05-02 07:00:00,0
TXN0011741,354.66,Online,TX,2024-05-02 07:15:00,0
TXN0011742,12.45,Online,FL,2024-05-02 07:30:00,0
TXN0011743,35.49,Transfer,WA,2024-05-02 07:45:00,0
TXN0011744,33.32,Online,CA,2024-05-02 08:00:00,0
TXN0011745,12.79,Online,NY,2024-05-02 08:15:00,0
TXN0011746,58.77,Online,NY,2024-05-02 08:30:00,0
TXN0011747,17.29,POS,CA,2024-05-02 08:45:00,0
TXN0011748,11.66,Transfer,NY,2024-05-02 09:00:00,0
TXN0011749,19.14,ATM,CA,2024-05-02 09:15:00,0
TXN0011750,7.76,POS,TX,2024-05-02 09:30:00,0
TXN0011751,80.31,Transfer,NY,2024-05-02 09:45:00,0
TXN0011752,40.46,ATM,IL,2024-05-02 10:00:00,0
TXN0011753,62.08,ATM,CA,2024-05-02 10:15:00,0
TXN0011754,3.78,Transfer,FL,2024-05-02 10:30:00,0
TXN0011755,26.44,POS,IL,2024-05-02 10:45:00,0
TXN0011756,7.6,ATM,FL,2024-05-02 11:00:00,0
TXN0011757,21.19,POS,TX,2024-05-02 11:15:00,0
TXN0011758,88.13,POS,WA,2024-05-02 11:30:00,0
TXN0011759,26.01,POS,TX,2024-05-02 11:45:00,0
TXN0011760,15.48,Transfer,WA,2024-05-02 12:00:00,0
TXN0011761,73.26,POS,WA,2024-05-02 12:15:00,0
TXN0011762,64.27,POS,IL,2024-05-02 12:30:00,0
TXN0011763,175.57,POS,TX,2024-05-02 12:45:00,0
TXN0011764,2.05,POS,IL,2024-05-02 13:00:00,0
TXN0011765,28.3,Online,WA,2024-05-02 13:15:00,0
TXN0011766,11.59,Online,IL,2024-05-02 13:30:00,0
TXN0011767,6.69,Transfer,TX,2024-05-02 13:45:00,0
TXN0011768,21.94,Online,IL,2024-05-02 14:00:00,0
TXN0011769,4.74,Transfer,NY,2024-05-02 14:15:00,0
TXN0011770,1.31,ATM,NY,2024-05-02 14:30:00,0
TXN0011771,6.47,POS,IL,2024-05-02 14:45:00,0
TXN0011772,13.97,ATM,TX,2024-05-02 15:00:00,0
TXN0011773,179.47,ATM,NY,2024-05-02 15:15:00,0
TXN0011774,8.04,POS,IL,2024-05-02 15:30:00,0
TXN0011775,4.7,Transfer,WA,2024-05-02 15:45:00,0
TXN0011776,1.78,POS,CA,2024-05-02 16:00:00,0
TXN0011777,12.53,Transfer,IL,2024-05-02 16:15:00,0
TXN0011778,14.33,Transfer,IL,2024-05-02 16:30:00,0
TXN0011779,22.83,POS,CA,2024-05-02 16:45:00,0
TXN0011780,3.37,ATM,IL,2024-05-02 17:00:00,0
TXN0011781,7.66,Online,CA,2024-05-02 17:15:00,0
TXN0011782,1.26,POS,TX,2024-05-02 17:30:00,0
TXN0011783,23.39,POS,CA,2024-05-02 17:45:00,0
TXN0011784,2.91,Online,CA,2024-05-02 18:00:00,0
TXN0011785,0.71,POS,IL,2024-05-02 18:15:00,0
TXN0011786,76.92,ATM,IL,2024-05-02 18:30:00,0
TXN0011787,35.05,Online,TX,2024-05-02 18:45:00,0
TXN0011788,29.14,Transfer,FL,2024-05-02 19:00:00,0
TXN0011789,29.11,Online,FL,2024-05-02 19:15:00,0
TXN0011790,5.52,Online,WA,2024-05-02 19:30:00,0
TXN0011791,69.34,ATM,FL,2024-05-02 19:45:00,0
TXN0011792,5.44,ATM,NY,2024-05-02 20:00:00,0
TXN0011793,189.54,ATM,IL,2024-05-02 20:15:00,0
TXN0011794,25.08,Online,TX,2024-05-02 20:30:00,0
TXN0011795,2.09,Online,WA,2024-05-02 20:45:00,0
TXN0011796,54.25,Transfer,CA,2024-05-02 21:00:00,0
TXN0011797,204.14,POS,CA,2024-05-02 21:15:00,0
TXN0011798,14.09,Transfer,CA,2024-05-02 21:30:00,0
TXN0011799,68.78,Online,IL,2024-05-02 21:45:00,0
TXN0011800,14.83,Online,IL,2024-05-02 22:00:00,0
TXN0011801,9.01,ATM,WA,2024-05-02 22:15:00,0
TXN0011802,0.86,ATM,FL,2024-05-02 22:30:00,0
TXN0011803,84.38,ATM,CA,2024-05-02 22:45:00,0
TXN0011804,11.22,Online,TX,2024-05-02 23:00:00,0
TXN0011805,30.2,Online,FL,2024-05-02 23:15:00,0
TXN0011806,4.91,Online,CA,2024-05-02 23:30:00,0
TXN0011807,6.43,ATM,FL,2024-05-02 23:45:00,0
TXN0011808,73.21,POS,TX,2024-05-03 00:00:00,0
TXN0011809,12.05,POS,CA,2024-05-03 00:15:00,0
TXN0011810,11.84,ATM,WA,2024-05-03 00:30:00,0
TXN0011811,4.22,Transfer,WA,2024-05-03 00:45:00,0
TXN0011812,24.66,Transfer,IL,2024-05-03 01:00:00,0
TXN0011813,48.81,Transfer,WA,2024-05-03 01:15:00,0
TXN0011814,11.03,Online,TX,2024-05-03 01:30:00,0
TXN0011815,15.31,Transfer,IL,2024-05-03 01:45:00,0
TXN0011816,4.43,POS,TX,2024-05-03 02:00:00,0
TXN0011817,103.35,ATM,FL,2024-05-03 02:15:00,0
TXN0011818,9.13,Transfer,NY,2024-05-03 02:30:00,0
TXN0011819,15.92,Transfer,WA,2024-05-03 02:45:00,0
TXN0011820,145.17,POS,IL,2024-05-03 03:00:00,0
TXN0011821,14.63,ATM,FL,2024-05-03 03:15:00,0
TXN0011822,2.98,ATM,FL,2024-05-03 03:30:00,0
TXN0011823,6.31,ATM,FL,2024-05-03 03:45:00,0
TXN0011824,12.49,ATM,WA,2024-05-03 04:00:00,0
TXN0011825,163.96,Online,IL,2024-05-03 04:15:00,0
TXN0011826,25.17,POS,TX,2024-05-03 04:30:00,0
TXN0011827,14.68,ATM,FL,2024-05-03 04:45:00,0
TXN0011828,52.2,Online,IL,2024-05-03 05:00:00,0
TXN0011829,92.54,ATM,NY,2024-05-03 05:15:00,0
TXN0011830,7.73,ATM,FL,2024-05-03 05:30:00,0
TXN0011831,108.34,Transfer,CA,2024-05-03 05:45:00,0
TXN0011832,54.25,Online,TX,2024-05-03 06:00:00,0
TXN0011833,33.15,Online,WA,2024-05-03 06:15:00,0
TXN0011834,1.12,ATM,TX,2024-05-03 06:30:00,0
TXN0011835,24.47,Transfer,NY,2024-05-03 06:45:00,0
TXN0011836,103.71,POS,CA,2024-05-03 07:00:00,0
TXN0011837,13.9,POS,CA,2024-05-03 07:15:00,0
TXN0011838,313.32,ATM,WA,2024-05-03 07:30:00,0
TXN0011839,21.15,Online,IL,2024-05-03 07:45:00,0
TXN0011840,5.68,Transfer,FL,2024-05-03 08:00:00,0
TXN0011841,39.63,Online,IL,2024-05-03 08:15:00,0
TXN0011842,27.64,ATM,FL,2024-05-03 08:30:00,0
TXN0011843,52.99,POS,NY,2024-05-03 08:45:00,0
TXN0011844,14.83,Online,CA,2024-05-03 09:00:00,0
TXN0011845,93.52,Transfer,TX,2024-05-03 09:15:00,0
TXN0011846,9.92,POS,NY,2024-05-03 09:30:00,0
TXN0011847,22.77,ATM,IL,2024-05-03 09:45:00,0
TXN0011848,4.31,POS,WA,2024-05-03 10:00:00,0
TXN0011849,7.4,Online,NY,2024-05-03 10:15:00,0
TXN0011850,24.86,Transfer,NY,2024-05-03 10:30:00,0
TXN0011851,8.8,POS,WA,2024-05-03 10:45:00,0
TXN0011852,11.3,ATM,CA,2024-05-03 11:00:00,0
TXN0011853,15.16,POS,NY,2024-05-03 11:15:00,0
TXN0011854,26.44,Transfer,FL,2024-05-03 11:30:00,0
TXN0011855,49.2,Transfer,TX,2024-05-03 11:45:00,0
TXN0011856,49.33,Online,FL,2024-05-03 12:00:00,0
TXN0011857,67.24,ATM,CA,2024-05-03 12:15:00,0
TXN0011858,24.98,Online,TX,2024-05-03 12:30:00,0
TXN0011859,10.08,Online,FL,2024-05-03 12:45:00,0
TXN0011860,2.86,Online,NY,2024-05-03 13:00:00,0
TXN0011861,12.81,ATM,NY,2024-05-03 13:15:00,0
TXN0011862,7.44,ATM,TX,2024-05-03 13:30:00,0
TXN0011863,2.16,ATM,FL,2024-05-03 13:45:00,0
TXN0011864,143.71,ATM,WA,2024-05-03 14:00:00,0
TXN0011865,2.1,Online,IL,2024-05-03 14:15:00,0
TXN0011866,30.06,Transfer,NY,2024-05-03 14:30:00,0
TXN0011867,38.3,ATM,IL,2024-05-03 14:45:00,0
TXN0011868,14.71,ATM,TX,2024-05-03 15:00:00,0
TXN0011869,449.83,ATM,TX,2024-05-03 15:15:00,0
TXN0011870,20.04,Transfer,CA,2024-05-03 15:30:00,0
TXN0011871,7.72,Transfer,WA,2024-05-03 15:45:00,0
TXN0011872,165.5,ATM,FL,2024-05-03 16:00:00,1
TXN0011873,7.4,ATM,IL,2024-05-03 16:15:00,0
TXN0011874,3.42,POS,CA,2024-05-03 16:30:00,0
TXN0011875,5.77,Transfer,CA,2024-05-03 16:45:00,1
TXN0011876,8.97,ATM,CA,2024-05-03 17:00:00,1
TXN0011877,20.66,POS,CA,2024-05-03 17:15:00,0
TXN0011878,29.45,Transfer,NY,2024-05-03 17:30:00,0
TXN0011879,3.08,ATM,WA,2024-05-03 17:45:00,0
TXN0011880,29.91,POS,TX,2024-05-03 18:00:00,0
TXN0011881,294.75,Online,NY,2024-05-03 18:15:00,0
TXN0011882,8.21,Online,FL,2024-05-03 18:30:00,0
TXN0011883,16.66,ATM,TX,2024-05-03 18:45:00,0
TXN0011884,45.54,Transfer,NY,2024-05-03 19:00:00,0
TXN0011885,84.61,Online,CA,2024-05-03 19:15:00,0
TXN0011886,8.68,Transfer,NY,2024-05-03 19:30:00,0
TXN0011887,6.07,ATM,TX,2024-05-03 19:45:00,0
TXN0011888,5.73,POS,NY,2024-05-03 20:00:00,0
TXN0011889,74.21,ATM,NY,2024-05-03 20:15:00,0
TXN0011890,58.46,Online,FL,2024-05-03 20:30:00,0
TXN0011891,1.4,Online,CA,2024-05-03 20:45:00,0
TXN0011892,1.45,Transfer,CA,2024-05-03 21:00:00,0
TXN0011893,4.34,POS,CA,2024-05-03 21:15:00,1
TXN0011894,3.15,Online,CA,2024-05-03 21:30:00,0
TXN0011895,32.18,Online,FL,2024-05-03 21:45:00,0
TXN0011896,25.55,Online,CA,2024-05-03 22:00:00,0
TXN0011897,212.37,Transfer,CA,2024-05-03 22:15:00,0
TXN0011898,51.43,ATM,IL,2024-05-03 22:30:00,0
TXN0011899,22.69,POS,TX,2024-05-03 22:45:00,0
TXN0011900,82.3,Transfer,IL,2024-05-03 23:00:00,0
TXN0011901,6.6,ATM,CA,2024-05-03 23:15:00,0
TXN0011902,3.57,Transfer,TX,2024-05-03 23:30:00,0
TXN0011903,20.36,Online,NY,2024-05-03 23:45:00,0
TXN0011904,61.37,Online,WA,2024-05-04 00:00:00,0
TXN0011905,2.72,ATM,CA,2024-05-04 00:15:00,0
TXN0011906,58.16,Transfer,IL,2024-05-04 00:30:00,0
TXN0011907,55.71,POS,IL,2024-05-04 00:45:00,0
TXN0011908,10.63,Transfer,CA,2024-05-04 01:00:00,0
TXN0011909,24.04,Transfer,TX,2024-05-04 01:15:00,0
TXN0011910,14.01,POS,NY,2024-05-04 01:30:00,0
TXN0011911,21.6,Transfer,IL,2024-05-04 01:45:00,0
TXN0011912,52.32,POS,CA,2024-05-04 02:00:00,0
TXN0011913,7.35,Online,NY,2024-05-04 02:15:00,0
TXN0011914,69.46,POS,IL,2024-05-04 02:30:00,0
TXN0011915,56.49,Online,WA,2024-05-04 02:45:00,0
TXN0011916,59.1,POS,CA,2024-05-04 03:00:00,0
TXN0011917,1.77,Online,IL,2024-05-04 03:15:00,0
TXN0011918,2.02,POS,WA,2024-05-04 03:30:00,0
TXN0011919,45.47,Transfer,NY,2024-05-04 03:45:00,0
TXN0011920,9.57,ATM,IL,2024-05-04 04:00:00,0
TXN0011921,8.43,ATM,TX,2024-05-04 04:15:00,0
TXN0011922,7.7,POS,CA,2024-05-04 04:30:00,0
TXN0011923,3.81,Online,FL,2024-05-04 04:45:00,0
TXN0011924,13.79,ATM,NY,2024-05-04 05:00:00,0
TXN0011925,8.11,ATM,WA,2024-05-04 05:15:00,0
TXN0011926,8.79,Online,WA,2024-05-04 05:30:00,0
TXN0011927,35.05,ATM,FL,2024-05-04 05:45:00,0
TXN0011928,4.63,POS,CA,2024-05-04 06:00:00,0
TXN0011929,77.02,Online,WA,2024-05-04 06:15:00,0
TXN0011930,1.3,Online,FL,2024-05-04 06:30:00,0
TXN0011931,415.85,Online,CA,2024-05-04 06:45:00,0
TXN0011932,3.72,ATM,CA,2024-05-04 07:00:00,0
TXN0011933,39.8,Online,TX,2024-05-04 07:15:00,0
TXN0011934,59.51,POS,FL,2024-05-04 07:30:00,0
TXN0011935,19.45,Online,NY,2024-05-04 07:45:00,0
TXN0011936,48.46,ATM,TX,2024-05-04 08:00:00,0
TXN0011937,17.13,Online,TX,2024-05-04 08:15:00,0
TXN0011938,2.28,ATM,FL,2024-05-04 08:30:00,0
TXN0011939,29.77,ATM,NY,2024-05-04 08:45:00,0
TXN0011940,78.97,Online,CA,2024-05-04 09:00:00,0
TXN0011941,9.97,Online,NY,2024-05-04 09:15:00,0
TXN0011942,2.46,Online,WA,2024-05-04 09:30:00,0
TXN0011943,9.37,ATM,NY,2024-05-04 09:45:00,0
TXN0011944,29.06,Online,TX,2024-05-04 10:00:00,0
TXN0011945,28.25,POS,TX,2024-05-04 10:15:00,1
TXN0011946,75.34,ATM,CA,2024-05-04 10:30:00,0
TXN0011947,38.62,Online,CA,2024-05-04 10:45:00,0
TXN0011948,36.3,Transfer,CA,2024-05-04 11:00:00,0
TXN0011949,1.69,POS,WA,2024-05-04 11:15:00,0
TXN0011950,297.19,Transfer,IL,2024-05-04 11:30:00,0
TXN0011951,20.75,Transfer,NY,2024-05-04 11:45:00,0
TXN0011952,56.08,ATM,WA,2024-05-04 12:00:00,0
TXN0011953,12.8,Transfer,CA,2024-05-04 12:15:00,0
TXN0011954,16.24,ATM,FL,2024-05-04 12:30:00,0
TXN0011955,21.03,Transfer,WA,2024-05-04 12:45:00,0
TXN0011956,134.1,Transfer,TX,2024-05-04 13:00:00,1
TXN0011957,124.89,ATM,IL,2024-05-04 13:15:00,0
TXN0011958,41.67,Online,TX,2024-05-04 13:30:00,0
TXN0011959,221.78,Online,IL,2024-05-04 13:45:00,0
TXN0011960,12.09,Transfer,WA,2024-05-04 14:00:00,0
TXN0011961,36.93,Online,NY,2024-05-04 14:15:00,0
TXN0011962,11.23,POS,NY,2024-05-04 14:30:00,0
TXN0011963,95.66,Transfer,NY,2024-05-04 14:45:00,0
TXN0011964,20.53,ATM,TX,2024-05-04 15:00:00,0
TXN0011965,65.01,ATM,IL,2024-05-04 15:15:00,0
TXN0011966,161.96,Online,FL,2024-05-04 15:30:00,0
TXN0011967,1.56,Transfer,NY,2024-05-04 15:45:00,0
TXN0011968,280.33,POS,FL,2024-05-04 16:00:00,0
TXN0011969,29.08,Transfer,FL,2024-05-04 16:15:00,0
TXN0011970,13.33,POS,FL,2024-05-04 16:30:00,0
TXN0011971,1.89,ATM,TX,2024-05-04 16:45:00,0
TXN0011972,13.61,Transfer,WA,2024-05-04 17:00:00,0
TXN0011973,1.18,Transfer,TX,2024-05-04 17:15:00,0
TXN0011974,21.98,ATM,IL,2024-05-04 17:30:00,0
TXN0011975,16.02,ATM,FL,2024-05-04 17:45:00,0
TXN0011976,184.45,ATM,CA,2024-05-04 18:00:00,0
TXN0011977,13.22,Transfer,IL,2024-05-04 18:15:00,0
TXN0011978,73.55,Online,FL,2024-05-04 18:30:00,0
TXN0011979,82.55,POS,WA,2024-05-04 18:45:00,0
TXN0011980,248.26,POS,WA,2024-05-04 19:00:00,0
TXN0011981,14.59,ATM,IL,2024-05-04 19:15:00,0
TXN0011982,50.31,ATM,NY,2024-05-04 19:30:00,0
TXN0011983,3.07,Transfer,FL,2024-05-04 19:45:00,0
TXN0011984,5.08,POS,FL,2024-05-04 20:00:00,0
TXN0011985,14.16,Transfer,WA,2024-05-04 20:15:00,0
TXN0011986,19.25,ATM,CA,2024-05-04 20:30:00,0
TXN0011987,4.46,ATM,NY,2024-05-04 20:45:00,1
TXN0011988,11.95,Online,IL,2024-05-04 21:00:00,0
TXN0011989,46.9,Online,TX,2024-05-04 21:15:00,0
TXN0011990,11.32,ATM,FL,2024-05-04 21:30:00,0
TXN0011991,16.41,Online,WA,2024-05-04 21:45:00,0
TXN0011992,6.65,Transfer,IL,2024-05-04 22:00:00,0
TXN0011993,108.49,Transfer,TX,2024-05-04 22:15:00,0
TXN0011994,176.95,Transfer,FL,2024-05-04 22:30:00,0
TXN0011995,25.57,Online,NY,2024-05-04 22:45:00,0
TXN0011996,17.27,Transfer,NY,2024-05-04 23:00:00,0
TXN0011997,154.04,ATM,FL,2024-05-04 23:15:00,0
TXN0011998,35.84,Online,NY,2024-05-04 23:30:00,0
TXN0011999,8.73,ATM,CA,2024-05-04 23:45:00,0
TXN0012000,3.79,POS,IL,2024-05-05 00:00:00,0
TXN0012001,9.65,POS,WA,2024-05-05 00:15:00,1
TXN0012002,296.22,POS,CA,2024-05-05 00:30:00,0
TXN0012003,9.6,Online,CA,2024-05-05 00:45:00,0
TXN0012004,696.55,Online,NY,2024-05-05 01:00:00,0
TXN0012005,19.88,ATM,IL,2024-05-05 01:15:00,0
TXN0012006,15.28,POS,CA,2024-05-05 01:30:00,0
TXN0012007,101.55,Transfer,WA,2024-05-05 01:45:00,0
TXN0012008,14.75,Transfer,FL,2024-05-05 02:00:00,0
TXN0012009,31.8,ATM,NY,2024-05-05 02:15:00,0
TXN0012010,5.55,POS,TX,2024-05-05 02:30:00,0
TXN0012011,4.31,ATM,WA,2024-05-05 02:45:00,0
TXN0012012,8.05,Transfer,CA,2024-05-05 03:00:00,0
TXN0012013,26.26,POS,TX,2024-05-05 03:15:00,0
TXN0012014,8.81,POS,TX,2024-05-05 03:30:00,0
TXN0012015,1.78,Online,FL,2024-05-05 03:45:00,0
TXN0012016,35.9,Transfer,FL,2024-05-05 04:00:00,0
TXN0012017,16.31,ATM,TX,2024-05-05 04:15:00,0
TXN0012018,14.17,Transfer,TX,2024-05-05 04:30:00,0
TXN0012019,9.4,ATM,NY,2024-05-05 04:45:00,0
TXN0012020,1.25,Transfer,IL,2024-05-05 05:00:00,0
TXN0012021,141.45,ATM,WA,2024-05-05 05:15:00,0
TXN0012022,11.07,Transfer,WA,2024-05-05 05:30:00,0
TXN0012023,38.27,Transfer,NY,2024-05-05 05:45:00,0
TXN0012024,111.13,POS,WA,2024-05-05 06:00:00,0
TXN0012025,80.35,Transfer,TX,2024-05-05 06:15:00,0
TXN0012026,25.68,Transfer,IL,2024-05-05 06:30:00,0
TXN0012027,20.25,Online,TX,2024-05-05 06:45:00,0
TXN0012028,29.19,Transfer,IL,2024-05-05 07:00:00,0
TXN0012029,61.18,POS,TX,2024-05-05 07:15:00,0
TXN0012030,40.86,Transfer,TX,2024-05-05 07:30:00,0
TXN0012031,11.55,ATM,FL,2024-05-05 07:45:00,0
TXN0012032,34.87,POS,NY,2024-05-05 08:00:00,0
TXN0012033,31.9,ATM,WA,2024-05-05 08:15:00,0
TXN0012034,47.14,ATM,IL,2024-05-05 08:30:00,0
TXN0012035,25.79,Online,NY,2024-05-05 08:45:00,0
TXN0012036,108.29,POS,WA,2024-05-05 09:00:00,0
TXN0012037,25.68,POS,TX,2024-05-05 09:15:00,0
TXN0012038,59.87,Online,WA,2024-05-05 09:30:00,0
TXN0012039,21.15,POS,WA,2024-05-05 09:45:00,0
TXN0012040,9.88,POS,FL,2024-05-05 10:00:00,0
TXN0012041,6.25,Transfer,IL,2024-05-05 10:15:00,0
TXN0012042,16.48,POS,CA,2024-05-05 10:30:00,0
TXN0012043,38.79,Online,IL,2024-05-05 10:45:00,0
TXN0012044,95.52,POS,WA,2024-05-05 11:00:00,0
TXN0012045,17.96,Transfer,TX,2024-05-05 11:15:00,0
TXN0012046,10.57,POS,FL,2024-05-05 11:30:00,0
TXN0012047,10.72,Transfer,TX,2024-05-05 11:45:00,1
TXN0012048,98.26,Transfer,CA,2024-05-05 12:00:00,0
TXN0012049,22.85,POS,CA,2024-05-05 12:15:00,0
TXN0012050,10.83,Online,CA,2024-05-05 12:30:00,0
TXN0012051,49.9,ATM,TX,2024-05-05 12:45:00,0
TXN0012052,3.94,ATM,NY,2024-05-05 13:00:00,0
TXN0012053,23.16,ATM,NY,2024-05-05 13:15:00,0
TXN0012054,19.03,ATM,NY,2024-05-05 13:30:00,0
TXN0012055,17.0,Transfer,IL,2024-05-05 13:45:00,0
TXN0012056,4.85,POS,NY,2024-05-05 14:00:00,0
TXN0012057,67.18,POS,CA,2024-05-05 14:15:00,0
TXN0012058,159.17,Online,FL,2024-05-05 14:30:00,0
TXN0012059,3.93,ATM,TX,2024-05-05 14:45:00,0
TXN0012060,23.26,POS,CA,2024-05-05 15:00:00,0
TXN0012061,44.39,POS,CA,2024-05-05 15:15:00,0
TXN0012062,323.11,Transfer,IL,2024-05-05 15:30:00,0
TXN0012063,12.02,Transfer,IL,2024-05-05 15:45:00,0
TXN0012064,6.25,Transfer,NY,2024-05-05 16:00:00,0
TXN0012065,19.96,Transfer,CA,2024-05-05 16:15:00,0
TXN0012066,239.25,POS,WA,2024-05-05 16:30:00,0
TXN0012067,21.86,Online,TX,2024-05-05 16:45:00,0
TXN0012068,27.8,ATM,FL,2024-05-05 17:00:00,0
TXN0012069,178.36,ATM,CA,2024-05-05 17:15:00,0
TXN0012070,1.45,POS,FL,2024-05-05 17:30:00,0
TXN0012071,1.4,ATM,IL,2024-05-05 17:45:00,0
TXN0012072,61.32,ATM,WA,2024-05-05 18:00:00,0
TXN0012073,52.08,Online,CA,2024-05-05 18:15:00,0
TXN0012074,3.65,Online,WA,2024-05-05 18:30:00,0
TXN0012075,37.96,POS,FL,2024-05-05 18:45:00,0
TXN0012076,21.12,ATM,WA,2024-05-05 19:00:00,0
TXN0012077,26.23,Online,FL,2024-05-05 19:15:00,0
TXN0012078,7.46,POS,TX,2024-05-05 19:30:00,0
TXN0012079,11.5,POS,NY,2024-05-05 19:45:00,0
TXN0012080,6.83,Online,TX,2024-05-05 20:00:00,0
TXN0012081,21.38,POS,WA,2024-05-05 20:15:00,0
TXN0012082,15.11,ATM,NY,2024-05-05 20:30:00,0
TXN0012083,159.19,Online,WA,2024-05-05 20:45:00,0
TXN0012084,43.49,POS,NY,2024-05-05 21:00:00,0
TXN0012085,2.9,POS,IL,2024-05-05 21:15:00,0
TXN0012086,33.49,Transfer,NY,2024-05-05 21:30:00,0
TXN0012087,116.99,POS,CA,2024-05-05 21:45:00,0
TXN0012088,28.4,ATM,WA,2024-05-05 22:00:00,0
TXN0012089,76.42,Online,WA,2024-05-05 22:15:00,0
TXN0012090,19.26,POS,WA,2024-05-05 22:30:00,1
TXN0012091,47.79,Transfer,WA,2024-05-05 22:45:00,0
TXN0012092,6.36,ATM,CA,2024-05-05 23:00:00,0
TXN0012093,52.86,Transfer,WA,2024-05-05 23:15:00,0
TXN0012094,3.68,Transfer,CA,2024-05-05 23:30:00,0
TXN0012095,98.49,ATM,FL,2024-05-05 23:45:00,0
TXN0012096,3.12,Transfer,NY,2024-05-06 00:00:00,0
TXN0012097,1.49,Transfer,IL,2024-05-06 00:15:00,0
TXN0012098,38.57,Transfer,TX,2024-05-06 00:30:00,0
TXN0012099,16.24,Online,CA,2024-05-06 00:45:00,0
TXN0012100,23.11,Transfer,WA,2024-05-06 01:00:00,0
TXN0012101,33.99,POS,IL,2024-05-06 01:15:00,0
TXN0012102,19.42,POS,IL,2024-05-06 01:30:00,0
TXN0012103,6.76,Online,CA,2024-05-06 01:45:00,0
TXN0012104,26.04,POS,IL,2024-05-06 02:00:00,0
TXN0012105,30.8,Online,TX,2024-05-06 02:15:00,0
TXN0012106,36.83,POS,WA,2024-05-06 02:30:00,0
TXN0012107,231.45,Online,IL,2024-05-06 02:45:00,0
TXN0012108,8.13,Online,WA,2024-05-06 03:00:00,0
TXN0012109,21.81,Transfer,NY,2024-05-06 03:15:00,0
TXN0012110,40.0,ATM,WA,2024-05-06 03:30:00,0
TXN0012111,11.59,Transfer,NY,2024-05-06 03:45:00,0
TXN0012112,4.6,Online,FL,2024-05-06 04:00:00,0
TXN0012113,9.99,Online,IL,2024-05-06 04:15:00,0
TXN0012114,74.43,ATM,IL,2024-05-06 04:30:00,0
TXN0012115,14.42,Online,WA,2024-05-06 04:45:00,0
TXN0012116,42.65,Transfer,WA,2024-05-06 05:00:00,0
TXN0012117,8.14,Online,FL,2024-05-06 05:15:00,0
TXN0012118,34.78,Online,NY,2024-05-06 05:30:00,0
TXN0012119,8.74,Transfer,FL,2024-05-06 05:45:00,0
TXN0012120,7.12,Transfer,NY,2024-05-06 06:00:00,0
TXN0012121,23.06,POS,NY,2024-05-06 06:15:00,0
TXN0012122,21.41,Online,IL,2024-05-06 06:30:00,1
TXN0012123,123.17,POS,FL,2024-05-06 06:45:00,0
TXN0012124,2.72,POS,TX,2024-05-06 07:00:00,0
TXN0012125,37.58,Transfer,WA,2024-05-06 07:15:00,1
TXN0012126,146.0,POS,IL,2024-05-06 07:30:00,0
TXN0012127,107.34,Online,TX,2024-05-06 07:45:00,0
TXN0012128,12.52,POS,WA,2024-05-06 08:00:00,0
TXN0012129,8.68,ATM,FL,2024-05-06 08:15:00,0
TXN0012130,10.92,Online,NY,2024-05-06 08:30:00,0
TXN0012131,29.08,ATM,CA,2024-05-06 08:45:00,0
TXN0012132,25.36,POS,CA,2024-05-06 09:00:00,0
TXN0012133,30.88,Online,NY,2024-05-06 09:15:00,1
TXN0012134,41.96,Online,TX,2024-05-06 09:30:00,0
TXN0012135,5.38,ATM,WA,2024-05-06 09:45:00,0
TXN0012136,5.01,Online,TX,2024-05-06 10:00:00,0
TXN0012137,4.44,Transfer,CA,2024-05-06 10:15:00,0
TXN0012138,3.85,Online,CA,2024-05-06 10:30:00,0
TXN0012139,17.78,Online,WA,2024-05-06 10:45:00,1
TXN0012140,29.47,POS,NY,2024-05-06 11:00:00,0
TXN0012141,453.34,Online,WA,2024-05-06 11:15:00,0
TXN0012142,38.73,Transfer,TX,2024-05-06 11:30:00,0
TXN0012143,20.51,ATM,NY,2024-05-06 11:45:00,0
TXN0012144,115.19,POS,IL,2024-05-06 12:00:00,0
TXN0012145,8.13,ATM,IL,2024-05-06 12:15:00,0
TXN0012146,30.5,POS,IL,2024-05-06 12:30:00,0
TXN0012147,66.59,Transfer,NY,2024-05-06 12:45:00,0
TXN0012148,52.88,Transfer,NY,2024-05-06 13:00:00,0
TXN0012149,33.02,Transfer,WA,2024-05-06 13:15:00,0
TXN0012150,13.08,POS,NY,2024-05-06 13:30:00,0
TXN0012151,4.36,Transfer,IL,2024-05-06 13:45:00,0
TXN0012152,16.63,Online,IL,2024-05-06 14:00:00,0
TXN0012153,9.65,ATM,NY,2024-05-06 14:15:00,0
TXN0012154,46.89,ATM,TX,2024-05-06 14:30:00,0
TXN0012155,16.98,POS,IL,2024-05-06 14:45:00,0
TXN0012156,40.09,POS,CA,2024-05-06 15:00:00,0
TXN0012157,2.77,ATM,TX,2024-05-06 15:15:00,0
TXN0012158,66.51,Online,FL,2024-05-06 15:30:00,0
TXN0012159,7.04,POS,CA,2024-05-06 15:45:00,0
TXN0012160,2.94,ATM,CA,2024-05-06 16:00:00,0
TXN0012161,3.69,Transfer,TX,2024-05-06 16:15:00,0
TXN0012162,9.27,Online,WA,2024-05-06 16:30:00,0
TXN0012163,80.03,Online,TX,2024-05-06 16:45:00,0
TXN0012164,48.31,ATM,FL,2024-05-06 17:00:00,0
TXN0012165,4.74,ATM,WA,2024-05-06 17:15:00,0
TXN0012166,22.34,Online,WA,2024-05-06 17:30:00,0
TXN0012167,17.65,Online,FL,2024-05-06 17:45:00,0
TXN0012168,2.92,Online,CA,2024-05-06 18:00:00,0
TXN0012169,5.94,POS,WA,2024-05-06 18:15:00,0
TXN0012170,1.64,Online,NY,2024-05-06 18:30:00,0
TXN0012171,6.89,POS,FL,2024-05-06 18:45:00,0
TXN0012172,0.77,Transfer,TX,2024-05-06 19:00:00,0
TXN0012173,7.55,Transfer,TX,2024-05-06 19:15:00,0
TXN0012174,6.35,Transfer,TX,2024-05-06 19:30:00,0
TXN0012175,7.54,Transfer,CA,2024-05-06 19:45:00,0
TXN0012176,7.3,Transfer,FL,2024-05-06 20:00:00,0
TXN0012177,83.27,Transfer,IL,2024-05-06 20:15:00,0
TXN0012178,13.09,Transfer,IL,2024-05-06 20:30:00,0
TXN0012179,27.02,ATM,FL,2024-05-06 20:45:00,0
TXN0012180,50.81,ATM,CA,2024-05-06 21:00:00,0
TXN0012181,60.78,ATM,NY,2024-05-06 21:15:00,0
TXN0012182,46.35,Transfer,CA,2024-05-06 21:30:00,0
TXN0012183,10.17,Online,CA,2024-05-06 21:45:00,0
TXN0012184,5.21,ATM,WA,2024-05-06 22:00:00,0
TXN0012185,7.72,ATM,TX,2024-05-06 22:15:00,0
TXN0012186,11.23,Transfer,WA,2024-05-06 22:30:00,0
TXN0012187,20.21,Transfer,CA,2024-05-06 22:45:00,0
TXN0012188,18.07,Online,WA,2024-05-06 23:00:00,0
TXN0012189,77.23,ATM,NY,2024-05-06 23:15:00,0
TXN0012190,17.69,ATM,NY,2024-05-06 23:30:00,0
TXN0012191,181.75,POS,WA,2024-05-06 23:45:00,0
TXN0012192,71.2,POS,WA,2024-05-07 00:00:00,0
TXN0012193,11.11,POS,IL,2024-05-07 00:15:00,0
TXN0012194,57.81,Transfer,IL,2024-05-07 00:30:00,0
TXN0012195,0.59,POS,IL,2024-05-07 00:45:00,0
TXN0012196,109.08,POS,WA,2024-05-07 01:00:00,0
TXN0012197,33.3,POS,FL,2024-05-07 01:15:00,0
TXN0012198,32.71,ATM,NY,2024-05-07 01:30:00,0
TXN0012199,2.54,ATM,FL,2024-05-07 01:45:00,0
TXN0012200,443.85,POS,FL,2024-05-07 02:00:00,0
TXN0012201,14.69,Transfer,CA,2024-05-07 02:15:00,0
TXN0012202,16.84,Online,FL,2024-05-07 02:30:00,0
TXN0012203,80.0,POS,TX,2024-05-07 02:45:00,0
TXN0012204,15.83,POS,CA,2024-05-07 03:00:00,0
TXN0012205,7.06,ATM,TX,2024-05-07 03:15:00,0
TXN0012206,45.07,Transfer,WA,2024-05-07 03:30:00,0
TXN0012207,5.78,ATM,WA,2024-05-07 03:45:00,0
TXN0012208,49.98,POS,TX,2024-05-07 04:00:00,0
TXN0012209,23.78,Online,CA,2024-05-07 04:15:00,0
TXN0012210,80.1,Transfer,FL,2024-05-07 04:30:00,0
TXN0012211,4.54,ATM,IL,2024-05-07 04:45:00,0
TXN0012212,92.63,Online,TX,2024-05-07 05:00:00,0
TXN0012213,28.8,ATM,NY,2024-05-07 05:15:00,0
TXN0012214,226.55,ATM,WA,2024-05-07 05:30:00,0
TXN0012215,9.03,Transfer,IL,2024-05-07 05:45:00,0
TXN0012216,196.17,POS,FL,2024-05-07 06:00:00,0
TXN0012217,47.63,ATM,NY,2024-05-07 06:15:00,0
TXN0012218,52.89,Online,IL,2024-05-07 06:30:00,0
TXN0012219,8.22,Online,TX,2024-05-07 06:45:00,0
TXN0012220,39.84,Online,TX,2024-05-07 07:00:00,0
TXN0012221,45.7,POS,NY,2024-05-07 07:15:00,0
TXN0012222,7.24,Transfer,CA,2024-05-07 07:30:00,0
TXN0012223,4.85,Online,CA,2024-05-07 07:45:00,0
TXN0012224,7.78,POS,IL,2024-05-07 08:00:00,0
TXN0012225,120.85,ATM,WA,2024-05-07 08:15:00,0
TXN0012226,24.34,Online,IL,2024-05-07 08:30:00,0
TXN0012227,63.4,ATM,IL,2024-05-07 08:45:00,0
TXN0012228,28.63,POS,TX,2024-05-07 09:00:00,0
TXN0012229,23.16,ATM,WA,2024-05-07 09:15:00,0
TXN0012230,26.37,Online,IL,2024-05-07 09:30:00,0
TXN0012231,12.13,Transfer,IL,2024-05-07 09:45:00,0
TXN0012232,89.85,Transfer,IL,2024-05-07 10:00:00,0
TXN0012233,24.84,Transfer,TX,2024-05-07 10:15:00,0
TXN0012234,26.46,Transfer,CA,2024-05-07 10:30:00,0
TXN0012235,3.67,POS,CA,2024-05-07 10:45:00,0
TXN0012236,29.34,Online,CA,2024-05-07 11:00:00,0
TXN0012237,8.77,Transfer,IL,2024-05-07 11:15:00,0
TXN0012238,10.86,POS,NY,2024-05-07 11:30:00,0
TXN0012239,71.65,ATM,CA,2024-05-07 11:45:00,0
TXN0012240,5.26,Transfer,WA,2024-05-07 12:00:00,0
TXN0012241,15.71,Transfer,CA,2024-05-07 12:15:00,0
TXN0012242,43.43,Online,IL,2024-05-07 12:30:00,0
TXN0012243,82.52,Online,FL,2024-05-07 12:45:00,0
TXN0012244,10.63,Transfer,FL,2024-05-07 13:00:00,0
TXN0012245,29.71,Online,CA,2024-05-07 13:15:00,0
TXN0012246,28.51,Online,CA,2024-05-07 13:30:00,0
TXN0012247,5.03,ATM,IL,2024-05-07 13:45:00,0
TXN0012248,1.45,Transfer,TX,2024-05-07 14:00:00,0
TXN0012249,1.89,Online,NY,2024-05-07 14:15:00,0
TXN0012250,41.91,Transfer,TX,2024-05-07 14:30:00,0
TXN0012251,22.76,ATM,NY,2024-05-07 14:45:00,0
TXN0012252,3.88,Online,WA,2024-05-07 15:00:00,0
TXN0012253,9.16,Online,CA,2024-05-07 15:15:00,0
TXN0012254,12.29,Online,TX,2024-05-07 15:30:00,0
TXN0012255,12.94,Transfer,TX,2024-05-07 15:45:00,0
TXN0012256,19.34,Transfer,TX,2024-05-07 16:00:00,0
TXN0012257,300.78,ATM,CA,2024-05-07 16:15:00,0
TXN0012258,7.69,POS,NY,2024-05-07 16:30:00,0
TXN0012259,23.92,Online,NY,2024-05-07 16:45:00,0
TXN0012260,7.81,ATM,FL,2024-05-07 17:00:00,0
TXN0012261,9.28,POS,TX,2024-05-07 17:15:00,0
TXN0012262,6.82,ATM,FL,2024-05-07 17:30:00,0
TXN0012263,15.13,POS,WA,2024-05-07 17:45:00,0
TXN0012264,10.19,ATM,CA,2024-05-07 18:00:00,0
TXN0012265,30.8,ATM,WA,2024-05-07 18:15:00,0
TXN0012266,26.05,POS,WA,2024-05-07 18:30:00,0
TXN0012267,6.71,POS,WA,2024-05-07 18:45:00,1
TXN0012268,210.72,Online,TX,2024-05-07 19:00:00,0
TXN0012269,4.78,ATM,IL,2024-05-07 19:15:00,0
TXN0012270,31.03,Transfer,NY,2024-05-07 19:30:00,0
TXN0012271,286.64,ATM,CA,2024-05-07 19:45:00,0
TXN0012272,8.37,Transfer,WA,2024-05-07 20:00:00,0
TXN0012273,101.97,Transfer,TX,2024-05-07 20:15:00,0
TXN0012274,114.39,Transfer,TX,2024-05-07 20:30:00,0
TXN0012275,30.39,POS,IL,2024-05-07 20:45:00,0
TXN0012276,2.08,Transfer,IL,2024-05-07 21:00:00,0
TXN0012277,114.49,Online,FL,2024-05-07 21:15:00,0
TXN0012278,22.47,POS,CA,2024-05-07 21:30:00,0
TXN0012279,10.26,Online,NY,2024-05-07 21:45:00,0
TXN0012280,95.94,ATM,CA,2024-05-07 22:00:00,1
TXN0012281,8.25,Transfer,CA,2024-05-07 22:15:00,0
TXN0012282,74.02,ATM,FL,2024-05-07 22:30:00,0
TXN0012283,10.24,POS,IL,2024-05-07 22:45:00,0
TXN0012284,38.71,POS,IL,2024-05-07 23:00:00,0
TXN0012285,5.36,ATM,IL,2024-05-07 23:15:00,0
TXN0012286,12.35,ATM,CA,2024-05-07 23:30:00,0
TXN0012287,6.53,POS,CA,2024-05-07 23:45:00,0
TXN0012288,8.38,POS,NY,2024-05-08 00:00:00,0
TXN0012289,25.23,Transfer,IL,2024-05-08 00:15:00,0
TXN0012290,16.27,Transfer,WA,2024-05-08 00:30:00,0
TXN0012291,25.27,Online,NY,2024-05-08 00:45:00,0
TXN0012292,96.68,Transfer,FL,2024-05-08 01:00:00,0
TXN0012293,17.43,Transfer,TX,2024-05-08 01:15:00,0
TXN0012294,2.05,Transfer,TX,2024-05-08 01:30:00,0
TXN0012295,14.09,Transfer,NY,2024-05-08 01:45:00,0
TXN0012296,22.13,POS,CA,2024-05-08 02:00:00,0
TXN0012297,69.92,Online,NY,2024-05-08 02:15:00,0
TXN0012298,71.23,Online,FL,2024-05-08 02:30:00,0
TXN0012299,64.31,ATM,WA,2024-05-08 02:45:00,0
TXN0012300,15.18,Transfer,FL,2024-05-08 03:00:00,0
TXN0012301,44.25,Online,CA,2024-05-08 03:15:00,0
TXN0012302,3.42,ATM,TX,2024-05-08 03:30:00,0
TXN0012303,97.83,POS,FL,2024-05-08 03:45:00,0
TXN0012304,34.33,Online,WA,2024-05-08 04:00:00,0
TXN0012305,37.39,ATM,IL,2024-05-08 04:15:00,0
TXN0012306,12.61,POS,NY,2024-05-08 04:30:00,0
TXN0012307,21.49,ATM,CA,2024-05-08 04:45:00,0
TXN0012308,8.84,Online,FL,2024-05-08 05:00:00,0
TXN0012309,40.18,Transfer,FL,2024-05-08 05:15:00,0
TXN0012310,3.94,POS,NY,2024-05-08 05:30:00,1
TXN0012311,66.01,ATM,WA,2024-05-08 05:45:00,0
TXN0012312,39.08,POS,NY,2024-05-08 06:00:00,1
TXN0012313,240.13,Online,FL,2024-05-08 06:15:00,0
TXN0012314,19.14,ATM,WA,2024-05-08 06:30:00,0
TXN0012315,17.91,Online,WA,2024-05-08 06:45:00,0
TXN0012316,25.44,POS,CA,2024-05-08 07:00:00,0
TXN0012317,21.0,Online,IL,2024-05-08 07:15:00,0
TXN0012318,17.6,Transfer,NY,2024-05-08 07:30:00,0
TXN0012319,5.19,ATM,TX,2024-05-08 07:45:00,0
TXN0012320,5.18,Online,FL,2024-05-08 08:00:00,0
TXN0012321,10.02,ATM,CA,2024-05-08 08:15:00,0
TXN0012322,14.06,POS,CA,2024-05-08 08:30:00,0
TXN0012323,4.69,Transfer,WA,2024-05-08 08:45:00,0
TXN0012324,4.84,Online,NY,2024-05-08 09:00:00,0
TXN0012325,14.17,ATM,TX,2024-05-08 09:15:00,0
TXN0012326,49.8,ATM,WA,2024-05-08 09:30:00,0
TXN0012327,15.89,ATM,WA,2024-05-08 09:45:00,0
TXN0012328,46.09,Transfer,IL,2024-05-08 10:00:00,0
TXN0012329,66.09,ATM,NY,2024-05-08 10:15:00,0
TXN0012330,51.47,Online,IL,2024-05-08 10:30:00,0
TXN0012331,11.98,Online,CA,2024-05-08 10:45:00,0
TXN0012332,12.23,Transfer,WA,2024-05-08 11:00:00,0
TXN0012333,2.04,POS,CA,2024-05-08 11:15:00,0
TXN0012334,8.69,Online,WA,2024-05-08 11:30:00,0
TXN0012335,35.63,ATM,IL,2024-05-08 11:45:00,0
TXN0012336,5.3,POS,IL,2024-05-08 12:00:00,0
TXN0012337,105.49,POS,TX,2024-05-08 12:15:00,0
TXN0012338,116.37,POS,CA,2024-05-08 12:30:00,0
TXN0012339,12.78,ATM,NY,2024-05-08 12:45:00,0
TXN0012340,62.18,Transfer,NY,2024-05-08 13:00:00,0
TXN0012341,3.54,Online,WA,2024-05-08 13:15:00,0
TXN0012342,5.55,ATM,CA,2024-05-08 13:30:00,0
TXN0012343,12.72,POS,IL,2024-05-08 13:45:00,0
TXN0012344,20.3,POS,NY,2024-05-08 14:00:00,1
TXN0012345,15.99,POS,FL,2024-05-08 14:15:00,0
TXN0012346,6.98,Transfer,IL,2024-05-08 14:30:00,0
TXN0012347,223.44,ATM,NY,2024-05-08 14:45:00,0
TXN0012348,28.69,POS,NY,2024-05-08 15:00:00,0
TXN0012349,28.53,Transfer,CA,2024-05-08 15:15:00,0
TXN0012350,46.27,Online,CA,2024-05-08 15:30:00,0
TXN0012351,24.9,Transfer,TX,2024-05-08 15:45:00,0
TXN0012352,15.13,ATM,WA,2024-05-08 16:00:00,0
TXN0012353,10.15,ATM,FL,2024-05-08 16:15:00,0
TXN0012354,2.7,Transfer,TX,2024-05-08 16:30:00,0
TXN0012355,125.34,POS,TX,2024-05-08 16:45:00,0
TXN0012356,6.5,ATM,IL,2024-05-08 17:00:00,0
TXN0012357,2.62,ATM,IL,2024-05-08 17:15:00,0
TXN0012358,7.46,POS,IL,2024-05-08 17:30:00,0
TXN0012359,2.82,POS,NY,2024-05-08 17:45:00,0
TXN0012360,231.17,Online,IL,2024-05-08 18:00:00,0
TXN0012361,31.42,POS,TX,2024-05-08 18:15:00,0
TXN0012362,112.85,ATM,IL,2024-05-08 18:30:00,0
TXN0012363,119.31,POS,IL,2024-05-08 18:45:00,0
TXN0012364,40.31,ATM,IL,2024-05-08 19:00:00,0
TXN0012365,40.52,Transfer,CA,2024-05-08 19:15:00,0
TXN0012366,8.29,Transfer,FL,2024-05-08 19:30:00,0
TXN0012367,18.12,POS,NY,2024-05-08 19:45:00,0
TXN0012368,9.58,Online,TX,2024-05-08 20:00:00,0
TXN0012369,21.16,Online,FL,2024-05-08 20:15:00,0
TXN0012370,8.53,ATM,WA,2024-05-08 20:30:00,0
TXN0012371,94.8,Online,IL,2024-05-08 20:45:00,0
TXN0012372,51.23,Online,TX,2024-05-08 21:00:00,0
TXN0012373,17.63,POS,FL,2024-05-08 21:15:00,0
TXN0012374,2.59,Transfer,FL,2024-05-08 21:30:00,0
TXN0012375,46.47,Online,IL,2024-05-08 21:45:00,0
TXN0012376,59.33,Transfer,TX,2024-05-08 22:00:00,0
TXN0012377,18.47,ATM,NY,2024-05-08 22:15:00,0
TXN0012378,4.29,ATM,NY,2024-05-08 22:30:00,0
TXN0012379,34.12,Online,IL,2024-05-08 22:45:00,0
TXN0012380,72.71,Transfer,NY,2024-05-08 23:00:00,0
TXN0012381,1.92,POS,FL,2024-05-08 23:15:00,0
TXN0012382,40.19,Transfer,NY,2024-05-08 23:30:00,0
TXN0012383,2.17,ATM,FL,2024-05-08 23:45:00,0
TXN0012384,22.12,ATM,NY,2024-05-09 00:00:00,0
TXN0012385,170.48,Transfer,IL,2024-05-09 00:15:00,0
TXN0012386,22.47,Online,FL,2024-05-09 00:30:00,0
TXN0012387,36.16,Transfer,NY,2024-05-09 00:45:00,0
TXN0012388,13.55,Transfer,WA,2024-05-09 01:00:00,0
TXN0012389,19.92,ATM,TX,2024-05-09 01:15:00,1
TXN0012390,356.63,ATM,WA,2024-05-09 01:30:00,0
TXN0012391,102.79,ATM,IL,2024-05-09 01:45:00,0
TXN0012392,13.67,POS,WA,2024-05-09 02:00:00,0
TXN0012393,12.6,POS,WA,2024-05-09 02:15:00,0
TXN0012394,20.54,Transfer,IL,2024-05-09 02:30:00,0
TXN0012395,294.48,Transfer,TX,2024-05-09 02:45:00,0
TXN0012396,25.94,POS,TX,2024-05-09 03:00:00,0
TXN0012397,78.37,POS,NY,2024-05-09 03:15:00,0
TXN0012398,12.86,Transfer,CA,2024-05-09 03:30:00,0
TXN0012399,4.23,ATM,FL,2024-05-09 03:45:00,0
TXN0012400,101.48,Online,WA,2024-05-09 04:00:00,0
TXN0012401,18.29,ATM,FL,2024-05-09 04:15:00,0
TXN0012402,7.7,Transfer,TX,2024-05-09 04:30:00,0
TXN0012403,8.61,POS,CA,2024-05-09 04:45:00,0
TXN0012404,8.84,POS,TX,2024-05-09 05:00:00,0
TXN0012405,9.56,Online,WA,2024-05-09 05:15:00,0
TXN0012406,3.05,ATM,WA,2024-05-09 05:30:00,0
TXN0012407,87.25,Transfer,TX,2024-05-09 05:45:00,0
TXN0012408,32.05,POS,WA,2024-05-09 06:00:00,0
TXN0012409,66.17,ATM,FL,2024-05-09 06:15:00,0
TXN0012410,13.19,POS,WA,2024-05-09 06:30:00,0
TXN0012411,30.69,Transfer,WA,2024-05-09 06:45:00,0
TXN0012412,24.64,POS,CA,2024-05-09 07:00:00,0
TXN0012413,84.39,ATM,CA,2024-05-09 07:15:00,0
TXN0012414,54.37,POS,CA,2024-05-09 07:30:00,0
TXN0012415,31.13,POS,NY,2024-05-09 07:45:00,0
TXN0012416,9.09,POS,WA,2024-05-09 08:00:00,0
TXN0012417,4.63,ATM,CA,2024-05-09 08:15:00,0
TXN0012418,7.56,ATM,CA,2024-05-09 08:30:00,0
TXN0012419,9.26,ATM,IL,2024-05-09 08:45:00,0
TXN0012420,10.4,ATM,NY,2024-05-09 09:00:00,0
TXN0012421,4.44,POS,IL,2024-05-09 09:15:00,0
TXN0012422,152.6,Online,NY,2024-05-09 09:30:00,0
TXN0012423,27.92,Online,IL,2024-05-09 09:45:00,0
TXN0012424,1.71,POS,FL,2024-05-09 10:00:00,0
TXN0012425,5.29,Transfer,TX,2024-05-09 10:15:00,0
TXN0012426,3.91,Transfer,WA,2024-05-09 10:30:00,0
TXN0012427,26.87,POS,NY,2024-05-09 10:45:00,0
TXN0012428,73.82,POS,WA,2024-05-09 11:00:00,0
TXN0012429,6.03,Transfer,TX,2024-05-09 11:15:00,0
TXN0012430,42.75,Online,TX,2024-05-09 11:30:00,0
TXN0012431,14.34,Transfer,TX,2024-05-09 11:45:00,0
TXN0012432,81.62,POS,FL,2024-05-09 12:00:00,0
TXN0012433,106.24,Transfer,NY,2024-05-09 12:15:00,0
TXN0012434,29.35,Transfer,CA,2024-05-09 12:30:00,0
TXN0012435,48.22,Online,FL,2024-05-09 12:45:00,0
TXN0012436,20.01,POS,IL,2024-05-09 13:00:00,0
TXN0012437,12.74,ATM,FL,2024-05-09 13:15:00,0
TXN0012438,4.87,ATM,FL,2024-05-09 13:30:00,0
TXN0012439,29.92,Transfer,CA,2024-05-09 13:45:00,0
TXN0012440,18.44,Online,WA,2024-05-09 14:00:00,0
TXN0012441,12.58,Online,IL,2024-05-09 14:15:00,0
TXN0012442,18.3,Transfer,WA,2024-05-09 14:30:00,0
TXN0012443,16.02,ATM,NY,2024-05-09 14:45:00,0
TXN0012444,5.67,Transfer,TX,2024-05-09 15:00:00,0
TXN0012445,10.56,Transfer,FL,2024-05-09 15:15:00,0
TXN0012446,80.72,Transfer,FL,2024-05-09 15:30:00,0
TXN0012447,15.12,Transfer,NY,2024-05-09 15:45:00,0
TXN0012448,109.89,Transfer,WA,2024-05-09 16:00:00,0
TXN0012449,4.93,Transfer,FL,2024-05-09 16:15:00,0
TXN0012450,3.86,Online,NY,2024-05-09 16:30:00,0
TXN0012451,23.45,Transfer,CA,2024-05-09 16:45:00,0
TXN0012452,51.63,ATM,CA,2024-05-09 17:00:00,0
TXN0012453,9.04,Online,IL,2024-05-09 17:15:00,0
TXN0012454,42.97,Online,CA,2024-05-09 17:30:00,0
TXN0012455,62.52,ATM,WA,2024-05-09 17:45:00,0
TXN0012456,74.1,ATM,CA,2024-05-09 18:00:00,0
TXN0012457,17.55,POS,TX,2024-05-09 18:15:00,0
TXN0012458,18.87,POS,TX,2024-05-09 18:30:00,0
TXN0012459,2.7,ATM,CA,2024-05-09 18:45:00,0
TXN0012460,20.65,ATM,TX,2024-05-09 19:00:00,0
TXN0012461,28.26,Transfer,FL,2024-05-09 19:15:00,0
TXN0012462,111.92,ATM,IL,2024-05-09 19:30:00,0
TXN0012463,4.28,ATM,NY,2024-05-09 19:45:00,0
TXN0012464,7.18,Online,NY,2024-05-09 20:00:00,0
TXN0012465,5.95,Transfer,FL,2024-05-09 20:15:00,1
TXN0012466,59.84,Transfer,IL,2024-05-09 20:30:00,0
TXN0012467,0.93,ATM,NY,2024-05-09 20:45:00,0
TXN0012468,5.39,POS,CA,2024-05-09 21:00:00,0
TXN0012469,245.79,Transfer,IL,2024-05-09 21:15:00,0
TXN0012470,44.59,POS,NY,2024-05-09 21:30:00,0
TXN0012471,4.0,ATM,IL,2024-05-09 21:45:00,0
TXN0012472,18.68,ATM,FL,2024-05-09 22:00:00,0
TXN0012473,56.14,ATM,TX,2024-05-09 22:15:00,0
TXN0012474,39.2,Online,CA,2024-05-09 22:30:00,0
TXN0012475,15.35,Online,FL,2024-05-09 22:45:00,0
TXN0012476,7.68,ATM,FL,2024-05-09 23:00:00,0
TXN0012477,55.16,ATM,IL,2024-05-09 23:15:00,0
TXN0012478,19.93,Transfer,IL,2024-05-09 23:30:00,0
TXN0012479,53.67,Transfer,IL,2024-05-09 23:45:00,0
TXN0012480,32.53,Online,WA,2024-05-10 00:00:00,0
TXN0012481,11.4,POS,NY,2024-05-10 00:15:00,0
TXN0012482,115.49,Transfer,TX,2024-05-10 00:30:00,0
TXN0012483,10.97,ATM,CA,2024-05-10 00:45:00,0
TXN0012484,33.88,ATM,CA,2024-05-10 01:00:00,0
TXN0012485,9.32,ATM,IL,2024-05-10 01:15:00,0
TXN0012486,15.19,POS,WA,2024-05-10 01:30:00,0
TXN0012487,14.84,Online,TX,2024-05-10 01:45:00,0
TXN0012488,9.01,Online,IL,2024-05-10 02:00:00,0
TXN0012489,26.8,POS,IL,2024-05-10 02:15:00,0
TXN0012490,98.35,Online,TX,2024-05-10 02:30:00,0
TXN0012491,191.34,ATM,FL,2024-05-10 02:45:00,0
TXN0012492,114.47,Online,NY,2024-05-10 03:00:00,0
TXN0012493,16.3,Online,FL,2024-05-10 03:15:00,0
TXN0012494,117.44,POS,TX,2024-05-10 03:30:00,0
TXN0012495,33.38,POS,FL,2024-05-10 03:45:00,0
TXN0012496,177.26,POS,NY,2024-05-10 04:00:00,0
TXN0012497,4.37,ATM,CA,2024-05-10 04:15:00,0
TXN0012498,121.01,ATM,IL,2024-05-10 04:30:00,0
TXN0012499,9.73,ATM,IL,2024-05-10 04:45:00,0
TXN0012500,81.59,POS,TX,2024-05-10 05:00:00,0
TXN0012501,11.42,Online,IL,2024-05-10 05:15:00,0
TXN0012502,60.66,ATM,TX,2024-05-10 05:30:00,0
TXN0012503,14.29,POS,IL,2024-05-10 05:45:00,0
TXN0012504,2.06,ATM,TX,2024-05-10 06:00:00,0
TXN0012505,6.22,ATM,IL,2024-05-10 06:15:00,0
TXN0012506,15.01,ATM,WA,2024-05-10 06:30:00,0
TXN0012507,20.68,ATM,CA,2024-05-10 06:45:00,0
TXN0012508,1.34,POS,CA,2024-05-10 07:00:00,0
TXN0012509,4.71,Transfer,FL,2024-05-10 07:15:00,0
TXN0012510,8.29,ATM,NY,2024-05-10 07:30:00,0
TXN0012511,15.55,ATM,CA,2024-05-10 07:45:00,0
TXN0012512,26.24,ATM,CA,2024-05-10 08:00:00,0
TXN0012513,7.44,Transfer,TX,2024-05-10 08:15:00,0
TXN0012514,3.21,Transfer,CA,2024-05-10 08:30:00,0
TXN0012515,28.96,POS,IL,2024-05-10 08:45:00,0
TXN0012516,13.44,POS,FL,2024-05-10 09:00:00,0
TXN0012517,58.8,ATM,CA,2024-05-10 09:15:00,0
TXN0012518,10.64,Online,IL,2024-05-10 09:30:00,0
TXN0012519,43.83,Transfer,WA,2024-05-10 09:45:00,0
TXN0012520,6.84,Transfer,IL,2024-05-10 10:00:00,0
TXN0012521,27.78,POS,IL,2024-05-10 10:15:00,0
TXN0012522,22.4,POS,TX,2024-05-10 10:30:00,0
TXN0012523,34.6,Online,IL,2024-05-10 10:45:00,0
TXN0012524,6.5,ATM,CA,2024-05-10 11:00:00,0
TXN0012525,17.34,Transfer,CA,2024-05-10 11:15:00,0
TXN0012526,7.2,ATM,FL,2024-05-10 11:30:00,0
TXN0012527,16.54,ATM,FL,2024-05-10 11:45:00,0
TXN0012528,42.61,Online,FL,2024-05-10 12:00:00,0
TXN0012529,740.71,ATM,CA,2024-05-10 12:15:00,0
TXN0012530,20.96,POS,NY,2024-05-10 12:30:00,0
TXN0012531,47.68,Online,NY,2024-05-10 12:45:00,0
TXN0012532,23.04,Transfer,NY,2024-05-10 13:00:00,0
TXN0012533,79.14,ATM,TX,2024-05-10 13:15:00,0
TXN0012534,35.14,ATM,TX,2024-05-10 13:30:00,0
TXN0012535,71.05,Online,CA,2024-05-10 13:45:00,0
TXN0012536,30.89,Online,IL,2024-05-10 14:00:00,0
TXN0012537,365.16,Transfer,IL,2024-05-10 14:15:00,0
TXN0012538,106.19,Transfer,CA,2024-05-10 14:30:00,0
TXN0012539,2.57,Online,IL,2024-05-10 14:45:00,0
TXN0012540,28.9,Transfer,CA,2024-05-10 15:00:00,0
TXN0012541,22.12,Transfer,IL,2024-05-10 15:15:00,0
TXN0012542,1.4,Online,TX,2024-05-10 15:30:00,0
TXN0012543,7.12,Online,WA,2024-05-10 15:45:00,0
TXN0012544,11.55,ATM,FL,2024-05-10 16:00:00,0
TXN0012545,8.3,Transfer,NY,2024-05-10 16:15:00,0
TXN0012546,23.56,Transfer,IL,2024-05-10 16:30:00,0
TXN0012547,2.31,Online,FL,2024-05-10 16:45:00,0
TXN0012548,49.62,Online,WA,2024-05-10 17:00:00,0
TXN0012549,51.34,Online,TX,2024-05-10 17:15:00,0
TXN0012550,30.86,ATM,IL,2024-05-10 17:30:00,0
TXN0012551,13.55,Online,NY,2024-05-10 17:45:00,0
TXN0012552,20.29,Transfer,CA,2024-05-10 18:00:00,0
TXN0012553,11.51,Transfer,NY,2024-05-10 18:15:00,0
TXN0012554,80.33,Online,NY,2024-05-10 18:30:00,0
TXN0012555,37.14,Transfer,WA,2024-05-10 18:45:00,0
TXN0012556,223.45,Transfer,NY,2024-05-10 19:00:00,0
TXN0012557,12.96,Online,WA,2024-05-10 19:15:00,1
TXN0012558,116.16,POS,WA,2024-05-10 19:30:00,0
TXN0012559,10.08,POS,NY,2024-05-10 19:45:00,0
TXN0012560,16.45,Transfer,IL,2024-05-10 20:00:00,0
TXN0012561,5.74,Online,CA,2024-05-10 20:15:00,0
TXN0012562,37.99,Transfer,IL,2024-05-10 20:30:00,0
TXN0012563,18.81,ATM,NY,2024-05-10 20:45:00,0
TXN0012564,42.74,Transfer,IL,2024-05-10 21:00:00,0
TXN0012565,121.89,ATM,NY,2024-05-10 21:15:00,0
TXN0012566,18.9,POS,WA,2024-05-10 21:30:00,0
TXN0012567,31.98,Transfer,NY,2024-05-10 21:45:00,1
TXN0012568,59.78,POS,CA,2024-05-10 22:00:00,0
TXN0012569,18.84,ATM,NY,2024-05-10 22:15:00,0
TXN0012570,10.46,Transfer,NY,2024-05-10 22:30:00,0
TXN0012571,31.12,ATM,NY,2024-05-10 22:45:00,0
TXN0012572,37.11,ATM,NY,2024-05-10 23:00:00,0
TXN0012573,51.79,Transfer,IL,2024-05-10 23:15:00,0
TXN0012574,55.16,ATM,CA,2024-05-10 23:30:00,1
TXN0012575,9.05,Online,FL,2024-05-10 23:45:00,0
TXN0012576,34.59,Transfer,TX,2024-05-11 00:00:00,0
TXN0012577,89.17,Online,IL,2024-05-11 00:15:00,0
TXN0012578,11.58,Transfer,WA,2024-05-11 00:30:00,0
TXN0012579,31.34,POS,NY,2024-05-11 00:45:00,0
TXN0012580,9.61,Transfer,IL,2024-05-11 01:00:00,0
TXN0012581,24.76,ATM,CA,2024-05-11 01:15:00,0
TXN0012582,163.81,ATM,NY,2024-05-11 01:30:00,0
TXN0012583,24.95,Online,NY,2024-05-11 01:45:00,0
TXN0012584,6.33,Online,TX,2024-05-11 02:00:00,0
TXN0012585,30.7,Transfer,CA,2024-05-11 02:15:00,0
TXN0012586,26.26,Transfer,TX,2024-05-11 02:30:00,0
TXN0012587,77.6,POS,IL,2024-05-11 02:45:00,0
TXN0012588,3.88,POS,NY,2024-05-11 03:00:00,0
TXN0012589,6.73,Online,IL,2024-05-11 03:15:00,0
TXN0012590,18.45,Transfer,TX,2024-05-11 03:30:00,0
TXN0012591,3.12,Transfer,FL,2024-05-11 03:45:00,0
TXN0012592,79.53,Transfer,FL,2024-05-11 04:00:00,0
TXN0012593,1.77,Online,IL,2024-05-11 04:15:00,0
TXN0012594,7.46,Online,IL,2024-05-11 04:30:00,0
TXN0012595,3.43,Online,FL,2024-05-11 04:45:00,0
TXN0012596,9.21,ATM,CA,2024-05-11 05:00:00,0
TXN0012597,53.14,ATM,CA,2024-05-11 05:15:00,0
TXN0012598,41.84,POS,IL,2024-05-11 05:30:00,0
TXN0012599,61.78,Transfer,NY,2024-05-11 05:45:00,0
TXN0012600,41.89,ATM,IL,2024-05-11 06:00:00,0
TXN0012601,1.76,ATM,WA,2024-05-11 06:15:00,0
TXN0012602,29.13,ATM,CA,2024-05-11 06:30:00,0
TXN0012603,2.2,POS,IL,2024-05-11 06:45:00,0
TXN0012604,11.06,Transfer,WA,2024-05-11 07:00:00,0
TXN0012605,12.64,Transfer,FL,2024-05-11 07:15:00,0
TXN0012606,10.54,ATM,CA,2024-05-11 07:30:00,0
TXN0012607,36.62,Online,FL,2024-05-11 07:45:00,0
TXN0012608,7.66,POS,FL,2024-05-11 08:00:00,0
TXN0012609,162.8,ATM,FL,2024-05-11 08:15:00,0
TXN0012610,41.63,POS,IL,2024-05-11 08:30:00,0
TXN0012611,83.92,Online,WA,2024-05-11 08:45:00,0
TXN0012612,50.49,ATM,IL,2024-05-11 09:00:00,0
TXN0012613,59.37,POS,TX,2024-05-11 09:15:00,0
TXN0012614,19.27,Transfer,NY,2024-05-11 09:30:00,0
TXN0012615,215.33,POS,WA,2024-05-11 09:45:00,0
TXN0012616,5.72,ATM,IL,2024-05-11 10:00:00,0
TXN0012617,35.33,POS,FL,2024-05-11 10:15:00,0
TXN0012618,20.38,ATM,CA,2024-05-11 10:30:00,0
TXN0012619,15.5,POS,FL,2024-05-11 10:45:00,0
TXN0012620,29.74,Online,IL,2024-05-11 11:00:00,0
TXN0012621,8.23,ATM,IL,2024-05-11 11:15:00,0
TXN0012622,57.69,ATM,WA,2024-05-11 11:30:00,0
TXN0012623,52.16,ATM,TX,2024-05-11 11:45:00,0
TXN0012624,22.81,Transfer,WA,2024-05-11 12:00:00,0
TXN0012625,49.27,Transfer,FL,2024-05-11 12:15:00,0
TXN0012626,5.82,ATM,WA,2024-05-11 12:30:00,0
TXN0012627,2.3,ATM,IL,2024-05-11 12:45:00,0
TXN0012628,10.1,ATM,IL,2024-05-11 13:00:00,0
TXN0012629,15.26,POS,TX,2024-05-11 13:15:00,0
TXN0012630,406.59,ATM,FL,2024-05-11 13:30:00,0
TXN0012631,15.42,ATM,IL,2024-05-11 13:45:00,0
TXN0012632,70.21,Transfer,NY,2024-05-11 14:00:00,0
TXN0012633,56.1,Transfer,CA,2024-05-11 14:15:00,0
TXN0012634,256.61,POS,IL,2024-05-11 14:30:00,0
TXN0012635,23.35,Online,CA,2024-05-11 14:45:00,0
TXN0012636,44.55,ATM,TX,2024-05-11 15:00:00,0
TXN0012637,16.08,Online,FL,2024-05-11 15:15:00,0
TXN0012638,7.18,POS,IL,2024-05-11 15:30:00,0
TXN0012639,6.07,ATM,CA,2024-05-11 15:45:00,0
TXN0012640,7.91,ATM,NY,2024-05-11 16:00:00,0
TXN0012641,113.09,POS,FL,2024-05-11 16:15:00,0
TXN0012642,28.62,POS,FL,2024-05-11 16:30:00,0
TXN0012643,16.87,ATM,IL,2024-05-11 16:45:00,0
TXN0012644,20.74,ATM,IL,2024-05-11 17:00:00,0
TXN0012645,10.3,ATM,FL,2024-05-11 17:15:00,0
TXN0012646,19.5,Transfer,NY,2024-05-11 17:30:00,0
TXN0012647,19.35,Online,NY,2024-05-11 17:45:00,0
TXN0012648,44.45,Transfer,NY,2024-05-11 18:00:00,0
TXN0012649,60.73,Transfer,CA,2024-05-11 18:15:00,0
TXN0012650,2.84,POS,WA,2024-05-11 18:30:00,0
TXN0012651,26.85,Transfer,FL,2024-05-11 18:45:00,0
TXN0012652,106.07,Online,TX,2024-05-11 19:00:00,0
TXN0012653,5.95,Online,TX,2024-05-11 19:15:00,0
TXN0012654,15.04,Transfer,FL,2024-05-11 19:30:00,0
TXN0012655,24.88,POS,NY,2024-05-11 19:45:00,0
TXN0012656,76.28,Online,WA,2024-05-11 20:00:00,0
TXN0012657,41.61,Transfer,IL,2024-05-11 20:15:00,0
TXN0012658,15.62,Transfer,NY,2024-05-11 20:30:00,0
TXN0012659,37.07,ATM,CA,2024-05-11 20:45:00,0
TXN0012660,70.64,Online,FL,2024-05-11 21:00:00,0
TXN0012661,32.49,ATM,IL,2024-05-11 21:15:00,0
TXN0012662,189.66,POS,TX,2024-05-11 21:30:00,0
TXN0012663,33.8,Transfer,CA,2024-05-11 21:45:00,0
TXN0012664,5.76,Transfer,FL,2024-05-11 22:00:00,0
TXN0012665,7.93,Online,NY,2024-05-11 22:15:00,0
TXN0012666,17.31,ATM,IL,2024-05-11 22:30:00,1
TXN0012667,15.86,Online,WA,2024-05-11 22:45:00,0
TXN0012668,42.91,POS,NY,2024-05-11 23:00:00,0
TXN0012669,31.14,ATM,TX,2024-05-11 23:15:00,0
TXN0012670,159.76,ATM,NY,2024-05-11 23:30:00,0
TXN0012671,53.97,POS,FL,2024-05-11 23:45:00,0
TXN0012672,121.29,ATM,IL,2024-05-12 00:00:00,0
TXN0012673,8.14,Online,FL,2024-05-12 00:15:00,0
TXN0012674,12.19,ATM,CA,2024-05-12 00:30:00,0
TXN0012675,46.39,Online,FL,2024-05-12 00:45:00,0
TXN0012676,22.77,Transfer,FL,2024-05-12 01:00:00,0
TXN0012677,43.34,Online,WA,2024-05-12 01:15:00,0
TXN0012678,27.56,Transfer,CA,2024-05-12 01:30:00,0
TXN0012679,9.68,Transfer,TX,2024-05-12 01:45:00,0
TXN0012680,157.96,Transfer,WA,2024-05-12 02:00:00,0
TXN0012681,80.48,POS,CA,2024-05-12 02:15:00,0
TXN0012682,3.16,POS,NY,2024-05-12 02:30:00,0
TXN0012683,9.74,Online,IL,2024-05-12 02:45:00,0
TXN0012684,21.01,Online,FL,2024-05-12 03:00:00,0
TXN0012685,46.24,POS,TX,2024-05-12 03:15:00,0
TXN0012686,18.75,ATM,CA,2024-05-12 03:30:00,0
TXN0012687,3.99,Online,CA,2024-05-12 03:45:00,0
TXN0012688,55.49,POS,FL,2024-05-12 04:00:00,0
TXN0012689,15.95,Transfer,FL,2024-05-12 04:15:00,0
TXN0012690,86.78,Online,FL,2024-05-12 04:30:00,0
TXN0012691,29.46,POS,FL,2024-05-12 04:45:00,0
TXN0012692,68.19,POS,IL,2024-05-12 05:00:00,0
TXN0012693,55.88,POS,FL,2024-05-12 05:15:00,0
TXN0012694,59.19,POS,CA,2024-05-12 05:30:00,0
TXN0012695,11.14,POS,FL,2024-05-12 05:45:00,0
TXN0012696,70.54,ATM,WA,2024-05-12 06:00:00,0
TXN0012697,26.22,Online,FL,2024-05-12 06:15:00,0
TXN0012698,4.6,Online,CA,2024-05-12 06:30:00,0
TXN0012699,12.8,ATM,NY,2024-05-12 06:45:00,0
TXN0012700,13.71,Transfer,WA,2024-05-12 07:00:00,0
TXN0012701,36.08,POS,TX,2024-05-12 07:15:00,0
TXN0012702,46.78,Online,CA,2024-05-12 07:30:00,0
TXN0012703,5.4,Transfer,NY,2024-05-12 07:45:00,0
TXN0012704,49.1,POS,NY,2024-05-12 08:00:00,0
TXN0012705,19.05,POS,WA,2024-05-12 08:15:00,0
TXN0012706,5.8,Transfer,NY,2024-05-12 08:30:00,0
TXN0012707,55.96,POS,IL,2024-05-12 08:45:00,0
TXN0012708,8.27,Transfer,TX,2024-05-12 09:00:00,0
TXN0012709,4.93,Online,NY,2024-05-12 09:15:00,0
TXN0012710,51.08,POS,IL,2024-05-12 09:30:00,0
TXN0012711,60.65,POS,TX,2024-05-12 09:45:00,0
TXN0012712,9.36,Online,NY,2024-05-12 10:00:00,0
TXN0012713,73.27,Transfer,TX,2024-05-12 10:15:00,0
TXN0012714,68.65,POS,CA,2024-05-12 10:30:00,0
TXN0012715,11.1,Transfer,FL,2024-05-12 10:45:00,0
TXN0012716,226.44,ATM,IL,2024-05-12 11:00:00,0
TXN0012717,19.27,POS,WA,2024-05-12 11:15:00,0
TXN0012718,27.09,POS,FL,2024-05-12 11:30:00,0
TXN0012719,1.19,Transfer,FL,2024-05-12 11:45:00,0
TXN0012720,44.33,Online,TX,2024-05-12 12:00:00,0
TXN0012721,9.86,Online,WA,2024-05-12 12:15:00,0
TXN0012722,35.11,Online,WA,2024-05-12 12:30:00,0
TXN0012723,2.67,Transfer,CA,2024-05-12 12:45:00,0
TXN0012724,82.81,Online,NY,2024-05-12 13:00:00,0
TXN0012725,118.67,ATM,CA,2024-05-12 13:15:00,0
TXN0012726,199.36,ATM,IL,2024-05-12 13:30:00,0
TXN0012727,0.6,POS,FL,2024-05-12 13:45:00,0
TXN0012728,41.96,Transfer,FL,2024-05-12 14:00:00,0
TXN0012729,31.39,ATM,TX,2024-05-12 14:15:00,0
TXN0012730,0.56,Transfer,TX,2024-05-12 14:30:00,0
TXN0012731,8.66,ATM,CA,2024-05-12 14:45:00,0
TXN0012732,18.81,POS,CA,2024-05-12 15:00:00,0
TXN0012733,114.5,POS,IL,2024-05-12 15:15:00,0
TXN0012734,7.69,POS,WA,2024-05-12 15:30:00,0
TXN0012735,26.71,ATM,NY,2024-05-12 15:45:00,0
TXN0012736,19.51,ATM,CA,2024-05-12 16:00:00,0
TXN0012737,32.4,Transfer,TX,2024-05-12 16:15:00,0
TXN0012738,12.99,Online,WA,2024-05-12 16:30:00,0
TXN0012739,61.0,POS,TX,2024-05-12 16:45:00,0
TXN0012740,67.13,Online,IL,2024-05-12 17:00:00,0
TXN0012741,4.11,Online,WA,2024-05-12 17:15:00,0
TXN0012742,80.33,POS,TX,2024-05-12 17:30:00,0
TXN0012743,8.57,ATM,TX,2024-05-12 17:45:00,0
TXN0012744,15.12,Transfer,WA,2024-05-12 18:00:00,0
TXN0012745,80.86,ATM,TX,2024-05-12 18:15:00,0
TXN0012746,23.67,Online,IL,2024-05-12 18:30:00,0
TXN0012747,41.94,Online,FL,2024-05-12 18:45:00,0
TXN0012748,54.21,POS,FL,2024-05-12 19:00:00,0
TXN0012749,43.21,POS,CA,2024-05-12 19:15:00,0
TXN0012750,11.08,POS,IL,2024-05-12 19:30:00,0
TXN0012751,6.76,POS,WA,2024-05-12 19:45:00,0
TXN0012752,47.82,ATM,FL,2024-05-12 20:00:00,0
TXN0012753,52.46,POS,CA,2024-05-12 20:15:00,0
TXN0012754,32.48,Online,WA,2024-05-12 20:30:00,0
TXN0012755,16.9,Online,WA,2024-05-12 20:45:00,0
TXN0012756,59.17,Transfer,WA,2024-05-12 21:00:00,0
TXN0012757,20.55,Online,FL,2024-05-12 21:15:00,0
TXN0012758,4.12,ATM,CA,2024-05-12 21:30:00,0
TXN0012759,29.75,POS,NY,2024-05-12 21:45:00,0
TXN0012760,38.88,POS,WA,2024-05-12 22:00:00,0
TXN0012761,53.75,Transfer,FL,2024-05-12 22:15:00,0
TXN0012762,7.32,ATM,NY,2024-05-12 22:30:00,0
TXN0012763,8.67,ATM,IL,2024-05-12 22:45:00,0
TXN0012764,31.73,Transfer,FL,2024-05-12 23:00:00,0
TXN0012765,12.5,Transfer,TX,2024-05-12 23:15:00,0
TXN0012766,19.72,Transfer,WA,2024-05-12 23:30:00,0
TXN0012767,65.75,ATM,FL,2024-05-12 23:45:00,0
TXN0012768,34.3,POS,IL,2024-05-13 00:00:00,0
TXN0012769,190.34,ATM,IL,2024-05-13 00:15:00,0
TXN0012770,30.4,ATM,CA,2024-05-13 00:30:00,0
TXN0012771,166.34,POS,WA,2024-05-13 00:45:00,0
TXN0012772,76.94,Online,IL,2024-05-13 01:00:00,0
TXN0012773,453.52,ATM,NY,2024-05-13 01:15:00,0
TXN0012774,22.06,POS,NY,2024-05-13 01:30:00,0
TXN0012775,19.57,ATM,FL,2024-05-13 01:45:00,0
TXN0012776,103.51,Online,TX,2024-05-13 02:00:00,0
TXN0012777,11.75,Online,CA,2024-05-13 02:15:00,0
TXN0012778,12.52,POS,IL,2024-05-13 02:30:00,0
TXN0012779,29.34,POS,IL,2024-05-13 02:45:00,0
TXN0012780,34.31,Online,TX,2024-05-13 03:00:00,0
TXN0012781,4.1,ATM,FL,2024-05-13 03:15:00,0
TXN0012782,29.76,Transfer,TX,2024-05-13 03:30:00,0
TXN0012783,15.18,ATM,FL,2024-05-13 03:45:00,0
TXN0012784,21.33,Online,FL,2024-05-13 04:00:00,0
TXN0012785,27.21,Online,IL,2024-05-13 04:15:00,0
TXN0012786,17.58,POS,NY,2024-05-13 04:30:00,0
TXN0012787,79.63,POS,NY,2024-05-13 04:45:00,0
TXN0012788,39.63,POS,WA,2024-05-13 05:00:00,0
TXN0012789,17.75,ATM,CA,2024-05-13 05:15:00,0
TXN0012790,24.34,POS,WA,2024-05-13 05:30:00,0
TXN0012791,76.99,POS,WA,2024-05-13 05:45:00,0
TXN0012792,56.95,Transfer,FL,2024-05-13 06:00:00,0
TXN0012793,101.27,Transfer,IL,2024-05-13 06:15:00,0
TXN0012794,18.98,ATM,IL,2024-05-13 06:30:00,0
TXN0012795,26.4,POS,NY,2024-05-13 06:45:00,0
TXN0012796,247.48,Transfer,CA,2024-05-13 07:00:00,0
TXN0012797,21.47,ATM,CA,2024-05-13 07:15:00,0
TXN0012798,166.99,ATM,TX,2024-05-13 07:30:00,0
TXN0012799,61.63,Online,CA,2024-05-13 07:45:00,0
TXN0012800,13.51,Online,IL,2024-05-13 08:00:00,0
TXN0012801,4.26,Transfer,NY,2024-05-13 08:15:00,0
TXN0012802,48.16,POS,TX,2024-05-13 08:30:00,0
TXN0012803,9.75,ATM,NY,2024-05-13 08:45:00,0
TXN0012804,9.72,Online,TX,2024-05-13 09:00:00,0
TXN0012805,2.87,Transfer,TX,2024-05-13 09:15:00,0
TXN0012806,93.17,Online,IL,2024-05-13 09:30:00,0
TXN0012807,25.6,ATM,CA,2024-05-13 09:45:00,0
TXN0012808,23.37,Online,FL,2024-05-13 10:00:00,0
TXN0012809,36.31,ATM,WA,2024-05-13 10:15:00,0
TXN0012810,30.33,Online,WA,2024-05-13 10:30:00,0
TXN0012811,25.43,Online,FL,2024-05-13 10:45:00,0
TXN0012812,42.05,Online,CA,2024-05-13 11:00:00,0
TXN0012813,16.36,Transfer,FL,2024-05-13 11:15:00,0
TXN0012814,1.05,ATM,TX,2024-05-13 11:30:00,0
TXN0012815,54.82,Online,FL,2024-05-13 11:45:00,0
TXN0012816,37.76,ATM,IL,2024-05-13 12:00:00,0
TXN0012817,23.39,POS,FL,2024-05-13 12:15:00,0
TXN0012818,151.13,Online,CA,2024-05-13 12:30:00,0
TXN0012819,4.31,Transfer,IL,2024-05-13 12:45:00,0
TXN0012820,0.72,Online,IL,2024-05-13 13:00:00,0
TXN0012821,134.1,Online,IL,2024-05-13 13:15:00,0
TXN0012822,37.3,ATM,FL,2024-05-13 13:30:00,0
TXN0012823,3.21,Transfer,WA,2024-05-13 13:45:00,0
TXN0012824,14.01,ATM,NY,2024-05-13 14:00:00,0
TXN0012825,47.63,ATM,CA,2024-05-13 14:15:00,0
TXN0012826,5.36,Online,FL,2024-05-13 14:30:00,0
TXN0012827,44.11,Online,NY,2024-05-13 14:45:00,0
TXN0012828,284.08,Transfer,NY,2024-05-13 15:00:00,0
TXN0012829,119.31,ATM,WA,2024-05-13 15:15:00,0
TXN0012830,21.95,ATM,NY,2024-05-13 15:30:00,0
TXN0012831,33.46,ATM,NY,2024-05-13 15:45:00,0
TXN0012832,7.36,ATM,WA,2024-05-13 16:00:00,0
TXN0012833,26.66,Transfer,NY,2024-05-13 16:15:00,0
TXN0012834,15.33,Transfer,IL,2024-05-13 16:30:00,0
TXN0012835,6.97,Transfer,WA,2024-05-13 16:45:00,0
TXN0012836,4.6,Transfer,WA,2024-05-13 17:00:00,0
TXN0012837,227.13,Online,FL,2024-05-13 17:15:00,0
TXN0012838,25.23,POS,NY,2024-05-13 17:30:00,0
TXN0012839,6.74,Transfer,CA,2024-05-13 17:45:00,0
TXN0012840,13.78,Transfer,WA,2024-05-13 18:00:00,0
TXN0012841,133.91,Online,NY,2024-05-13 18:15:00,0
TXN0012842,156.95,Transfer,IL,2024-05-13 18:30:00,0
TXN0012843,10.94,Transfer,TX,2024-05-13 18:45:00,0
TXN0012844,28.73,POS,TX,2024-05-13 19:00:00,0
TXN0012845,65.79,POS,TX,2024-05-13 19:15:00,0
TXN0012846,15.06,Online,WA,2024-05-13 19:30:00,0
TXN0012847,5.61,Transfer,TX,2024-05-13 19:45:00,0
TXN0012848,7.12,ATM,IL,2024-05-13 20:00:00,0
TXN0012849,23.04,POS,NY,2024-05-13 20:15:00,0
TXN0012850,9.06,ATM,CA,2024-05-13 20:30:00,0
TXN0012851,4.86,Online,TX,2024-05-13 20:45:00,0
TXN0012852,17.17,ATM,IL,2024-05-13 21:00:00,0
TXN0012853,68.99,Transfer,TX,2024-05-13 21:15:00,0
TXN0012854,51.27,POS,IL,2024-05-13 21:30:00,0
TXN0012855,17.31,POS,WA,2024-05-13 21:45:00,0
TXN0012856,220.57,POS,FL,2024-05-13 22:00:00,0
TXN0012857,8.91,ATM,IL,2024-05-13 22:15:00,0
TXN0012858,20.76,ATM,TX,2024-05-13 22:30:00,0
TXN0012859,4.46,Transfer,WA,2024-05-13 22:45:00,0
TXN0012860,57.35,POS,CA,2024-05-13 23:00:00,0
TXN0012861,19.56,POS,FL,2024-05-13 23:15:00,0
TXN0012862,3.06,POS,NY,2024-05-13 23:30:00,0
TXN0012863,8.46,ATM,IL,2024-05-13 23:45:00,0
TXN0012864,192.72,POS,FL,2024-05-14 00:00:00,0
TXN0012865,53.59,POS,IL,2024-05-14 00:15:00,0
TXN0012866,25.86,Online,FL,2024-05-14 00:30:00,0
TXN0012867,63.44,Transfer,CA,2024-05-14 00:45:00,0
TXN0012868,3.38,ATM,TX,2024-05-14 01:00:00,0
TXN0012869,8.45,Transfer,FL,2024-05-14 01:15:00,0
TXN0012870,4.66,Transfer,CA,2024-05-14 01:30:00,0
TXN0012871,8.44,Online,IL,2024-05-14 01:45:00,0
TXN0012872,14.34,ATM,NY,2024-05-14 02:00:00,0
TXN0012873,42.47,Transfer,IL,2024-05-14 02:15:00,0
TXN0012874,74.98,ATM,IL,2024-05-14 02:30:00,0
TXN0012875,72.49,Transfer,NY,2024-05-14 02:45:00,0
TXN0012876,552.85,Transfer,WA,2024-05-14 03:00:00,0
TXN0012877,12.54,POS,TX,2024-05-14 03:15:00,0
TXN0012878,22.06,Online,TX,2024-05-14 03:30:00,0
TXN0012879,41.34,Online,NY,2024-05-14 03:45:00,0
TXN0012880,8.41,POS,NY,2024-05-14 04:00:00,0
TXN0012881,16.01,ATM,IL,2024-05-14 04:15:00,0
TXN0012882,36.66,Transfer,NY,2024-05-14 04:30:00,0
TXN0012883,7.87,ATM,WA,2024-05-14 04:45:00,0
TXN0012884,39.43,ATM,NY,2024-05-14 05:00:00,0
TXN0012885,96.84,POS,WA,2024-05-14 05:15:00,0
TXN0012886,5.96,POS,TX,2024-05-14 05:30:00,0
TXN0012887,1.48,Online,WA,2024-05-14 05:45:00,0
TXN0012888,24.82,POS,FL,2024-05-14 06:00:00,0
TXN0012889,6.5,ATM,IL,2024-05-14 06:15:00,0
TXN0012890,27.59,Transfer,CA,2024-05-14 06:30:00,0
TXN0012891,13.14,Online,WA,2024-05-14 06:45:00,1
TXN0012892,32.22,ATM,TX,2024-05-14 07:00:00,0
TXN0012893,86.31,POS,TX,2024-05-14 07:15:00,0
TXN0012894,59.32,ATM,FL,2024-05-14 07:30:00,0
TXN0012895,14.62,ATM,FL,2024-05-14 07:45:00,0
TXN0012896,5.56,Transfer,TX,2024-05-14 08:00:00,0
TXN0012897,1.16,Online,FL,2024-05-14 08:15:00,0
TXN0012898,1.68,Transfer,CA,2024-05-14 08:30:00,0
TXN0012899,8.64,ATM,TX,2024-05-14 08:45:00,0
TXN0012900,24.96,Online,WA,2024-05-14 09:00:00,0
TXN0012901,9.91,Online,TX,2024-05-14 09:15:00,0
TXN0012902,10.87,ATM,TX,2024-05-14 09:30:00,0
TXN0012903,3.29,ATM,WA,2024-05-14 09:45:00,0
TXN0012904,3.08,ATM,NY,2024-05-14 10:00:00,0
TXN0012905,2.81,POS,WA,2024-05-14 10:15:00,0
TXN0012906,45.75,Transfer,CA,2024-05-14 10:30:00,0
TXN0012907,2.06,ATM,NY,2024-05-14 10:45:00,1
TXN0012908,48.5,ATM,TX,2024-05-14 11:00:00,0
TXN0012909,7.36,POS,CA,2024-05-14 11:15:00,0
TXN0012910,40.69,POS,TX,2024-05-14 11:30:00,0
TXN0012911,28.44,ATM,WA,2024-05-14 11:45:00,0
TXN0012912,52.32,POS,WA,2024-05-14 12:00:00,0
TXN0012913,87.42,Online,TX,2024-05-14 12:15:00,0
TXN0012914,8.31,Transfer,TX,2024-05-14 12:30:00,0
TXN0012915,6.62,ATM,IL,2024-05-14 12:45:00,0
TXN0012916,12.43,POS,FL,2024-05-14 13:00:00,1
TXN0012917,8.31,Online,TX,2024-05-14 13:15:00,0
TXN0012918,45.72,Online,IL,2024-05-14 13:30:00,0
TXN0012919,18.11,ATM,TX,2024-05-14 13:45:00,0
TXN0012920,20.79,Online,WA,2024-05-14 14:00:00,0
TXN0012921,33.85,Transfer,CA,2024-05-14 14:15:00,0
TXN0012922,11.7,ATM,IL,2024-05-14 14:30:00,0
TXN0012923,75.98,ATM,NY,2024-05-14 14:45:00,0
TXN0012924,2.29,Transfer,NY,2024-05-14 15:00:00,0
TXN0012925,27.0,POS,IL,2024-05-14 15:15:00,0
TXN0012926,37.02,ATM,CA,2024-05-14 15:30:00,0
TXN0012927,8.16,Transfer,CA,2024-05-14 15:45:00,0
TXN0012928,8.9,Transfer,TX,2024-05-14 16:00:00,0
TXN0012929,59.71,ATM,CA,2024-05-14 16:15:00,0
TXN0012930,13.87,Online,WA,2024-05-14 16:30:00,0
TXN0012931,2.05,Transfer,WA,2024-05-14 16:45:00,0
TXN0012932,4.05,POS,CA,2024-05-14 17:00:00,0
TXN0012933,67.27,ATM,FL,2024-05-14 17:15:00,0
TXN0012934,7.07,POS,WA,2024-05-14 17:30:00,0
TXN0012935,96.41,Transfer,WA,2024-05-14 17:45:00,0
TXN0012936,103.41,Transfer,WA,2024-05-14 18:00:00,0
TXN0012937,15.86,Transfer,TX,2024-05-14 18:15:00,0
TXN0012938,38.53,POS,TX,2024-05-14 18:30:00,1
TXN0012939,7.51,POS,CA,2024-05-14 18:45:00,0
TXN0012940,12.44,POS,TX,2024-05-14 19:00:00,0
TXN0012941,8.73,Transfer,IL,2024-05-14 19:15:00,0
TXN0012942,40.59,Online,CA,2024-05-14 19:30:00,0
TXN0012943,4.34,Transfer,CA,2024-05-14 19:45:00,0
TXN0012944,17.16,Transfer,IL,2024-05-14 20:00:00,0
TXN0012945,21.29,POS,WA,2024-05-14 20:15:00,0
TXN0012946,37.16,POS,CA,2024-05-14 20:30:00,0
TXN0012947,1.59,Online,TX,2024-05-14 20:45:00,0
TXN0012948,2.37,ATM,WA,2024-05-14 21:00:00,0
TXN0012949,7.0,ATM,CA,2024-05-14 21:15:00,0
TXN0012950,15.3,ATM,NY,2024-05-14 21:30:00,0
TXN0012951,23.58,Transfer,TX,2024-05-14 21:45:00,0
TXN0012952,25.1,ATM,NY,2024-05-14 22:00:00,0
TXN0012953,221.37,Online,FL,2024-05-14 22:15:00,0
TXN0012954,43.51,ATM,TX,2024-05-14 22:30:00,0
TXN0012955,40.14,ATM,FL,2024-05-14 22:45:00,0
TXN0012956,11.11,Online,WA,2024-05-14 23:00:00,0
TXN0012957,50.63,POS,TX,2024-05-14 23:15:00,0
TXN0012958,45.33,ATM,WA,2024-05-14 23:30:00,0
TXN0012959,44.2,Transfer,FL,2024-05-14 23:45:00,0
TXN0012960,17.35,Online,NY,2024-05-15 00:00:00,0
TXN0012961,41.74,Online,CA,2024-05-15 00:15:00,0
TXN0012962,122.25,Transfer,FL,2024-05-15 00:30:00,0
TXN0012963,7.66,ATM,WA,2024-05-15 00:45:00,0
TXN0012964,1.51,POS,CA,2024-05-15 01:00:00,0
TXN0012965,52.66,POS,TX,2024-05-15 01:15:00,0
TXN0012966,47.49,Online,FL,2024-05-15 01:30:00,0
TXN0012967,15.03,ATM,FL,2024-05-15 01:45:00,0
TXN0012968,11.66,Online,NY,2024-05-15 02:00:00,0
TXN0012969,529.72,Online,WA,2024-05-15 02:15:00,0
TXN0012970,11.36,POS,CA,2024-05-15 02:30:00,0
TXN0012971,4.62,Transfer,TX,2024-05-15 02:45:00,0
TXN0012972,11.19,Transfer,CA,2024-05-15 03:00:00,0
TXN0012973,35.93,Transfer,NY,2024-05-15 03:15:00,0
TXN0012974,9.53,POS,NY,2024-05-15 03:30:00,0
TXN0012975,12.42,POS,NY,2024-05-15 03:45:00,0
TXN0012976,28.41,Online,TX,2024-05-15 04:00:00,0
TXN0012977,11.83,POS,WA,2024-05-15 04:15:00,0
TXN0012978,22.96,Transfer,WA,2024-05-15 04:30:00,0
TXN0012979,18.75,Transfer,CA,2024-05-15 04:45:00,0
TXN0012980,5.56,POS,IL,2024-05-15 05:00:00,0
TXN0012981,21.47,ATM,IL,2024-05-15 05:15:00,0
TXN0012982,4.94,Online,FL,2024-05-15 05:30:00,0
TXN0012983,59.84,POS,IL,2024-05-15 05:45:00,0
TXN0012984,6.48,ATM,IL,2024-05-15 06:00:00,0
TXN0012985,14.82,Online,NY,2024-05-15 06:15:00,0
TXN0012986,2.25,ATM,FL,2024-05-15 06:30:00,0
TXN0012987,11.55,POS,NY,2024-05-15 06:45:00,0
TXN0012988,4.44,POS,TX,2024-05-15 07:00:00,0
TXN0012989,116.43,ATM,IL,2024-05-15 07:15:00,0
TXN0012990,17.02,Transfer,FL,2024-05-15 07:30:00,0
TXN0012991,36.6,Transfer,TX,2024-05-15 07:45:00,0
TXN0012992,2.45,Transfer,IL,2024-05-15 08:00:00,0
TXN0012993,4.49,Online,TX,2024-05-15 08:15:00,0
TXN0012994,16.03,ATM,IL,2024-05-15 08:30:00,0
TXN0012995,3.9,ATM,NY,2024-05-15 08:45:00,0
TXN0012996,76.39,POS,FL,2024-05-15 09:00:00,0
TXN0012997,12.13,POS,WA,2024-05-15 09:15:00,0
TXN0012998,23.41,Online,FL,2024-05-15 09:30:00,0
TXN0012999,28.09,Transfer,FL,2024-05-15 09:45:00,0
TXN0013000,16.37,Online,FL,2024-05-15 10:00:00,0
TXN0013001,49.16,Online,TX,2024-05-15 10:15:00,0
TXN0013002,8.78,Online,IL,2024-05-15 10:30:00,0
TXN0013003,30.21,Online,WA,2024-05-15 10:45:00,0
TXN0013004,81.17,Transfer,IL,2024-05-15 11:00:00,0
TXN0013005,25.17,ATM,IL,2024-05-15 11:15:00,0
TXN0013006,22.66,Online,IL,2024-05-15 11:30:00,0
TXN0013007,13.16,Online,TX,2024-05-15 11:45:00,1
TXN0013008,20.92,ATM,CA,2024-05-15 12:00:00,0
TXN0013009,43.52,Transfer,TX,2024-05-15 12:15:00,0
TXN0013010,14.59,Online,CA,2024-05-15 12:30:00,0
TXN0013011,2.65,Transfer,CA,2024-05-15 12:45:00,0
TXN0013012,23.7,Online,WA,2024-05-15 13:00:00,0
TXN0013013,16.34,ATM,FL,2024-05-15 13:15:00,0
TXN0013014,34.02,Online,FL,2024-05-15 13:30:00,0
TXN0013015,20.45,Transfer,CA,2024-05-15 13:45:00,0
TXN0013016,125.92,POS,NY,2024-05-15 14:00:00,0
TXN0013017,4.69,ATM,CA,2024-05-15 14:15:00,0
TXN0013018,6.18,POS,WA,2024-05-15 14:30:00,0
TXN0013019,42.21,Transfer,NY,2024-05-15 14:45:00,0
TXN0013020,5.76,Online,NY,2024-05-15 15:00:00,0
TXN0013021,28.65,Transfer,TX,2024-05-15 15:15:00,0
TXN0013022,19.1,POS,IL,2024-05-15 15:30:00,0
TXN0013023,1.91,Online,WA,2024-05-15 15:45:00,0
TXN0013024,42.84,Transfer,WA,2024-05-15 16:00:00,0
TXN0013025,98.37,Online,NY,2024-05-15 16:15:00,0
TXN0013026,24.85,POS,WA,2024-05-15 16:30:00,0
TXN0013027,3.72,Online,IL,2024-05-15 16:45:00,0
TXN0013028,49.34,Transfer,WA,2024-05-15 17:00:00,0
TXN0013029,5.68,ATM,IL,2024-05-15 17:15:00,0
TXN0013030,16.85,Online,CA,2024-05-15 17:30:00,0
TXN0013031,31.66,Transfer,WA,2024-05-15 17:45:00,0
TXN0013032,7.74,POS,WA,2024-05-15 18:00:00,0
TXN0013033,2.63,Transfer,NY,2024-05-15 18:15:00,0
TXN0013034,16.41,Online,WA,2024-05-15 18:30:00,0
TXN0013035,18.44,Online,IL,2024-05-15 18:45:00,0
TXN0013036,7.09,Transfer,TX,2024-05-15 19:00:00,0
TXN0013037,7.73,Transfer,CA,2024-05-15 19:15:00,0
TXN0013038,46.41,Online,FL,2024-05-15 19:30:00,0
TXN0013039,17.42,Transfer,FL,2024-05-15 19:45:00,0
TXN0013040,11.14,Online,TX,2024-05-15 20:00:00,0
TXN0013041,9.6,Online,IL,2024-05-15 20:15:00,0
TXN0013042,23.63,ATM,WA,2024-05-15 20:30:00,0
TXN0013043,21.61,Online,NY,2024-05-15 20:45:00,0
TXN0013044,15.8,Transfer,FL,2024-05-15 21:00:00,0
TXN0013045,3.77,Online,CA,2024-05-15 21:15:00,0
TXN0013046,12.5,ATM,WA,2024-05-15 21:30:00,0
TXN0013047,9.24,Transfer,NY,2024-05-15 21:45:00,0
TXN0013048,20.9,Online,CA,2024-05-15 22:00:00,0
TXN0013049,75.05,Transfer,NY,2024-05-15 22:15:00,0
TXN0013050,58.96,POS,TX,2024-05-15 22:30:00,0
TXN0013051,41.03,Online,FL,2024-05-15 22:45:00,0
TXN0013052,22.01,Transfer,IL,2024-05-15 23:00:00,0
TXN0013053,13.21,Transfer,CA,2024-05-15 23:15:00,0
TXN0013054,28.61,POS,NY,2024-05-15 23:30:00,0
TXN0013055,11.05,POS,FL,2024-05-15 23:45:00,0
TXN0013056,12.94,ATM,IL,2024-05-16 00:00:00,0
TXN0013057,7.2,ATM,NY,2024-05-16 00:15:00,0
TXN0013058,18.1,ATM,IL,2024-05-16 00:30:00,0
TXN0013059,17.61,ATM,NY,2024-05-16 00:45:00,0
TXN0013060,166.56,POS,WA,2024-05-16 01:00:00,0
TXN0013061,36.82,POS,CA,2024-05-16 01:15:00,0
TXN0013062,12.4,Transfer,NY,2024-05-16 01:30:00,0
TXN0013063,47.72,Transfer,WA,2024-05-16 01:45:00,0
TXN0013064,11.09,POS,TX,2024-05-16 02:00:00,0
TXN0013065,62.8,POS,WA,2024-05-16 02:15:00,0
TXN0013066,47.84,Transfer,WA,2024-05-16 02:30:00,0
TXN0013067,566.66,Transfer,CA,2024-05-16 02:45:00,0
TXN0013068,5.44,Transfer,TX,2024-05-16 03:00:00,0
TXN0013069,17.69,POS,TX,2024-05-16 03:15:00,0
TXN0013070,16.85,ATM,IL,2024-05-16 03:30:00,0
TXN0013071,27.24,POS,FL,2024-05-16 03:45:00,0
TXN0013072,44.21,POS,IL,2024-05-16 04:00:00,0
TXN0013073,6.18,Online,CA,2024-05-16 04:15:00,0
TXN0013074,8.28,Transfer,TX,2024-05-16 04:30:00,0
TXN0013075,27.41,POS,TX,2024-05-16 04:45:00,0
TXN0013076,59.55,ATM,IL,2024-05-16 05:00:00,0
TXN0013077,5.22,ATM,FL,2024-05-16 05:15:00,0
TXN0013078,3.17,POS,WA,2024-05-16 05:30:00,0
TXN0013079,72.98,POS,FL,2024-05-16 05:45:00,0
TXN0013080,51.38,Transfer,CA,2024-05-16 06:00:00,0
TXN0013081,68.2,Transfer,TX,2024-05-16 06:15:00,1
TXN0013082,6.23,Transfer,CA,2024-05-16 06:30:00,0
TXN0013083,15.28,Transfer,NY,2024-05-16 06:45:00,0
TXN0013084,25.09,POS,WA,2024-05-16 07:00:00,0
TXN0013085,32.17,Online,FL,2024-05-16 07:15:00,0
TXN0013086,16.78,Transfer,CA,2024-05-16 07:30:00,0
TXN0013087,18.19,ATM,WA,2024-05-16 07:45:00,0
TXN0013088,62.39,Transfer,NY,2024-05-16 08:00:00,0
TXN0013089,11.64,Online,CA,2024-05-16 08:15:00,0
TXN0013090,10.21,ATM,CA,2024-05-16 08:30:00,0
TXN0013091,11.7,Transfer,CA,2024-05-16 08:45:00,0
TXN0013092,10.67,ATM,TX,2024-05-16 09:00:00,1
TXN0013093,22.44,Online,NY,2024-05-16 09:15:00,0
TXN0013094,15.13,POS,WA,2024-05-16 09:30:00,0
TXN0013095,11.6,POS,FL,2024-05-16 09:45:00,0
TXN0013096,100.02,Transfer,WA,2024-05-16 10:00:00,0
TXN0013097,27.33,POS,CA,2024-05-16 10:15:00,0
TXN0013098,13.05,Online,FL,2024-05-16 10:30:00,1
TXN0013099,83.13,POS,WA,2024-05-16 10:45:00,0
TXN0013100,10.2,Transfer,NY,2024-05-16 11:00:00,0
TXN0013101,19.25,Transfer,IL,2024-05-16 11:15:00,0
TXN0013102,17.31,ATM,CA,2024-05-16 11:30:00,0
TXN0013103,9.93,POS,IL,2024-05-16 11:45:00,0
TXN0013104,12.38,Online,WA,2024-05-16 12:00:00,0
TXN0013105,21.24,Online,CA,2024-05-16 12:15:00,0
TXN0013106,3.69,POS,WA,2024-05-16 12:30:00,0
TXN0013107,12.3,Transfer,CA,2024-05-16 12:45:00,0
TXN0013108,25.71,ATM,WA,2024-05-16 13:00:00,0
TXN0013109,26.49,POS,WA,2024-05-16 13:15:00,0
TXN0013110,27.17,Transfer,CA,2024-05-16 13:30:00,1
TXN0013111,285.43,ATM,NY,2024-05-16 13:45:00,0
TXN0013112,41.46,ATM,WA,2024-05-16 14:00:00,0
TXN0013113,16.34,ATM,CA,2024-05-16 14:15:00,0
TXN0013114,16.76,POS,IL,2024-05-16 14:30:00,0
TXN0013115,19.22,Online,IL,2024-05-16 14:45:00,0
TXN0013116,31.78,Online,IL,2024-05-16 15:00:00,0
TXN0013117,13.7,ATM,TX,2024-05-16 15:15:00,0
TXN0013118,108.84,POS,IL,2024-05-16 15:30:00,0
TXN0013119,5.42,Online,IL,2024-05-16 15:45:00,0
TXN0013120,39.76,POS,CA,2024-05-16 16:00:00,0
TXN0013121,34.3,ATM,CA,2024-05-16 16:15:00,0
TXN0013122,5.19,POS,CA,2024-05-16 16:30:00,0
TXN0013123,39.58,ATM,WA,2024-05-16 16:45:00,0
TXN0013124,36.41,POS,TX,2024-05-16 17:00:00,0
TXN0013125,9.25,ATM,CA,2024-05-16 17:15:00,0
TXN0013126,272.84,Online,NY,2024-05-16 17:30:00,0
TXN0013127,43.44,ATM,CA,2024-05-16 17:45:00,0
TXN0013128,13.2,POS,CA,2024-05-16 18:00:00,0
TXN0013129,11.14,Transfer,NY,2024-05-16 18:15:00,1
TXN0013130,8.22,Transfer,IL,2024-05-16 18:30:00,0
TXN0013131,25.86,Transfer,NY,2024-05-16 18:45:00,0
TXN0013132,20.65,POS,TX,2024-05-16 19:00:00,0
TXN0013133,3.83,POS,CA,2024-05-16 19:15:00,0
TXN0013134,5.86,ATM,FL,2024-05-16 19:30:00,0
TXN0013135,8.5,ATM,NY,2024-05-16 19:45:00,0
TXN0013136,12.14,ATM,FL,2024-05-16 20:00:00,0
TXN0013137,12.72,ATM,IL,2024-05-16 20:15:00,0
TXN0013138,8.97,Transfer,WA,2024-05-16 20:30:00,0
TXN0013139,39.98,POS,WA,2024-05-16 20:45:00,0
TXN0013140,56.79,Online,FL,2024-05-16 21:00:00,1
TXN0013141,20.92,Transfer,TX,2024-05-16 21:15:00,0
TXN0013142,1.57,Transfer,WA,2024-05-16 21:30:00,0
TXN0013143,16.06,Transfer,IL,2024-05-16 21:45:00,0
TXN0013144,36.44,ATM,WA,2024-05-16 22:00:00,0
TXN0013145,17.52,POS,FL,2024-05-16 22:15:00,0
TXN0013146,26.21,ATM,IL,2024-05-16 22:30:00,0
TXN0013147,21.59,Transfer,NY,2024-05-16 22:45:00,0
TXN0013148,3.5,Transfer,TX,2024-05-16 23:00:00,0
TXN0013149,1.07,POS,NY,2024-05-16 23:15:00,0
TXN0013150,39.0,Transfer,NY,2024-05-16 23:30:00,0
TXN0013151,10.58,ATM,FL,2024-05-16 23:45:00,0
TXN0013152,30.8,Transfer,CA,2024-05-17 00:00:00,0
TXN0013153,13.57,Online,NY,2024-05-17 00:15:00,0
TXN0013154,15.8,ATM,NY,2024-05-17 00:30:00,0
TXN0013155,91.46,Transfer,IL,2024-05-17 00:45:00,0
TXN0013156,4.89,Transfer,CA,2024-05-17 01:00:00,0
TXN0013157,18.96,Online,WA,2024-05-17 01:15:00,0
TXN0013158,5.51,POS,IL,2024-05-17 01:30:00,0
TXN0013159,20.8,Transfer,WA,2024-05-17 01:45:00,0
TXN0013160,33.0,Online,NY,2024-05-17 02:00:00,0
TXN0013161,40.29,Online,NY,2024-05-17 02:15:00,0
TXN0013162,22.76,Transfer,FL,2024-05-17 02:30:00,0
TXN0013163,3.98,ATM,FL,2024-05-17 02:45:00,0
TXN0013164,25.33,ATM,WA,2024-05-17 03:00:00,0
TXN0013165,53.04,Online,WA,2024-05-17 03:15:00,0
TXN0013166,59.59,Transfer,CA,2024-05-17 03:30:00,0
TXN0013167,220.13,POS,FL,2024-05-17 03:45:00,0
TXN0013168,36.41,Transfer,CA,2024-05-17 04:00:00,0
TXN0013169,6.01,POS,NY,2024-05-17 04:15:00,0
TXN0013170,10.6,POS,NY,2024-05-17 04:30:00,0
TXN0013171,21.13,Transfer,CA,2024-05-17 04:45:00,0
TXN0013172,63.23,POS,WA,2024-05-17 05:00:00,0
TXN0013173,5.22,Transfer,CA,2024-05-17 05:15:00,0
TXN0013174,54.3,Transfer,FL,2024-05-17 05:30:00,0
TXN0013175,40.29,ATM,IL,2024-05-17 05:45:00,0
TXN0013176,7.12,POS,NY,2024-05-17 06:00:00,0
TXN0013177,38.34,ATM,IL,2024-05-17 06:15:00,0
TXN0013178,8.03,POS,NY,2024-05-17 06:30:00,0
TXN0013179,19.09,Transfer,TX,2024-05-17 06:45:00,0
TXN0013180,13.58,POS,CA,2024-05-17 07:00:00,0
TXN0013181,25.11,ATM,CA,2024-05-17 07:15:00,0
TXN0013182,5.0,POS,WA,2024-05-17 07:30:00,0
TXN0013183,34.92,POS,WA,2024-05-17 07:45:00,0
TXN0013184,1.62,ATM,FL,2024-05-17 08:00:00,0
TXN0013185,12.07,Online,WA,2024-05-17 08:15:00,0
TXN0013186,10.07,POS,WA,2024-05-17 08:30:00,0
TXN0013187,115.5,Transfer,IL,2024-05-17 08:45:00,0
TXN0013188,35.35,ATM,FL,2024-05-17 09:00:00,0
TXN0013189,11.01,POS,TX,2024-05-17 09:15:00,0
TXN0013190,6.93,POS,IL,2024-05-17 09:30:00,0
TXN0013191,19.95,Online,FL,2024-05-17 09:45:00,0
TXN0013192,9.37,POS,WA,2024-05-17 10:00:00,0
TXN0013193,244.55,Online,NY,2024-05-17 10:15:00,0
TXN0013194,0.81,ATM,NY,2024-05-17 10:30:00,0
TXN0013195,20.66,POS,IL,2024-05-17 10:45:00,0
TXN0013196,1.17,POS,IL,2024-05-17 11:00:00,0
TXN0013197,62.54,ATM,CA,2024-05-17 11:15:00,0
TXN0013198,7.68,ATM,NY,2024-05-17 11:30:00,0
TXN0013199,119.21,Transfer,NY,2024-05-17 11:45:00,0
TXN0013200,10.31,Transfer,TX,2024-05-17 12:00:00,0
TXN0013201,65.81,POS,FL,2024-05-17 12:15:00,0
TXN0013202,24.18,POS,WA,2024-05-17 12:30:00,0
TXN0013203,73.76,Transfer,TX,2024-05-17 12:45:00,0
TXN0013204,19.7,ATM,WA,2024-05-17 13:00:00,0
TXN0013205,0.65,Online,NY,2024-05-17 13:15:00,0
TXN0013206,8.41,Transfer,FL,2024-05-17 13:30:00,0
TXN0013207,3.25,POS,NY,2024-05-17 13:45:00,0
TXN0013208,56.38,POS,NY,2024-05-17 14:00:00,0
TXN0013209,35.4,Online,WA,2024-05-17 14:15:00,0
TXN0013210,19.33,POS,IL,2024-05-17 14:30:00,0
TXN0013211,32.2,POS,TX,2024-05-17 14:45:00,0
TXN0013212,24.03,Transfer,IL,2024-05-17 15:00:00,0
TXN0013213,10.01,Online,CA,2024-05-17 15:15:00,0
TXN0013214,177.98,POS,FL,2024-05-17 15:30:00,1
TXN0013215,25.22,Transfer,CA,2024-05-17 15:45:00,0
TXN0013216,15.4,Transfer,TX,2024-05-17 16:00:00,0
TXN0013217,3.61,POS,FL,2024-05-17 16:15:00,0
TXN0013218,9.46,ATM,CA,2024-05-17 16:30:00,0
TXN0013219,19.46,ATM,IL,2024-05-17 16:45:00,0
TXN0013220,15.67,POS,NY,2024-05-17 17:00:00,0
TXN0013221,11.15,Online,NY,2024-05-17 17:15:00,0
TXN0013222,18.12,Transfer,FL,2024-05-17 17:30:00,0
TXN0013223,5.34,POS,NY,2024-05-17 17:45:00,0
TXN0013224,19.38,POS,WA,2024-05-17 18:00:00,0
TXN0013225,3.29,Transfer,TX,2024-05-17 18:15:00,0
TXN0013226,7.2,Transfer,NY,2024-05-17 18:30:00,0
TXN0013227,8.28,POS,TX,2024-05-17 18:45:00,0
TXN0013228,51.71,POS,TX,2024-05-17 19:00:00,0
TXN0013229,33.52,Online,TX,2024-05-17 19:15:00,0
TXN0013230,20.91,POS,NY,2024-05-17 19:30:00,1
TXN0013231,5.18,Online,WA,2024-05-17 19:45:00,0
TXN0013232,12.18,Online,WA,2024-05-17 20:00:00,0
TXN0013233,47.81,Transfer,NY,2024-05-17 20:15:00,0
TXN0013234,80.08,Transfer,CA,2024-05-17 20:30:00,0
TXN0013235,3.58,ATM,TX,2024-05-17 20:45:00,0
TXN0013236,11.76,Transfer,CA,2024-05-17 21:00:00,0
TXN0013237,21.72,ATM,IL,2024-05-17 21:15:00,0
TXN0013238,28.63,Transfer,CA,2024-05-17 21:30:00,0
TXN0013239,19.41,Online,NY,2024-05-17 21:45:00,0
TXN0013240,41.21,ATM,FL,2024-05-17 22:00:00,0
TXN0013241,3.7,POS,FL,2024-05-17 22:15:00,0
TXN0013242,113.54,Transfer,CA,2024-05-17 22:30:00,0
TXN0013243,5.22,Online,FL,2024-05-17 22:45:00,0
TXN0013244,20.6,ATM,TX,2024-05-17 23:00:00,0
TXN0013245,34.95,Transfer,CA,2024-05-17 23:15:00,0
TXN0013246,72.89,POS,IL,2024-05-17 23:30:00,0
TXN0013247,54.09,Online,FL,2024-05-17 23:45:00,0
TXN0013248,52.19,ATM,CA,2024-05-18 00:00:00,0
TXN0013249,82.97,ATM,CA,2024-05-18 00:15:00,0
TXN0013250,16.24,Transfer,CA,2024-05-18 00:30:00,0
TXN0013251,45.49,Online,WA,2024-05-18 00:45:00,0
TXN0013252,112.3,ATM,CA,2024-05-18 01:00:00,0
TXN0013253,8.15,POS,IL,2024-05-18 01:15:00,0
TXN0013254,3.92,Online,WA,2024-05-18 01:30:00,0
TXN0013255,6.15,POS,CA,2024-05-18 01:45:00,0
TXN0013256,97.33,ATM,WA,2024-05-18 02:00:00,0
TXN0013257,80.17,ATM,IL,2024-05-18 02:15:00,0
TXN0013258,12.91,Online,NY,2024-05-18 02:30:00,0
TXN0013259,25.69,Transfer,WA,2024-05-18 02:45:00,0
TXN0013260,33.4,ATM,FL,2024-05-18 03:00:00,0
TXN0013261,64.54,ATM,NY,2024-05-18 03:15:00,0
TXN0013262,2.26,Transfer,FL,2024-05-18 03:30:00,0
TXN0013263,10.28,ATM,IL,2024-05-18 03:45:00,0
TXN0013264,14.46,POS,WA,2024-05-18 04:00:00,0
TXN0013265,28.06,ATM,TX,2024-05-18 04:15:00,0
TXN0013266,21.26,Online,IL,2024-05-18 04:30:00,0
TXN0013267,13.58,ATM,WA,2024-05-18 04:45:00,0
TXN0013268,27.19,POS,NY,2024-05-18 05:00:00,0
TXN0013269,1.03,ATM,IL,2024-05-18 05:15:00,0
TXN0013270,658.52,Transfer,WA,2024-05-18 05:30:00,0
TXN0013271,50.08,ATM,WA,2024-05-18 05:45:00,0
TXN0013272,53.84,ATM,IL,2024-05-18 06:00:00,1
TXN0013273,9.22,POS,NY,2024-05-18 06:15:00,0
TXN0013274,31.48,POS,TX,2024-05-18 06:30:00,0
TXN0013275,205.72,Online,TX,2024-05-18 06:45:00,0
TXN0013276,157.2,Online,WA,2024-05-18 07:00:00,0
TXN0013277,21.36,Transfer,IL,2024-05-18 07:15:00,0
TXN0013278,4.74,POS,IL,2024-05-18 07:30:00,0
TXN0013279,23.62,ATM,IL,2024-05-18 07:45:00,0
TXN0013280,13.91,POS,WA,2024-05-18 08:00:00,0
TXN0013281,52.11,ATM,CA,2024-05-18 08:15:00,0
TXN0013282,4.53,Transfer,FL,2024-05-18 08:30:00,0
TXN0013283,15.83,Online,CA,2024-05-18 08:45:00,0
TXN0013284,26.77,Online,NY,2024-05-18 09:00:00,0
TXN0013285,11.5,Transfer,NY,2024-05-18 09:15:00,0
TXN0013286,65.89,POS,FL,2024-05-18 09:30:00,0
TXN0013287,5.34,ATM,CA,2024-05-18 09:45:00,0
TXN0013288,4.77,Online,IL,2024-05-18 10:00:00,0
TXN0013289,13.15,Transfer,TX,2024-05-18 10:15:00,0
TXN0013290,50.96,ATM,FL,2024-05-18 10:30:00,0
TXN0013291,13.89,Online,TX,2024-05-18 10:45:00,0
TXN0013292,9.98,POS,NY,2024-05-18 11:00:00,0
TXN0013293,49.57,Transfer,NY,2024-05-18 11:15:00,0
TXN0013294,25.45,POS,CA,2024-05-18 11:30:00,0
TXN0013295,10.75,POS,CA,2024-05-18 11:45:00,0
TXN0013296,22.68,Online,WA,2024-05-18 12:00:00,0
TXN0013297,14.96,ATM,FL,2024-05-18 12:15:00,0
TXN0013298,39.6,ATM,TX,2024-05-18 12:30:00,0
TXN0013299,23.19,Online,CA,2024-05-18 12:45:00,0
TXN0013300,7.87,Online,IL,2024-05-18 13:00:00,0
TXN0013301,11.37,POS,FL,2024-05-18 13:15:00,0
TXN0013302,12.22,Online,CA,2024-05-18 13:30:00,1
TXN0013303,30.12,POS,WA,2024-05-18 13:45:00,0
TXN0013304,30.28,ATM,NY,2024-05-18 14:00:00,0
TXN0013305,7.57,ATM,FL,2024-05-18 14:15:00,0
TXN0013306,15.82,Transfer,NY,2024-05-18 14:30:00,0
TXN0013307,28.04,POS,IL,2024-05-18 14:45:00,0
TXN0013308,69.42,Online,TX,2024-05-18 15:00:00,0
TXN0013309,26.22,ATM,WA,2024-05-18 15:15:00,0
TXN0013310,184.93,POS,TX,2024-05-18 15:30:00,0
TXN0013311,20.25,POS,WA,2024-05-18 15:45:00,0
TXN0013312,45.75,ATM,FL,2024-05-18 16:00:00,0
TXN0013313,13.52,Transfer,TX,2024-05-18 16:15:00,0
TXN0013314,6.27,Transfer,NY,2024-05-18 16:30:00,0
TXN0013315,22.22,Online,CA,2024-05-18 16:45:00,0
TXN0013316,34.24,Online,TX,2024-05-18 17:00:00,0
TXN0013317,28.52,ATM,WA,2024-05-18 17:15:00,0
TXN0013318,23.23,Online,TX,2024-05-18 17:30:00,0
TXN0013319,13.42,Online,CA,2024-05-18 17:45:00,0
TXN0013320,7.66,ATM,TX,2024-05-18 18:00:00,0
TXN0013321,13.91,Online,TX,2024-05-18 18:15:00,0
TXN0013322,33.66,Online,TX,2024-05-18 18:30:00,0
TXN0013323,58.9,ATM,CA,2024-05-18 18:45:00,0
TXN0013324,0.45,ATM,CA,2024-05-18 19:00:00,1
TXN0013325,39.58,POS,TX,2024-05-18 19:15:00,0
TXN0013326,68.17,ATM,FL,2024-05-18 19:30:00,0
TXN0013327,83.91,POS,IL,2024-05-18 19:45:00,0
TXN0013328,30.49,Transfer,TX,2024-05-18 20:00:00,0
TXN0013329,42.43,POS,TX,2024-05-18 20:15:00,0
TXN0013330,11.79,Transfer,IL,2024-05-18 20:30:00,0
TXN0013331,17.76,Online,WA,2024-05-18 20:45:00,0
TXN0013332,35.98,Transfer,WA,2024-05-18 21:00:00,0
TXN0013333,5.57,POS,FL,2024-05-18 21:15:00,0
TXN0013334,7.92,Transfer,NY,2024-05-18 21:30:00,0
TXN0013335,24.64,ATM,TX,2024-05-18 21:45:00,0
TXN0013336,4.24,POS,CA,2024-05-18 22:00:00,0
TXN0013337,20.87,Online,IL,2024-05-18 22:15:00,0
TXN0013338,3.57,POS,TX,2024-05-18 22:30:00,0
TXN0013339,24.58,POS,NY,2024-05-18 22:45:00,0
TXN0013340,20.28,Transfer,IL,2024-05-18 23:00:00,0
TXN0013341,10.29,Transfer,WA,2024-05-18 23:15:00,0
TXN0013342,6.65,Online,WA,2024-05-18 23:30:00,0
TXN0013343,10.96,Transfer,IL,2024-05-18 23:45:00,0
TXN0013344,1.49,ATM,IL,2024-05-19 00:00:00,0
TXN0013345,12.44,POS,WA,2024-05-19 00:15:00,0
TXN0013346,22.5,Transfer,IL,2024-05-19 00:30:00,1
TXN0013347,78.5,ATM,CA,2024-05-19 00:45:00,0
TXN0013348,10.94,POS,CA,2024-05-19 01:00:00,0
TXN0013349,16.06,ATM,NY,2024-05-19 01:15:00,0
TXN0013350,97.07,Transfer,FL,2024-05-19 01:30:00,0
TXN0013351,144.7,ATM,TX,2024-05-19 01:45:00,0
TXN0013352,11.21,Online,WA,2024-05-19 02:00:00,0
TXN0013353,65.52,Transfer,NY,2024-05-19 02:15:00,0
TXN0013354,75.97,ATM,CA,2024-05-19 02:30:00,0
TXN0013355,35.55,Online,FL,2024-05-19 02:45:00,0
TXN0013356,6.31,Transfer,FL,2024-05-19 03:00:00,0
TXN0013357,6.65,Online,NY,2024-05-19 03:15:00,0
TXN0013358,38.15,Online,CA,2024-05-19 03:30:00,0
TXN0013359,287.53,Transfer,TX,2024-05-19 03:45:00,0
TXN0013360,15.98,ATM,FL,2024-05-19 04:00:00,0
TXN0013361,119.3,POS,NY,2024-05-19 04:15:00,0
TXN0013362,173.78,POS,TX,2024-05-19 04:30:00,0
TXN0013363,4.67,Online,FL,2024-05-19 04:45:00,0
TXN0013364,9.85,ATM,TX,2024-05-19 05:00:00,0
TXN0013365,111.67,ATM,FL,2024-05-19 05:15:00,0
TXN0013366,60.38,Transfer,CA,2024-05-19 05:30:00,0
TXN0013367,36.94,Online,FL,2024-05-19 05:45:00,0
TXN0013368,19.38,Transfer,WA,2024-05-19 06:00:00,0
TXN0013369,40.55,Online,IL,2024-05-19 06:15:00,0
TXN0013370,9.49,Transfer,TX,2024-05-19 06:30:00,0
TXN0013371,350.44,ATM,WA,2024-05-19 06:45:00,0
TXN0013372,5.21,Transfer,TX,2024-05-19 07:00:00,0
TXN0013373,2.48,POS,IL,2024-05-19 07:15:00,0
TXN0013374,23.31,ATM,TX,2024-05-19 07:30:00,0
TXN0013375,103.6,Online,WA,2024-05-19 07:45:00,0
TXN0013376,11.14,POS,TX,2024-05-19 08:00:00,0
TXN0013377,18.46,Transfer,TX,2024-05-19 08:15:00,0
TXN0013378,6.06,POS,WA,2024-05-19 08:30:00,0
TXN0013379,18.03,Online,IL,2024-05-19 08:45:00,0
TXN0013380,6.09,POS,IL,2024-05-19 09:00:00,0
TXN0013381,6.19,ATM,TX,2024-05-19 09:15:00,0
TXN0013382,3.6,Online,TX,2024-05-19 09:30:00,0
TXN0013383,10.44,Online,IL,2024-05-19 09:45:00,0
TXN0013384,167.79,POS,TX,2024-05-19 10:00:00,0
TXN0013385,18.36,POS,NY,2024-05-19 10:15:00,0
TXN0013386,24.52,ATM,NY,2024-05-19 10:30:00,0
TXN0013387,257.78,Transfer,FL,2024-05-19 10:45:00,0
TXN0013388,9.46,Transfer,FL,2024-05-19 11:00:00,0
TXN0013389,6.22,POS,CA,2024-05-19 11:15:00,0
TXN0013390,35.83,POS,TX,2024-05-19 11:30:00,0
TXN0013391,4.75,Online,CA,2024-05-19 11:45:00,0
TXN0013392,28.81,Online,CA,2024-05-19 12:00:00,0
TXN0013393,74.41,POS,IL,2024-05-19 12:15:00,0
TXN0013394,5.65,Transfer,TX,2024-05-19 12:30:00,0
TXN0013395,10.77,ATM,TX,2024-05-19 12:45:00,0
TXN0013396,139.05,Online,NY,2024-05-19 13:00:00,0
TXN0013397,5.78,POS,NY,2024-05-19 13:15:00,0
TXN0013398,8.95,ATM,CA,2024-05-19 13:30:00,0
TXN0013399,25.82,Online,CA,2024-05-19 13:45:00,0
TXN0013400,13.63,Transfer,WA,2024-05-19 14:00:00,0
TXN0013401,7.34,POS,IL,2024-05-19 14:15:00,0
TXN0013402,124.2,POS,FL,2024-05-19 14:30:00,0
TXN0013403,10.03,ATM,WA,2024-05-19 14:45:00,0
TXN0013404,28.76,ATM,WA,2024-05-19 15:00:00,0
TXN0013405,12.21,Online,FL,2024-05-19 15:15:00,0
TXN0013406,15.05,Transfer,IL,2024-05-19 15:30:00,0
TXN0013407,4.02,Online,WA,2024-05-19 15:45:00,0
TXN0013408,57.15,Transfer,TX,2024-05-19 16:00:00,0
TXN0013409,11.95,Online,WA,2024-05-19 16:15:00,0
TXN0013410,85.48,POS,NY,2024-05-19 16:30:00,0
TXN0013411,5.12,ATM,WA,2024-05-19 16:45:00,0
TXN0013412,11.22,Transfer,NY,2024-05-19 17:00:00,0
TXN0013413,34.08,POS,WA,2024-05-19 17:15:00,0
TXN0013414,22.28,Transfer,FL,2024-05-19 17:30:00,0
TXN0013415,9.2,Online,FL,2024-05-19 17:45:00,0
TXN0013416,16.76,Online,CA,2024-05-19 18:00:00,0
TXN0013417,4.39,Online,CA,2024-05-19 18:15:00,0
TXN0013418,20.9,Transfer,WA,2024-05-19 18:30:00,0
TXN0013419,0.92,Online,CA,2024-05-19 18:45:00,0
TXN0013420,23.95,Online,TX,2024-05-19 19:00:00,0
TXN0013421,93.92,Online,WA,2024-05-19 19:15:00,0
TXN0013422,55.04,Transfer,WA,2024-05-19 19:30:00,0
TXN0013423,52.43,ATM,FL,2024-05-19 19:45:00,0
TXN0013424,12.08,ATM,CA,2024-05-19 20:00:00,0
TXN0013425,34.55,Transfer,TX,2024-05-19 20:15:00,0
TXN0013426,12.33,POS,FL,2024-05-19 20:30:00,0
TXN0013427,17.67,ATM,FL,2024-05-19 20:45:00,0
TXN0013428,17.47,ATM,IL,2024-05-19 21:00:00,0
TXN0013429,0.4,Online,IL,2024-05-19 21:15:00,0
TXN0013430,57.05,ATM,FL,2024-05-19 21:30:00,0
TXN0013431,33.18,ATM,CA,2024-05-19 21:45:00,0
TXN0013432,51.88,Transfer,TX,2024-05-19 22:00:00,1
TXN0013433,6.54,ATM,FL,2024-05-19 22:15:00,0
TXN0013434,43.7,ATM,TX,2024-05-19 22:30:00,0
TXN0013435,34.2,Online,NY,2024-05-19 22:45:00,0
TXN0013436,1.49,ATM,IL,2024-05-19 23:00:00,0
TXN0013437,2.56,Online,TX,2024-05-19 23:15:00,0
TXN0013438,20.84,ATM,FL,2024-05-19 23:30:00,0
TXN0013439,9.11,Online,WA,2024-05-19 23:45:00,0
TXN0013440,19.24,POS,TX,2024-05-20 00:00:00,0
TXN0013441,9.37,Transfer,IL,2024-05-20 00:15:00,0
TXN0013442,110.39,Online,TX,2024-05-20 00:30:00,0
TXN0013443,2.19,Transfer,FL,2024-05-20 00:45:00,0
TXN0013444,4.06,ATM,FL,2024-05-20 01:00:00,0
TXN0013445,6.35,ATM,CA,2024-05-20 01:15:00,0
TXN0013446,4.05,Online,FL,2024-05-20 01:30:00,0
TXN0013447,10.06,Online,FL,2024-05-20 01:45:00,0
TXN0013448,18.93,ATM,NY,2024-05-20 02:00:00,0
TXN0013449,4.17,Transfer,IL,2024-05-20 02:15:00,0
TXN0013450,29.9,ATM,TX,2024-05-20 02:30:00,0
TXN0013451,89.43,POS,WA,2024-05-20 02:45:00,0
TXN0013452,69.51,Online,IL,2024-05-20 03:00:00,0
TXN0013453,199.46,ATM,NY,2024-05-20 03:15:00,0
TXN0013454,72.89,Transfer,CA,2024-05-20 03:30:00,0
TXN0013455,18.97,POS,CA,2024-05-20 03:45:00,0
TXN0013456,153.97,Transfer,FL,2024-05-20 04:00:00,0
TXN0013457,44.48,Transfer,NY,2024-05-20 04:15:00,0
TXN0013458,171.89,ATM,NY,2024-05-20 04:30:00,0
TXN0013459,15.77,Online,CA,2024-05-20 04:45:00,0
TXN0013460,1.74,Online,CA,2024-05-20 05:00:00,0
TXN0013461,5.12,ATM,CA,2024-05-20 05:15:00,0
TXN0013462,24.27,Online,IL,2024-05-20 05:30:00,0
TXN0013463,37.24,ATM,TX,2024-05-20 05:45:00,0
TXN0013464,15.58,Online,FL,2024-05-20 06:00:00,0
TXN0013465,62.83,Transfer,FL,2024-05-20 06:15:00,0
TXN0013466,5.24,Transfer,TX,2024-05-20 06:30:00,0
TXN0013467,8.78,ATM,CA,2024-05-20 06:45:00,0
TXN0013468,62.02,Transfer,WA,2024-05-20 07:00:00,0
TXN0013469,21.05,POS,NY,2024-05-20 07:15:00,0
TXN0013470,22.17,Transfer,NY,2024-05-20 07:30:00,0
TXN0013471,100.96,POS,FL,2024-05-20 07:45:00,0
TXN0013472,70.43,Online,NY,2024-05-20 08:00:00,0
TXN0013473,7.93,Transfer,WA,2024-05-20 08:15:00,0
TXN0013474,25.07,Online,CA,2024-05-20 08:30:00,0
TXN0013475,2.78,POS,CA,2024-05-20 08:45:00,0
TXN0013476,19.62,Online,TX,2024-05-20 09:00:00,0
TXN0013477,31.28,ATM,NY,2024-05-20 09:15:00,0
TXN0013478,2.69,POS,IL,2024-05-20 09:30:00,0
TXN0013479,121.03,Online,FL,2024-05-20 09:45:00,0
TXN0013480,200.8,ATM,CA,2024-05-20 10:00:00,0
TXN0013481,35.39,Transfer,NY,2024-05-20 10:15:00,0
TXN0013482,58.11,Transfer,NY,2024-05-20 10:30:00,0
TXN0013483,113.22,POS,TX,2024-05-20 10:45:00,0
TXN0013484,16.37,ATM,FL,2024-05-20 11:00:00,0
TXN0013485,66.65,Transfer,CA,2024-05-20 11:15:00,0
TXN0013486,31.2,Transfer,CA,2024-05-20 11:30:00,0
TXN0013487,3.42,ATM,WA,2024-05-20 11:45:00,0
TXN0013488,7.06,POS,NY,2024-05-20 12:00:00,1
TXN0013489,10.42,Online,TX,2024-05-20 12:15:00,0
TXN0013490,69.11,POS,IL,2024-05-20 12:30:00,0
TXN0013491,22.5,Transfer,NY,2024-05-20 12:45:00,0
TXN0013492,62.79,Transfer,IL,2024-05-20 13:00:00,0
TXN0013493,11.64,Online,CA,2024-05-20 13:15:00,0
TXN0013494,4.59,Transfer,NY,2024-05-20 13:30:00,0
TXN0013495,218.27,POS,TX,2024-05-20 13:45:00,0
TXN0013496,468.22,Online,CA,2024-05-20 14:00:00,0
TXN0013497,31.31,POS,WA,2024-05-20 14:15:00,0
TXN0013498,15.99,Transfer,FL,2024-05-20 14:30:00,0
TXN0013499,79.37,POS,WA,2024-05-20 14:45:00,0
TXN0013500,5.6,Transfer,WA,2024-05-20 15:00:00,0
TXN0013501,15.81,POS,IL,2024-05-20 15:15:00,0
TXN0013502,3.84,POS,NY,2024-05-20 15:30:00,0
TXN0013503,35.15,Transfer,IL,2024-05-20 15:45:00,0
TXN0013504,26.79,Transfer,TX,2024-05-20 16:00:00,0
TXN0013505,12.65,ATM,FL,2024-05-20 16:15:00,0
TXN0013506,9.49,Online,WA,2024-05-20 16:30:00,0
TXN0013507,3.48,Transfer,CA,2024-05-20 16:45:00,0
TXN0013508,7.74,Online,FL,2024-05-20 17:00:00,0
TXN0013509,83.42,Transfer,WA,2024-05-20 17:15:00,0
TXN0013510,13.39,ATM,FL,2024-05-20 17:30:00,0
TXN0013511,86.31,ATM,CA,2024-05-20 17:45:00,1
TXN0013512,7.39,ATM,NY,2024-05-20 18:00:00,0
TXN0013513,18.33,ATM,CA,2024-05-20 18:15:00,0
TXN0013514,11.84,POS,NY,2024-05-20 18:30:00,0
TXN0013515,14.9,ATM,IL,2024-05-20 18:45:00,0
TXN0013516,49.02,Online,TX,2024-05-20 19:00:00,0
TXN0013517,1.88,ATM,TX,2024-05-20 19:15:00,0
TXN0013518,47.39,Online,FL,2024-05-20 19:30:00,0
TXN0013519,44.93,Online,NY,2024-05-20 19:45:00,0
TXN0013520,20.2,POS,IL,2024-05-20 20:00:00,0
TXN0013521,22.0,ATM,TX,2024-05-20 20:15:00,0
TXN0013522,15.6,Transfer,CA,2024-05-20 20:30:00,0
TXN0013523,44.81,POS,IL,2024-05-20 20:45:00,0
TXN0013524,21.53,Online,IL,2024-05-20 21:00:00,1
TXN0013525,7.57,POS,NY,2024-05-20 21:15:00,0
TXN0013526,24.0,POS,WA,2024-05-20 21:30:00,0
TXN0013527,60.62,POS,FL,2024-05-20 21:45:00,0
TXN0013528,30.89,ATM,WA,2024-05-20 22:00:00,0
TXN0013529,20.84,POS,IL,2024-05-20 22:15:00,0
TXN0013530,25.52,POS,IL,2024-05-20 22:30:00,0
TXN0013531,11.37,Transfer,NY,2024-05-20 22:45:00,0
TXN0013532,11.84,Online,FL,2024-05-20 23:00:00,0
TXN0013533,2.29,Transfer,WA,2024-05-20 23:15:00,0
TXN0013534,16.3,POS,FL,2024-05-20 23:30:00,1
TXN0013535,62.75,Online,TX,2024-05-20 23:45:00,0
TXN0013536,12.85,Transfer,FL,2024-05-21 00:00:00,0
TXN0013537,7.09,POS,CA,2024-05-21 00:15:00,0
TXN0013538,56.67,POS,WA,2024-05-21 00:30:00,0
TXN0013539,24.34,Transfer,NY,2024-05-21 00:45:00,0
TXN0013540,23.72,Transfer,FL,2024-05-21 01:00:00,0
TXN0013541,34.68,Online,NY,2024-05-21 01:15:00,0
TXN0013542,45.06,POS,IL,2024-05-21 01:30:00,0
TXN0013543,19.18,Online,WA,2024-05-21 01:45:00,0
TXN0013544,7.73,Transfer,WA,2024-05-21 02:00:00,0
TXN0013545,149.46,POS,TX,2024-05-21 02:15:00,0
TXN0013546,21.5,ATM,WA,2024-05-21 02:30:00,0
TXN0013547,8.28,ATM,IL,2024-05-21 02:45:00,0
TXN0013548,24.93,POS,FL,2024-05-21 03:00:00,0
TXN0013549,79.43,POS,WA,2024-05-21 03:15:00,0
TXN0013550,3.95,ATM,FL,2024-05-21 03:30:00,0
TXN0013551,90.91,POS,CA,2024-05-21 03:45:00,0
TXN0013552,17.24,POS,CA,2024-05-21 04:00:00,0
TXN0013553,199.82,Online,TX,2024-05-21 04:15:00,0
TXN0013554,43.38,POS,TX,2024-05-21 04:30:00,0
TXN0013555,17.86,Online,TX,2024-05-21 04:45:00,1
TXN0013556,85.18,ATM,WA,2024-05-21 05:00:00,0
TXN0013557,87.01,Online,TX,2024-05-21 05:15:00,0
TXN0013558,13.48,Online,WA,2024-05-21 05:30:00,0
TXN0013559,26.36,ATM,WA,2024-05-21 05:45:00,0
TXN0013560,11.16,Online,IL,2024-05-21 06:00:00,0
TXN0013561,57.86,POS,IL,2024-05-21 06:15:00,0
TXN0013562,4.02,Online,WA,2024-05-21 06:30:00,0
TXN0013563,16.48,Transfer,FL,2024-05-21 06:45:00,0
TXN0013564,1.75,Online,WA,2024-05-21 07:00:00,0
TXN0013565,39.69,Transfer,IL,2024-05-21 07:15:00,0
TXN0013566,1.57,ATM,FL,2024-05-21 07:30:00,0
TXN0013567,6.0,Online,IL,2024-05-21 07:45:00,0
TXN0013568,27.33,ATM,NY,2024-05-21 08:00:00,0
TXN0013569,13.47,Online,FL,2024-05-21 08:15:00,0
TXN0013570,12.13,POS,NY,2024-05-21 08:30:00,0
TXN0013571,6.67,ATM,CA,2024-05-21 08:45:00,0
TXN0013572,11.81,ATM,WA,2024-05-21 09:00:00,1
TXN0013573,2.71,Transfer,CA,2024-05-21 09:15:00,0
TXN0013574,29.2,Transfer,WA,2024-05-21 09:30:00,0
TXN0013575,50.77,Online,TX,2024-05-21 09:45:00,0
TXN0013576,48.34,POS,CA,2024-05-21 10:00:00,0
TXN0013577,19.35,POS,TX,2024-05-21 10:15:00,0
TXN0013578,81.83,ATM,FL,2024-05-21 10:30:00,0
TXN0013579,34.29,Online,TX,2024-05-21 10:45:00,0
TXN0013580,60.42,Transfer,FL,2024-05-21 11:00:00,0
TXN0013581,31.65,ATM,CA,2024-05-21 11:15:00,0
TXN0013582,20.97,Transfer,WA,2024-05-21 11:30:00,0
TXN0013583,8.46,Transfer,WA,2024-05-21 11:45:00,0
TXN0013584,0.99,Online,FL,2024-05-21 12:00:00,0
TXN0013585,42.19,Transfer,WA,2024-05-21 12:15:00,0
TXN0013586,17.7,Transfer,IL,2024-05-21 12:30:00,0
TXN0013587,195.99,Transfer,NY,2024-05-21 12:45:00,0
TXN0013588,2.09,Online,TX,2024-05-21 13:00:00,0
TXN0013589,52.87,Online,CA,2024-05-21 13:15:00,0
TXN0013590,6.82,ATM,NY,2024-05-21 13:30:00,0
TXN0013591,20.11,POS,TX,2024-05-21 13:45:00,0
TXN0013592,7.34,ATM,IL,2024-05-21 14:00:00,0
TXN0013593,30.1,Online,FL,2024-05-21 14:15:00,0
TXN0013594,19.51,POS,FL,2024-05-21 14:30:00,0
TXN0013595,55.04,POS,WA,2024-05-21 14:45:00,0
TXN0013596,23.88,POS,CA,2024-05-21 15:00:00,0
TXN0013597,34.9,Online,NY,2024-05-21 15:15:00,0
TXN0013598,86.87,Transfer,FL,2024-05-21 15:30:00,0
TXN0013599,36.53,POS,CA,2024-05-21 15:45:00,0
TXN0013600,17.34,Transfer,CA,2024-05-21 16:00:00,0
TXN0013601,83.3,Online,TX,2024-05-21 16:15:00,0
TXN0013602,17.77,Transfer,NY,2024-05-21 16:30:00,0
TXN0013603,32.23,Online,FL,2024-05-21 16:45:00,0
TXN0013604,14.01,ATM,NY,2024-05-21 17:00:00,0
TXN0013605,9.48,Online,IL,2024-05-21 17:15:00,0
TXN0013606,0.66,Transfer,TX,2024-05-21 17:30:00,0
TXN0013607,44.74,ATM,CA,2024-05-21 17:45:00,0
TXN0013608,5.42,POS,FL,2024-05-21 18:00:00,0
TXN0013609,46.83,Transfer,CA,2024-05-21 18:15:00,0
TXN0013610,158.87,ATM,IL,2024-05-21 18:30:00,0
TXN0013611,4.49,POS,NY,2024-05-21 18:45:00,0
TXN0013612,55.17,ATM,CA,2024-05-21 19:00:00,0
TXN0013613,18.12,Transfer,IL,2024-05-21 19:15:00,0
TXN0013614,34.02,POS,IL,2024-05-21 19:30:00,0
TXN0013615,5.17,Transfer,WA,2024-05-21 19:45:00,0
TXN0013616,20.96,ATM,IL,2024-05-21 20:00:00,0
TXN0013617,24.22,ATM,FL,2024-05-21 20:15:00,0
TXN0013618,103.73,ATM,IL,2024-05-21 20:30:00,0
TXN0013619,234.32,ATM,TX,2024-05-21 20:45:00,0
TXN0013620,29.04,Online,IL,2024-05-21 21:00:00,0
TXN0013621,13.37,POS,NY,2024-05-21 21:15:00,0
TXN0013622,255.37,POS,NY,2024-05-21 21:30:00,0
TXN0013623,17.98,Online,IL,2024-05-21 21:45:00,0
TXN0013624,19.04,Transfer,TX,2024-05-21 22:00:00,0
TXN0013625,22.81,Transfer,IL,2024-05-21 22:15:00,0
TXN0013626,34.57,ATM,CA,2024-05-21 22:30:00,0
TXN0013627,45.71,Transfer,NY,2024-05-21 22:45:00,0
TXN0013628,10.55,POS,CA,2024-05-21 23:00:00,0
TXN0013629,17.94,ATM,FL,2024-05-21 23:15:00,0
TXN0013630,173.95,Online,TX,2024-05-21 23:30:00,0
TXN0013631,126.76,POS,TX,2024-05-21 23:45:00,0
TXN0013632,33.86,Online,CA,2024-05-22 00:00:00,0
TXN0013633,27.84,Transfer,FL,2024-05-22 00:15:00,0
TXN0013634,15.67,POS,NY,2024-05-22 00:30:00,0
TXN0013635,65.72,ATM,IL,2024-05-22 00:45:00,0
TXN0013636,11.33,Transfer,TX,2024-05-22 01:00:00,0
TXN0013637,23.51,Online,WA,2024-05-22 01:15:00,0
TXN0013638,12.12,POS,TX,2024-05-22 01:30:00,0
TXN0013639,10.02,Transfer,IL,2024-05-22 01:45:00,0
TXN0013640,21.35,ATM,FL,2024-05-22 02:00:00,0
TXN0013641,20.54,ATM,IL,2024-05-22 02:15:00,0
TXN0013642,10.55,POS,NY,2024-05-22 02:30:00,0
TXN0013643,18.99,Transfer,FL,2024-05-22 02:45:00,0
TXN0013644,22.09,Online,TX,2024-05-22 03:00:00,0
TXN0013645,11.97,Transfer,TX,2024-05-22 03:15:00,0
TXN0013646,9.69,Online,TX,2024-05-22 03:30:00,0
TXN0013647,17.48,POS,CA,2024-05-22 03:45:00,0
TXN0013648,45.54,ATM,CA,2024-05-22 04:00:00,0
TXN0013649,72.34,Transfer,IL,2024-05-22 04:15:00,0
TXN0013650,25.3,Transfer,IL,2024-05-22 04:30:00,0
TXN0013651,15.04,POS,WA,2024-05-22 04:45:00,0
TXN0013652,19.78,ATM,WA,2024-05-22 05:00:00,0
TXN0013653,181.08,ATM,FL,2024-05-22 05:15:00,0
TXN0013654,58.12,Transfer,TX,2024-05-22 05:30:00,0
TXN0013655,6.92,Online,FL,2024-05-22 05:45:00,0
TXN0013656,19.29,Transfer,IL,2024-05-22 06:00:00,0
TXN0013657,11.19,Online,WA,2024-05-22 06:15:00,0
TXN0013658,13.51,POS,TX,2024-05-22 06:30:00,0
TXN0013659,3.0,ATM,TX,2024-05-22 06:45:00,0
TXN0013660,21.14,Transfer,WA,2024-05-22 07:00:00,0
TXN0013661,4.35,Transfer,TX,2024-05-22 07:15:00,0
TXN0013662,10.47,Transfer,TX,2024-05-22 07:30:00,0
TXN0013663,115.68,Online,TX,2024-05-22 07:45:00,0
TXN0013664,64.06,Online,CA,2024-05-22 08:00:00,0
TXN0013665,7.61,Transfer,NY,2024-05-22 08:15:00,0
TXN0013666,6.3,Transfer,FL,2024-05-22 08:30:00,0
TXN0013667,7.24,Online,IL,2024-05-22 08:45:00,0
TXN0013668,2.39,POS,TX,2024-05-22 09:00:00,0
TXN0013669,6.69,Transfer,CA,2024-05-22 09:15:00,0
TXN0013670,15.07,POS,IL,2024-05-22 09:30:00,0
TXN0013671,6.21,ATM,TX,2024-05-22 09:45:00,0
TXN0013672,48.59,POS,NY,2024-05-22 10:00:00,0
TXN0013673,19.34,POS,WA,2024-05-22 10:15:00,0
TXN0013674,11.18,Online,FL,2024-05-22 10:30:00,0
TXN0013675,151.17,POS,NY,2024-05-22 10:45:00,0
TXN0013676,46.06,ATM,TX,2024-05-22 11:00:00,0
TXN0013677,22.23,ATM,TX,2024-05-22 11:15:00,0
TXN0013678,169.35,Online,WA,2024-05-22 11:30:00,0
TXN0013679,92.02,Online,CA,2024-05-22 11:45:00,0
TXN0013680,9.17,POS,WA,2024-05-22 12:00:00,0
TXN0013681,29.7,Transfer,WA,2024-05-22 12:15:00,0
TXN0013682,12.45,Online,FL,2024-05-22 12:30:00,0
TXN0013683,3.98,POS,CA,2024-05-22 12:45:00,0
TXN0013684,179.6,POS,NY,2024-05-22 13:00:00,0
TXN0013685,114.04,POS,WA,2024-05-22 13:15:00,0
TXN0013686,4.8,Online,IL,2024-05-22 13:30:00,0
TXN0013687,36.03,POS,NY,2024-05-22 13:45:00,0
TXN0013688,3.14,Transfer,TX,2024-05-22 14:00:00,0
TXN0013689,70.11,ATM,FL,2024-05-22 14:15:00,1
TXN0013690,19.32,Online,CA,2024-05-22 14:30:00,0
TXN0013691,14.72,Online,WA,2024-05-22 14:45:00,0
TXN0013692,86.61,ATM,TX,2024-05-22 15:00:00,0
TXN0013693,20.77,POS,IL,2024-05-22 15:15:00,0
TXN0013694,15.27,Transfer,CA,2024-05-22 15:30:00,0
TXN0013695,58.42,ATM,WA,2024-05-22 15:45:00,0
TXN0013696,14.51,Online,NY,2024-05-22 16:00:00,0
TXN0013697,55.82,POS,CA,2024-05-22 16:15:00,0
TXN0013698,20.59,ATM,IL,2024-05-22 16:30:00,0
TXN0013699,52.94,Transfer,CA,2024-05-22 16:45:00,0
TXN0013700,42.16,Transfer,TX,2024-05-22 17:00:00,0
TXN0013701,50.85,Transfer,TX,2024-05-22 17:15:00,0
TXN0013702,6.48,ATM,NY,2024-05-22 17:30:00,0
TXN0013703,177.9,Online,IL,2024-05-22 17:45:00,0
TXN0013704,17.07,ATM,CA,2024-05-22 18:00:00,0
TXN0013705,155.12,Online,WA,2024-05-22 18:15:00,0
TXN0013706,10.36,ATM,IL,2024-05-22 18:30:00,0
TXN0013707,15.02,ATM,IL,2024-05-22 18:45:00,0
TXN0013708,15.2,ATM,IL,2024-05-22 19:00:00,0
TXN0013709,77.6,POS,IL,2024-05-22 19:15:00,0
TXN0013710,12.59,ATM,FL,2024-05-22 19:30:00,0
TXN0013711,33.17,ATM,FL,2024-05-22 19:45:00,0
TXN0013712,3.39,POS,WA,2024-05-22 20:00:00,0
TXN0013713,11.84,ATM,WA,2024-05-22 20:15:00,0
TXN0013714,26.6,POS,FL,2024-05-22 20:30:00,0
TXN0013715,18.15,POS,CA,2024-05-22 20:45:00,0
TXN0013716,2.38,Transfer,IL,2024-05-22 21:00:00,0
TXN0013717,36.57,ATM,CA,2024-05-22 21:15:00,0
TXN0013718,6.76,Online,FL,2024-05-22 21:30:00,0
TXN0013719,191.71,ATM,CA,2024-05-22 21:45:00,0
TXN0013720,16.5,ATM,FL,2024-05-22 22:00:00,0
TXN0013721,277.62,Online,CA,2024-05-22 22:15:00,0
TXN0013722,44.2,Transfer,CA,2024-05-22 22:30:00,0
TXN0013723,34.95,ATM,FL,2024-05-22 22:45:00,0
TXN0013724,11.82,Online,FL,2024-05-22 23:00:00,0
TXN0013725,17.96,POS,FL,2024-05-22 23:15:00,0
TXN0013726,34.66,Transfer,IL,2024-05-22 23:30:00,0
TXN0013727,2.17,ATM,WA,2024-05-22 23:45:00,0
TXN0013728,64.83,POS,WA,2024-05-23 00:00:00,0
TXN0013729,5.32,ATM,TX,2024-05-23 00:15:00,0
TXN0013730,15.26,ATM,TX,2024-05-23 00:30:00,1
TXN0013731,0.87,ATM,NY,2024-05-23 00:45:00,0
TXN0013732,34.75,POS,FL,2024-05-23 01:00:00,0
TXN0013733,48.69,Transfer,TX,2024-05-23 01:15:00,0
TXN0013734,28.51,Online,CA,2024-05-23 01:30:00,0
TXN0013735,29.83,Online,IL,2024-05-23 01:45:00,0
TXN0013736,13.37,Online,WA,2024-05-23 02:00:00,0
TXN0013737,24.5,POS,IL,2024-05-23 02:15:00,0
TXN0013738,83.13,Online,CA,2024-05-23 02:30:00,0
TXN0013739,12.56,Online,NY,2024-05-23 02:45:00,0
TXN0013740,36.73,Online,FL,2024-05-23 03:00:00,0
TXN0013741,47.66,ATM,NY,2024-05-23 03:15:00,0
TXN0013742,15.65,ATM,FL,2024-05-23 03:30:00,0
TXN0013743,27.05,POS,NY,2024-05-23 03:45:00,0
TXN0013744,26.45,ATM,IL,2024-05-23 04:00:00,0
TXN0013745,11.58,Online,IL,2024-05-23 04:15:00,0
TXN0013746,343.67,POS,IL,2024-05-23 04:30:00,0
TXN0013747,12.43,ATM,CA,2024-05-23 04:45:00,0
TXN0013748,149.14,Online,IL,2024-05-23 05:00:00,0
TXN0013749,70.91,Transfer,NY,2024-05-23 05:15:00,0
TXN0013750,1.94,Online,FL,2024-05-23 05:30:00,0
TXN0013751,27.48,ATM,CA,2024-05-23 05:45:00,0
TXN0013752,67.88,POS,FL,2024-05-23 06:00:00,0
TXN0013753,52.86,ATM,WA,2024-05-23 06:15:00,0
TXN0013754,7.2,ATM,TX,2024-05-23 06:30:00,0
TXN0013755,27.72,Online,CA,2024-05-23 06:45:00,0
TXN0013756,5.11,POS,IL,2024-05-23 07:00:00,0
TXN0013757,6.14,POS,FL,2024-05-23 07:15:00,0
TXN0013758,15.54,ATM,TX,2024-05-23 07:30:00,0
TXN0013759,25.54,POS,WA,2024-05-23 07:45:00,0
TXN0013760,132.35,Online,FL,2024-05-23 08:00:00,0
TXN0013761,31.09,POS,FL,2024-05-23 08:15:00,0
TXN0013762,70.25,Online,WA,2024-05-23 08:30:00,0
TXN0013763,5.09,Transfer,CA,2024-05-23 08:45:00,0
TXN0013764,5.35,POS,CA,2024-05-23 09:00:00,0
TXN0013765,11.66,ATM,WA,2024-05-23 09:15:00,0
TXN0013766,157.17,Transfer,FL,2024-05-23 09:30:00,0
TXN0013767,4.33,POS,TX,2024-05-23 09:45:00,0
TXN0013768,3.26,POS,WA,2024-05-23 10:00:00,0
TXN0013769,18.77,Transfer,FL,2024-05-23 10:15:00,0
TXN0013770,81.74,ATM,CA,2024-05-23 10:30:00,0
TXN0013771,3.08,Transfer,FL,2024-05-23 10:45:00,0
TXN0013772,15.26,Transfer,WA,2024-05-23 11:00:00,0
TXN0013773,4.22,POS,WA,2024-05-23 11:15:00,0
TXN0013774,110.52,Online,TX,2024-05-23 11:30:00,0
TXN0013775,45.82,POS,WA,2024-05-23 11:45:00,0
TXN0013776,28.16,ATM,FL,2024-05-23 12:00:00,0
TXN0013777,19.36,Online,CA,2024-05-23 12:15:00,0
TXN0013778,15.55,Online,FL,2024-05-23 12:30:00,0
TXN0013779,24.02,ATM,NY,2024-05-23 12:45:00,0
TXN0013780,9.62,POS,CA,2024-05-23 13:00:00,0
TXN0013781,7.31,POS,WA,2024-05-23 13:15:00,0
TXN0013782,5.6,ATM,FL,2024-05-23 13:30:00,0
TXN0013783,20.73,Online,NY,2024-05-23 13:45:00,0
TXN0013784,8.08,ATM,IL,2024-05-23 14:00:00,0
TXN0013785,56.59,Transfer,NY,2024-05-23 14:15:00,0
TXN0013786,1.76,Transfer,WA,2024-05-23 14:30:00,0
TXN0013787,39.59,Transfer,NY,2024-05-23 14:45:00,0
TXN0013788,38.04,Online,CA,2024-05-23 15:00:00,0
TXN0013789,84.31,POS,WA,2024-05-23 15:15:00,0
TXN0013790,15.21,Online,NY,2024-05-23 15:30:00,0
TXN0013791,3.54,Online,WA,2024-05-23 15:45:00,0
TXN0013792,6.95,Transfer,TX,2024-05-23 16:00:00,0
TXN0013793,76.4,ATM,NY,2024-05-23 16:15:00,0
TXN0013794,14.29,ATM,IL,2024-05-23 16:30:00,0
TXN0013795,12.6,Transfer,CA,2024-05-23 16:45:00,0
TXN0013796,10.3,POS,WA,2024-05-23 17:00:00,0
TXN0013797,18.9,Transfer,TX,2024-05-23 17:15:00,0
TXN0013798,15.62,ATM,FL,2024-05-23 17:30:00,0
TXN0013799,3.31,Transfer,WA,2024-05-23 17:45:00,0
TXN0013800,10.14,ATM,WA,2024-05-23 18:00:00,0
TXN0013801,65.98,ATM,WA,2024-05-23 18:15:00,1
TXN0013802,110.4,POS,CA,2024-05-23 18:30:00,0
TXN0013803,17.66,Transfer,CA,2024-05-23 18:45:00,0
TXN0013804,11.14,POS,IL,2024-05-23 19:00:00,0
TXN0013805,99.17,Transfer,TX,2024-05-23 19:15:00,0
TXN0013806,16.55,POS,WA,2024-05-23 19:30:00,0
TXN0013807,5.15,Online,TX,2024-05-23 19:45:00,0
TXN0013808,17.56,Online,TX,2024-05-23 20:00:00,0
TXN0013809,45.8,Transfer,NY,2024-05-23 20:15:00,0
TXN0013810,125.51,Transfer,NY,2024-05-23 20:30:00,1
TXN0013811,11.52,Transfer,WA,2024-05-23 20:45:00,0
TXN0013812,38.18,Online,TX,2024-05-23 21:00:00,0
TXN0013813,13.83,Transfer,CA,2024-05-23 21:15:00,1
TXN0013814,77.03,Transfer,NY,2024-05-23 21:30:00,0
TXN0013815,27.49,Transfer,TX,2024-05-23 21:45:00,0
TXN0013816,27.61,POS,IL,2024-05-23 22:00:00,0
TXN0013817,6.45,ATM,CA,2024-05-23 22:15:00,0
TXN0013818,14.0,Transfer,FL,2024-05-23 22:30:00,0
TXN0013819,13.92,Transfer,IL,2024-05-23 22:45:00,0
TXN0013820,0.3,Transfer,IL,2024-05-23 23:00:00,0
TXN0013821,55.22,POS,TX,2024-05-23 23:15:00,0
TXN0013822,20.08,ATM,CA,2024-05-23 23:30:00,0
TXN0013823,15.93,Transfer,WA,2024-05-23 23:45:00,0
TXN0013824,13.32,Online,FL,2024-05-24 00:00:00,0
TXN0013825,20.93,Online,CA,2024-05-24 00:15:00,0
TXN0013826,26.91,Online,WA,2024-05-24 00:30:00,0
TXN0013827,4.42,ATM,NY,2024-05-24 00:45:00,0
TXN0013828,23.49,Online,NY,2024-05-24 01:00:00,0
TXN0013829,23.18,ATM,IL,2024-05-24 01:15:00,0
TXN0013830,20.97,Online,NY,2024-05-24 01:30:00,0
TXN0013831,3.58,Transfer,WA,2024-05-24 01:45:00,0
TXN0013832,17.24,POS,IL,2024-05-24 02:00:00,0
TXN0013833,4.54,Transfer,FL,2024-05-24 02:15:00,0
TXN0013834,30.49,ATM,WA,2024-05-24 02:30:00,0
TXN0013835,94.31,POS,IL,2024-05-24 02:45:00,0
TXN0013836,56.07,ATM,CA,2024-05-24 03:00:00,0
TXN0013837,13.65,ATM,FL,2024-05-24 03:15:00,0
TXN0013838,10.79,Online,TX,2024-05-24 03:30:00,0
TXN0013839,10.48,Online,NY,2024-05-24 03:45:00,0
TXN0013840,30.49,Transfer,NY,2024-05-24 04:00:00,0
TXN0013841,9.33,ATM,FL,2024-05-24 04:15:00,0
TXN0013842,10.86,POS,TX,2024-05-24 04:30:00,0
TXN0013843,1.09,ATM,TX,2024-05-24 04:45:00,0
TXN0013844,7.52,POS,CA,2024-05-24 05:00:00,0
TXN0013845,8.12,POS,TX,2024-05-24 05:15:00,0
TXN0013846,10.8,ATM,CA,2024-05-24 05:30:00,0
TXN0013847,83.61,POS,NY,2024-05-24 05:45:00,0
TXN0013848,4.16,ATM,TX,2024-05-24 06:00:00,0
TXN0013849,4.29,Transfer,NY,2024-05-24 06:15:00,0
TXN0013850,40.83,POS,TX,2024-05-24 06:30:00,0
TXN0013851,6.44,POS,TX,2024-05-24 06:45:00,0
TXN0013852,16.73,Online,FL,2024-05-24 07:00:00,0
TXN0013853,24.8,Online,NY,2024-05-24 07:15:00,0
TXN0013854,20.62,Online,TX,2024-05-24 07:30:00,0
TXN0013855,8.18,Transfer,NY,2024-05-24 07:45:00,0
TXN0013856,59.13,Transfer,TX,2024-05-24 08:00:00,0
TXN0013857,116.35,POS,TX,2024-05-24 08:15:00,1
TXN0013858,6.27,Online,TX,2024-05-24 08:30:00,0
TXN0013859,14.73,Transfer,CA,2024-05-24 08:45:00,0
TXN0013860,60.6,ATM,TX,2024-05-24 09:00:00,0
TXN0013861,15.88,ATM,NY,2024-05-24 09:15:00,0
TXN0013862,6.29,ATM,WA,2024-05-24 09:30:00,0
TXN0013863,12.25,Online,WA,2024-05-24 09:45:00,0
TXN0013864,53.4,Online,TX,2024-05-24 10:00:00,0
TXN0013865,6.33,Online,NY,2024-05-24 10:15:00,0
TXN0013866,27.21,ATM,NY,2024-05-24 10:30:00,0
TXN0013867,31.58,ATM,FL,2024-05-24 10:45:00,0
TXN0013868,9.46,Online,WA,2024-05-24 11:00:00,0
TXN0013869,39.11,POS,FL,2024-05-24 11:15:00,0
TXN0013870,44.03,ATM,FL,2024-05-24 11:30:00,0
TXN0013871,64.77,Transfer,NY,2024-05-24 11:45:00,0
TXN0013872,60.02,Transfer,CA,2024-05-24 12:00:00,0
TXN0013873,3.56,ATM,TX,2024-05-24 12:15:00,0
TXN0013874,57.42,ATM,FL,2024-05-24 12:30:00,0
TXN0013875,39.89,Online,FL,2024-05-24 12:45:00,0
TXN0013876,63.22,Transfer,IL,2024-05-24 13:00:00,0
TXN0013877,7.51,Online,FL,2024-05-24 13:15:00,0
TXN0013878,58.05,Transfer,TX,2024-05-24 13:30:00,0
TXN0013879,31.22,Transfer,CA,2024-05-24 13:45:00,0
TXN0013880,5.24,Transfer,IL,2024-05-24 14:00:00,0
TXN0013881,89.24,ATM,NY,2024-05-24 14:15:00,0
TXN0013882,8.16,Transfer,IL,2024-05-24 14:30:00,0
TXN0013883,6.2,POS,IL,2024-05-24 14:45:00,1
TXN0013884,32.17,ATM,TX,2024-05-24 15:00:00,0
TXN0013885,10.01,POS,WA,2024-05-24 15:15:00,0
TXN0013886,30.85,ATM,WA,2024-05-24 15:30:00,0
TXN0013887,15.21,Online,CA,2024-05-24 15:45:00,0
TXN0013888,28.16,Transfer,NY,2024-05-24 16:00:00,0
TXN0013889,52.4,POS,NY,2024-05-24 16:15:00,0
TXN0013890,19.49,Online,IL,2024-05-24 16:30:00,0
TXN0013891,55.77,Online,CA,2024-05-24 16:45:00,0
TXN0013892,54.4,Transfer,NY,2024-05-24 17:00:00,0
TXN0013893,7.65,ATM,TX,2024-05-24 17:15:00,0
TXN0013894,54.92,ATM,CA,2024-05-24 17:30:00,0
TXN0013895,41.67,Online,WA,2024-05-24 17:45:00,0
TXN0013896,23.73,Transfer,NY,2024-05-24 18:00:00,0
TXN0013897,74.59,Online,CA,2024-05-24 18:15:00,1
TXN0013898,139.5,POS,FL,2024-05-24 18:30:00,0
TXN0013899,49.19,Online,TX,2024-05-24 18:45:00,0
TXN0013900,3.68,Transfer,FL,2024-05-24 19:00:00,0
TXN0013901,34.1,ATM,NY,2024-05-24 19:15:00,0
TXN0013902,17.44,ATM,TX,2024-05-24 19:30:00,0
TXN0013903,14.87,POS,CA,2024-05-24 19:45:00,0
TXN0013904,30.38,Transfer,TX,2024-05-24 20:00:00,0
TXN0013905,13.91,Online,FL,2024-05-24 20:15:00,0
TXN0013906,135.93,POS,FL,2024-05-24 20:30:00,0
TXN0013907,28.06,Online,IL,2024-05-24 20:45:00,0
TXN0013908,20.83,Online,FL,2024-05-24 21:00:00,0
TXN0013909,50.73,ATM,IL,2024-05-24 21:15:00,0
TXN0013910,51.76,Online,FL,2024-05-24 21:30:00,0
TXN0013911,80.75,Online,WA,2024-05-24 21:45:00,1
TXN0013912,42.65,POS,FL,2024-05-24 22:00:00,1
TXN0013913,19.58,Transfer,NY,2024-05-24 22:15:00,0
TXN0013914,23.92,Transfer,FL,2024-05-24 22:30:00,0
TXN0013915,1.66,Online,CA,2024-05-24 22:45:00,0
TXN0013916,3.7,Online,TX,2024-05-24 23:00:00,0
TXN0013917,68.43,POS,WA,2024-05-24 23:15:00,0
TXN0013918,13.97,ATM,FL,2024-05-24 23:30:00,0
TXN0013919,168.32,Online,NY,2024-05-24 23:45:00,0
TXN0013920,166.26,Transfer,FL,2024-05-25 00:00:00,0
TXN0013921,4.77,ATM,TX,2024-05-25 00:15:00,0
TXN0013922,29.33,ATM,CA,2024-05-25 00:30:00,0
TXN0013923,587.91,Transfer,WA,2024-05-25 00:45:00,0
TXN0013924,8.19,POS,NY,2024-05-25 01:00:00,0
TXN0013925,32.38,ATM,WA,2024-05-25 01:15:00,0
TXN0013926,15.66,ATM,WA,2024-05-25 01:30:00,0
TXN0013927,15.46,POS,NY,2024-05-25 01:45:00,0
TXN0013928,14.8,Transfer,WA,2024-05-25 02:00:00,0
TXN0013929,20.06,POS,IL,2024-05-25 02:15:00,0
TXN0013930,49.71,Transfer,IL,2024-05-25 02:30:00,0
TXN0013931,8.04,ATM,IL,2024-05-25 02:45:00,0
TXN0013932,36.83,Online,FL,2024-05-25 03:00:00,0
TXN0013933,9.01,ATM,WA,2024-05-25 03:15:00,0
TXN0013934,37.69,POS,IL,2024-05-25 03:30:00,0
TXN0013935,29.6,Online,CA,2024-05-25 03:45:00,0
TXN0013936,8.29,ATM,FL,2024-05-25 04:00:00,0
TXN0013937,24.12,Online,NY,2024-05-25 04:15:00,0
TXN0013938,8.71,Transfer,TX,2024-05-25 04:30:00,0
TXN0013939,7.66,POS,IL,2024-05-25 04:45:00,0
TXN0013940,79.83,ATM,WA,2024-05-25 05:00:00,0
TXN0013941,2.46,ATM,WA,2024-05-25 05:15:00,0
TXN0013942,39.26,Transfer,TX,2024-05-25 05:30:00,0
TXN0013943,46.64,POS,NY,2024-05-25 05:45:00,0
TXN0013944,10.28,POS,WA,2024-05-25 06:00:00,0
TXN0013945,72.76,Transfer,IL,2024-05-25 06:15:00,0
TXN0013946,59.05,POS,IL,2024-05-25 06:30:00,0
TXN0013947,4.54,ATM,IL,2024-05-25 06:45:00,0
TXN0013948,37.75,POS,WA,2024-05-25 07:00:00,0
TXN0013949,35.31,POS,WA,2024-05-25 07:15:00,0
TXN0013950,8.69,Online,FL,2024-05-25 07:30:00,0
TXN0013951,40.07,POS,FL,2024-05-25 07:45:00,0
TXN0013952,49.08,Online,CA,2024-05-25 08:00:00,0
TXN0013953,8.86,POS,NY,2024-05-25 08:15:00,0
TXN0013954,2.01,POS,WA,2024-05-25 08:30:00,0
TXN0013955,32.73,ATM,TX,2024-05-25 08:45:00,0
TXN0013956,8.64,ATM,TX,2024-05-25 09:00:00,0
TXN0013957,2.77,POS,WA,2024-05-25 09:15:00,0
TXN0013958,13.11,Online,WA,2024-05-25 09:30:00,0
TXN0013959,1.28,Online,IL,2024-05-25 09:45:00,0
TXN0013960,13.82,ATM,WA,2024-05-25 10:00:00,0
TXN0013961,117.72,ATM,CA,2024-05-25 10:15:00,0
TXN0013962,0.74,Transfer,WA,2024-05-25 10:30:00,0
TXN0013963,34.96,POS,IL,2024-05-25 10:45:00,0
TXN0013964,6.99,Online,FL,2024-05-25 11:00:00,0
TXN0013965,12.69,Online,WA,2024-05-25 11:15:00,0
TXN0013966,7.09,ATM,TX,2024-05-25 11:30:00,0
TXN0013967,43.04,Transfer,NY,2024-05-25 11:45:00,0
TXN0013968,20.25,POS,FL,2024-05-25 12:00:00,0
TXN0013969,8.25,Transfer,NY,2024-05-25 12:15:00,0
TXN0013970,4.46,Transfer,NY,2024-05-25 12:30:00,0
TXN0013971,12.46,Transfer,FL,2024-05-25 12:45:00,0
TXN0013972,78.54,Online,TX,2024-05-25 13:00:00,1
TXN0013973,4.98,ATM,FL,2024-05-25 13:15:00,0
TXN0013974,33.31,Transfer,NY,2024-05-25 13:30:00,0
TXN0013975,30.42,POS,FL,2024-05-25 13:45:00,0
TXN0013976,1.99,Online,IL,2024-05-25 14:00:00,0
TXN0013977,74.28,Transfer,TX,2024-05-25 14:15:00,0
TXN0013978,19.56,Online,TX,2024-05-25 14:30:00,0
TXN0013979,277.16,Transfer,NY,2024-05-25 14:45:00,0
TXN0013980,155.94,Online,CA,2024-05-25 15:00:00,0
TXN0013981,15.32,POS,TX,2024-05-25 15:15:00,0
TXN0013982,17.12,Online,FL,2024-05-25 15:30:00,0
TXN0013983,6.33,ATM,IL,2024-05-25 15:45:00,0
TXN0013984,4.12,Transfer,CA,2024-05-25 16:00:00,0
TXN0013985,51.98,POS,IL,2024-05-25 16:15:00,0
TXN0013986,15.28,Online,FL,2024-05-25 16:30:00,0
TXN0013987,12.81,ATM,NY,2024-05-25 16:45:00,0
TXN0013988,16.79,Online,TX,2024-05-25 17:00:00,0
TXN0013989,45.45,ATM,TX,2024-05-25 17:15:00,0
TXN0013990,61.74,Transfer,NY,2024-05-25 17:30:00,0
TXN0013991,20.53,Online,TX,2024-05-25 17:45:00,0
TXN0013992,16.35,POS,WA,2024-05-25 18:00:00,0
TXN0013993,23.15,Online,NY,2024-05-25 18:15:00,0
TXN0013994,231.68,ATM,TX,2024-05-25 18:30:00,0
TXN0013995,1.8,POS,TX,2024-05-25 18:45:00,0
TXN0013996,5.29,ATM,WA,2024-05-25 19:00:00,0
TXN0013997,35.81,POS,WA,2024-05-25 19:15:00,0
TXN0013998,24.4,ATM,CA,2024-05-25 19:30:00,0
TXN0013999,86.8,ATM,TX,2024-05-25 19:45:00,0
TXN0014000,95.63,Transfer,WA,2024-05-25 20:00:00,0
TXN0014001,209.26,POS,CA,2024-05-25 20:15:00,0
TXN0014002,8.05,Online,IL,2024-05-25 20:30:00,0
TXN0014003,42.23,ATM,IL,2024-05-25 20:45:00,0
TXN0014004,15.57,ATM,IL,2024-05-25 21:00:00,0
TXN0014005,64.28,ATM,NY,2024-05-25 21:15:00,0
TXN0014006,25.6,Transfer,FL,2024-05-25 21:30:00,0
TXN0014007,58.19,POS,IL,2024-05-25 21:45:00,0
TXN0014008,8.62,Online,CA,2024-05-25 22:00:00,0
TXN0014009,25.0,POS,TX,2024-05-25 22:15:00,0
TXN0014010,11.28,ATM,IL,2024-05-25 22:30:00,0
TXN0014011,15.17,POS,CA,2024-05-25 22:45:00,0
TXN0014012,12.1,POS,TX,2024-05-25 23:00:00,0
TXN0014013,6.15,ATM,FL,2024-05-25 23:15:00,0
TXN0014014,76.51,POS,NY,2024-05-25 23:30:00,0
TXN0014015,29.2,Online,WA,2024-05-25 23:45:00,0
TXN0014016,74.42,POS,CA,2024-05-26 00:00:00,0
TXN0014017,6.41,Transfer,IL,2024-05-26 00:15:00,0
TXN0014018,2.08,ATM,FL,2024-05-26 00:30:00,0
TXN0014019,9.66,Transfer,WA,2024-05-26 00:45:00,0
TXN0014020,17.28,POS,CA,2024-05-26 01:00:00,0
TXN0014021,52.31,Transfer,CA,2024-05-26 01:15:00,0
TXN0014022,71.56,Online,NY,2024-05-26 01:30:00,0
TXN0014023,86.78,Online,IL,2024-05-26 01:45:00,0
TXN0014024,126.14,Online,FL,2024-05-26 02:00:00,0
TXN0014025,48.72,POS,NY,2024-05-26 02:15:00,0
TXN0014026,23.59,Transfer,WA,2024-05-26 02:30:00,0
TXN0014027,8.42,Online,NY,2024-05-26 02:45:00,0
TXN0014028,46.38,Online,FL,2024-05-26 03:00:00,0
TXN0014029,11.47,POS,CA,2024-05-26 03:15:00,0
TXN0014030,8.03,Online,IL,2024-05-26 03:30:00,0
TXN0014031,41.27,POS,CA,2024-05-26 03:45:00,0
TXN0014032,26.8,Transfer,IL,2024-05-26 04:00:00,0
TXN0014033,56.66,POS,FL,2024-05-26 04:15:00,0
TXN0014034,8.91,POS,FL,2024-05-26 04:30:00,0
TXN0014035,82.15,ATM,CA,2024-05-26 04:45:00,0
TXN0014036,31.61,Transfer,NY,2024-05-26 05:00:00,0
TXN0014037,16.97,ATM,WA,2024-05-26 05:15:00,0
TXN0014038,8.49,Online,TX,2024-05-26 05:30:00,0
TXN0014039,5.82,Transfer,FL,2024-05-26 05:45:00,0
TXN0014040,4.15,Transfer,TX,2024-05-26 06:00:00,0
TXN0014041,107.75,POS,CA,2024-05-26 06:15:00,0
TXN0014042,3.9,Online,NY,2024-05-26 06:30:00,0
TXN0014043,43.55,POS,FL,2024-05-26 06:45:00,0
TXN0014044,15.48,Online,FL,2024-05-26 07:00:00,0
TXN0014045,10.51,ATM,CA,2024-05-26 07:15:00,0
TXN0014046,11.86,POS,WA,2024-05-26 07:30:00,0
TXN0014047,18.48,POS,IL,2024-05-26 07:45:00,0
TXN0014048,60.11,Transfer,IL,2024-05-26 08:00:00,0
TXN0014049,40.21,ATM,IL,2024-05-26 08:15:00,0
TXN0014050,20.68,POS,CA,2024-05-26 08:30:00,0
TXN0014051,4.12,Online,IL,2024-05-26 08:45:00,0
TXN0014052,2.54,ATM,WA,2024-05-26 09:00:00,0
TXN0014053,186.74,Online,NY,2024-05-26 09:15:00,0
TXN0014054,6.32,POS,CA,2024-05-26 09:30:00,0
TXN0014055,3.26,Transfer,TX,2024-05-26 09:45:00,0
TXN0014056,77.7,ATM,FL,2024-05-26 10:00:00,0
TXN0014057,3.54,ATM,FL,2024-05-26 10:15:00,0
TXN0014058,49.62,ATM,WA,2024-05-26 10:30:00,0
TXN0014059,62.0,Online,NY,2024-05-26 10:45:00,0
TXN0014060,27.73,POS,FL,2024-05-26 11:00:00,0
TXN0014061,64.4,Online,FL,2024-05-26 11:15:00,0
TXN0014062,4.02,Transfer,CA,2024-05-26 11:30:00,0
TXN0014063,4.9,ATM,CA,2024-05-26 11:45:00,0
TXN0014064,16.47,Transfer,FL,2024-05-26 12:00:00,0
TXN0014065,20.6,Transfer,TX,2024-05-26 12:15:00,0
TXN0014066,18.71,ATM,NY,2024-05-26 12:30:00,0
TXN0014067,35.77,Online,FL,2024-05-26 12:45:00,0
TXN0014068,8.67,Transfer,IL,2024-05-26 13:00:00,0
TXN0014069,1.68,Transfer,NY,2024-05-26 13:15:00,0
TXN0014070,33.31,Online,NY,2024-05-26 13:30:00,0
TXN0014071,15.79,Transfer,NY,2024-05-26 13:45:00,0
TXN0014072,53.86,POS,WA,2024-05-26 14:00:00,0
TXN0014073,239.24,POS,CA,2024-05-26 14:15:00,0
TXN0014074,22.69,ATM,WA,2024-05-26 14:30:00,0
TXN0014075,40.95,Online,TX,2024-05-26 14:45:00,0
TXN0014076,7.19,Transfer,WA,2024-05-26 15:00:00,0
TXN0014077,60.16,POS,TX,2024-05-26 15:15:00,0
TXN0014078,30.81,Transfer,TX,2024-05-26 15:30:00,0
TXN0014079,27.67,Transfer,IL,2024-05-26 15:45:00,0
TXN0014080,60.62,Online,WA,2024-05-26 16:00:00,0
TXN0014081,5.44,Transfer,CA,2024-05-26 16:15:00,0
TXN0014082,40.07,ATM,TX,2024-05-26 16:30:00,0
TXN0014083,35.35,Online,FL,2024-05-26 16:45:00,0
TXN0014084,134.15,Online,IL,2024-05-26 17:00:00,0
TXN0014085,2.46,POS,FL,2024-05-26 17:15:00,0
TXN0014086,18.55,ATM,CA,2024-05-26 17:30:00,0
TXN0014087,272.74,Transfer,TX,2024-05-26 17:45:00,0
TXN0014088,12.75,Transfer,TX,2024-05-26 18:00:00,0
TXN0014089,12.32,POS,CA,2024-05-26 18:15:00,0
TXN0014090,168.52,ATM,CA,2024-05-26 18:30:00,0
TXN0014091,394.84,ATM,FL,2024-05-26 18:45:00,0
TXN0014092,23.62,Transfer,TX,2024-05-26 19:00:00,0
TXN0014093,8.89,Online,TX,2024-05-26 19:15:00,0
TXN0014094,10.24,Online,CA,2024-05-26 19:30:00,0
TXN0014095,12.92,POS,FL,2024-05-26 19:45:00,0
TXN0014096,7.62,Online,FL,2024-05-26 20:00:00,0
TXN0014097,7.95,Online,WA,2024-05-26 20:15:00,0
TXN0014098,25.28,Online,CA,2024-05-26 20:30:00,0
TXN0014099,21.56,Transfer,CA,2024-05-26 20:45:00,0
TXN0014100,36.13,ATM,FL,2024-05-26 21:00:00,0
TXN0014101,21.24,POS,FL,2024-05-26 21:15:00,0
TXN0014102,4.95,ATM,WA,2024-05-26 21:30:00,0
TXN0014103,49.13,Online,IL,2024-05-26 21:45:00,0
TXN0014104,27.5,ATM,WA,2024-05-26 22:00:00,0
TXN0014105,10.36,Online,IL,2024-05-26 22:15:00,0
TXN0014106,14.95,Transfer,IL,2024-05-26 22:30:00,0
TXN0014107,30.04,Transfer,IL,2024-05-26 22:45:00,0
TXN0014108,22.56,POS,CA,2024-05-26 23:00:00,0
TXN0014109,17.66,Transfer,CA,2024-05-26 23:15:00,0
TXN0014110,50.7,ATM,NY,2024-05-26 23:30:00,0
TXN0014111,72.04,Transfer,WA,2024-05-26 23:45:00,0
TXN0014112,14.2,Transfer,TX,2024-05-27 00:00:00,0
TXN0014113,20.06,ATM,FL,2024-05-27 00:15:00,0
TXN0014114,5.57,ATM,NY,2024-05-27 00:30:00,0
TXN0014115,16.85,Online,TX,2024-05-27 00:45:00,0
TXN0014116,36.02,Transfer,CA,2024-05-27 01:00:00,0
TXN0014117,56.93,ATM,IL,2024-05-27 01:15:00,0
TXN0014118,25.03,POS,CA,2024-05-27 01:30:00,0
TXN0014119,18.54,POS,FL,2024-05-27 01:45:00,0
TXN0014120,8.84,Online,IL,2024-05-27 02:00:00,0
TXN0014121,26.51,ATM,TX,2024-05-27 02:15:00,0
TXN0014122,5.68,ATM,TX,2024-05-27 02:30:00,0
TXN0014123,23.88,Online,CA,2024-05-27 02:45:00,0
TXN0014124,21.04,Transfer,TX,2024-05-27 03:00:00,0
TXN0014125,7.07,Online,FL,2024-05-27 03:15:00,0
TXN0014126,30.24,ATM,WA,2024-05-27 03:30:00,0
TXN0014127,15.98,ATM,TX,2024-05-27 03:45:00,0
TXN0014128,41.63,Transfer,CA,2024-05-27 04:00:00,0
TXN0014129,11.62,POS,IL,2024-05-27 04:15:00,0
TXN0014130,36.24,ATM,IL,2024-05-27 04:30:00,0
TXN0014131,129.13,ATM,IL,2024-05-27 04:45:00,0
TXN0014132,25.35,ATM,IL,2024-05-27 05:00:00,0
TXN0014133,51.95,ATM,FL,2024-05-27 05:15:00,0
TXN0014134,9.65,ATM,CA,2024-05-27 05:30:00,0
TXN0014135,13.54,Online,CA,2024-05-27 05:45:00,0
TXN0014136,2.23,Online,CA,2024-05-27 06:00:00,0
TXN0014137,17.17,ATM,NY,2024-05-27 06:15:00,0
TXN0014138,5.43,Transfer,CA,2024-05-27 06:30:00,0
TXN0014139,23.45,Transfer,IL,2024-05-27 06:45:00,0
TXN0014140,1.81,Transfer,NY,2024-05-27 07:00:00,1
TXN0014141,7.44,POS,CA,2024-05-27 07:15:00,1
TXN0014142,22.59,Online,NY,2024-05-27 07:30:00,0
TXN0014143,32.45,ATM,IL,2024-05-27 07:45:00,0
TXN0014144,2.92,Transfer,FL,2024-05-27 08:00:00,0
TXN0014145,12.58,POS,CA,2024-05-27 08:15:00,0
TXN0014146,417.16,ATM,FL,2024-05-27 08:30:00,0
TXN0014147,51.79,ATM,TX,2024-05-27 08:45:00,0
TXN0014148,24.73,Online,FL,2024-05-27 09:00:00,0
TXN0014149,0.8,Transfer,TX,2024-05-27 09:15:00,0
TXN0014150,6.93,ATM,IL,2024-05-27 09:30:00,0
TXN0014151,37.72,POS,NY,2024-05-27 09:45:00,0
TXN0014152,26.99,Online,TX,2024-05-27 10:00:00,0
TXN0014153,34.92,POS,NY,2024-05-27 10:15:00,0
TXN0014154,63.12,ATM,FL,2024-05-27 10:30:00,0
TXN0014155,22.95,POS,IL,2024-05-27 10:45:00,0
TXN0014156,55.64,Transfer,TX,2024-05-27 11:00:00,0
TXN0014157,2.49,Transfer,CA,2024-05-27 11:15:00,0
TXN0014158,386.95,POS,IL,2024-05-27 11:30:00,0
TXN0014159,14.4,Online,CA,2024-05-27 11:45:00,0
TXN0014160,9.56,ATM,WA,2024-05-27 12:00:00,1
TXN0014161,119.26,POS,CA,2024-05-27 12:15:00,0
TXN0014162,41.59,Transfer,FL,2024-05-27 12:30:00,0
TXN0014163,64.07,ATM,NY,2024-05-27 12:45:00,0
TXN0014164,9.87,POS,FL,2024-05-27 13:00:00,0
TXN0014165,28.44,POS,TX,2024-05-27 13:15:00,0
TXN0014166,47.08,POS,FL,2024-05-27 13:30:00,0
TXN0014167,5.36,Online,IL,2024-05-27 13:45:00,0
TXN0014168,15.8,POS,TX,2024-05-27 14:00:00,0
TXN0014169,15.32,POS,IL,2024-05-27 14:15:00,0
TXN0014170,14.49,POS,IL,2024-05-27 14:30:00,0
TXN0014171,8.95,POS,NY,2024-05-27 14:45:00,0
TXN0014172,4.64,POS,FL,2024-05-27 15:00:00,0
TXN0014173,33.8,ATM,WA,2024-05-27 15:15:00,0
TXN0014174,27.14,Transfer,TX,2024-05-27 15:30:00,0
TXN0014175,79.14,Transfer,CA,2024-05-27 15:45:00,0
TXN0014176,18.8,POS,NY,2024-05-27 16:00:00,0
TXN0014177,9.27,Online,IL,2024-05-27 16:15:00,0
TXN0014178,3.71,Transfer,FL,2024-05-27 16:30:00,0
TXN0014179,22.5,Online,CA,2024-05-27 16:45:00,0
TXN0014180,14.13,ATM,CA,2024-05-27 17:00:00,0
TXN0014181,216.59,ATM,FL,2024-05-27 17:15:00,0
TXN0014182,300.61,POS,NY,2024-05-27 17:30:00,0
TXN0014183,129.77,Online,IL,2024-05-27 17:45:00,0
TXN0014184,7.04,Online,IL,2024-05-27 18:00:00,0
TXN0014185,3.95,POS,TX,2024-05-27 18:15:00,0
TXN0014186,15.44,Online,FL,2024-05-27 18:30:00,0
TXN0014187,7.12,Online,TX,2024-05-27 18:45:00,0
TXN0014188,107.89,Online,TX,2024-05-27 19:00:00,0
TXN0014189,23.31,POS,FL,2024-05-27 19:15:00,0
TXN0014190,12.62,ATM,CA,2024-05-27 19:30:00,0
TXN0014191,20.0,ATM,CA,2024-05-27 19:45:00,0
TXN0014192,88.88,ATM,CA,2024-05-27 20:00:00,0
TXN0014193,6.71,ATM,FL,2024-05-27 20:15:00,0
TXN0014194,36.03,ATM,WA,2024-05-27 20:30:00,0
TXN0014195,4.3,Transfer,CA,2024-05-27 20:45:00,0
TXN0014196,15.93,POS,TX,2024-05-27 21:00:00,0
TXN0014197,9.35,Transfer,FL,2024-05-27 21:15:00,0
TXN0014198,29.4,POS,CA,2024-05-27 21:30:00,0
TXN0014199,24.36,ATM,WA,2024-05-27 21:45:00,1
TXN0014200,82.97,Online,WA,2024-05-27 22:00:00,0
TXN0014201,45.48,POS,WA,2024-05-27 22:15:00,0
TXN0014202,9.98,Transfer,CA,2024-05-27 22:30:00,0
TXN0014203,4.29,ATM,NY,2024-05-27 22:45:00,0
TXN0014204,7.8,ATM,TX,2024-05-27 23:00:00,0
TXN0014205,12.28,ATM,WA,2024-05-27 23:15:00,0
TXN0014206,15.5,Online,FL,2024-05-27 23:30:00,0
TXN0014207,8.32,Online,CA,2024-05-27 23:45:00,0
TXN0014208,72.22,POS,TX,2024-05-28 00:00:00,0
TXN0014209,60.67,Transfer,CA,2024-05-28 00:15:00,0
TXN0014210,14.74,POS,WA,2024-05-28 00:30:00,0
TXN0014211,11.33,Transfer,FL,2024-05-28 00:45:00,0
TXN0014212,15.34,Online,NY,2024-05-28 01:00:00,0
TXN0014213,19.24,POS,IL,2024-05-28 01:15:00,0
TXN0014214,19.73,Online,WA,2024-05-28 01:30:00,0
TXN0014215,3.03,ATM,CA,2024-05-28 01:45:00,0
TXN0014216,12.22,Online,IL,2024-05-28 02:00:00,0
TXN0014217,2.24,Online,IL,2024-05-28 02:15:00,0
TXN0014218,21.11,ATM,IL,2024-05-28 02:30:00,1
TXN0014219,44.75,Online,WA,2024-05-28 02:45:00,0
TXN0014220,5.81,Transfer,NY,2024-05-28 03:00:00,0
TXN0014221,24.57,Online,WA,2024-05-28 03:15:00,0
TXN0014222,9.85,Transfer,WA,2024-05-28 03:30:00,0
TXN0014223,8.94,ATM,FL,2024-05-28 03:45:00,0
TXN0014224,203.03,POS,TX,2024-05-28 04:00:00,0
TXN0014225,57.59,Online,WA,2024-05-28 04:15:00,0
TXN0014226,35.72,POS,NY,2024-05-28 04:30:00,0
TXN0014227,12.14,Transfer,IL,2024-05-28 04:45:00,0
TXN0014228,32.78,Online,CA,2024-05-28 05:00:00,0
TXN0014229,16.14,Transfer,NY,2024-05-28 05:15:00,0
TXN0014230,34.49,ATM,CA,2024-05-28 05:30:00,0
TXN0014231,7.04,ATM,TX,2024-05-28 05:45:00,0
TXN0014232,18.59,Transfer,WA,2024-05-28 06:00:00,0
TXN0014233,12.72,POS,TX,2024-05-28 06:15:00,0
TXN0014234,3.84,Transfer,CA,2024-05-28 06:30:00,0
TXN0014235,147.28,Transfer,TX,2024-05-28 06:45:00,0
TXN0014236,52.74,ATM,TX,2024-05-28 07:00:00,0
TXN0014237,7.99,Online,CA,2024-05-28 07:15:00,0
TXN0014238,3.6,Transfer,CA,2024-05-28 07:30:00,0
TXN0014239,8.61,POS,TX,2024-05-28 07:45:00,0
TXN0014240,7.55,Transfer,WA,2024-05-28 08:00:00,0
TXN0014241,9.88,Transfer,FL,2024-05-28 08:15:00,0
TXN0014242,3.42,POS,IL,2024-05-28 08:30:00,1
TXN0014243,7.62,POS,IL,2024-05-28 08:45:00,0
TXN0014244,21.74,Online,WA,2024-05-28 09:00:00,0
TXN0014245,32.78,POS,FL,2024-05-28 09:15:00,0
TXN0014246,1.97,ATM,FL,2024-05-28 09:30:00,0
TXN0014247,20.13,Transfer,NY,2024-05-28 09:45:00,0
TXN0014248,6.32,Online,TX,2024-05-28 10:00:00,0
TXN0014249,5.92,ATM,FL,2024-05-28 10:15:00,0
TXN0014250,13.86,Transfer,NY,2024-05-28 10:30:00,0
TXN0014251,9.0,POS,IL,2024-05-28 10:45:00,0
TXN0014252,45.85,ATM,IL,2024-05-28 11:00:00,0
TXN0014253,46.01,Online,WA,2024-05-28 11:15:00,0
TXN0014254,14.08,ATM,NY,2024-05-28 11:30:00,0
TXN0014255,9.44,Online,CA,2024-05-28 11:45:00,0
TXN0014256,165.99,POS,NY,2024-05-28 12:00:00,0
TXN0014257,181.79,Online,TX,2024-05-28 12:15:00,0
TXN0014258,31.79,ATM,TX,2024-05-28 12:30:00,0
TXN0014259,16.82,POS,NY,2024-05-28 12:45:00,0
TXN0014260,66.1,Transfer,TX,2024-05-28 13:00:00,0
TXN0014261,111.3,ATM,WA,2024-05-28 13:15:00,0
TXN0014262,10.85,POS,WA,2024-05-28 13:30:00,0
TXN0014263,169.44,Online,FL,2024-05-28 13:45:00,0
TXN0014264,16.72,Transfer,WA,2024-05-28 14:00:00,0
TXN0014265,73.08,POS,FL,2024-05-28 14:15:00,0
TXN0014266,10.98,POS,WA,2024-05-28 14:30:00,0
TXN0014267,21.83,Transfer,TX,2024-05-28 14:45:00,0
TXN0014268,11.79,POS,IL,2024-05-28 15:00:00,0
TXN0014269,20.79,Online,CA,2024-05-28 15:15:00,0
TXN0014270,67.04,Transfer,IL,2024-05-28 15:30:00,0
TXN0014271,6.98,Transfer,IL,2024-05-28 15:45:00,0
TXN0014272,14.17,POS,FL,2024-05-28 16:00:00,0
TXN0014273,38.34,POS,TX,2024-05-28 16:15:00,0
TXN0014274,11.61,ATM,IL,2024-05-28 16:30:00,0
TXN0014275,223.3,ATM,WA,2024-05-28 16:45:00,1
TXN0014276,3.57,POS,IL,2024-05-28 17:00:00,0
TXN0014277,404.81,Online,IL,2024-05-28 17:15:00,0
TXN0014278,9.25,ATM,NY,2024-05-28 17:30:00,0
TXN0014279,63.76,ATM,IL,2024-05-28 17:45:00,0
TXN0014280,136.35,Online,NY,2024-05-28 18:00:00,0
TXN0014281,37.85,POS,IL,2024-05-28 18:15:00,0
TXN0014282,3.8,Transfer,IL,2024-05-28 18:30:00,0
TXN0014283,13.57,Online,CA,2024-05-28 18:45:00,0
TXN0014284,21.86,Online,IL,2024-05-28 19:00:00,0
TXN0014285,39.39,ATM,FL,2024-05-28 19:15:00,0
TXN0014286,64.6,Online,WA,2024-05-28 19:30:00,0
TXN0014287,76.43,POS,FL,2024-05-28 19:45:00,0
TXN0014288,115.56,ATM,TX,2024-05-28 20:00:00,0
TXN0014289,6.52,Online,CA,2024-05-28 20:15:00,0
TXN0014290,65.34,Online,NY,2024-05-28 20:30:00,0
TXN0014291,2.55,ATM,WA,2024-05-28 20:45:00,0
TXN0014292,24.02,Transfer,WA,2024-05-28 21:00:00,0
TXN0014293,5.66,ATM,TX,2024-05-28 21:15:00,0
TXN0014294,2.43,Transfer,IL,2024-05-28 21:30:00,0
TXN0014295,59.93,Online,WA,2024-05-28 21:45:00,0
TXN0014296,19.43,POS,IL,2024-05-28 22:00:00,0
TXN0014297,65.25,Online,FL,2024-05-28 22:15:00,0
TXN0014298,3.07,Online,WA,2024-05-28 22:30:00,0
TXN0014299,4.73,Transfer,TX,2024-05-28 22:45:00,0
TXN0014300,17.89,Transfer,TX,2024-05-28 23:00:00,0
TXN0014301,9.12,Online,IL,2024-05-28 23:15:00,0
TXN0014302,21.91,POS,TX,2024-05-28 23:30:00,0
TXN0014303,9.59,POS,TX,2024-05-28 23:45:00,0
TXN0014304,13.44,POS,TX,2024-05-29 00:00:00,0
TXN0014305,5.17,ATM,WA,2024-05-29 00:15:00,0
TXN0014306,92.54,Online,FL,2024-05-29 00:30:00,0
TXN0014307,13.77,ATM,CA,2024-05-29 00:45:00,0
TXN0014308,4.94,POS,CA,2024-05-29 01:00:00,0
TXN0014309,45.19,Transfer,FL,2024-05-29 01:15:00,0
TXN0014310,35.78,ATM,IL,2024-05-29 01:30:00,0
TXN0014311,26.04,ATM,NY,2024-05-29 01:45:00,0
TXN0014312,26.25,Online,WA,2024-05-29 02:00:00,0
TXN0014313,12.58,Online,FL,2024-05-29 02:15:00,0
TXN0014314,17.22,Online,NY,2024-05-29 02:30:00,0
TXN0014315,1.44,Online,CA,2024-05-29 02:45:00,0
TXN0014316,3.15,POS,TX,2024-05-29 03:00:00,0
TXN0014317,4.65,POS,FL,2024-05-29 03:15:00,0
TXN0014318,28.29,Online,FL,2024-05-29 03:30:00,0
TXN0014319,86.15,Online,TX,2024-05-29 03:45:00,0
TXN0014320,16.54,POS,FL,2024-05-29 04:00:00,0
TXN0014321,14.64,Transfer,NY,2024-05-29 04:15:00,0
TXN0014322,77.03,ATM,CA,2024-05-29 04:30:00,0
TXN0014323,13.05,Transfer,IL,2024-05-29 04:45:00,0
TXN0014324,43.93,Transfer,IL,2024-05-29 05:00:00,0
TXN0014325,33.64,Transfer,CA,2024-05-29 05:15:00,0
TXN0014326,4.14,ATM,FL,2024-05-29 05:30:00,0
TXN0014327,29.28,Online,NY,2024-05-29 05:45:00,0
TXN0014328,25.69,POS,NY,2024-05-29 06:00:00,0
TXN0014329,5.12,Transfer,TX,2024-05-29 06:15:00,0
TXN0014330,5.86,Online,WA,2024-05-29 06:30:00,0
TXN0014331,4.41,Online,CA,2024-05-29 06:45:00,0
TXN0014332,103.23,ATM,CA,2024-05-29 07:00:00,0
TXN0014333,249.41,Online,WA,2024-05-29 07:15:00,0
TXN0014334,46.74,POS,WA,2024-05-29 07:30:00,0
TXN0014335,130.63,Transfer,IL,2024-05-29 07:45:00,0
TXN0014336,4.03,POS,WA,2024-05-29 08:00:00,0
TXN0014337,107.78,POS,WA,2024-05-29 08:15:00,0
TXN0014338,211.64,Online,CA,2024-05-29 08:30:00,0
TXN0014339,138.3,ATM,FL,2024-05-29 08:45:00,0
TXN0014340,6.56,POS,FL,2024-05-29 09:00:00,0
TXN0014341,73.49,POS,TX,2024-05-29 09:15:00,0
TXN0014342,17.56,ATM,FL,2024-05-29 09:30:00,0
TXN0014343,72.69,POS,CA,2024-05-29 09:45:00,0
TXN0014344,9.36,POS,IL,2024-05-29 10:00:00,0
TXN0014345,20.45,Transfer,WA,2024-05-29 10:15:00,0
TXN0014346,10.19,Transfer,TX,2024-05-29 10:30:00,0
TXN0014347,35.54,Transfer,CA,2024-05-29 10:45:00,0
TXN0014348,17.84,POS,IL,2024-05-29 11:00:00,0
TXN0014349,76.06,POS,NY,2024-05-29 11:15:00,0
TXN0014350,53.89,POS,FL,2024-05-29 11:30:00,0
TXN0014351,33.09,ATM,WA,2024-05-29 11:45:00,0
TXN0014352,19.27,ATM,WA,2024-05-29 12:00:00,0
TXN0014353,14.05,Online,FL,2024-05-29 12:15:00,0
TXN0014354,20.26,Transfer,TX,2024-05-29 12:30:00,0
TXN0014355,49.39,Online,TX,2024-05-29 12:45:00,0
TXN0014356,23.53,Online,NY,2024-05-29 13:00:00,0
TXN0014357,28.52,Transfer,WA,2024-05-29 13:15:00,0
TXN0014358,19.27,ATM,WA,2024-05-29 13:30:00,0
TXN0014359,18.41,Online,WA,2024-05-29 13:45:00,0
TXN0014360,9.11,POS,NY,2024-05-29 14:00:00,0
TXN0014361,2.14,Transfer,CA,2024-05-29 14:15:00,0
TXN0014362,39.96,Online,TX,2024-05-29 14:30:00,0
TXN0014363,39.36,Transfer,IL,2024-05-29 14:45:00,0
TXN0014364,6.32,Transfer,IL,2024-05-29 15:00:00,0
TXN0014365,198.1,Transfer,CA,2024-05-29 15:15:00,0
TXN0014366,4.99,ATM,WA,2024-05-29 15:30:00,0
TXN0014367,66.44,Transfer,TX,2024-05-29 15:45:00,0
TXN0014368,27.27,POS,IL,2024-05-29 16:00:00,0
TXN0014369,29.39,ATM,TX,2024-05-29 16:15:00,0
TXN0014370,78.59,POS,TX,2024-05-29 16:30:00,0
TXN0014371,60.71,POS,IL,2024-05-29 16:45:00,0
TXN0014372,20.76,POS,NY,2024-05-29 17:00:00,1
TXN0014373,5.69,Online,WA,2024-05-29 17:15:00,0
TXN0014374,4.69,ATM,FL,2024-05-29 17:30:00,0
TXN0014375,25.32,Transfer,WA,2024-05-29 17:45:00,0
TXN0014376,133.43,Transfer,CA,2024-05-29 18:00:00,0
TXN0014377,57.74,Online,CA,2024-05-29 18:15:00,0
TXN0014378,19.42,POS,FL,2024-05-29 18:30:00,0
TXN0014379,29.96,Transfer,FL,2024-05-29 18:45:00,0
TXN0014380,45.79,Transfer,WA,2024-05-29 19:00:00,0
TXN0014381,157.81,POS,CA,2024-05-29 19:15:00,0
TXN0014382,8.13,ATM,NY,2024-05-29 19:30:00,0
TXN0014383,48.04,POS,IL,2024-05-29 19:45:00,0
TXN0014384,28.15,POS,IL,2024-05-29 20:00:00,0
TXN0014385,8.13,Online,CA,2024-05-29 20:15:00,0
TXN0014386,5.98,Online,WA,2024-05-29 20:30:00,1
TXN0014387,92.13,Transfer,CA,2024-05-29 20:45:00,0
TXN0014388,29.98,Transfer,CA,2024-05-29 21:00:00,0
TXN0014389,15.7,Transfer,TX,2024-05-29 21:15:00,0
TXN0014390,22.76,Transfer,IL,2024-05-29 21:30:00,0
TXN0014391,65.41,Transfer,FL,2024-05-29 21:45:00,0
TXN0014392,22.61,Online,CA,2024-05-29 22:00:00,0
TXN0014393,138.0,ATM,FL,2024-05-29 22:15:00,0
TXN0014394,14.8,Transfer,NY,2024-05-29 22:30:00,0
TXN0014395,7.9,POS,NY,2024-05-29 22:45:00,0
TXN0014396,17.66,POS,NY,2024-05-29 23:00:00,0
TXN0014397,6.57,Transfer,TX,2024-05-29 23:15:00,0
TXN0014398,13.3,POS,IL,2024-05-29 23:30:00,0
TXN0014399,87.55,ATM,TX,2024-05-29 23:45:00,0
TXN0014400,155.81,ATM,FL,2024-05-30 00:00:00,0
TXN0014401,43.04,Transfer,TX,2024-05-30 00:15:00,0
TXN0014402,25.6,Transfer,TX,2024-05-30 00:30:00,0
TXN0014403,6.81,ATM,IL,2024-05-30 00:45:00,0
TXN0014404,6.09,POS,CA,2024-05-30 01:00:00,0
TXN0014405,31.46,Transfer,NY,2024-05-30 01:15:00,1
TXN0014406,24.68,Online,TX,2024-05-30 01:30:00,0
TXN0014407,10.09,Transfer,WA,2024-05-30 01:45:00,0
TXN0014408,11.85,Online,WA,2024-05-30 02:00:00,0
TXN0014409,130.69,POS,TX,2024-05-30 02:15:00,0
TXN0014410,66.18,ATM,IL,2024-05-30 02:30:00,0
TXN0014411,21.54,Online,NY,2024-05-30 02:45:00,0
TXN0014412,26.57,ATM,NY,2024-05-30 03:00:00,0
TXN0014413,93.25,POS,CA,2024-05-30 03:15:00,0
TXN0014414,31.13,Online,FL,2024-05-30 03:30:00,0
TXN0014415,26.9,Online,NY,2024-05-30 03:45:00,0
TXN0014416,3.07,ATM,FL,2024-05-30 04:00:00,0
TXN0014417,2.68,POS,CA,2024-05-30 04:15:00,0
TXN0014418,2.05,Transfer,IL,2024-05-30 04:30:00,0
TXN0014419,1.36,POS,FL,2024-05-30 04:45:00,0
TXN0014420,19.88,ATM,TX,2024-05-30 05:00:00,0
TXN0014421,30.02,Transfer,NY,2024-05-30 05:15:00,0
TXN0014422,7.12,POS,WA,2024-05-30 05:30:00,0
TXN0014423,34.29,ATM,WA,2024-05-30 05:45:00,0
TXN0014424,34.35,Transfer,IL,2024-05-30 06:00:00,0
TXN0014425,18.4,ATM,FL,2024-05-30 06:15:00,0
TXN0014426,3.46,Transfer,WA,2024-05-30 06:30:00,0
TXN0014427,113.92,POS,TX,2024-05-30 06:45:00,0
TXN0014428,105.06,POS,FL,2024-05-30 07:00:00,0
TXN0014429,10.12,Transfer,FL,2024-05-30 07:15:00,0
TXN0014430,206.87,ATM,CA,2024-05-30 07:30:00,0
TXN0014431,21.35,Online,NY,2024-05-30 07:45:00,0
TXN0014432,7.89,POS,NY,2024-05-30 08:00:00,0
TXN0014433,12.38,Transfer,TX,2024-05-30 08:15:00,0
TXN0014434,2.19,POS,NY,2024-05-30 08:30:00,0
TXN0014435,13.28,POS,CA,2024-05-30 08:45:00,0
TXN0014436,2.97,Transfer,NY,2024-05-30 09:00:00,0
TXN0014437,78.54,POS,NY,2024-05-30 09:15:00,0
TXN0014438,29.66,Online,FL,2024-05-30 09:30:00,0
TXN0014439,3.82,POS,NY,2024-05-30 09:45:00,0
TXN0014440,40.22,Online,FL,2024-05-30 10:00:00,0
TXN0014441,2.58,POS,IL,2024-05-30 10:15:00,0
TXN0014442,24.38,ATM,CA,2024-05-30 10:30:00,0
TXN0014443,35.84,Online,CA,2024-05-30 10:45:00,0
TXN0014444,21.91,Online,FL,2024-05-30 11:00:00,0
TXN0014445,5.24,Transfer,IL,2024-05-30 11:15:00,0
TXN0014446,17.69,ATM,CA,2024-05-30 11:30:00,0
TXN0014447,16.21,ATM,TX,2024-05-30 11:45:00,0
TXN0014448,21.69,Online,TX,2024-05-30 12:00:00,0
TXN0014449,120.01,Transfer,TX,2024-05-30 12:15:00,0
TXN0014450,153.91,POS,IL,2024-05-30 12:30:00,0
TXN0014451,134.29,Transfer,FL,2024-05-30 12:45:00,0
TXN0014452,9.44,ATM,FL,2024-05-30 13:00:00,0
TXN0014453,8.23,POS,NY,2024-05-30 13:15:00,0
TXN0014454,20.72,Transfer,TX,2024-05-30 13:30:00,0
TXN0014455,34.0,Online,CA,2024-05-30 13:45:00,0
TXN0014456,1.71,POS,TX,2024-05-30 14:00:00,1
TXN0014457,9.67,Transfer,TX,2024-05-30 14:15:00,0
TXN0014458,172.99,Online,CA,2024-05-30 14:30:00,0
TXN0014459,4.55,ATM,CA,2024-05-30 14:45:00,0
TXN0014460,8.32,ATM,IL,2024-05-30 15:00:00,0
TXN0014461,8.64,POS,FL,2024-05-30 15:15:00,0
TXN0014462,36.22,Transfer,TX,2024-05-30 15:30:00,0
TXN0014463,18.66,Transfer,WA,2024-05-30 15:45:00,0
TXN0014464,13.67,ATM,FL,2024-05-30 16:00:00,0
TXN0014465,3.26,POS,FL,2024-05-30 16:15:00,0
TXN0014466,41.9,Transfer,FL,2024-05-30 16:30:00,0
TXN0014467,20.2,Online,IL,2024-05-30 16:45:00,0
TXN0014468,9.06,POS,CA,2024-05-30 17:00:00,0
TXN0014469,20.76,Online,CA,2024-05-30 17:15:00,0
TXN0014470,51.88,POS,TX,2024-05-30 17:30:00,0
TXN0014471,3.42,ATM,FL,2024-05-30 17:45:00,0
TXN0014472,3.13,ATM,WA,2024-05-30 18:00:00,0
TXN0014473,5.9,Transfer,CA,2024-05-30 18:15:00,0
TXN0014474,7.05,Transfer,WA,2024-05-30 18:30:00,0
TXN0014475,0.52,POS,IL,2024-05-30 18:45:00,0
TXN0014476,9.75,ATM,IL,2024-05-30 19:00:00,0
TXN0014477,76.48,Online,CA,2024-05-30 19:15:00,0
TXN0014478,13.53,Online,CA,2024-05-30 19:30:00,0
TXN0014479,68.16,Transfer,IL,2024-05-30 19:45:00,0
TXN0014480,0.64,POS,NY,2024-05-30 20:00:00,0
TXN0014481,17.55,Transfer,CA,2024-05-30 20:15:00,0
TXN0014482,106.36,Online,FL,2024-05-30 20:30:00,0
TXN0014483,132.75,POS,CA,2024-05-30 20:45:00,0
TXN0014484,11.03,POS,WA,2024-05-30 21:00:00,0
TXN0014485,7.46,POS,NY,2024-05-30 21:15:00,0
TXN0014486,31.9,ATM,IL,2024-05-30 21:30:00,0
TXN0014487,4.66,Online,FL,2024-05-30 21:45:00,0
TXN0014488,12.97,ATM,WA,2024-05-30 22:00:00,0
TXN0014489,2.7,POS,FL,2024-05-30 22:15:00,1
TXN0014490,22.18,POS,IL,2024-05-30 22:30:00,0
TXN0014491,20.22,ATM,NY,2024-05-30 22:45:00,0
TXN0014492,142.12,ATM,CA,2024-05-30 23:00:00,0
TXN0014493,30.88,ATM,CA,2024-05-30 23:15:00,0
TXN0014494,9.09,Transfer,TX,2024-05-30 23:30:00,0
TXN0014495,17.98,Transfer,WA,2024-05-30 23:45:00,0
TXN0014496,4.27,POS,NY,2024-05-31 00:00:00,0
TXN0014497,20.93,POS,FL,2024-05-31 00:15:00,0
TXN0014498,15.53,Transfer,IL,2024-05-31 00:30:00,0
TXN0014499,33.33,Transfer,WA,2024-05-31 00:45:00,0
TXN0014500,61.63,POS,WA,2024-05-31 01:00:00,0
TXN0014501,1.82,ATM,CA,2024-05-31 01:15:00,0
TXN0014502,29.78,ATM,TX,2024-05-31 01:30:00,0
TXN0014503,48.76,Transfer,FL,2024-05-31 01:45:00,1
TXN0014504,4.76,ATM,WA,2024-05-31 02:00:00,0
TXN0014505,197.26,Transfer,CA,2024-05-31 02:15:00,0
TXN0014506,8.45,Online,NY,2024-05-31 02:30:00,0
TXN0014507,388.12,Transfer,IL,2024-05-31 02:45:00,0
TXN0014508,51.57,ATM,TX,2024-05-31 03:00:00,0
TXN0014509,64.29,Online,NY,2024-05-31 03:15:00,0
TXN0014510,27.8,ATM,NY,2024-05-31 03:30:00,0
TXN0014511,67.62,Transfer,TX,2024-05-31 03:45:00,0
TXN0014512,5.78,ATM,TX,2024-05-31 04:00:00,0
TXN0014513,7.62,Transfer,CA,2024-05-31 04:15:00,0
TXN0014514,1.9,Online,FL,2024-05-31 04:30:00,0
TXN0014515,38.56,POS,CA,2024-05-31 04:45:00,0
TXN0014516,8.55,POS,WA,2024-05-31 05:00:00,0
TXN0014517,49.61,Online,IL,2024-05-31 05:15:00,0
TXN0014518,41.18,Online,NY,2024-05-31 05:30:00,0
TXN0014519,4.01,POS,IL,2024-05-31 05:45:00,0
TXN0014520,46.7,Online,CA,2024-05-31 06:00:00,0
TXN0014521,27.43,Transfer,TX,2024-05-31 06:15:00,1
TXN0014522,25.58,ATM,NY,2024-05-31 06:30:00,0
TXN0014523,34.95,POS,IL,2024-05-31 06:45:00,0
TXN0014524,19.46,ATM,NY,2024-05-31 07:00:00,0
TXN0014525,20.38,Online,NY,2024-05-31 07:15:00,0
TXN0014526,71.45,Online,CA,2024-05-31 07:30:00,0
TXN0014527,6.07,Online,CA,2024-05-31 07:45:00,0
TXN0014528,4.73,Transfer,WA,2024-05-31 08:00:00,0
TXN0014529,8.04,POS,IL,2024-05-31 08:15:00,0
TXN0014530,69.76,Online,TX,2024-05-31 08:30:00,0
TXN0014531,13.63,POS,WA,2024-05-31 08:45:00,0
TXN0014532,200.99,Online,IL,2024-05-31 09:00:00,0
TXN0014533,0.49,Transfer,NY,2024-05-31 09:15:00,1
TXN0014534,8.51,ATM,NY,2024-05-31 09:30:00,0
TXN0014535,11.75,POS,WA,2024-05-31 09:45:00,0
TXN0014536,27.81,POS,NY,2024-05-31 10:00:00,0
TXN0014537,100.31,Online,NY,2024-05-31 10:15:00,0
TXN0014538,16.05,POS,CA,2024-05-31 10:30:00,0
TXN0014539,5.91,POS,FL,2024-05-31 10:45:00,0
TXN0014540,55.0,ATM,NY,2024-05-31 11:00:00,0
TXN0014541,129.49,Transfer,TX,2024-05-31 11:15:00,0
TXN0014542,0.93,Online,IL,2024-05-31 11:30:00,0
TXN0014543,40.32,Online,TX,2024-05-31 11:45:00,0
TXN0014544,28.68,Online,FL,2024-05-31 12:00:00,0
TXN0014545,7.37,Online,TX,2024-05-31 12:15:00,0
TXN0014546,11.33,Transfer,IL,2024-05-31 12:30:00,0
TXN0014547,28.44,Online,FL,2024-05-31 12:45:00,0
TXN0014548,20.77,POS,FL,2024-05-31 13:00:00,0
TXN0014549,14.89,ATM,FL,2024-05-31 13:15:00,0
TXN0014550,4.93,POS,WA,2024-05-31 13:30:00,0
TXN0014551,28.3,Online,TX,2024-05-31 13:45:00,0
TXN0014552,9.03,ATM,FL,2024-05-31 14:00:00,0
TXN0014553,22.28,ATM,NY,2024-05-31 14:15:00,0
TXN0014554,9.91,Transfer,IL,2024-05-31 14:30:00,0
TXN0014555,25.5,ATM,CA,2024-05-31 14:45:00,0
TXN0014556,49.29,Online,WA,2024-05-31 15:00:00,0
TXN0014557,26.63,Online,CA,2024-05-31 15:15:00,0
TXN0014558,44.25,ATM,CA,2024-05-31 15:30:00,0
TXN0014559,3.78,POS,FL,2024-05-31 15:45:00,0
TXN0014560,35.05,Transfer,FL,2024-05-31 16:00:00,0
TXN0014561,28.43,Transfer,TX,2024-05-31 16:15:00,0
TXN0014562,9.44,POS,TX,2024-05-31 16:30:00,0
TXN0014563,16.45,Online,CA,2024-05-31 16:45:00,0
TXN0014564,0.69,Online,TX,2024-05-31 17:00:00,0
TXN0014565,22.05,Online,FL,2024-05-31 17:15:00,0
TXN0014566,12.24,POS,FL,2024-05-31 17:30:00,0
TXN0014567,1.31,Transfer,TX,2024-05-31 17:45:00,0
TXN0014568,36.82,POS,WA,2024-05-31 18:00:00,0
TXN0014569,9.29,Transfer,NY,2024-05-31 18:15:00,0
TXN0014570,27.94,ATM,CA,2024-05-31 18:30:00,0
TXN0014571,15.01,POS,TX,2024-05-31 18:45:00,0
TXN0014572,35.78,POS,CA,2024-05-31 19:00:00,0
TXN0014573,22.2,POS,WA,2024-05-31 19:15:00,0
TXN0014574,14.15,Online,CA,2024-05-31 19:30:00,0
TXN0014575,36.18,Transfer,IL,2024-05-31 19:45:00,0
TXN0014576,54.42,POS,TX,2024-05-31 20:00:00,0
TXN0014577,1.31,Online,CA,2024-05-31 20:15:00,0
TXN0014578,20.63,Transfer,IL,2024-05-31 20:30:00,1
TXN0014579,9.77,ATM,FL,2024-05-31 20:45:00,0
TXN0014580,5.28,ATM,NY,2024-05-31 21:00:00,0
TXN0014581,95.85,POS,WA,2024-05-31 21:15:00,0
TXN0014582,63.35,POS,TX,2024-05-31 21:30:00,0
TXN0014583,5.76,Transfer,TX,2024-05-31 21:45:00,0
TXN0014584,5.22,Online,NY,2024-05-31 22:00:00,0
TXN0014585,53.36,ATM,CA,2024-05-31 22:15:00,0
TXN0014586,9.39,POS,CA,2024-05-31 22:30:00,0
TXN0014587,13.48,POS,WA,2024-05-31 22:45:00,0
TXN0014588,1.87,POS,CA,2024-05-31 23:00:00,0
TXN0014589,16.96,ATM,IL,2024-05-31 23:15:00,0
TXN0014590,78.08,Transfer,CA,2024-05-31 23:30:00,0
TXN0014591,11.46,POS,IL,2024-05-31 23:45:00,0
TXN0014592,17.31,ATM,IL,2024-06-01 00:00:00,0
TXN0014593,162.23,Transfer,TX,2024-06-01 00:15:00,0
TXN0014594,57.23,Transfer,IL,2024-06-01 00:30:00,0
TXN0014595,110.28,Online,FL,2024-06-01 00:45:00,0
TXN0014596,42.51,ATM,IL,2024-06-01 01:00:00,0
TXN0014597,84.27,ATM,FL,2024-06-01 01:15:00,0
TXN0014598,2.7,Online,CA,2024-06-01 01:30:00,0
TXN0014599,7.44,ATM,CA,2024-06-01 01:45:00,0
TXN0014600,2.73,Transfer,FL,2024-06-01 02:00:00,0
TXN0014601,287.24,POS,WA,2024-06-01 02:15:00,0
TXN0014602,24.79,POS,FL,2024-06-01 02:30:00,0
TXN0014603,17.14,POS,IL,2024-06-01 02:45:00,0
TXN0014604,8.05,Transfer,NY,2024-06-01 03:00:00,0
TXN0014605,5.89,POS,CA,2024-06-01 03:15:00,0
TXN0014606,0.69,POS,CA,2024-06-01 03:30:00,0
TXN0014607,294.41,POS,NY,2024-06-01 03:45:00,0
TXN0014608,18.02,POS,NY,2024-06-01 04:00:00,0
TXN0014609,21.46,Online,FL,2024-06-01 04:15:00,0
TXN0014610,3.68,POS,IL,2024-06-01 04:30:00,0
TXN0014611,18.51,Transfer,WA,2024-06-01 04:45:00,0
TXN0014612,31.32,POS,NY,2024-06-01 05:00:00,0
TXN0014613,18.05,Online,WA,2024-06-01 05:15:00,0
TXN0014614,41.8,POS,CA,2024-06-01 05:30:00,0
TXN0014615,7.26,Transfer,TX,2024-06-01 05:45:00,0
TXN0014616,29.37,Transfer,CA,2024-06-01 06:00:00,0
TXN0014617,58.19,POS,TX,2024-06-01 06:15:00,0
TXN0014618,39.03,ATM,CA,2024-06-01 06:30:00,0
TXN0014619,31.48,ATM,NY,2024-06-01 06:45:00,0
TXN0014620,17.56,POS,WA,2024-06-01 07:00:00,0
TXN0014621,6.08,Online,NY,2024-06-01 07:15:00,0
TXN0014622,38.65,Transfer,WA,2024-06-01 07:30:00,0
TXN0014623,12.43,POS,NY,2024-06-01 07:45:00,0
TXN0014624,6.4,Online,CA,2024-06-01 08:00:00,0
TXN0014625,49.85,Transfer,CA,2024-06-01 08:15:00,1
TXN0014626,2.89,POS,TX,2024-06-01 08:30:00,0
TXN0014627,10.18,POS,IL,2024-06-01 08:45:00,0
TXN0014628,50.47,POS,CA,2024-06-01 09:00:00,0
TXN0014629,62.0,Transfer,FL,2024-06-01 09:15:00,1
TXN0014630,12.69,POS,FL,2024-06-01 09:30:00,0
TXN0014631,21.48,Transfer,CA,2024-06-01 09:45:00,1
TXN0014632,38.17,POS,CA,2024-06-01 10:00:00,0
TXN0014633,18.31,Transfer,CA,2024-06-01 10:15:00,0
TXN0014634,7.88,POS,IL,2024-06-01 10:30:00,0
TXN0014635,33.49,POS,IL,2024-06-01 10:45:00,0
TXN0014636,24.22,ATM,WA,2024-06-01 11:00:00,0
TXN0014637,22.56,Transfer,WA,2024-06-01 11:15:00,0
TXN0014638,75.79,ATM,NY,2024-06-01 11:30:00,0
TXN0014639,28.73,Transfer,NY,2024-06-01 11:45:00,0
TXN0014640,11.48,Online,TX,2024-06-01 12:00:00,0
TXN0014641,24.17,POS,WA,2024-06-01 12:15:00,0
TXN0014642,204.52,Online,WA,2024-06-01 12:30:00,0
TXN0014643,8.41,Online,FL,2024-06-01 12:45:00,0
TXN0014644,14.49,ATM,WA,2024-06-01 13:00:00,0
TXN0014645,7.61,Online,CA,2024-06-01 13:15:00,0
TXN0014646,30.41,POS,FL,2024-06-01 13:30:00,0
TXN0014647,4.38,ATM,FL,2024-06-01 13:45:00,0
TXN0014648,34.01,POS,TX,2024-06-01 14:00:00,1
TXN0014649,49.54,Transfer,TX,2024-06-01 14:15:00,0
TXN0014650,7.86,Transfer,NY,2024-06-01 14:30:00,0
TXN0014651,7.19,ATM,IL,2024-06-01 14:45:00,0
TXN0014652,3.34,Online,NY,2024-06-01 15:00:00,0
TXN0014653,20.95,POS,CA,2024-06-01 15:15:00,0
TXN0014654,5.19,POS,IL,2024-06-01 15:30:00,0
TXN0014655,9.39,ATM,NY,2024-06-01 15:45:00,0
TXN0014656,12.01,ATM,IL,2024-06-01 16:00:00,0
TXN0014657,8.7,Transfer,FL,2024-06-01 16:15:00,0
TXN0014658,54.15,Online,IL,2024-06-01 16:30:00,0
TXN0014659,135.1,Transfer,WA,2024-06-01 16:45:00,0
TXN0014660,1.55,Transfer,IL,2024-06-01 17:00:00,0
TXN0014661,7.5,ATM,IL,2024-06-01 17:15:00,0
TXN0014662,26.86,Transfer,IL,2024-06-01 17:30:00,0
TXN0014663,5.63,Online,TX,2024-06-01 17:45:00,0
TXN0014664,10.46,POS,NY,2024-06-01 18:00:00,0
TXN0014665,25.6,Transfer,TX,2024-06-01 18:15:00,0
TXN0014666,105.78,ATM,FL,2024-06-01 18:30:00,0
TXN0014667,81.52,ATM,FL,2024-06-01 18:45:00,0
TXN0014668,14.02,ATM,IL,2024-06-01 19:00:00,0
TXN0014669,23.3,Online,NY,2024-06-01 19:15:00,0
TXN0014670,12.88,ATM,CA,2024-06-01 19:30:00,0
TXN0014671,16.15,Transfer,IL,2024-06-01 19:45:00,0
TXN0014672,4.87,POS,TX,2024-06-01 20:00:00,0
TXN0014673,2.38,ATM,CA,2024-06-01 20:15:00,1
TXN0014674,12.82,Transfer,WA,2024-06-01 20:30:00,0
TXN0014675,64.39,ATM,FL,2024-06-01 20:45:00,0
TXN0014676,49.83,ATM,IL,2024-06-01 21:00:00,0
TXN0014677,2.12,POS,NY,2024-06-01 21:15:00,0
TXN0014678,15.82,Online,NY,2024-06-01 21:30:00,0
TXN0014679,9.38,Online,NY,2024-06-01 21:45:00,0
TXN0014680,28.16,Online,FL,2024-06-01 22:00:00,0
TXN0014681,5.34,POS,IL,2024-06-01 22:15:00,0
TXN0014682,59.66,Online,WA,2024-06-01 22:30:00,0
TXN0014683,15.58,ATM,FL,2024-06-01 22:45:00,0
TXN0014684,39.82,POS,FL,2024-06-01 23:00:00,0
TXN0014685,57.06,Online,WA,2024-06-01 23:15:00,0
TXN0014686,1.94,POS,FL,2024-06-01 23:30:00,0
TXN0014687,15.37,POS,NY,2024-06-01 23:45:00,0
TXN0014688,122.53,ATM,CA,2024-06-02 00:00:00,0
TXN0014689,20.44,Online,IL,2024-06-02 00:15:00,0
TXN0014690,69.74,ATM,IL,2024-06-02 00:30:00,0
TXN0014691,33.09,Online,TX,2024-06-02 00:45:00,0
TXN0014692,10.98,ATM,CA,2024-06-02 01:00:00,0
TXN0014693,27.99,POS,TX,2024-06-02 01:15:00,0
TXN0014694,70.53,Online,CA,2024-06-02 01:30:00,0
TXN0014695,93.78,Online,WA,2024-06-02 01:45:00,0
TXN0014696,113.46,Online,NY,2024-06-02 02:00:00,0
TXN0014697,5.29,POS,TX,2024-06-02 02:15:00,0
TXN0014698,53.98,POS,NY,2024-06-02 02:30:00,0
TXN0014699,3.83,Transfer,CA,2024-06-02 02:45:00,0
TXN0014700,17.09,Online,IL,2024-06-02 03:00:00,0
TXN0014701,15.56,Online,IL,2024-06-02 03:15:00,0
TXN0014702,42.41,Online,FL,2024-06-02 03:30:00,0
TXN0014703,29.15,Online,FL,2024-06-02 03:45:00,0
TXN0014704,89.32,Online,IL,2024-06-02 04:00:00,0
TXN0014705,9.59,POS,FL,2024-06-02 04:15:00,0
TXN0014706,54.89,Online,CA,2024-06-02 04:30:00,0
TXN0014707,31.92,Transfer,FL,2024-06-02 04:45:00,0
TXN0014708,20.05,Transfer,FL,2024-06-02 05:00:00,1
TXN0014709,4.74,ATM,FL,2024-06-02 05:15:00,0
TXN0014710,39.6,Online,WA,2024-06-02 05:30:00,0
TXN0014711,29.18,ATM,FL,2024-06-02 05:45:00,0
TXN0014712,51.41,Transfer,WA,2024-06-02 06:00:00,0
TXN0014713,19.09,Online,FL,2024-06-02 06:15:00,0
TXN0014714,14.71,ATM,FL,2024-06-02 06:30:00,0
TXN0014715,31.89,Online,CA,2024-06-02 06:45:00,0
TXN0014716,34.8,POS,WA,2024-06-02 07:00:00,0
TXN0014717,45.57,Transfer,TX,2024-06-02 07:15:00,0
TXN0014718,193.51,POS,NY,2024-06-02 07:30:00,0
TXN0014719,9.54,ATM,IL,2024-06-02 07:45:00,0
TXN0014720,221.02,Transfer,NY,2024-06-02 08:00:00,0
TXN0014721,0.58,Online,WA,2024-06-02 08:15:00,0
TXN0014722,63.14,ATM,FL,2024-06-02 08:30:00,0
TXN0014723,7.5,ATM,IL,2024-06-02 08:45:00,0
TXN0014724,221.06,ATM,CA,2024-06-02 09:00:00,0
TXN0014725,6.9,Online,NY,2024-06-02 09:15:00,0
TXN0014726,71.31,Transfer,IL,2024-06-02 09:30:00,0
TXN0014727,6.12,POS,CA,2024-06-02 09:45:00,0
TXN0014728,5.16,POS,NY,2024-06-02 10:00:00,0
TXN0014729,52.35,Transfer,CA,2024-06-02 10:15:00,0
TXN0014730,56.64,Online,TX,2024-06-02 10:30:00,0
TXN0014731,8.66,Transfer,NY,2024-06-02 10:45:00,0
TXN0014732,356.13,ATM,NY,2024-06-02 11:00:00,0
TXN0014733,13.64,ATM,NY,2024-06-02 11:15:00,0
TXN0014734,130.04,Online,WA,2024-06-02 11:30:00,1
TXN0014735,5.95,Transfer,FL,2024-06-02 11:45:00,0
TXN0014736,6.32,Transfer,WA,2024-06-02 12:00:00,0
TXN0014737,22.29,Online,NY,2024-06-02 12:15:00,0
TXN0014738,5.96,Transfer,WA,2024-06-02 12:30:00,0
TXN0014739,34.54,POS,CA,2024-06-02 12:45:00,0
TXN0014740,1.53,ATM,WA,2024-06-02 13:00:00,0
TXN0014741,24.76,ATM,IL,2024-06-02 13:15:00,0
TXN0014742,10.21,Transfer,CA,2024-06-02 13:30:00,0
TXN0014743,6.34,POS,WA,2024-06-02 13:45:00,0
TXN0014744,25.78,POS,WA,2024-06-02 14:00:00,0
TXN0014745,15.34,Transfer,NY,2024-06-02 14:15:00,0
TXN0014746,11.69,POS,IL,2024-06-02 14:30:00,0
TXN0014747,52.78,POS,NY,2024-06-02 14:45:00,0
TXN0014748,28.51,ATM,WA,2024-06-02 15:00:00,0
TXN0014749,31.55,ATM,IL,2024-06-02 15:15:00,0
TXN0014750,98.25,POS,TX,2024-06-02 15:30:00,0
TXN0014751,18.35,Online,FL,2024-06-02 15:45:00,0
TXN0014752,54.58,ATM,IL,2024-06-02 16:00:00,0
TXN0014753,12.15,Transfer,TX,2024-06-02 16:15:00,0
TXN0014754,41.42,ATM,IL,2024-06-02 16:30:00,0
TXN0014755,37.62,Transfer,TX,2024-06-02 16:45:00,0
TXN0014756,10.41,Online,CA,2024-06-02 17:00:00,0
TXN0014757,3.27,POS,FL,2024-06-02 17:15:00,0
TXN0014758,4.33,Online,TX,2024-06-02 17:30:00,0
TXN0014759,6.49,POS,FL,2024-06-02 17:45:00,0
TXN0014760,38.9,POS,WA,2024-06-02 18:00:00,0
TXN0014761,17.05,Transfer,NY,2024-06-02 18:15:00,0
TXN0014762,14.03,POS,IL,2024-06-02 18:30:00,0
TXN0014763,35.41,ATM,FL,2024-06-02 18:45:00,0
TXN0014764,47.89,POS,TX,2024-06-02 19:00:00,0
TXN0014765,106.01,ATM,WA,2024-06-02 19:15:00,0
TXN0014766,9.83,Online,CA,2024-06-02 19:30:00,0
TXN0014767,38.63,Transfer,NY,2024-06-02 19:45:00,0
TXN0014768,46.64,Transfer,NY,2024-06-02 20:00:00,0
TXN0014769,6.43,ATM,WA,2024-06-02 20:15:00,0
TXN0014770,23.23,POS,CA,2024-06-02 20:30:00,0
TXN0014771,6.7,ATM,CA,2024-06-02 20:45:00,0
TXN0014772,15.31,POS,CA,2024-06-02 21:00:00,0
TXN0014773,33.11,Transfer,NY,2024-06-02 21:15:00,0
TXN0014774,2.63,POS,WA,2024-06-02 21:30:00,0
TXN0014775,7.06,Transfer,CA,2024-06-02 21:45:00,0
TXN0014776,7.64,POS,CA,2024-06-02 22:00:00,0
TXN0014777,22.37,Transfer,FL,2024-06-02 22:15:00,0
TXN0014778,8.31,POS,IL,2024-06-02 22:30:00,0
TXN0014779,31.28,Transfer,WA,2024-06-02 22:45:00,0
TXN0014780,7.19,ATM,WA,2024-06-02 23:00:00,0
TXN0014781,10.81,ATM,WA,2024-06-02 23:15:00,0
TXN0014782,41.24,Transfer,WA,2024-06-02 23:30:00,0
TXN0014783,29.28,Online,TX,2024-06-02 23:45:00,0
TXN0014784,24.0,Transfer,NY,2024-06-03 00:00:00,0
TXN0014785,19.14,Transfer,TX,2024-06-03 00:15:00,0
TXN0014786,66.3,Transfer,IL,2024-06-03 00:30:00,0
TXN0014787,103.3,Online,FL,2024-06-03 00:45:00,0
TXN0014788,12.86,POS,CA,2024-06-03 01:00:00,0
TXN0014789,8.43,Transfer,TX,2024-06-03 01:15:00,0
TXN0014790,5.79,Transfer,CA,2024-06-03 01:30:00,0
TXN0014791,158.63,Online,FL,2024-06-03 01:45:00,0
TXN0014792,6.88,ATM,CA,2024-06-03 02:00:00,0
TXN0014793,4.13,POS,NY,2024-06-03 02:15:00,0
TXN0014794,27.56,Online,FL,2024-06-03 02:30:00,0
TXN0014795,70.21,Online,TX,2024-06-03 02:45:00,0
TXN0014796,4.59,Online,TX,2024-06-03 03:00:00,0
TXN0014797,17.27,Online,NY,2024-06-03 03:15:00,0
TXN0014798,3.61,POS,IL,2024-06-03 03:30:00,0
TXN0014799,8.74,Transfer,NY,2024-06-03 03:45:00,1
TXN0014800,139.64,Transfer,CA,2024-06-03 04:00:00,0
TXN0014801,24.47,POS,FL,2024-06-03 04:15:00,0
TXN0014802,14.68,POS,CA,2024-06-03 04:30:00,0
TXN0014803,21.81,Online,FL,2024-06-03 04:45:00,0
TXN0014804,28.06,POS,WA,2024-06-03 05:00:00,0
TXN0014805,17.72,ATM,TX,2024-06-03 05:15:00,0
TXN0014806,4.86,Transfer,NY,2024-06-03 05:30:00,0
TXN0014807,4.9,Online,TX,2024-06-03 05:45:00,0
TXN0014808,220.17,ATM,IL,2024-06-03 06:00:00,0
TXN0014809,8.05,Online,IL,2024-06-03 06:15:00,0
TXN0014810,83.59,Transfer,NY,2024-06-03 06:30:00,0
TXN0014811,8.51,Online,TX,2024-06-03 06:45:00,0
TXN0014812,94.55,ATM,NY,2024-06-03 07:00:00,0
TXN0014813,45.99,ATM,IL,2024-06-03 07:15:00,0
TXN0014814,15.59,POS,CA,2024-06-03 07:30:00,0
TXN0014815,220.33,ATM,NY,2024-06-03 07:45:00,0
TXN0014816,6.58,ATM,WA,2024-06-03 08:00:00,0
TXN0014817,15.16,POS,FL,2024-06-03 08:15:00,0
TXN0014818,7.21,Online,IL,2024-06-03 08:30:00,0
TXN0014819,7.94,Online,FL,2024-06-03 08:45:00,0
TXN0014820,13.0,POS,FL,2024-06-03 09:00:00,0
TXN0014821,6.4,Online,WA,2024-06-03 09:15:00,0
TXN0014822,13.6,Transfer,CA,2024-06-03 09:30:00,1
TXN0014823,131.89,Online,TX,2024-06-03 09:45:00,0
TXN0014824,2.52,Transfer,CA,2024-06-03 10:00:00,0
TXN0014825,4.49,POS,FL,2024-06-03 10:15:00,0
TXN0014826,6.44,Transfer,FL,2024-06-03 10:30:00,0
TXN0014827,11.5,ATM,CA,2024-06-03 10:45:00,0
TXN0014828,66.92,ATM,WA,2024-06-03 11:00:00,0
TXN0014829,47.34,Online,IL,2024-06-03 11:15:00,0
TXN0014830,35.46,ATM,CA,2024-06-03 11:30:00,0
TXN0014831,25.56,Online,TX,2024-06-03 11:45:00,0
TXN0014832,348.63,POS,NY,2024-06-03 12:00:00,0
TXN0014833,5.23,ATM,NY,2024-06-03 12:15:00,0
TXN0014834,5.08,ATM,FL,2024-06-03 12:30:00,0
TXN0014835,19.46,POS,TX,2024-06-03 12:45:00,0
TXN0014836,25.62,POS,NY,2024-06-03 13:00:00,0
TXN0014837,15.11,ATM,IL,2024-06-03 13:15:00,0
TXN0014838,7.36,Transfer,WA,2024-06-03 13:30:00,0
TXN0014839,4.21,POS,IL,2024-06-03 13:45:00,0
TXN0014840,14.42,Transfer,TX,2024-06-03 14:00:00,0
TXN0014841,8.62,Transfer,FL,2024-06-03 14:15:00,0
TXN0014842,11.3,POS,CA,2024-06-03 14:30:00,0
TXN0014843,5.52,Transfer,IL,2024-06-03 14:45:00,0
TXN0014844,99.06,Transfer,NY,2024-06-03 15:00:00,0
TXN0014845,34.34,ATM,IL,2024-06-03 15:15:00,0
TXN0014846,182.55,Online,NY,2024-06-03 15:30:00,0
TXN0014847,10.85,Online,IL,2024-06-03 15:45:00,0
TXN0014848,21.51,Online,FL,2024-06-03 16:00:00,0
TXN0014849,14.91,Online,FL,2024-06-03 16:15:00,0
TXN0014850,20.56,Transfer,TX,2024-06-03 16:30:00,0
TXN0014851,14.78,ATM,CA,2024-06-03 16:45:00,0
TXN0014852,16.48,Online,FL,2024-06-03 17:00:00,0
TXN0014853,1.91,ATM,CA,2024-06-03 17:15:00,0
TXN0014854,14.5,ATM,NY,2024-06-03 17:30:00,0
TXN0014855,45.75,Transfer,TX,2024-06-03 17:45:00,0
TXN0014856,1.97,Transfer,WA,2024-06-03 18:00:00,0
TXN0014857,13.24,Online,CA,2024-06-03 18:15:00,0
TXN0014858,39.69,Online,NY,2024-06-03 18:30:00,0
TXN0014859,90.72,Transfer,IL,2024-06-03 18:45:00,0
TXN0014860,18.13,ATM,CA,2024-06-03 19:00:00,0
TXN0014861,34.55,POS,NY,2024-06-03 19:15:00,0
TXN0014862,162.2,ATM,FL,2024-06-03 19:30:00,0
TXN0014863,94.15,Transfer,NY,2024-06-03 19:45:00,0
TXN0014864,11.71,Online,TX,2024-06-03 20:00:00,0
TXN0014865,9.76,Transfer,NY,2024-06-03 20:15:00,0
TXN0014866,67.57,POS,FL,2024-06-03 20:30:00,0
TXN0014867,26.16,Online,WA,2024-06-03 20:45:00,0
TXN0014868,10.51,ATM,IL,2024-06-03 21:00:00,0
TXN0014869,15.23,Transfer,WA,2024-06-03 21:15:00,0
TXN0014870,29.25,POS,IL,2024-06-03 21:30:00,0
TXN0014871,15.81,ATM,NY,2024-06-03 21:45:00,0
TXN0014872,14.82,Transfer,FL,2024-06-03 22:00:00,0
TXN0014873,15.14,Online,CA,2024-06-03 22:15:00,0
TXN0014874,3.39,Online,WA,2024-06-03 22:30:00,0
TXN0014875,158.74,POS,IL,2024-06-03 22:45:00,0
TXN0014876,85.92,Transfer,NY,2024-06-03 23:00:00,1
TXN0014877,121.87,Transfer,TX,2024-06-03 23:15:00,0
TXN0014878,17.09,Transfer,FL,2024-06-03 23:30:00,0
TXN0014879,23.3,Transfer,IL,2024-06-03 23:45:00,0
TXN0014880,39.84,Online,NY,2024-06-04 00:00:00,0
TXN0014881,53.34,Online,FL,2024-06-04 00:15:00,0
TXN0014882,2.27,Transfer,TX,2024-06-04 00:30:00,0
TXN0014883,30.6,Transfer,IL,2024-06-04 00:45:00,0
TXN0014884,6.11,Online,WA,2024-06-04 01:00:00,0
TXN0014885,18.41,Transfer,NY,2024-06-04 01:15:00,0
TXN0014886,9.11,ATM,NY,2024-06-04 01:30:00,0
TXN0014887,152.83,Transfer,TX,2024-06-04 01:45:00,0
TXN0014888,38.09,ATM,FL,2024-06-04 02:00:00,0
TXN0014889,19.42,ATM,TX,2024-06-04 02:15:00,0
TXN0014890,105.61,Transfer,FL,2024-06-04 02:30:00,0
TXN0014891,18.44,ATM,TX,2024-06-04 02:45:00,0
TXN0014892,8.46,ATM,WA,2024-06-04 03:00:00,0
TXN0014893,16.09,POS,WA,2024-06-04 03:15:00,0
TXN0014894,12.99,POS,WA,2024-06-04 03:30:00,0
TXN0014895,21.24,Online,FL,2024-06-04 03:45:00,0
TXN0014896,54.61,Transfer,TX,2024-06-04 04:00:00,0
TXN0014897,17.44,ATM,CA,2024-06-04 04:15:00,0
TXN0014898,18.57,Online,FL,2024-06-04 04:30:00,0
TXN0014899,67.07,Transfer,TX,2024-06-04 04:45:00,0
TXN0014900,28.3,POS,IL,2024-06-04 05:00:00,0
TXN0014901,62.13,Transfer,WA,2024-06-04 05:15:00,0
TXN0014902,23.56,ATM,NY,2024-06-04 05:30:00,0
TXN0014903,4.25,ATM,IL,2024-06-04 05:45:00,0
TXN0014904,5.28,Transfer,TX,2024-06-04 06:00:00,0
TXN0014905,2.78,Online,NY,2024-06-04 06:15:00,0
TXN0014906,77.85,Online,IL,2024-06-04 06:30:00,0
TXN0014907,32.89,Transfer,NY,2024-06-04 06:45:00,0
TXN0014908,11.41,Online,NY,2024-06-04 07:00:00,1
TXN0014909,6.18,Online,FL,2024-06-04 07:15:00,0
TXN0014910,30.85,Transfer,FL,2024-06-04 07:30:00,0
TXN0014911,17.15,ATM,WA,2024-06-04 07:45:00,0
TXN0014912,29.38,ATM,FL,2024-06-04 08:00:00,0
TXN0014913,7.36,ATM,TX,2024-06-04 08:15:00,0
TXN0014914,5.36,POS,NY,2024-06-04 08:30:00,0
TXN0014915,130.08,ATM,NY,2024-06-04 08:45:00,0
TXN0014916,6.46,Transfer,NY,2024-06-04 09:00:00,0
TXN0014917,19.53,POS,TX,2024-06-04 09:15:00,0
TXN0014918,98.57,ATM,IL,2024-06-04 09:30:00,0
TXN0014919,2.27,ATM,FL,2024-06-04 09:45:00,1
TXN0014920,46.18,Online,TX,2024-06-04 10:00:00,0
TXN0014921,21.79,ATM,IL,2024-06-04 10:15:00,0
TXN0014922,16.92,ATM,WA,2024-06-04 10:30:00,0
TXN0014923,27.69,ATM,NY,2024-06-04 10:45:00,0
TXN0014924,4.9,ATM,CA,2024-06-04 11:00:00,0
TXN0014925,1.43,ATM,NY,2024-06-04 11:15:00,0
TXN0014926,189.9,POS,CA,2024-06-04 11:30:00,0
TXN0014927,14.28,ATM,WA,2024-06-04 11:45:00,0
TXN0014928,57.9,Online,NY,2024-06-04 12:00:00,0
TXN0014929,74.93,Online,WA,2024-06-04 12:15:00,0
TXN0014930,28.28,POS,CA,2024-06-04 12:30:00,0
TXN0014931,34.54,Transfer,IL,2024-06-04 12:45:00,0
TXN0014932,46.85,POS,TX,2024-06-04 13:00:00,0
TXN0014933,130.93,ATM,NY,2024-06-04 13:15:00,0
TXN0014934,36.05,POS,CA,2024-06-04 13:30:00,0
TXN0014935,90.0,Online,CA,2024-06-04 13:45:00,0
TXN0014936,14.21,Transfer,NY,2024-06-04 14:00:00,0
TXN0014937,12.15,Transfer,FL,2024-06-04 14:15:00,0
TXN0014938,22.22,ATM,IL,2024-06-04 14:30:00,0
TXN0014939,32.34,Online,NY,2024-06-04 14:45:00,0
TXN0014940,38.03,Transfer,CA,2024-06-04 15:00:00,0
TXN0014941,203.2,Transfer,NY,2024-06-04 15:15:00,0
TXN0014942,54.51,ATM,CA,2024-06-04 15:30:00,0
TXN0014943,21.71,Online,TX,2024-06-04 15:45:00,0
TXN0014944,213.37,ATM,FL,2024-06-04 16:00:00,0
TXN0014945,29.74,Online,IL,2024-06-04 16:15:00,0
TXN0014946,30.79,Transfer,NY,2024-06-04 16:30:00,0
TXN0014947,36.12,Transfer,FL,2024-06-04 16:45:00,0
TXN0014948,13.57,Transfer,FL,2024-06-04 17:00:00,0
TXN0014949,5.51,POS,FL,2024-06-04 17:15:00,0
TXN0014950,23.56,Online,CA,2024-06-04 17:30:00,0
TXN0014951,13.93,Transfer,WA,2024-06-04 17:45:00,0
TXN0014952,7.21,Online,IL,2024-06-04 18:00:00,0
TXN0014953,23.21,ATM,CA,2024-06-04 18:15:00,0
TXN0014954,15.9,Transfer,TX,2024-06-04 18:30:00,0
TXN0014955,9.97,ATM,IL,2024-06-04 18:45:00,0
TXN0014956,2.44,Transfer,WA,2024-06-04 19:00:00,0
TXN0014957,16.49,Transfer,IL,2024-06-04 19:15:00,0
TXN0014958,162.39,Transfer,WA,2024-06-04 19:30:00,0
TXN0014959,57.79,Transfer,IL,2024-06-04 19:45:00,0
TXN0014960,72.71,POS,IL,2024-06-04 20:00:00,0
TXN0014961,19.64,Transfer,NY,2024-06-04 20:15:00,0
TXN0014962,70.53,ATM,CA,2024-06-04 20:30:00,0
TXN0014963,9.06,POS,CA,2024-06-04 20:45:00,0
TXN0014964,11.71,Transfer,TX,2024-06-04 21:00:00,0
TXN0014965,37.28,POS,WA,2024-06-04 21:15:00,0
TXN0014966,3.71,Online,FL,2024-06-04 21:30:00,1
TXN0014967,21.55,Transfer,TX,2024-06-04 21:45:00,0
TXN0014968,28.79,Transfer,CA,2024-06-04 22:00:00,0
TXN0014969,149.23,POS,TX,2024-06-04 22:15:00,0
TXN0014970,8.79,Transfer,CA,2024-06-04 22:30:00,0
TXN0014971,33.21,Transfer,WA,2024-06-04 22:45:00,0
TXN0014972,9.3,Transfer,NY,2024-06-04 23:00:00,0
TXN0014973,10.55,Transfer,FL,2024-06-04 23:15:00,0
TXN0014974,0.82,Transfer,FL,2024-06-04 23:30:00,0
TXN0014975,6.61,ATM,WA,2024-06-04 23:45:00,0
TXN0014976,78.97,Online,FL,2024-06-05 00:00:00,0
TXN0014977,37.29,ATM,TX,2024-06-05 00:15:00,0
TXN0014978,24.31,Transfer,FL,2024-06-05 00:30:00,0
TXN0014979,375.94,POS,IL,2024-06-05 00:45:00,0
TXN0014980,38.31,Online,WA,2024-06-05 01:00:00,0
TXN0014981,4.64,Transfer,TX,2024-06-05 01:15:00,0
TXN0014982,15.86,ATM,CA,2024-06-05 01:30:00,0
TXN0014983,18.84,ATM,TX,2024-06-05 01:45:00,0
TXN0014984,135.69,Transfer,CA,2024-06-05 02:00:00,0
TXN0014985,6.94,Online,FL,2024-06-05 02:15:00,0
TXN0014986,33.34,Transfer,NY,2024-06-05 02:30:00,0
TXN0014987,64.37,POS,WA,2024-06-05 02:45:00,0
TXN0014988,7.72,Online,TX,2024-06-05 03:00:00,1
TXN0014989,22.41,POS,IL,2024-06-05 03:15:00,0
TXN0014990,1.86,Transfer,NY,2024-06-05 03:30:00,0
TXN0014991,22.72,Transfer,FL,2024-06-05 03:45:00,0
TXN0014992,1.48,Online,CA,2024-06-05 04:00:00,0
TXN0014993,12.78,POS,CA,2024-06-05 04:15:00,0
TXN0014994,155.5,POS,WA,2024-06-05 04:30:00,0
TXN0014995,32.83,Online,WA,2024-06-05 04:45:00,0
TXN0014996,21.45,Online,WA,2024-06-05 05:00:00,0
TXN0014997,24.18,Transfer,CA,2024-06-05 05:15:00,0
TXN0014998,261.01,Online,FL,2024-06-05 05:30:00,0
TXN0014999,38.97,POS,FL,2024-06-05 05:45:00,0
TXN0015000,69.48,Transfer,NY,2024-06-05 06:00:00,0
TXN0015001,12.04,ATM,WA,2024-06-05 06:15:00,0
TXN0015002,12.08,POS,FL,2024-06-05 06:30:00,0
TXN0015003,5.85,ATM,CA,2024-06-05 06:45:00,0
TXN0015004,16.41,ATM,TX,2024-06-05 07:00:00,0
TXN0015005,8.83,POS,WA,2024-06-05 07:15:00,0
TXN0015006,65.13,Transfer,FL,2024-06-05 07:30:00,0
TXN0015007,43.29,POS,FL,2024-06-05 07:45:00,0
TXN0015008,17.58,POS,WA,2024-06-05 08:00:00,0
TXN0015009,10.61,ATM,TX,2024-06-05 08:15:00,0
TXN0015010,0.65,ATM,CA,2024-06-05 08:30:00,0
TXN0015011,10.02,Transfer,NY,2024-06-05 08:45:00,0
TXN0015012,29.01,ATM,NY,2024-06-05 09:00:00,0
TXN0015013,44.25,Transfer,CA,2024-06-05 09:15:00,0
TXN0015014,0.52,ATM,TX,2024-06-05 09:30:00,1
TXN0015015,1.17,ATM,WA,2024-06-05 09:45:00,0
TXN0015016,24.38,Transfer,IL,2024-06-05 10:00:00,0
TXN0015017,5.94,Online,NY,2024-06-05 10:15:00,0
TXN0015018,15.62,POS,CA,2024-06-05 10:30:00,0
TXN0015019,11.53,Online,IL,2024-06-05 10:45:00,0
TXN0015020,40.55,POS,TX,2024-06-05 11:00:00,0
TXN0015021,2.23,Online,IL,2024-06-05 11:15:00,0
TXN0015022,10.28,POS,TX,2024-06-05 11:30:00,0
TXN0015023,61.8,POS,CA,2024-06-05 11:45:00,0
TXN0015024,25.84,ATM,IL,2024-06-05 12:00:00,0
TXN0015025,7.56,Transfer,TX,2024-06-05 12:15:00,0
TXN0015026,34.61,Transfer,NY,2024-06-05 12:30:00,1
TXN0015027,28.34,Online,CA,2024-06-05 12:45:00,0
TXN0015028,7.04,Transfer,CA,2024-06-05 13:00:00,0
TXN0015029,45.85,ATM,FL,2024-06-05 13:15:00,0
TXN0015030,45.0,Transfer,TX,2024-06-05 13:30:00,0
TXN0015031,17.28,POS,WA,2024-06-05 13:45:00,0
TXN0015032,61.74,Online,FL,2024-06-05 14:00:00,1
TXN0015033,5.04,POS,IL,2024-06-05 14:15:00,0
TXN0015034,50.1,Online,CA,2024-06-05 14:30:00,0
TXN0015035,16.09,Transfer,FL,2024-06-05 14:45:00,0
TXN0015036,6.65,Transfer,WA,2024-06-05 15:00:00,0
TXN0015037,9.97,Transfer,TX,2024-06-05 15:15:00,0
TXN0015038,80.72,ATM,TX,2024-06-05 15:30:00,0
TXN0015039,10.47,Transfer,WA,2024-06-05 15:45:00,0
TXN0015040,13.39,Transfer,NY,2024-06-05 16:00:00,0
TXN0015041,9.3,Transfer,IL,2024-06-05 16:15:00,0
TXN0015042,7.9,Transfer,CA,2024-06-05 16:30:00,0
TXN0015043,63.26,ATM,FL,2024-06-05 16:45:00,0
TXN0015044,279.28,Transfer,TX,2024-06-05 17:00:00,0
TXN0015045,98.93,Online,TX,2024-06-05 17:15:00,0
TXN0015046,36.89,Online,WA,2024-06-05 17:30:00,0
TXN0015047,49.57,Transfer,CA,2024-06-05 17:45:00,0
TXN0015048,13.43,Transfer,CA,2024-06-05 18:00:00,0
TXN0015049,11.23,POS,NY,2024-06-05 18:15:00,0
TXN0015050,5.03,Transfer,FL,2024-06-05 18:30:00,0
TXN0015051,111.58,POS,IL,2024-06-05 18:45:00,0
TXN0015052,13.54,POS,TX,2024-06-05 19:00:00,0
TXN0015053,8.65,Transfer,TX,2024-06-05 19:15:00,0
TXN0015054,9.5,Transfer,FL,2024-06-05 19:30:00,0
TXN0015055,25.37,POS,WA,2024-06-05 19:45:00,1
TXN0015056,10.55,Online,TX,2024-06-05 20:00:00,0
TXN0015057,20.68,ATM,CA,2024-06-05 20:15:00,0
TXN0015058,24.66,POS,FL,2024-06-05 20:30:00,0
TXN0015059,98.88,ATM,NY,2024-06-05 20:45:00,0
TXN0015060,4.65,Transfer,TX,2024-06-05 21:00:00,0
TXN0015061,28.76,POS,IL,2024-06-05 21:15:00,0
TXN0015062,8.88,Transfer,TX,2024-06-05 21:30:00,0
TXN0015063,12.17,POS,IL,2024-06-05 21:45:00,0
TXN0015064,138.22,POS,WA,2024-06-05 22:00:00,0
TXN0015065,42.52,POS,CA,2024-06-05 22:15:00,0
TXN0015066,12.79,Online,FL,2024-06-05 22:30:00,0
TXN0015067,36.26,POS,WA,2024-06-05 22:45:00,0
TXN0015068,19.79,POS,FL,2024-06-05 23:00:00,0
TXN0015069,75.62,POS,NY,2024-06-05 23:15:00,0
TXN0015070,11.38,Online,WA,2024-06-05 23:30:00,0
TXN0015071,36.17,ATM,IL,2024-06-05 23:45:00,0
TXN0015072,15.86,POS,TX,2024-06-06 00:00:00,0
TXN0015073,20.54,Online,NY,2024-06-06 00:15:00,0
TXN0015074,16.92,POS,WA,2024-06-06 00:30:00,0
TXN0015075,9.72,Transfer,NY,2024-06-06 00:45:00,0
TXN0015076,23.01,Transfer,WA,2024-06-06 01:00:00,0
TXN0015077,64.87,Online,FL,2024-06-06 01:15:00,0
TXN0015078,9.89,Online,CA,2024-06-06 01:30:00,0
TXN0015079,12.82,Transfer,WA,2024-06-06 01:45:00,0
TXN0015080,31.4,Transfer,NY,2024-06-06 02:00:00,0
TXN0015081,8.31,Transfer,IL,2024-06-06 02:15:00,0
TXN0015082,56.9,Online,WA,2024-06-06 02:30:00,0
TXN0015083,46.89,POS,TX,2024-06-06 02:45:00,0
TXN0015084,1.34,Online,TX,2024-06-06 03:00:00,0
TXN0015085,9.35,Online,WA,2024-06-06 03:15:00,0
TXN0015086,5.65,Online,CA,2024-06-06 03:30:00,0
TXN0015087,54.12,ATM,CA,2024-06-06 03:45:00,0
TXN0015088,61.71,Online,CA,2024-06-06 04:00:00,0
TXN0015089,4.91,Transfer,CA,2024-06-06 04:15:00,0
TXN0015090,9.01,Transfer,IL,2024-06-06 04:30:00,0
TXN0015091,18.46,Transfer,TX,2024-06-06 04:45:00,0
TXN0015092,13.11,Online,TX,2024-06-06 05:00:00,0
TXN0015093,47.62,POS,WA,2024-06-06 05:15:00,1
TXN0015094,64.77,Transfer,NY,2024-06-06 05:30:00,0
TXN0015095,40.93,POS,WA,2024-06-06 05:45:00,0
TXN0015096,73.99,Online,FL,2024-06-06 06:00:00,0
TXN0015097,61.58,Online,TX,2024-06-06 06:15:00,0
TXN0015098,18.69,Transfer,TX,2024-06-06 06:30:00,0
TXN0015099,12.16,Online,FL,2024-06-06 06:45:00,0
TXN0015100,8.48,Transfer,TX,2024-06-06 07:00:00,0
TXN0015101,53.62,ATM,FL,2024-06-06 07:15:00,0
TXN0015102,58.35,Transfer,WA,2024-06-06 07:30:00,0
TXN0015103,67.7,ATM,CA,2024-06-06 07:45:00,0
TXN0015104,13.81,ATM,CA,2024-06-06 08:00:00,0
TXN0015105,12.82,Transfer,CA,2024-06-06 08:15:00,0
TXN0015106,27.86,Transfer,IL,2024-06-06 08:30:00,0
TXN0015107,89.64,Transfer,WA,2024-06-06 08:45:00,0
TXN0015108,31.06,ATM,IL,2024-06-06 09:00:00,0
TXN0015109,26.57,POS,NY,2024-06-06 09:15:00,1
TXN0015110,7.67,ATM,FL,2024-06-06 09:30:00,0
TXN0015111,34.42,Online,IL,2024-06-06 09:45:00,0
TXN0015112,38.5,ATM,NY,2024-06-06 10:00:00,0
TXN0015113,6.63,POS,TX,2024-06-06 10:15:00,1
TXN0015114,162.77,POS,FL,2024-06-06 10:30:00,0
TXN0015115,6.87,POS,TX,2024-06-06 10:45:00,0
TXN0015116,61.19,POS,FL,2024-06-06 11:00:00,0
TXN0015117,16.02,ATM,FL,2024-06-06 11:15:00,0
TXN0015118,24.67,Online,NY,2024-06-06 11:30:00,0
TXN0015119,8.04,POS,TX,2024-06-06 11:45:00,0
TXN0015120,10.47,POS,FL,2024-06-06 12:00:00,0
TXN0015121,46.73,Online,IL,2024-06-06 12:15:00,0
TXN0015122,16.21,ATM,NY,2024-06-06 12:30:00,0
TXN0015123,13.62,ATM,FL,2024-06-06 12:45:00,0
TXN0015124,58.33,Transfer,NY,2024-06-06 13:00:00,0
TXN0015125,47.4,Online,IL,2024-06-06 13:15:00,0
TXN0015126,24.82,ATM,NY,2024-06-06 13:30:00,0
TXN0015127,26.86,POS,NY,2024-06-06 13:45:00,0
TXN0015128,156.28,Transfer,WA,2024-06-06 14:00:00,0
TXN0015129,16.74,POS,WA,2024-06-06 14:15:00,0
TXN0015130,32.35,ATM,NY,2024-06-06 14:30:00,0
TXN0015131,33.8,Transfer,CA,2024-06-06 14:45:00,0
TXN0015132,3.9,POS,IL,2024-06-06 15:00:00,0
TXN0015133,2.08,POS,WA,2024-06-06 15:15:00,0
TXN0015134,23.75,Online,TX,2024-06-06 15:30:00,0
TXN0015135,56.96,Online,FL,2024-06-06 15:45:00,0
TXN0015136,25.94,Transfer,IL,2024-06-06 16:00:00,0
TXN0015137,10.88,POS,IL,2024-06-06 16:15:00,0
TXN0015138,9.42,Transfer,TX,2024-06-06 16:30:00,0
TXN0015139,53.39,Transfer,CA,2024-06-06 16:45:00,0
TXN0015140,14.38,Online,TX,2024-06-06 17:00:00,0
TXN0015141,3.05,Transfer,NY,2024-06-06 17:15:00,0
TXN0015142,45.69,POS,WA,2024-06-06 17:30:00,0
TXN0015143,27.09,Transfer,IL,2024-06-06 17:45:00,0
TXN0015144,32.06,Online,FL,2024-06-06 18:00:00,0
TXN0015145,69.9,ATM,IL,2024-06-06 18:15:00,0
TXN0015146,97.7,Transfer,IL,2024-06-06 18:30:00,0
TXN0015147,39.6,POS,NY,2024-06-06 18:45:00,0
TXN0015148,16.63,POS,TX,2024-06-06 19:00:00,0
TXN0015149,1.68,Online,WA,2024-06-06 19:15:00,0
TXN0015150,28.98,Transfer,WA,2024-06-06 19:30:00,0
TXN0015151,17.13,Online,NY,2024-06-06 19:45:00,0
TXN0015152,97.05,Transfer,NY,2024-06-06 20:00:00,0
TXN0015153,92.32,Transfer,IL,2024-06-06 20:15:00,0
TXN0015154,35.84,POS,IL,2024-06-06 20:30:00,0
TXN0015155,103.03,ATM,WA,2024-06-06 20:45:00,0
TXN0015156,18.7,POS,NY,2024-06-06 21:00:00,0
TXN0015157,19.39,POS,WA,2024-06-06 21:15:00,0
TXN0015158,7.52,Transfer,IL,2024-06-06 21:30:00,0
TXN0015159,14.15,POS,CA,2024-06-06 21:45:00,0
TXN0015160,26.22,Transfer,NY,2024-06-06 22:00:00,0
TXN0015161,71.27,Online,NY,2024-06-06 22:15:00,0
TXN0015162,8.57,Online,CA,2024-06-06 22:30:00,0
TXN0015163,52.59,ATM,NY,2024-06-06 22:45:00,0
TXN0015164,323.99,POS,IL,2024-06-06 23:00:00,0
TXN0015165,4.17,POS,NY,2024-06-06 23:15:00,0
TXN0015166,15.05,ATM,TX,2024-06-06 23:30:00,1
TXN0015167,20.92,Online,FL,2024-06-06 23:45:00,0
TXN0015168,66.91,ATM,FL,2024-06-07 00:00:00,0
TXN0015169,213.65,Transfer,FL,2024-06-07 00:15:00,0
TXN0015170,87.66,POS,TX,2024-06-07 00:30:00,0
TXN0015171,19.55,ATM,NY,2024-06-07 00:45:00,0
TXN0015172,7.48,ATM,FL,2024-06-07 01:00:00,0
TXN0015173,19.1,Online,FL,2024-06-07 01:15:00,0
TXN0015174,19.49,Transfer,FL,2024-06-07 01:30:00,0
TXN0015175,27.21,POS,IL,2024-06-07 01:45:00,0
TXN0015176,7.1,Transfer,IL,2024-06-07 02:00:00,0
TXN0015177,123.68,Online,NY,2024-06-07 02:15:00,0
TXN0015178,8.69,ATM,NY,2024-06-07 02:30:00,0
TXN0015179,45.62,Transfer,IL,2024-06-07 02:45:00,0
TXN0015180,26.26,Transfer,NY,2024-06-07 03:00:00,0
TXN0015181,5.59,ATM,FL,2024-06-07 03:15:00,0
TXN0015182,22.05,ATM,NY,2024-06-07 03:30:00,0
TXN0015183,20.87,Transfer,FL,2024-06-07 03:45:00,0
TXN0015184,16.32,ATM,CA,2024-06-07 04:00:00,0
TXN0015185,52.92,ATM,WA,2024-06-07 04:15:00,0
TXN0015186,11.63,Online,TX,2024-06-07 04:30:00,0
TXN0015187,413.39,Online,WA,2024-06-07 04:45:00,0
TXN0015188,77.44,Transfer,CA,2024-06-07 05:00:00,0
TXN0015189,6.9,ATM,TX,2024-06-07 05:15:00,0
TXN0015190,1.07,Online,IL,2024-06-07 05:30:00,0
TXN0015191,89.92,ATM,NY,2024-06-07 05:45:00,0
TXN0015192,27.4,ATM,FL,2024-06-07 06:00:00,0
TXN0015193,22.42,Transfer,TX,2024-06-07 06:15:00,0
TXN0015194,6.41,Online,WA,2024-06-07 06:30:00,1
TXN0015195,3.7,Online,NY,2024-06-07 06:45:00,0
TXN0015196,2.24,Online,FL,2024-06-07 07:00:00,0
TXN0015197,424.59,POS,CA,2024-06-07 07:15:00,0
TXN0015198,135.86,ATM,WA,2024-06-07 07:30:00,0
TXN0015199,10.58,ATM,NY,2024-06-07 07:45:00,0
TXN0015200,187.65,Transfer,TX,2024-06-07 08:00:00,0
TXN0015201,2.26,ATM,WA,2024-06-07 08:15:00,0
TXN0015202,46.49,POS,IL,2024-06-07 08:30:00,0
TXN0015203,46.85,POS,CA,2024-06-07 08:45:00,0
TXN0015204,7.33,ATM,NY,2024-06-07 09:00:00,0
TXN0015205,11.83,Transfer,NY,2024-06-07 09:15:00,0
TXN0015206,5.89,POS,FL,2024-06-07 09:30:00,0
TXN0015207,21.31,Online,FL,2024-06-07 09:45:00,0
TXN0015208,96.42,POS,WA,2024-06-07 10:00:00,0
TXN0015209,65.99,Transfer,TX,2024-06-07 10:15:00,0
TXN0015210,33.23,ATM,IL,2024-06-07 10:30:00,0
TXN0015211,76.33,POS,IL,2024-06-07 10:45:00,0
TXN0015212,2.43,Online,TX,2024-06-07 11:00:00,0
TXN0015213,223.29,POS,FL,2024-06-07 11:15:00,0
TXN0015214,19.06,ATM,WA,2024-06-07 11:30:00,0
TXN0015215,4.24,Online,TX,2024-06-07 11:45:00,0
TXN0015216,12.84,Transfer,TX,2024-06-07 12:00:00,0
TXN0015217,9.35,POS,IL,2024-06-07 12:15:00,0
TXN0015218,22.62,POS,CA,2024-06-07 12:30:00,0
TXN0015219,29.33,POS,FL,2024-06-07 12:45:00,0
TXN0015220,1.26,Online,IL,2024-06-07 13:00:00,0
TXN0015221,90.53,POS,TX,2024-06-07 13:15:00,0
TXN0015222,157.94,Transfer,TX,2024-06-07 13:30:00,0
TXN0015223,5.89,Transfer,WA,2024-06-07 13:45:00,0
TXN0015224,116.99,Online,IL,2024-06-07 14:00:00,0
TXN0015225,90.34,POS,NY,2024-06-07 14:15:00,0
TXN0015226,67.5,Online,TX,2024-06-07 14:30:00,1
TXN0015227,140.99,POS,IL,2024-06-07 14:45:00,0
TXN0015228,3.86,Online,NY,2024-06-07 15:00:00,0
TXN0015229,47.91,POS,CA,2024-06-07 15:15:00,0
TXN0015230,6.05,Online,IL,2024-06-07 15:30:00,0
TXN0015231,339.7,Online,FL,2024-06-07 15:45:00,0
TXN0015232,6.34,Transfer,TX,2024-06-07 16:00:00,0
TXN0015233,4.68,POS,IL,2024-06-07 16:15:00,0
TXN0015234,76.97,Transfer,CA,2024-06-07 16:30:00,0
TXN0015235,42.35,Online,FL,2024-06-07 16:45:00,0
TXN0015236,20.86,POS,TX,2024-06-07 17:00:00,0
TXN0015237,23.75,Online,FL,2024-06-07 17:15:00,0
TXN0015238,41.96,Online,FL,2024-06-07 17:30:00,0
TXN0015239,158.6,Online,CA,2024-06-07 17:45:00,0
TXN0015240,8.61,Transfer,FL,2024-06-07 18:00:00,1
TXN0015241,10.33,POS,CA,2024-06-07 18:15:00,0
TXN0015242,10.12,ATM,FL,2024-06-07 18:30:00,0
TXN0015243,18.47,Online,WA,2024-06-07 18:45:00,0
TXN0015244,20.45,Online,NY,2024-06-07 19:00:00,0
TXN0015245,4.33,POS,NY,2024-06-07 19:15:00,0
TXN0015246,28.94,Online,WA,2024-06-07 19:30:00,0
TXN0015247,4.45,Transfer,WA,2024-06-07 19:45:00,0
TXN0015248,13.9,Online,CA,2024-06-07 20:00:00,0
TXN0015249,14.95,ATM,WA,2024-06-07 20:15:00,0
TXN0015250,15.06,ATM,FL,2024-06-07 20:30:00,0
TXN0015251,118.66,ATM,NY,2024-06-07 20:45:00,0
TXN0015252,142.88,Online,TX,2024-06-07 21:00:00,0
TXN0015253,73.17,Transfer,WA,2024-06-07 21:15:00,0
TXN0015254,133.99,Transfer,NY,2024-06-07 21:30:00,0
TXN0015255,14.3,Transfer,NY,2024-06-07 21:45:00,0
TXN0015256,108.65,POS,WA,2024-06-07 22:00:00,0
TXN0015257,18.91,Transfer,NY,2024-06-07 22:15:00,1
TXN0015258,26.45,POS,IL,2024-06-07 22:30:00,0
TXN0015259,27.9,Transfer,TX,2024-06-07 22:45:00,0
TXN0015260,4.06,Online,IL,2024-06-07 23:00:00,0
TXN0015261,9.69,ATM,TX,2024-06-07 23:15:00,0
TXN0015262,16.63,POS,CA,2024-06-07 23:30:00,0
TXN0015263,31.17,ATM,IL,2024-06-07 23:45:00,0
TXN0015264,17.29,Online,CA,2024-06-08 00:00:00,0
TXN0015265,7.25,Transfer,WA,2024-06-08 00:15:00,0
TXN0015266,5.03,Online,TX,2024-06-08 00:30:00,0
TXN0015267,20.35,Online,NY,2024-06-08 00:45:00,0
TXN0015268,4.88,Transfer,WA,2024-06-08 01:00:00,0
TXN0015269,4.9,Transfer,IL,2024-06-08 01:15:00,0
TXN0015270,17.77,ATM,IL,2024-06-08 01:30:00,0
TXN0015271,24.89,Transfer,CA,2024-06-08 01:45:00,0
TXN0015272,7.44,Online,CA,2024-06-08 02:00:00,1
TXN0015273,2.38,ATM,IL,2024-06-08 02:15:00,0
TXN0015274,28.34,ATM,FL,2024-06-08 02:30:00,0
TXN0015275,53.58,Transfer,FL,2024-06-08 02:45:00,0
TXN0015276,12.32,POS,NY,2024-06-08 03:00:00,0
TXN0015277,12.81,ATM,CA,2024-06-08 03:15:00,0
TXN0015278,1.24,POS,FL,2024-06-08 03:30:00,0
TXN0015279,59.3,POS,IL,2024-06-08 03:45:00,0
TXN0015280,5.4,Transfer,TX,2024-06-08 04:00:00,0
TXN0015281,47.62,Online,CA,2024-06-08 04:15:00,1
TXN0015282,9.91,POS,NY,2024-06-08 04:30:00,0
TXN0015283,16.95,ATM,CA,2024-06-08 04:45:00,0
TXN0015284,16.04,Online,FL,2024-06-08 05:00:00,0
TXN0015285,2.32,POS,WA,2024-06-08 05:15:00,0
TXN0015286,544.53,Transfer,TX,2024-06-08 05:30:00,1
TXN0015287,3.08,POS,NY,2024-06-08 05:45:00,0
TXN0015288,22.92,Transfer,IL,2024-06-08 06:00:00,0
TXN0015289,7.58,Online,TX,2024-06-08 06:15:00,0
TXN0015290,15.13,Online,FL,2024-06-08 06:30:00,0
TXN0015291,104.8,POS,NY,2024-06-08 06:45:00,0
TXN0015292,2.15,ATM,CA,2024-06-08 07:00:00,0
TXN0015293,16.94,Transfer,WA,2024-06-08 07:15:00,0
TXN0015294,36.27,Transfer,FL,2024-06-08 07:30:00,0
TXN0015295,23.21,Transfer,TX,2024-06-08 07:45:00,0
TXN0015296,32.34,POS,IL,2024-06-08 08:00:00,0
TXN0015297,8.17,ATM,TX,2024-06-08 08:15:00,0
TXN0015298,2.81,Online,NY,2024-06-08 08:30:00,0
TXN0015299,4.16,Online,NY,2024-06-08 08:45:00,0
TXN0015300,12.29,POS,IL,2024-06-08 09:00:00,0
TXN0015301,48.94,ATM,CA,2024-06-08 09:15:00,0
TXN0015302,22.13,Transfer,NY,2024-06-08 09:30:00,0
TXN0015303,137.65,Online,CA,2024-06-08 09:45:00,0
TXN0015304,22.67,Online,IL,2024-06-08 10:00:00,0
TXN0015305,25.34,Transfer,IL,2024-06-08 10:15:00,0
TXN0015306,25.54,POS,FL,2024-06-08 10:30:00,0
TXN0015307,2.52,Transfer,CA,2024-06-08 10:45:00,0
TXN0015308,40.1,Online,FL,2024-06-08 11:00:00,0
TXN0015309,5.3,Transfer,CA,2024-06-08 11:15:00,0
TXN0015310,12.74,Transfer,CA,2024-06-08 11:30:00,0
TXN0015311,334.41,POS,NY,2024-06-08 11:45:00,0
TXN0015312,4.56,Transfer,WA,2024-06-08 12:00:00,0
TXN0015313,23.15,Online,CA,2024-06-08 12:15:00,0
TXN0015314,28.51,ATM,FL,2024-06-08 12:30:00,0
TXN0015315,23.45,Transfer,CA,2024-06-08 12:45:00,0
TXN0015316,20.17,POS,CA,2024-06-08 13:00:00,0
TXN0015317,10.28,Online,CA,2024-06-08 13:15:00,0
TXN0015318,219.35,Online,CA,2024-06-08 13:30:00,0
TXN0015319,1.81,ATM,IL,2024-06-08 13:45:00,0
TXN0015320,5.86,Transfer,FL,2024-06-08 14:00:00,0
TXN0015321,119.18,Online,NY,2024-06-08 14:15:00,0
TXN0015322,38.81,Transfer,NY,2024-06-08 14:30:00,1
TXN0015323,8.02,Online,FL,2024-06-08 14:45:00,0
TXN0015324,6.84,Online,WA,2024-06-08 15:00:00,1
TXN0015325,14.9,ATM,CA,2024-06-08 15:15:00,0
TXN0015326,477.09,Transfer,WA,2024-06-08 15:30:00,0
TXN0015327,36.31,ATM,IL,2024-06-08 15:45:00,0
TXN0015328,5.83,Online,NY,2024-06-08 16:00:00,0
TXN0015329,26.73,Transfer,WA,2024-06-08 16:15:00,0
TXN0015330,9.47,Transfer,FL,2024-06-08 16:30:00,0
TXN0015331,121.27,Transfer,FL,2024-06-08 16:45:00,0
TXN0015332,28.58,Online,IL,2024-06-08 17:00:00,0
TXN0015333,91.15,Transfer,FL,2024-06-08 17:15:00,0
TXN0015334,24.37,Online,NY,2024-06-08 17:30:00,0
TXN0015335,231.97,ATM,WA,2024-06-08 17:45:00,0
TXN0015336,32.93,Transfer,CA,2024-06-08 18:00:00,0
TXN0015337,28.13,POS,NY,2024-06-08 18:15:00,0
TXN0015338,5.91,ATM,NY,2024-06-08 18:30:00,0
TXN0015339,12.11,Transfer,NY,2024-06-08 18:45:00,0
TXN0015340,32.08,Online,FL,2024-06-08 19:00:00,0
TXN0015341,11.07,ATM,NY,2024-06-08 19:15:00,0
TXN0015342,397.52,Transfer,FL,2024-06-08 19:30:00,0
TXN0015343,19.82,Online,TX,2024-06-08 19:45:00,0
TXN0015344,8.05,Transfer,FL,2024-06-08 20:00:00,0
TXN0015345,65.71,POS,IL,2024-06-08 20:15:00,0
TXN0015346,10.64,Transfer,TX,2024-06-08 20:30:00,0
TXN0015347,32.73,Online,TX,2024-06-08 20:45:00,0
TXN0015348,17.96,ATM,CA,2024-06-08 21:00:00,0
TXN0015349,8.46,POS,TX,2024-06-08 21:15:00,0
TXN0015350,106.28,Online,FL,2024-06-08 21:30:00,0
TXN0015351,22.42,Transfer,WA,2024-06-08 21:45:00,0
TXN0015352,74.12,ATM,CA,2024-06-08 22:00:00,0
TXN0015353,13.37,POS,IL,2024-06-08 22:15:00,0
TXN0015354,3.62,ATM,NY,2024-06-08 22:30:00,0
TXN0015355,4.52,Transfer,IL,2024-06-08 22:45:00,0
TXN0015356,10.78,Online,CA,2024-06-08 23:00:00,0
TXN0015357,16.11,ATM,TX,2024-06-08 23:15:00,0
TXN0015358,21.46,ATM,WA,2024-06-08 23:30:00,0
TXN0015359,37.18,Online,WA,2024-06-08 23:45:00,0
TXN0015360,4.52,Transfer,IL,2024-06-09 00:00:00,0
TXN0015361,26.45,POS,NY,2024-06-09 00:15:00,0
TXN0015362,4.66,ATM,TX,2024-06-09 00:30:00,0
TXN0015363,8.84,ATM,NY,2024-06-09 00:45:00,0
TXN0015364,436.31,Online,CA,2024-06-09 01:00:00,0
TXN0015365,92.64,Transfer,IL,2024-06-09 01:15:00,0
TXN0015366,13.0,POS,IL,2024-06-09 01:30:00,0
TXN0015367,172.6,ATM,WA,2024-06-09 01:45:00,0
TXN0015368,110.26,Transfer,CA,2024-06-09 02:00:00,0
TXN0015369,58.39,ATM,TX,2024-06-09 02:15:00,0
TXN0015370,116.88,Transfer,NY,2024-06-09 02:30:00,0
TXN0015371,14.92,Transfer,WA,2024-06-09 02:45:00,0
TXN0015372,17.29,Transfer,TX,2024-06-09 03:00:00,0
TXN0015373,7.16,Transfer,IL,2024-06-09 03:15:00,0
TXN0015374,40.46,Transfer,CA,2024-06-09 03:30:00,0
TXN0015375,4.46,POS,WA,2024-06-09 03:45:00,0
TXN0015376,10.98,ATM,CA,2024-06-09 04:00:00,0
TXN0015377,34.83,Transfer,IL,2024-06-09 04:15:00,0
TXN0015378,10.96,ATM,FL,2024-06-09 04:30:00,0
TXN0015379,30.46,POS,IL,2024-06-09 04:45:00,0
TXN0015380,179.46,Online,WA,2024-06-09 05:00:00,0
TXN0015381,6.16,Online,NY,2024-06-09 05:15:00,0
TXN0015382,108.24,POS,FL,2024-06-09 05:30:00,0
TXN0015383,8.85,POS,CA,2024-06-09 05:45:00,0
TXN0015384,6.55,Online,FL,2024-06-09 06:00:00,0
TXN0015385,26.33,Transfer,CA,2024-06-09 06:15:00,0
TXN0015386,69.01,Transfer,TX,2024-06-09 06:30:00,0
TXN0015387,8.53,ATM,TX,2024-06-09 06:45:00,0
TXN0015388,8.38,ATM,IL,2024-06-09 07:00:00,0
TXN0015389,11.85,ATM,FL,2024-06-09 07:15:00,0
TXN0015390,8.46,ATM,FL,2024-06-09 07:30:00,0
TXN0015391,25.19,Online,WA,2024-06-09 07:45:00,0
TXN0015392,8.54,Transfer,WA,2024-06-09 08:00:00,0
TXN0015393,14.8,Online,NY,2024-06-09 08:15:00,0
TXN0015394,30.72,POS,WA,2024-06-09 08:30:00,0
TXN0015395,12.17,Transfer,WA,2024-06-09 08:45:00,0
TXN0015396,80.22,ATM,WA,2024-06-09 09:00:00,0
TXN0015397,8.92,Transfer,TX,2024-06-09 09:15:00,0
TXN0015398,7.96,Transfer,WA,2024-06-09 09:30:00,0
TXN0015399,231.75,POS,WA,2024-06-09 09:45:00,0
TXN0015400,122.37,ATM,FL,2024-06-09 10:00:00,0
TXN0015401,21.88,ATM,CA,2024-06-09 10:15:00,0
TXN0015402,54.4,Transfer,IL,2024-06-09 10:30:00,0
TXN0015403,30.22,Transfer,FL,2024-06-09 10:45:00,0
TXN0015404,10.89,POS,NY,2024-06-09 11:00:00,0
TXN0015405,45.2,ATM,FL,2024-06-09 11:15:00,0
TXN0015406,28.94,Transfer,CA,2024-06-09 11:30:00,0
TXN0015407,93.52,Online,TX,2024-06-09 11:45:00,0
TXN0015408,2.2,Online,TX,2024-06-09 12:00:00,0
TXN0015409,52.9,Transfer,IL,2024-06-09 12:15:00,0
TXN0015410,24.54,POS,NY,2024-06-09 12:30:00,0
TXN0015411,8.81,ATM,FL,2024-06-09 12:45:00,0
TXN0015412,12.01,Online,IL,2024-06-09 13:00:00,0
TXN0015413,12.36,ATM,TX,2024-06-09 13:15:00,0
TXN0015414,4.11,Transfer,TX,2024-06-09 13:30:00,0
TXN0015415,10.09,ATM,NY,2024-06-09 13:45:00,0
TXN0015416,51.38,Online,TX,2024-06-09 14:00:00,0
TXN0015417,3.25,POS,CA,2024-06-09 14:15:00,0
TXN0015418,12.79,ATM,NY,2024-06-09 14:30:00,0
TXN0015419,1.18,Online,IL,2024-06-09 14:45:00,0
TXN0015420,10.07,ATM,FL,2024-06-09 15:00:00,0
TXN0015421,32.13,Transfer,NY,2024-06-09 15:15:00,0
TXN0015422,18.91,POS,WA,2024-06-09 15:30:00,0
TXN0015423,21.18,Transfer,TX,2024-06-09 15:45:00,0
TXN0015424,5.25,Transfer,IL,2024-06-09 16:00:00,0
TXN0015425,39.81,ATM,TX,2024-06-09 16:15:00,0
TXN0015426,6.79,Online,TX,2024-06-09 16:30:00,0
TXN0015427,59.77,ATM,TX,2024-06-09 16:45:00,0
TXN0015428,25.9,Online,FL,2024-06-09 17:00:00,0
TXN0015429,12.67,Transfer,FL,2024-06-09 17:15:00,0
TXN0015430,119.49,Online,CA,2024-06-09 17:30:00,0
TXN0015431,12.51,POS,TX,2024-06-09 17:45:00,0
TXN0015432,68.67,Transfer,WA,2024-06-09 18:00:00,0
TXN0015433,22.78,Online,TX,2024-06-09 18:15:00,1
TXN0015434,20.1,Transfer,NY,2024-06-09 18:30:00,0
TXN0015435,66.79,Online,FL,2024-06-09 18:45:00,0
TXN0015436,33.99,POS,NY,2024-06-09 19:00:00,0
TXN0015437,19.91,POS,WA,2024-06-09 19:15:00,0
TXN0015438,17.43,ATM,CA,2024-06-09 19:30:00,0
TXN0015439,25.92,ATM,WA,2024-06-09 19:45:00,0
TXN0015440,22.27,ATM,NY,2024-06-09 20:00:00,0
TXN0015441,13.58,POS,NY,2024-06-09 20:15:00,0
TXN0015442,5.79,Online,FL,2024-06-09 20:30:00,0
TXN0015443,0.9,Transfer,NY,2024-06-09 20:45:00,0
TXN0015444,17.58,POS,TX,2024-06-09 21:00:00,0
TXN0015445,15.02,Online,WA,2024-06-09 21:15:00,0
TXN0015446,86.24,POS,CA,2024-06-09 21:30:00,0
TXN0015447,34.46,Transfer,FL,2024-06-09 21:45:00,0
TXN0015448,79.05,POS,NY,2024-06-09 22:00:00,0
TXN0015449,161.52,POS,NY,2024-06-09 22:15:00,0
TXN0015450,17.67,ATM,IL,2024-06-09 22:30:00,0
TXN0015451,7.33,POS,CA,2024-06-09 22:45:00,0
TXN0015452,53.61,Online,CA,2024-06-09 23:00:00,0
TXN0015453,9.84,POS,TX,2024-06-09 23:15:00,0
TXN0015454,14.82,Transfer,IL,2024-06-09 23:30:00,0
TXN0015455,113.1,Online,CA,2024-06-09 23:45:00,0
TXN0015456,39.04,POS,WA,2024-06-10 00:00:00,0
TXN0015457,75.05,POS,TX,2024-06-10 00:15:00,0
TXN0015458,3.99,Transfer,FL,2024-06-10 00:30:00,0
TXN0015459,21.0,Online,CA,2024-06-10 00:45:00,1
TXN0015460,77.09,Online,TX,2024-06-10 01:00:00,0
TXN0015461,4.33,Online,WA,2024-06-10 01:15:00,0
TXN0015462,25.54,POS,NY,2024-06-10 01:30:00,0
TXN0015463,32.7,Online,CA,2024-06-10 01:45:00,0
TXN0015464,1.27,ATM,FL,2024-06-10 02:00:00,0
TXN0015465,136.8,POS,NY,2024-06-10 02:15:00,0
TXN0015466,8.56,ATM,FL,2024-06-10 02:30:00,0
TXN0015467,17.06,Transfer,NY,2024-06-10 02:45:00,0
TXN0015468,151.06,Transfer,CA,2024-06-10 03:00:00,0
TXN0015469,2.35,ATM,IL,2024-06-10 03:15:00,0
TXN0015470,35.17,ATM,TX,2024-06-10 03:30:00,0
TXN0015471,11.78,POS,FL,2024-06-10 03:45:00,0
TXN0015472,21.23,POS,TX,2024-06-10 04:00:00,0
TXN0015473,7.54,POS,WA,2024-06-10 04:15:00,0
TXN0015474,103.59,Transfer,NY,2024-06-10 04:30:00,0
TXN0015475,5.25,ATM,TX,2024-06-10 04:45:00,0
TXN0015476,31.12,Transfer,IL,2024-06-10 05:00:00,0
TXN0015477,38.61,ATM,NY,2024-06-10 05:15:00,1
TXN0015478,18.05,POS,NY,2024-06-10 05:30:00,0
TXN0015479,14.52,Online,IL,2024-06-10 05:45:00,0
TXN0015480,14.66,Online,NY,2024-06-10 06:00:00,0
TXN0015481,68.82,POS,CA,2024-06-10 06:15:00,0
TXN0015482,34.69,POS,FL,2024-06-10 06:30:00,0
TXN0015483,18.27,POS,IL,2024-06-10 06:45:00,0
TXN0015484,5.44,Transfer,IL,2024-06-10 07:00:00,0
TXN0015485,24.41,Transfer,IL,2024-06-10 07:15:00,0
TXN0015486,38.24,ATM,CA,2024-06-10 07:30:00,0
TXN0015487,19.4,Transfer,NY,2024-06-10 07:45:00,0
TXN0015488,113.17,Online,CA,2024-06-10 08:00:00,0
TXN0015489,2.04,ATM,NY,2024-06-10 08:15:00,0
TXN0015490,402.16,ATM,WA,2024-06-10 08:30:00,0
TXN0015491,16.18,Transfer,WA,2024-06-10 08:45:00,0
TXN0015492,5.14,ATM,FL,2024-06-10 09:00:00,0
TXN0015493,2.49,ATM,WA,2024-06-10 09:15:00,0
TXN0015494,57.15,Online,WA,2024-06-10 09:30:00,0
TXN0015495,40.12,Transfer,IL,2024-06-10 09:45:00,0
TXN0015496,15.55,Transfer,WA,2024-06-10 10:00:00,0
TXN0015497,19.03,Online,FL,2024-06-10 10:15:00,0
TXN0015498,24.72,POS,FL,2024-06-10 10:30:00,0
TXN0015499,12.14,POS,FL,2024-06-10 10:45:00,0
TXN0015500,80.6,POS,IL,2024-06-10 11:00:00,0
TXN0015501,42.78,Transfer,IL,2024-06-10 11:15:00,0
TXN0015502,17.48,Transfer,CA,2024-06-10 11:30:00,0
TXN0015503,2.82,Online,NY,2024-06-10 11:45:00,0
TXN0015504,104.62,ATM,CA,2024-06-10 12:00:00,0
TXN0015505,11.38,POS,IL,2024-06-10 12:15:00,0
TXN0015506,5.83,Transfer,CA,2024-06-10 12:30:00,0
TXN0015507,94.97,Transfer,IL,2024-06-10 12:45:00,0
TXN0015508,36.76,POS,TX,2024-06-10 13:00:00,0
TXN0015509,1.8,POS,CA,2024-06-10 13:15:00,0
TXN0015510,2.75,ATM,FL,2024-06-10 13:30:00,0
TXN0015511,12.54,Online,NY,2024-06-10 13:45:00,0
TXN0015512,4.47,POS,TX,2024-06-10 14:00:00,0
TXN0015513,16.8,POS,IL,2024-06-10 14:15:00,0
TXN0015514,467.08,ATM,WA,2024-06-10 14:30:00,0
TXN0015515,724.0,POS,CA,2024-06-10 14:45:00,0
TXN0015516,19.25,ATM,IL,2024-06-10 15:00:00,0
TXN0015517,52.94,Online,WA,2024-06-10 15:15:00,0
TXN0015518,58.98,POS,TX,2024-06-10 15:30:00,0
TXN0015519,17.55,POS,CA,2024-06-10 15:45:00,0
TXN0015520,3.44,Transfer,IL,2024-06-10 16:00:00,0
TXN0015521,73.63,ATM,FL,2024-06-10 16:15:00,0
TXN0015522,16.38,Transfer,CA,2024-06-10 16:30:00,0
TXN0015523,34.97,Transfer,WA,2024-06-10 16:45:00,0
TXN0015524,47.44,Online,IL,2024-06-10 17:00:00,0
TXN0015525,7.68,POS,NY,2024-06-10 17:15:00,0
TXN0015526,153.79,ATM,NY,2024-06-10 17:30:00,0
TXN0015527,22.21,Online,WA,2024-06-10 17:45:00,1
TXN0015528,26.58,Transfer,WA,2024-06-10 18:00:00,0
TXN0015529,12.07,Online,WA,2024-06-10 18:15:00,0
TXN0015530,47.63,POS,IL,2024-06-10 18:30:00,0
TXN0015531,68.47,Online,NY,2024-06-10 18:45:00,0
TXN0015532,10.39,Transfer,IL,2024-06-10 19:00:00,0
TXN0015533,40.98,POS,FL,2024-06-10 19:15:00,0
TXN0015534,12.05,Transfer,TX,2024-06-10 19:30:00,0
TXN0015535,4.63,Transfer,IL,2024-06-10 19:45:00,0
TXN0015536,13.67,POS,FL,2024-06-10 20:00:00,0
TXN0015537,42.24,Transfer,IL,2024-06-10 20:15:00,0
TXN0015538,39.46,POS,NY,2024-06-10 20:30:00,1
TXN0015539,74.36,POS,NY,2024-06-10 20:45:00,0
TXN0015540,9.04,Transfer,FL,2024-06-10 21:00:00,0
TXN0015541,14.12,Transfer,CA,2024-06-10 21:15:00,0
TXN0015542,22.18,ATM,WA,2024-06-10 21:30:00,0
TXN0015543,42.86,Transfer,TX,2024-06-10 21:45:00,0
TXN0015544,17.67,ATM,FL,2024-06-10 22:00:00,0
TXN0015545,6.49,Transfer,WA,2024-06-10 22:15:00,0
TXN0015546,3.16,Online,NY,2024-06-10 22:30:00,0
TXN0015547,83.94,Transfer,NY,2024-06-10 22:45:00,0
TXN0015548,73.57,POS,WA,2024-06-10 23:00:00,0
TXN0015549,9.15,Transfer,WA,2024-06-10 23:15:00,0
TXN0015550,120.66,POS,WA,2024-06-10 23:30:00,0
TXN0015551,18.87,Online,NY,2024-06-10 23:45:00,0
TXN0015552,35.2,ATM,WA,2024-06-11 00:00:00,0
TXN0015553,93.02,ATM,NY,2024-06-11 00:15:00,0
TXN0015554,11.44,Online,WA,2024-06-11 00:30:00,0
TXN0015555,8.02,Transfer,CA,2024-06-11 00:45:00,0
TXN0015556,2.52,Online,WA,2024-06-11 01:00:00,0
TXN0015557,29.45,ATM,CA,2024-06-11 01:15:00,0
TXN0015558,35.09,Online,NY,2024-06-11 01:30:00,0
TXN0015559,57.69,ATM,FL,2024-06-11 01:45:00,0
TXN0015560,42.26,ATM,CA,2024-06-11 02:00:00,0
TXN0015561,23.18,ATM,WA,2024-06-11 02:15:00,0
TXN0015562,81.42,Online,WA,2024-06-11 02:30:00,0
TXN0015563,5.95,Online,CA,2024-06-11 02:45:00,0
TXN0015564,32.68,Transfer,IL,2024-06-11 03:00:00,0
TXN0015565,37.94,Transfer,IL,2024-06-11 03:15:00,0
TXN0015566,17.68,POS,IL,2024-06-11 03:30:00,0
TXN0015567,163.53,ATM,NY,2024-06-11 03:45:00,0
TXN0015568,34.69,Transfer,WA,2024-06-11 04:00:00,0
TXN0015569,103.66,Online,NY,2024-06-11 04:15:00,0
TXN0015570,60.26,Online,FL,2024-06-11 04:30:00,0
TXN0015571,16.49,ATM,TX,2024-06-11 04:45:00,0
TXN0015572,210.17,ATM,CA,2024-06-11 05:00:00,0
TXN0015573,77.92,Transfer,NY,2024-06-11 05:15:00,0
TXN0015574,20.94,ATM,WA,2024-06-11 05:30:00,0
TXN0015575,17.74,ATM,TX,2024-06-11 05:45:00,0
TXN0015576,5.88,Online,NY,2024-06-11 06:00:00,0
TXN0015577,17.07,POS,CA,2024-06-11 06:15:00,0
TXN0015578,15.4,POS,IL,2024-06-11 06:30:00,0
TXN0015579,26.36,Online,CA,2024-06-11 06:45:00,0
TXN0015580,12.31,ATM,NY,2024-06-11 07:00:00,0
TXN0015581,40.75,POS,NY,2024-06-11 07:15:00,0
TXN0015582,18.55,Online,FL,2024-06-11 07:30:00,0
TXN0015583,3.05,Online,WA,2024-06-11 07:45:00,0
TXN0015584,11.13,Online,WA,2024-06-11 08:00:00,0
TXN0015585,6.94,Online,CA,2024-06-11 08:15:00,0
TXN0015586,4.41,ATM,WA,2024-06-11 08:30:00,0
TXN0015587,15.1,Transfer,CA,2024-06-11 08:45:00,0
TXN0015588,61.64,POS,NY,2024-06-11 09:00:00,0
TXN0015589,5.33,ATM,FL,2024-06-11 09:15:00,0
TXN0015590,1.83,Transfer,TX,2024-06-11 09:30:00,0
TXN0015591,16.87,ATM,FL,2024-06-11 09:45:00,0
TXN0015592,750.89,ATM,FL,2024-06-11 10:00:00,0
TXN0015593,10.07,POS,TX,2024-06-11 10:15:00,0
TXN0015594,28.47,Transfer,WA,2024-06-11 10:30:00,0
TXN0015595,12.5,Online,CA,2024-06-11 10:45:00,0
TXN0015596,57.78,POS,WA,2024-06-11 11:00:00,0
TXN0015597,116.6,Online,CA,2024-06-11 11:15:00,0
TXN0015598,16.96,Online,IL,2024-06-11 11:30:00,0
TXN0015599,85.45,Transfer,NY,2024-06-11 11:45:00,0
TXN0015600,5.57,POS,NY,2024-06-11 12:00:00,0
TXN0015601,26.43,POS,NY,2024-06-11 12:15:00,0
TXN0015602,4.45,ATM,TX,2024-06-11 12:30:00,0
TXN0015603,25.77,Online,WA,2024-06-11 12:45:00,0
TXN0015604,9.82,ATM,TX,2024-06-11 13:00:00,0
TXN0015605,27.45,ATM,NY,2024-06-11 13:15:00,0
TXN0015606,5.33,Transfer,TX,2024-06-11 13:30:00,0
TXN0015607,27.18,POS,WA,2024-06-11 13:45:00,0
TXN0015608,23.59,Transfer,TX,2024-06-11 14:00:00,0
TXN0015609,10.36,Transfer,IL,2024-06-11 14:15:00,0
TXN0015610,7.83,Transfer,WA,2024-06-11 14:30:00,0
TXN0015611,4.94,ATM,IL,2024-06-11 14:45:00,1
TXN0015612,12.78,POS,NY,2024-06-11 15:00:00,0
TXN0015613,33.43,ATM,TX,2024-06-11 15:15:00,0
TXN0015614,17.56,Transfer,CA,2024-06-11 15:30:00,0
TXN0015615,24.89,POS,NY,2024-06-11 15:45:00,0
TXN0015616,95.04,Online,WA,2024-06-11 16:00:00,0
TXN0015617,13.99,POS,IL,2024-06-11 16:15:00,1
TXN0015618,29.41,POS,FL,2024-06-11 16:30:00,0
TXN0015619,56.02,Online,TX,2024-06-11 16:45:00,0
TXN0015620,38.4,Transfer,FL,2024-06-11 17:00:00,0
TXN0015621,32.9,Online,WA,2024-06-11 17:15:00,0
TXN0015622,22.74,Transfer,CA,2024-06-11 17:30:00,0
TXN0015623,210.92,ATM,CA,2024-06-11 17:45:00,0
TXN0015624,18.87,Transfer,IL,2024-06-11 18:00:00,0
TXN0015625,12.97,Transfer,CA,2024-06-11 18:15:00,0
TXN0015626,42.15,Online,TX,2024-06-11 18:30:00,0
TXN0015627,148.36,ATM,CA,2024-06-11 18:45:00,0
TXN0015628,113.8,POS,CA,2024-06-11 19:00:00,0
TXN0015629,21.52,POS,NY,2024-06-11 19:15:00,0
TXN0015630,56.43,POS,IL,2024-06-11 19:30:00,0
TXN0015631,37.78,ATM,WA,2024-06-11 19:45:00,0
TXN0015632,22.65,POS,TX,2024-06-11 20:00:00,0
TXN0015633,45.44,Online,NY,2024-06-11 20:15:00,0
TXN0015634,43.66,ATM,IL,2024-06-11 20:30:00,0
TXN0015635,24.53,Transfer,NY,2024-06-11 20:45:00,0
TXN0015636,165.24,Online,FL,2024-06-11 21:00:00,0
TXN0015637,13.15,Online,TX,2024-06-11 21:15:00,0
TXN0015638,111.1,POS,NY,2024-06-11 21:30:00,0
TXN0015639,259.76,Online,IL,2024-06-11 21:45:00,0
TXN0015640,264.35,ATM,CA,2024-06-11 22:00:00,0
TXN0015641,28.8,Transfer,WA,2024-06-11 22:15:00,0
TXN0015642,16.62,Online,FL,2024-06-11 22:30:00,0
TXN0015643,3.02,POS,WA,2024-06-11 22:45:00,0
TXN0015644,19.34,ATM,WA,2024-06-11 23:00:00,0
TXN0015645,391.95,POS,CA,2024-06-11 23:15:00,0
TXN0015646,3.14,ATM,TX,2024-06-11 23:30:00,0
TXN0015647,3.22,Transfer,TX,2024-06-11 23:45:00,0
TXN0015648,56.81,Transfer,FL,2024-06-12 00:00:00,0
TXN0015649,43.63,ATM,FL,2024-06-12 00:15:00,0
TXN0015650,2.3,POS,TX,2024-06-12 00:30:00,0
TXN0015651,19.33,POS,WA,2024-06-12 00:45:00,0
TXN0015652,31.23,Online,FL,2024-06-12 01:00:00,0
TXN0015653,3.34,ATM,FL,2024-06-12 01:15:00,0
TXN0015654,65.89,POS,IL,2024-06-12 01:30:00,0
TXN0015655,4.2,POS,FL,2024-06-12 01:45:00,0
TXN0015656,81.0,POS,NY,2024-06-12 02:00:00,0
TXN0015657,26.45,ATM,WA,2024-06-12 02:15:00,0
TXN0015658,8.95,POS,CA,2024-06-12 02:30:00,0
TXN0015659,2.99,Online,FL,2024-06-12 02:45:00,0
TXN0015660,13.73,Transfer,NY,2024-06-12 03:00:00,0
TXN0015661,18.47,ATM,TX,2024-06-12 03:15:00,0
TXN0015662,17.71,Online,NY,2024-06-12 03:30:00,0
TXN0015663,10.13,Online,WA,2024-06-12 03:45:00,0
TXN0015664,16.06,Online,CA,2024-06-12 04:00:00,0
TXN0015665,59.11,Online,IL,2024-06-12 04:15:00,0
TXN0015666,6.92,Transfer,FL,2024-06-12 04:30:00,0
TXN0015667,16.08,Online,WA,2024-06-12 04:45:00,0
TXN0015668,35.96,Online,IL,2024-06-12 05:00:00,0
TXN0015669,20.14,ATM,WA,2024-06-12 05:15:00,0
TXN0015670,58.58,Online,FL,2024-06-12 05:30:00,0
TXN0015671,134.34,Transfer,TX,2024-06-12 05:45:00,0
TXN0015672,13.5,Transfer,CA,2024-06-12 06:00:00,0
TXN0015673,26.8,POS,WA,2024-06-12 06:15:00,0
TXN0015674,0.6,ATM,TX,2024-06-12 06:30:00,0
TXN0015675,13.6,ATM,NY,2024-06-12 06:45:00,0
TXN0015676,46.29,Online,WA,2024-06-12 07:00:00,0
TXN0015677,5.36,ATM,FL,2024-06-12 07:15:00,0
TXN0015678,102.35,ATM,TX,2024-06-12 07:30:00,0
TXN0015679,2.14,POS,WA,2024-06-12 07:45:00,0
TXN0015680,104.82,Online,TX,2024-06-12 08:00:00,0
TXN0015681,11.07,Transfer,FL,2024-06-12 08:15:00,0
TXN0015682,6.03,POS,WA,2024-06-12 08:30:00,0
TXN0015683,11.48,Transfer,CA,2024-06-12 08:45:00,0
TXN0015684,14.95,Online,TX,2024-06-12 09:00:00,0
TXN0015685,6.06,POS,CA,2024-06-12 09:15:00,0
TXN0015686,3.9,ATM,CA,2024-06-12 09:30:00,0
TXN0015687,10.95,Transfer,FL,2024-06-12 09:45:00,0
TXN0015688,64.38,ATM,TX,2024-06-12 10:00:00,0
TXN0015689,33.52,Online,NY,2024-06-12 10:15:00,0
TXN0015690,103.54,Transfer,NY,2024-06-12 10:30:00,0
TXN0015691,9.86,ATM,NY,2024-06-12 10:45:00,0
TXN0015692,13.39,Online,WA,2024-06-12 11:00:00,0
TXN0015693,13.74,Online,TX,2024-06-12 11:15:00,0
TXN0015694,24.41,POS,WA,2024-06-12 11:30:00,0
TXN0015695,35.78,POS,TX,2024-06-12 11:45:00,0
TXN0015696,170.24,Transfer,FL,2024-06-12 12:00:00,0
TXN0015697,47.85,POS,FL,2024-06-12 12:15:00,0
TXN0015698,25.0,Online,IL,2024-06-12 12:30:00,0
TXN0015699,104.92,Online,TX,2024-06-12 12:45:00,0
TXN0015700,7.99,ATM,TX,2024-06-12 13:00:00,0
TXN0015701,4.21,POS,CA,2024-06-12 13:15:00,0
TXN0015702,45.75,ATM,WA,2024-06-12 13:30:00,0
TXN0015703,25.04,Online,WA,2024-06-12 13:45:00,0
TXN0015704,23.66,Online,NY,2024-06-12 14:00:00,0
TXN0015705,62.88,Transfer,NY,2024-06-12 14:15:00,0
TXN0015706,13.68,POS,IL,2024-06-12 14:30:00,0
TXN0015707,17.88,POS,CA,2024-06-12 14:45:00,0
TXN0015708,32.3,Transfer,TX,2024-06-12 15:00:00,0
TXN0015709,44.71,POS,NY,2024-06-12 15:15:00,0
TXN0015710,66.9,Transfer,IL,2024-06-12 15:30:00,0
TXN0015711,23.55,Online,WA,2024-06-12 15:45:00,0
TXN0015712,28.12,ATM,IL,2024-06-12 16:00:00,0
TXN0015713,1.11,ATM,FL,2024-06-12 16:15:00,0
TXN0015714,89.11,ATM,TX,2024-06-12 16:30:00,0
TXN0015715,3.09,POS,FL,2024-06-12 16:45:00,0
TXN0015716,19.35,ATM,WA,2024-06-12 17:00:00,0
TXN0015717,431.52,Online,CA,2024-06-12 17:15:00,0
TXN0015718,13.76,POS,TX,2024-06-12 17:30:00,0
TXN0015719,3.04,Transfer,TX,2024-06-12 17:45:00,0
TXN0015720,142.02,Online,NY,2024-06-12 18:00:00,0
TXN0015721,10.46,Online,IL,2024-06-12 18:15:00,0
TXN0015722,16.74,POS,IL,2024-06-12 18:30:00,0
TXN0015723,16.7,Online,FL,2024-06-12 18:45:00,0
TXN0015724,49.35,POS,WA,2024-06-12 19:00:00,0
TXN0015725,51.9,POS,CA,2024-06-12 19:15:00,0
TXN0015726,17.55,Transfer,FL,2024-06-12 19:30:00,0
TXN0015727,77.53,ATM,IL,2024-06-12 19:45:00,0
TXN0015728,6.87,Transfer,TX,2024-06-12 20:00:00,0
TXN0015729,45.84,Transfer,NY,2024-06-12 20:15:00,0
TXN0015730,9.62,POS,FL,2024-06-12 20:30:00,0
TXN0015731,47.15,Transfer,NY,2024-06-12 20:45:00,0
TXN0015732,9.1,ATM,TX,2024-06-12 21:00:00,0
TXN0015733,11.99,POS,NY,2024-06-12 21:15:00,0
TXN0015734,119.88,Transfer,IL,2024-06-12 21:30:00,0
TXN0015735,5.26,POS,TX,2024-06-12 21:45:00,1
TXN0015736,4.95,Transfer,WA,2024-06-12 22:00:00,0
TXN0015737,40.48,Online,WA,2024-06-12 22:15:00,0
TXN0015738,14.69,Transfer,NY,2024-06-12 22:30:00,0
TXN0015739,12.1,ATM,WA,2024-06-12 22:45:00,0
TXN0015740,17.09,ATM,TX,2024-06-12 23:00:00,0
TXN0015741,259.99,Transfer,NY,2024-06-12 23:15:00,0
TXN0015742,5.84,POS,NY,2024-06-12 23:30:00,0
TXN0015743,14.65,ATM,TX,2024-06-12 23:45:00,0
TXN0015744,24.74,POS,FL,2024-06-13 00:00:00,0
TXN0015745,6.54,Transfer,WA,2024-06-13 00:15:00,0
TXN0015746,19.41,POS,CA,2024-06-13 00:30:00,0
TXN0015747,36.26,POS,NY,2024-06-13 00:45:00,0
TXN0015748,6.78,POS,CA,2024-06-13 01:00:00,0
TXN0015749,77.48,POS,NY,2024-06-13 01:15:00,0
TXN0015750,5.12,POS,FL,2024-06-13 01:30:00,0
TXN0015751,17.01,POS,WA,2024-06-13 01:45:00,0
TXN0015752,30.29,POS,WA,2024-06-13 02:00:00,0
TXN0015753,924.94,ATM,TX,2024-06-13 02:15:00,0
TXN0015754,2.47,ATM,NY,2024-06-13 02:30:00,1
TXN0015755,28.36,POS,FL,2024-06-13 02:45:00,0
TXN0015756,417.79,ATM,CA,2024-06-13 03:00:00,0
TXN0015757,9.86,Transfer,WA,2024-06-13 03:15:00,0
TXN0015758,74.75,Online,WA,2024-06-13 03:30:00,0
TXN0015759,26.13,POS,NY,2024-06-13 03:45:00,0
TXN0015760,3.63,POS,FL,2024-06-13 04:00:00,0
TXN0015761,32.42,Online,TX,2024-06-13 04:15:00,0
TXN0015762,6.93,Online,TX,2024-06-13 04:30:00,0
TXN0015763,22.39,POS,NY,2024-06-13 04:45:00,0
TXN0015764,3.33,Online,TX,2024-06-13 05:00:00,0
TXN0015765,48.5,Online,CA,2024-06-13 05:15:00,0
TXN0015766,1.11,Transfer,TX,2024-06-13 05:30:00,0
TXN0015767,16.44,Online,FL,2024-06-13 05:45:00,0
TXN0015768,94.62,ATM,TX,2024-06-13 06:00:00,0
TXN0015769,37.45,POS,NY,2024-06-13 06:15:00,0
TXN0015770,13.25,Transfer,WA,2024-06-13 06:30:00,0
TXN0015771,15.21,ATM,CA,2024-06-13 06:45:00,0
TXN0015772,12.08,Online,FL,2024-06-13 07:00:00,0
TXN0015773,526.37,ATM,TX,2024-06-13 07:15:00,0
TXN0015774,18.9,Transfer,TX,2024-06-13 07:30:00,0
TXN0015775,19.8,POS,CA,2024-06-13 07:45:00,0
TXN0015776,8.33,ATM,TX,2024-06-13 08:00:00,0
TXN0015777,11.38,POS,CA,2024-06-13 08:15:00,0
TXN0015778,41.85,POS,NY,2024-06-13 08:30:00,0
TXN0015779,9.68,POS,WA,2024-06-13 08:45:00,0
TXN0015780,7.64,Transfer,WA,2024-06-13 09:00:00,0
TXN0015781,10.39,Online,WA,2024-06-13 09:15:00,0
TXN0015782,13.17,POS,CA,2024-06-13 09:30:00,0
TXN0015783,24.76,POS,FL,2024-06-13 09:45:00,0
TXN0015784,11.23,ATM,WA,2024-06-13 10:00:00,0
TXN0015785,15.98,ATM,WA,2024-06-13 10:15:00,0
TXN0015786,8.17,ATM,TX,2024-06-13 10:30:00,0
TXN0015787,88.73,POS,NY,2024-06-13 10:45:00,0
TXN0015788,22.41,POS,FL,2024-06-13 11:00:00,0
TXN0015789,13.79,POS,WA,2024-06-13 11:15:00,0
TXN0015790,28.48,Online,TX,2024-06-13 11:30:00,0
TXN0015791,19.03,ATM,CA,2024-06-13 11:45:00,0
TXN0015792,3.06,POS,NY,2024-06-13 12:00:00,0
TXN0015793,16.19,Online,FL,2024-06-13 12:15:00,0
TXN0015794,145.88,Online,CA,2024-06-13 12:30:00,0
TXN0015795,36.83,Online,WA,2024-06-13 12:45:00,0
TXN0015796,82.52,POS,FL,2024-06-13 13:00:00,0
TXN0015797,8.99,POS,NY,2024-06-13 13:15:00,0
TXN0015798,3.38,ATM,FL,2024-06-13 13:30:00,0
TXN0015799,8.7,POS,NY,2024-06-13 13:45:00,0
TXN0015800,101.7,ATM,CA,2024-06-13 14:00:00,0
TXN0015801,6.06,Transfer,FL,2024-06-13 14:15:00,0
TXN0015802,7.75,Online,CA,2024-06-13 14:30:00,0
TXN0015803,75.67,Transfer,WA,2024-06-13 14:45:00,0
TXN0015804,14.87,Transfer,NY,2024-06-13 15:00:00,0
TXN0015805,15.83,POS,IL,2024-06-13 15:15:00,0
TXN0015806,31.72,Online,WA,2024-06-13 15:30:00,0
TXN0015807,22.3,Transfer,CA,2024-06-13 15:45:00,0
TXN0015808,13.96,Online,NY,2024-06-13 16:00:00,0
TXN0015809,27.21,POS,FL,2024-06-13 16:15:00,0
TXN0015810,8.52,Transfer,NY,2024-06-13 16:30:00,0
TXN0015811,19.08,ATM,WA,2024-06-13 16:45:00,0
TXN0015812,44.12,POS,WA,2024-06-13 17:00:00,0
TXN0015813,5.62,Online,IL,2024-06-13 17:15:00,0
TXN0015814,15.55,POS,NY,2024-06-13 17:30:00,0
TXN0015815,5.09,POS,TX,2024-06-13 17:45:00,0
TXN0015816,49.16,ATM,CA,2024-06-13 18:00:00,0
TXN0015817,42.02,Transfer,IL,2024-06-13 18:15:00,0
TXN0015818,62.25,Transfer,NY,2024-06-13 18:30:00,1
TXN0015819,69.33,Online,TX,2024-06-13 18:45:00,0
TXN0015820,68.65,Online,NY,2024-06-13 19:00:00,0
TXN0015821,47.49,Online,IL,2024-06-13 19:15:00,0
TXN0015822,7.9,Online,FL,2024-06-13 19:30:00,0
TXN0015823,61.72,Online,TX,2024-06-13 19:45:00,0
TXN0015824,6.72,ATM,WA,2024-06-13 20:00:00,0
TXN0015825,329.93,ATM,NY,2024-06-13 20:15:00,0
TXN0015826,28.4,Transfer,FL,2024-06-13 20:30:00,0
TXN0015827,40.93,POS,NY,2024-06-13 20:45:00,0
TXN0015828,4.57,Transfer,FL,2024-06-13 21:00:00,0
TXN0015829,72.72,ATM,NY,2024-06-13 21:15:00,0
TXN0015830,82.11,ATM,NY,2024-06-13 21:30:00,0
TXN0015831,3.05,POS,CA,2024-06-13 21:45:00,0
TXN0015832,10.29,Online,TX,2024-06-13 22:00:00,0
TXN0015833,11.44,Online,IL,2024-06-13 22:15:00,0
TXN0015834,9.22,Transfer,TX,2024-06-13 22:30:00,0
TXN0015835,105.45,Online,CA,2024-06-13 22:45:00,0
TXN0015836,269.82,ATM,TX,2024-06-13 23:00:00,0
TXN0015837,5.59,Transfer,FL,2024-06-13 23:15:00,0
TXN0015838,70.69,Online,FL,2024-06-13 23:30:00,0
TXN0015839,14.65,Transfer,NY,2024-06-13 23:45:00,0
TXN0015840,103.97,POS,NY,2024-06-14 00:00:00,0
TXN0015841,1.06,ATM,CA,2024-06-14 00:15:00,0
TXN0015842,11.92,Transfer,FL,2024-06-14 00:30:00,0
TXN0015843,86.39,Transfer,IL,2024-06-14 00:45:00,0
TXN0015844,8.05,Online,CA,2024-06-14 01:00:00,0
TXN0015845,83.73,ATM,WA,2024-06-14 01:15:00,0
TXN0015846,10.85,Online,IL,2024-06-14 01:30:00,0
TXN0015847,78.65,Online,IL,2024-06-14 01:45:00,0
TXN0015848,40.42,Online,WA,2024-06-14 02:00:00,0
TXN0015849,12.1,POS,IL,2024-06-14 02:15:00,0
TXN0015850,8.02,POS,IL,2024-06-14 02:30:00,0
TXN0015851,16.35,ATM,NY,2024-06-14 02:45:00,0
TXN0015852,80.57,Transfer,TX,2024-06-14 03:00:00,0
TXN0015853,19.86,Transfer,CA,2024-06-14 03:15:00,0
TXN0015854,9.02,Transfer,NY,2024-06-14 03:30:00,0
TXN0015855,1079.76,ATM,WA,2024-06-14 03:45:00,0
TXN0015856,3.01,POS,WA,2024-06-14 04:00:00,0
TXN0015857,15.25,Transfer,CA,2024-06-14 04:15:00,0
TXN0015858,38.34,ATM,IL,2024-06-14 04:30:00,0
TXN0015859,5.71,POS,WA,2024-06-14 04:45:00,0
TXN0015860,19.73,Transfer,NY,2024-06-14 05:00:00,0
TXN0015861,12.07,Online,NY,2024-06-14 05:15:00,0
TXN0015862,3.38,ATM,WA,2024-06-14 05:30:00,0
TXN0015863,34.56,ATM,CA,2024-06-14 05:45:00,0
TXN0015864,5.1,POS,WA,2024-06-14 06:00:00,0
TXN0015865,8.09,ATM,FL,2024-06-14 06:15:00,0
TXN0015866,87.93,Transfer,CA,2024-06-14 06:30:00,0
TXN0015867,5.22,Transfer,CA,2024-06-14 06:45:00,0
TXN0015868,41.28,POS,TX,2024-06-14 07:00:00,0
TXN0015869,82.73,Online,NY,2024-06-14 07:15:00,0
TXN0015870,65.91,ATM,WA,2024-06-14 07:30:00,0
TXN0015871,35.09,Online,FL,2024-06-14 07:45:00,0
TXN0015872,15.07,Transfer,FL,2024-06-14 08:00:00,1
TXN0015873,3.7,Transfer,CA,2024-06-14 08:15:00,0
TXN0015874,23.74,Transfer,NY,2024-06-14 08:30:00,0
TXN0015875,34.04,Transfer,CA,2024-06-14 08:45:00,0
TXN0015876,10.81,Online,WA,2024-06-14 09:00:00,0
TXN0015877,6.1,POS,NY,2024-06-14 09:15:00,0
TXN0015878,56.55,Transfer,CA,2024-06-14 09:30:00,0
TXN0015879,5.61,Online,IL,2024-06-14 09:45:00,0
TXN0015880,33.84,ATM,NY,2024-06-14 10:00:00,0
TXN0015881,11.16,ATM,NY,2024-06-14 10:15:00,0
TXN0015882,2.63,Online,FL,2024-06-14 10:30:00,0
TXN0015883,138.19,ATM,NY,2024-06-14 10:45:00,0
TXN0015884,41.38,Online,CA,2024-06-14 11:00:00,0
TXN0015885,38.1,Online,TX,2024-06-14 11:15:00,0
TXN0015886,3.62,ATM,CA,2024-06-14 11:30:00,0
TXN0015887,16.99,Transfer,IL,2024-06-14 11:45:00,0
TXN0015888,27.71,ATM,FL,2024-06-14 12:00:00,0
TXN0015889,8.07,POS,TX,2024-06-14 12:15:00,0
TXN0015890,143.47,ATM,IL,2024-06-14 12:30:00,0
TXN0015891,1.74,ATM,IL,2024-06-14 12:45:00,0
TXN0015892,45.92,Transfer,WA,2024-06-14 13:00:00,0
TXN0015893,2.03,POS,FL,2024-06-14 13:15:00,0
TXN0015894,2.99,Transfer,TX,2024-06-14 13:30:00,0
TXN0015895,4.21,Online,NY,2024-06-14 13:45:00,0
TXN0015896,38.86,POS,TX,2024-06-14 14:00:00,0
TXN0015897,8.28,Online,TX,2024-06-14 14:15:00,0
TXN0015898,8.69,Transfer,TX,2024-06-14 14:30:00,0
TXN0015899,6.54,ATM,IL,2024-06-14 14:45:00,0
TXN0015900,3.28,ATM,NY,2024-06-14 15:00:00,0
TXN0015901,6.58,Transfer,FL,2024-06-14 15:15:00,0
TXN0015902,5.91,ATM,IL,2024-06-14 15:30:00,0
TXN0015903,13.1,Transfer,TX,2024-06-14 15:45:00,1
TXN0015904,12.18,Online,FL,2024-06-14 16:00:00,0
TXN0015905,1.07,POS,NY,2024-06-14 16:15:00,0
TXN0015906,8.77,Transfer,NY,2024-06-14 16:30:00,0
TXN0015907,81.78,POS,WA,2024-06-14 16:45:00,0
TXN0015908,10.75,Online,WA,2024-06-14 17:00:00,0
TXN0015909,17.3,Online,IL,2024-06-14 17:15:00,0
TXN0015910,7.91,Online,TX,2024-06-14 17:30:00,0
TXN0015911,8.22,Online,CA,2024-06-14 17:45:00,0
TXN0015912,17.09,ATM,FL,2024-06-14 18:00:00,0
TXN0015913,3.68,Transfer,WA,2024-06-14 18:15:00,0
TXN0015914,15.18,Transfer,WA,2024-06-14 18:30:00,0
TXN0015915,2.5,Online,TX,2024-06-14 18:45:00,0
TXN0015916,27.57,Transfer,CA,2024-06-14 19:00:00,0
TXN0015917,2.77,POS,NY,2024-06-14 19:15:00,0
TXN0015918,40.21,POS,TX,2024-06-14 19:30:00,0
TXN0015919,61.8,ATM,TX,2024-06-14 19:45:00,0
TXN0015920,2.6,Transfer,FL,2024-06-14 20:00:00,0
TXN0015921,41.0,ATM,TX,2024-06-14 20:15:00,0
TXN0015922,11.13,Online,FL,2024-06-14 20:30:00,0
TXN0015923,73.32,Transfer,FL,2024-06-14 20:45:00,0
TXN0015924,9.55,Online,CA,2024-06-14 21:00:00,0
TXN0015925,12.85,POS,CA,2024-06-14 21:15:00,0
TXN0015926,12.7,Transfer,IL,2024-06-14 21:30:00,0
TXN0015927,81.5,POS,CA,2024-06-14 21:45:00,0
TXN0015928,1.76,Online,TX,2024-06-14 22:00:00,0
TXN0015929,45.01,POS,IL,2024-06-14 22:15:00,0
TXN0015930,20.03,ATM,CA,2024-06-14 22:30:00,1
TXN0015931,9.95,Transfer,NY,2024-06-14 22:45:00,0
TXN0015932,13.44,Transfer,NY,2024-06-14 23:00:00,0
TXN0015933,54.84,Transfer,TX,2024-06-14 23:15:00,0
TXN0015934,48.08,Online,TX,2024-06-14 23:30:00,0
TXN0015935,136.54,Transfer,CA,2024-06-14 23:45:00,0
TXN0015936,8.25,Online,IL,2024-06-15 00:00:00,0
TXN0015937,1.84,Online,CA,2024-06-15 00:15:00,0
TXN0015938,9.16,Online,FL,2024-06-15 00:30:00,0
TXN0015939,14.1,ATM,NY,2024-06-15 00:45:00,0
TXN0015940,10.5,ATM,NY,2024-06-15 01:00:00,0
TXN0015941,77.05,ATM,WA,2024-06-15 01:15:00,0
TXN0015942,274.19,POS,IL,2024-06-15 01:30:00,0
TXN0015943,28.04,Online,CA,2024-06-15 01:45:00,0
TXN0015944,2.09,ATM,IL,2024-06-15 02:00:00,0
TXN0015945,61.81,Online,WA,2024-06-15 02:15:00,0
TXN0015946,8.18,ATM,NY,2024-06-15 02:30:00,0
TXN0015947,18.67,ATM,CA,2024-06-15 02:45:00,0
TXN0015948,48.61,POS,FL,2024-06-15 03:00:00,0
TXN0015949,27.56,Online,WA,2024-06-15 03:15:00,0
TXN0015950,16.33,Online,IL,2024-06-15 03:30:00,0
TXN0015951,25.0,ATM,WA,2024-06-15 03:45:00,0
TXN0015952,44.02,Transfer,FL,2024-06-15 04:00:00,0
TXN0015953,37.61,POS,TX,2024-06-15 04:15:00,0
TXN0015954,212.71,Transfer,NY,2024-06-15 04:30:00,0
TXN0015955,0.49,Online,FL,2024-06-15 04:45:00,0
TXN0015956,6.91,ATM,FL,2024-06-15 05:00:00,0
TXN0015957,8.76,Transfer,IL,2024-06-15 05:15:00,0
TXN0015958,47.58,POS,TX,2024-06-15 05:30:00,0
TXN0015959,23.06,Transfer,FL,2024-06-15 05:45:00,0
TXN0015960,49.11,Transfer,WA,2024-06-15 06:00:00,0
TXN0015961,3.19,POS,IL,2024-06-15 06:15:00,0
TXN0015962,13.58,Online,WA,2024-06-15 06:30:00,0
TXN0015963,38.32,POS,NY,2024-06-15 06:45:00,0
TXN0015964,16.6,POS,FL,2024-06-15 07:00:00,0
TXN0015965,10.93,ATM,IL,2024-06-15 07:15:00,0
TXN0015966,24.5,ATM,TX,2024-06-15 07:30:00,0
TXN0015967,127.62,Transfer,IL,2024-06-15 07:45:00,0
TXN0015968,1.41,Online,CA,2024-06-15 08:00:00,0
TXN0015969,118.76,Online,WA,2024-06-15 08:15:00,0
TXN0015970,24.66,POS,CA,2024-06-15 08:30:00,0
TXN0015971,6.32,ATM,CA,2024-06-15 08:45:00,0
TXN0015972,38.9,ATM,IL,2024-06-15 09:00:00,0
TXN0015973,18.53,ATM,IL,2024-06-15 09:15:00,0
TXN0015974,75.27,Online,TX,2024-06-15 09:30:00,0
TXN0015975,6.71,ATM,NY,2024-06-15 09:45:00,0
TXN0015976,56.33,Online,TX,2024-06-15 10:00:00,0
TXN0015977,5.95,POS,FL,2024-06-15 10:15:00,0
TXN0015978,25.88,ATM,IL,2024-06-15 10:30:00,0
TXN0015979,40.67,POS,NY,2024-06-15 10:45:00,0
TXN0015980,16.0,POS,WA,2024-06-15 11:00:00,0
TXN0015981,38.07,Online,FL,2024-06-15 11:15:00,0
TXN0015982,8.63,Online,CA,2024-06-15 11:30:00,0
TXN0015983,63.13,Transfer,WA,2024-06-15 11:45:00,0
TXN0015984,9.65,Transfer,NY,2024-06-15 12:00:00,0
TXN0015985,7.58,ATM,IL,2024-06-15 12:15:00,0
TXN0015986,15.36,ATM,NY,2024-06-15 12:30:00,0
TXN0015987,16.6,ATM,CA,2024-06-15 12:45:00,0
TXN0015988,6.46,POS,FL,2024-06-15 13:00:00,0
TXN0015989,45.95,ATM,NY,2024-06-15 13:15:00,0
TXN0015990,15.23,Transfer,NY,2024-06-15 13:30:00,0
TXN0015991,36.52,ATM,WA,2024-06-15 13:45:00,0
TXN0015992,2.94,Online,NY,2024-06-15 14:00:00,1
TXN0015993,3.65,POS,CA,2024-06-15 14:15:00,0
TXN0015994,12.84,Online,WA,2024-06-15 14:30:00,0
TXN0015995,5.37,POS,FL,2024-06-15 14:45:00,0
TXN0015996,15.07,Transfer,IL,2024-06-15 15:00:00,0
TXN0015997,34.62,POS,WA,2024-06-15 15:15:00,0
TXN0015998,67.32,Transfer,NY,2024-06-15 15:30:00,0
TXN0015999,103.07,POS,CA,2024-06-15 15:45:00,0
TXN0016000,45.39,Online,NY,2024-06-15 16:00:00,0
TXN0016001,7.57,ATM,WA,2024-06-15 16:15:00,0
TXN0016002,34.2,ATM,FL,2024-06-15 16:30:00,0
TXN0016003,9.43,Transfer,FL,2024-06-15 16:45:00,0
TXN0016004,33.88,Transfer,FL,2024-06-15 17:00:00,0
TXN0016005,4.99,Transfer,CA,2024-06-15 17:15:00,0
TXN0016006,88.85,Transfer,FL,2024-06-15 17:30:00,0
TXN0016007,29.07,ATM,CA,2024-06-15 17:45:00,0
TXN0016008,12.55,Transfer,NY,2024-06-15 18:00:00,0
TXN0016009,3.46,Transfer,CA,2024-06-15 18:15:00,0
TXN0016010,24.81,POS,WA,2024-06-15 18:30:00,0
TXN0016011,9.42,Transfer,NY,2024-06-15 18:45:00,0
TXN0016012,23.95,ATM,CA,2024-06-15 19:00:00,0
TXN0016013,7.54,Transfer,IL,2024-06-15 19:15:00,0
TXN0016014,9.24,ATM,CA,2024-06-15 19:30:00,0
TXN0016015,37.35,Transfer,TX,2024-06-15 19:45:00,0
TXN0016016,104.5,ATM,IL,2024-06-15 20:00:00,0
TXN0016017,3.89,POS,TX,2024-06-15 20:15:00,0
TXN0016018,14.04,ATM,TX,2024-06-15 20:30:00,0
TXN0016019,28.34,ATM,TX,2024-06-15 20:45:00,0
TXN0016020,14.75,Online,FL,2024-06-15 21:00:00,0
TXN0016021,10.47,ATM,CA,2024-06-15 21:15:00,0
TXN0016022,238.28,ATM,NY,2024-06-15 21:30:00,0
TXN0016023,6.48,Transfer,IL,2024-06-15 21:45:00,0
TXN0016024,27.37,POS,CA,2024-06-15 22:00:00,0
TXN0016025,9.88,Online,FL,2024-06-15 22:15:00,0
TXN0016026,15.82,ATM,IL,2024-06-15 22:30:00,0
TXN0016027,1.14,ATM,WA,2024-06-15 22:45:00,0
TXN0016028,51.49,Online,WA,2024-06-15 23:00:00,0
TXN0016029,13.8,POS,CA,2024-06-15 23:15:00,0
TXN0016030,5.58,Online,CA,2024-06-15 23:30:00,0
TXN0016031,130.73,Online,CA,2024-06-15 23:45:00,0
TXN0016032,12.75,ATM,IL,2024-06-16 00:00:00,0
TXN0016033,8.52,ATM,TX,2024-06-16 00:15:00,0
TXN0016034,6.44,POS,NY,2024-06-16 00:30:00,0
TXN0016035,63.96,Online,CA,2024-06-16 00:45:00,0
TXN0016036,18.42,Online,IL,2024-06-16 01:00:00,0
TXN0016037,12.27,ATM,NY,2024-06-16 01:15:00,0
TXN0016038,3.63,Transfer,IL,2024-06-16 01:30:00,0
TXN0016039,6.02,Online,IL,2024-06-16 01:45:00,0
TXN0016040,26.91,ATM,WA,2024-06-16 02:00:00,0
TXN0016041,17.34,POS,TX,2024-06-16 02:15:00,0
TXN0016042,1.59,Online,TX,2024-06-16 02:30:00,0
TXN0016043,6.23,Transfer,IL,2024-06-16 02:45:00,0
TXN0016044,23.35,Transfer,NY,2024-06-16 03:00:00,0
TXN0016045,445.22,ATM,CA,2024-06-16 03:15:00,0
TXN0016046,7.21,POS,CA,2024-06-16 03:30:00,0
TXN0016047,1.23,POS,NY,2024-06-16 03:45:00,0
TXN0016048,44.6,Transfer,NY,2024-06-16 04:00:00,0
TXN0016049,10.0,Online,FL,2024-06-16 04:15:00,0
TXN0016050,3.64,Transfer,FL,2024-06-16 04:30:00,0
TXN0016051,34.97,Online,TX,2024-06-16 04:45:00,0
TXN0016052,13.46,Online,NY,2024-06-16 05:00:00,0
TXN0016053,5.6,Transfer,FL,2024-06-16 05:15:00,0
TXN0016054,3.69,Online,CA,2024-06-16 05:30:00,0
TXN0016055,15.34,ATM,IL,2024-06-16 05:45:00,0
TXN0016056,19.74,ATM,WA,2024-06-16 06:00:00,0
TXN0016057,2.11,Online,FL,2024-06-16 06:15:00,0
TXN0016058,58.04,ATM,FL,2024-06-16 06:30:00,0
TXN0016059,3.88,ATM,TX,2024-06-16 06:45:00,0
TXN0016060,95.54,POS,IL,2024-06-16 07:00:00,0
TXN0016061,26.49,Online,WA,2024-06-16 07:15:00,0
TXN0016062,14.22,POS,NY,2024-06-16 07:30:00,0
TXN0016063,26.62,POS,TX,2024-06-16 07:45:00,0
TXN0016064,8.73,ATM,NY,2024-06-16 08:00:00,0
TXN0016065,16.45,ATM,NY,2024-06-16 08:15:00,0
TXN0016066,128.39,POS,TX,2024-06-16 08:30:00,0
TXN0016067,8.96,Transfer,WA,2024-06-16 08:45:00,0
TXN0016068,47.43,Online,CA,2024-06-16 09:00:00,0
TXN0016069,6.06,Transfer,IL,2024-06-16 09:15:00,0
TXN0016070,17.39,Online,CA,2024-06-16 09:30:00,0
TXN0016071,56.59,Transfer,TX,2024-06-16 09:45:00,1
TXN0016072,4.21,Online,FL,2024-06-16 10:00:00,0
TXN0016073,26.63,POS,FL,2024-06-16 10:15:00,0
TXN0016074,1.35,ATM,IL,2024-06-16 10:30:00,0
TXN0016075,4.49,POS,CA,2024-06-16 10:45:00,0
TXN0016076,10.77,Online,IL,2024-06-16 11:00:00,0
TXN0016077,51.32,ATM,NY,2024-06-16 11:15:00,0
TXN0016078,42.07,POS,CA,2024-06-16 11:30:00,1
TXN0016079,5.94,ATM,NY,2024-06-16 11:45:00,0
TXN0016080,15.2,POS,TX,2024-06-16 12:00:00,0
TXN0016081,22.25,Online,FL,2024-06-16 12:15:00,0
TXN0016082,2.72,Online,WA,2024-06-16 12:30:00,0
TXN0016083,29.58,POS,TX,2024-06-16 12:45:00,0
TXN0016084,90.02,Transfer,FL,2024-06-16 13:00:00,0
TXN0016085,79.16,POS,NY,2024-06-16 13:15:00,1
TXN0016086,8.76,POS,FL,2024-06-16 13:30:00,0
TXN0016087,10.91,POS,NY,2024-06-16 13:45:00,0
TXN0016088,5.79,Transfer,TX,2024-06-16 14:00:00,0
TXN0016089,9.82,POS,CA,2024-06-16 14:15:00,0
TXN0016090,13.19,Online,NY,2024-06-16 14:30:00,0
TXN0016091,40.34,Online,NY,2024-06-16 14:45:00,0
TXN0016092,19.65,Transfer,TX,2024-06-16 15:00:00,0
TXN0016093,5.84,Transfer,TX,2024-06-16 15:15:00,0
TXN0016094,47.6,ATM,IL,2024-06-16 15:30:00,0
TXN0016095,51.22,ATM,IL,2024-06-16 15:45:00,0
TXN0016096,8.56,POS,NY,2024-06-16 16:00:00,0
TXN0016097,13.24,Online,CA,2024-06-16 16:15:00,1
TXN0016098,15.75,POS,IL,2024-06-16 16:30:00,0
TXN0016099,2.48,Transfer,WA,2024-06-16 16:45:00,0
TXN0016100,20.95,POS,WA,2024-06-16 17:00:00,0
TXN0016101,39.93,POS,TX,2024-06-16 17:15:00,0
TXN0016102,184.34,Transfer,CA,2024-06-16 17:30:00,0
TXN0016103,22.44,ATM,FL,2024-06-16 17:45:00,0
TXN0016104,12.66,Online,IL,2024-06-16 18:00:00,0
TXN0016105,14.93,Online,IL,2024-06-16 18:15:00,0
TXN0016106,37.14,POS,CA,2024-06-16 18:30:00,0
TXN0016107,46.38,Transfer,IL,2024-06-16 18:45:00,0
TXN0016108,6.37,Transfer,CA,2024-06-16 19:00:00,0
TXN0016109,22.48,ATM,TX,2024-06-16 19:15:00,0
TXN0016110,39.11,Online,FL,2024-06-16 19:30:00,0
TXN0016111,1.6,ATM,TX,2024-06-16 19:45:00,0
TXN0016112,92.6,POS,IL,2024-06-16 20:00:00,0
TXN0016113,13.83,Transfer,FL,2024-06-16 20:15:00,0
TXN0016114,50.84,POS,FL,2024-06-16 20:30:00,0
TXN0016115,16.92,ATM,NY,2024-06-16 20:45:00,0
TXN0016116,13.32,Online,IL,2024-06-16 21:00:00,0
TXN0016117,16.34,Transfer,WA,2024-06-16 21:15:00,0
TXN0016118,25.27,ATM,NY,2024-06-16 21:30:00,0
TXN0016119,50.79,POS,TX,2024-06-16 21:45:00,0
TXN0016120,13.04,ATM,CA,2024-06-16 22:00:00,0
TXN0016121,4.67,Transfer,TX,2024-06-16 22:15:00,0
TXN0016122,7.75,ATM,IL,2024-06-16 22:30:00,0
TXN0016123,5.55,ATM,TX,2024-06-16 22:45:00,0
TXN0016124,44.64,Transfer,WA,2024-06-16 23:00:00,0
TXN0016125,5.68,ATM,FL,2024-06-16 23:15:00,0
TXN0016126,111.24,ATM,WA,2024-06-16 23:30:00,0
TXN0016127,21.0,Transfer,WA,2024-06-16 23:45:00,0
TXN0016128,16.16,ATM,WA,2024-06-17 00:00:00,0
TXN0016129,86.13,POS,CA,2024-06-17 00:15:00,0
TXN0016130,11.58,Transfer,IL,2024-06-17 00:30:00,0
TXN0016131,12.62,ATM,WA,2024-06-17 00:45:00,0
TXN0016132,45.87,POS,CA,2024-06-17 01:00:00,0
TXN0016133,43.76,Online,FL,2024-06-17 01:15:00,0
TXN0016134,5.45,ATM,CA,2024-06-17 01:30:00,0
TXN0016135,344.3,POS,WA,2024-06-17 01:45:00,0
TXN0016136,35.67,POS,TX,2024-06-17 02:00:00,0
TXN0016137,4.0,ATM,FL,2024-06-17 02:15:00,1
TXN0016138,14.65,Transfer,CA,2024-06-17 02:30:00,0
TXN0016139,54.89,Online,IL,2024-06-17 02:45:00,0
TXN0016140,23.54,Online,WA,2024-06-17 03:00:00,0
TXN0016141,50.58,Online,NY,2024-06-17 03:15:00,0
TXN0016142,309.63,Transfer,CA,2024-06-17 03:30:00,0
TXN0016143,55.39,Transfer,TX,2024-06-17 03:45:00,0
TXN0016144,201.86,POS,FL,2024-06-17 04:00:00,0
TXN0016145,41.1,Online,NY,2024-06-17 04:15:00,0
TXN0016146,8.19,ATM,TX,2024-06-17 04:30:00,0
TXN0016147,111.64,Transfer,NY,2024-06-17 04:45:00,0
TXN0016148,7.87,POS,FL,2024-06-17 05:00:00,0
TXN0016149,57.55,POS,FL,2024-06-17 05:15:00,0
TXN0016150,40.05,Online,CA,2024-06-17 05:30:00,0
TXN0016151,6.63,Transfer,NY,2024-06-17 05:45:00,0
TXN0016152,7.88,POS,CA,2024-06-17 06:00:00,0
TXN0016153,14.87,POS,NY,2024-06-17 06:15:00,0
TXN0016154,29.79,ATM,NY,2024-06-17 06:30:00,0
TXN0016155,91.3,POS,FL,2024-06-17 06:45:00,0
TXN0016156,20.25,POS,IL,2024-06-17 07:00:00,0
TXN0016157,181.56,ATM,NY,2024-06-17 07:15:00,0
TXN0016158,53.08,POS,TX,2024-06-17 07:30:00,0
TXN0016159,8.64,Transfer,FL,2024-06-17 07:45:00,0
TXN0016160,8.9,ATM,IL,2024-06-17 08:00:00,0
TXN0016161,20.75,ATM,TX,2024-06-17 08:15:00,0
TXN0016162,10.06,Online,CA,2024-06-17 08:30:00,0
TXN0016163,16.89,Transfer,WA,2024-06-17 08:45:00,0
TXN0016164,47.83,ATM,CA,2024-06-17 09:00:00,0
TXN0016165,25.84,Online,IL,2024-06-17 09:15:00,0
TXN0016166,60.98,POS,IL,2024-06-17 09:30:00,0
TXN0016167,8.29,Online,FL,2024-06-17 09:45:00,0
TXN0016168,6.74,POS,IL,2024-06-17 10:00:00,0
TXN0016169,3.55,ATM,CA,2024-06-17 10:15:00,0
TXN0016170,2.24,POS,FL,2024-06-17 10:30:00,0
TXN0016171,11.14,Online,WA,2024-06-17 10:45:00,0
TXN0016172,20.72,POS,TX,2024-06-17 11:00:00,0
TXN0016173,15.04,Online,TX,2024-06-17 11:15:00,0
TXN0016174,19.28,Online,CA,2024-06-17 11:30:00,0
TXN0016175,222.72,ATM,WA,2024-06-17 11:45:00,0
TXN0016176,5.18,POS,TX,2024-06-17 12:00:00,0
TXN0016177,13.9,Transfer,CA,2024-06-17 12:15:00,0
TXN0016178,10.7,Transfer,IL,2024-06-17 12:30:00,0
TXN0016179,6.47,Transfer,TX,2024-06-17 12:45:00,0
TXN0016180,97.6,ATM,NY,2024-06-17 13:00:00,0
TXN0016181,18.55,POS,IL,2024-06-17 13:15:00,0
TXN0016182,86.73,ATM,IL,2024-06-17 13:30:00,0
TXN0016183,4.99,ATM,CA,2024-06-17 13:45:00,0
TXN0016184,183.63,POS,WA,2024-06-17 14:00:00,0
TXN0016185,293.2,ATM,NY,2024-06-17 14:15:00,0
TXN0016186,6.81,POS,FL,2024-06-17 14:30:00,0
TXN0016187,19.14,Online,FL,2024-06-17 14:45:00,0
TXN0016188,16.6,Transfer,TX,2024-06-17 15:00:00,0
TXN0016189,37.95,ATM,CA,2024-06-17 15:15:00,0
TXN0016190,4.08,POS,FL,2024-06-17 15:30:00,0
TXN0016191,34.06,Online,IL,2024-06-17 15:45:00,0
TXN0016192,46.52,POS,WA,2024-06-17 16:00:00,0
TXN0016193,9.47,ATM,FL,2024-06-17 16:15:00,0
TXN0016194,1.29,Transfer,FL,2024-06-17 16:30:00,0
TXN0016195,8.61,ATM,CA,2024-06-17 16:45:00,0
TXN0016196,12.13,Transfer,FL,2024-06-17 17:00:00,0
TXN0016197,48.77,POS,FL,2024-06-17 17:15:00,0
TXN0016198,9.28,POS,FL,2024-06-17 17:30:00,0
TXN0016199,4.91,Transfer,WA,2024-06-17 17:45:00,0
TXN0016200,40.94,Online,CA,2024-06-17 18:00:00,0
TXN0016201,30.48,POS,FL,2024-06-17 18:15:00,0
TXN0016202,47.13,Online,FL,2024-06-17 18:30:00,0
TXN0016203,20.67,Online,FL,2024-06-17 18:45:00,0
TXN0016204,69.51,Transfer,FL,2024-06-17 19:00:00,0
TXN0016205,36.19,POS,NY,2024-06-17 19:15:00,0
TXN0016206,2.3,Online,TX,2024-06-17 19:30:00,0
TXN0016207,24.86,Online,FL,2024-06-17 19:45:00,0
TXN0016208,49.54,Online,FL,2024-06-17 20:00:00,0
TXN0016209,20.49,Online,FL,2024-06-17 20:15:00,0
TXN0016210,113.19,POS,FL,2024-06-17 20:30:00,0
TXN0016211,11.36,ATM,FL,2024-06-17 20:45:00,0
TXN0016212,45.34,Transfer,WA,2024-06-17 21:00:00,0
TXN0016213,4.49,ATM,CA,2024-06-17 21:15:00,0
TXN0016214,19.63,Online,IL,2024-06-17 21:30:00,0
TXN0016215,10.16,Transfer,WA,2024-06-17 21:45:00,0
TXN0016216,5.91,Online,FL,2024-06-17 22:00:00,0
TXN0016217,4.1,Transfer,WA,2024-06-17 22:15:00,0
TXN0016218,25.7,Online,CA,2024-06-17 22:30:00,0
TXN0016219,32.85,POS,CA,2024-06-17 22:45:00,0
TXN0016220,9.18,ATM,NY,2024-06-17 23:00:00,0
TXN0016221,4.45,Online,TX,2024-06-17 23:15:00,0
TXN0016222,6.86,Online,NY,2024-06-17 23:30:00,0
TXN0016223,48.96,POS,FL,2024-06-17 23:45:00,0
TXN0016224,4.65,Online,NY,2024-06-18 00:00:00,0
TXN0016225,77.06,POS,FL,2024-06-18 00:15:00,0
TXN0016226,2.65,ATM,CA,2024-06-18 00:30:00,0
TXN0016227,27.51,Online,NY,2024-06-18 00:45:00,0
TXN0016228,43.8,Online,WA,2024-06-18 01:00:00,0
TXN0016229,85.24,ATM,IL,2024-06-18 01:15:00,0
TXN0016230,11.77,ATM,TX,2024-06-18 01:30:00,0
TXN0016231,7.87,Transfer,WA,2024-06-18 01:45:00,0
TXN0016232,3.57,Transfer,WA,2024-06-18 02:00:00,0
TXN0016233,58.7,Online,CA,2024-06-18 02:15:00,0
TXN0016234,16.89,POS,CA,2024-06-18 02:30:00,0
TXN0016235,11.37,POS,NY,2024-06-18 02:45:00,0
TXN0016236,11.93,POS,IL,2024-06-18 03:00:00,0
TXN0016237,26.75,ATM,TX,2024-06-18 03:15:00,0
TXN0016238,20.52,ATM,NY,2024-06-18 03:30:00,0
TXN0016239,81.31,ATM,IL,2024-06-18 03:45:00,0
TXN0016240,1.49,Transfer,FL,2024-06-18 04:00:00,0
TXN0016241,54.43,ATM,WA,2024-06-18 04:15:00,0
TXN0016242,10.43,ATM,WA,2024-06-18 04:30:00,0
TXN0016243,18.0,Transfer,TX,2024-06-18 04:45:00,0
TXN0016244,13.56,Online,FL,2024-06-18 05:00:00,0
TXN0016245,17.86,POS,WA,2024-06-18 05:15:00,0
TXN0016246,48.99,POS,TX,2024-06-18 05:30:00,0
TXN0016247,25.83,Online,NY,2024-06-18 05:45:00,0
TXN0016248,3.51,Transfer,NY,2024-06-18 06:00:00,0
TXN0016249,18.28,Online,CA,2024-06-18 06:15:00,0
TXN0016250,17.63,Transfer,TX,2024-06-18 06:30:00,0
TXN0016251,30.96,Online,WA,2024-06-18 06:45:00,0
TXN0016252,20.83,Transfer,IL,2024-06-18 07:00:00,0
TXN0016253,18.02,Online,WA,2024-06-18 07:15:00,0
TXN0016254,67.96,ATM,NY,2024-06-18 07:30:00,0
TXN0016255,5.38,POS,NY,2024-06-18 07:45:00,0
TXN0016256,271.69,POS,WA,2024-06-18 08:00:00,0
TXN0016257,10.1,Transfer,FL,2024-06-18 08:15:00,0
TXN0016258,5.74,POS,NY,2024-06-18 08:30:00,0
TXN0016259,50.93,Online,IL,2024-06-18 08:45:00,0
TXN0016260,72.26,Transfer,TX,2024-06-18 09:00:00,0
TXN0016261,89.32,Online,IL,2024-06-18 09:15:00,0
TXN0016262,114.69,ATM,CA,2024-06-18 09:30:00,0
TXN0016263,35.35,Online,FL,2024-06-18 09:45:00,0
TXN0016264,21.54,Transfer,WA,2024-06-18 10:00:00,0
TXN0016265,31.36,ATM,TX,2024-06-18 10:15:00,0
TXN0016266,19.88,Online,NY,2024-06-18 10:30:00,0
TXN0016267,10.41,POS,TX,2024-06-18 10:45:00,0
TXN0016268,137.0,POS,FL,2024-06-18 11:00:00,0
TXN0016269,176.91,ATM,CA,2024-06-18 11:15:00,0
TXN0016270,20.19,Online,IL,2024-06-18 11:30:00,0
TXN0016271,15.18,Online,TX,2024-06-18 11:45:00,0
TXN0016272,11.1,POS,TX,2024-06-18 12:00:00,0
TXN0016273,2.66,Online,TX,2024-06-18 12:15:00,0
TXN0016274,8.88,Online,WA,2024-06-18 12:30:00,0
TXN0016275,10.78,Online,NY,2024-06-18 12:45:00,0
TXN0016276,19.57,Online,CA,2024-06-18 13:00:00,0
TXN0016277,6.03,POS,WA,2024-06-18 13:15:00,0
TXN0016278,2.05,ATM,FL,2024-06-18 13:30:00,0
TXN0016279,43.93,Transfer,TX,2024-06-18 13:45:00,1
TXN0016280,158.5,Transfer,TX,2024-06-18 14:00:00,0
TXN0016281,1.56,Transfer,NY,2024-06-18 14:15:00,0
TXN0016282,17.04,ATM,FL,2024-06-18 14:30:00,0
TXN0016283,56.13,Transfer,IL,2024-06-18 14:45:00,0
TXN0016284,4.96,Online,IL,2024-06-18 15:00:00,0
TXN0016285,3.59,POS,IL,2024-06-18 15:15:00,0
TXN0016286,20.95,ATM,CA,2024-06-18 15:30:00,0
TXN0016287,15.21,ATM,WA,2024-06-18 15:45:00,0
TXN0016288,9.37,ATM,TX,2024-06-18 16:00:00,0
TXN0016289,144.76,Online,TX,2024-06-18 16:15:00,0
TXN0016290,121.76,ATM,FL,2024-06-18 16:30:00,0
TXN0016291,44.32,ATM,WA,2024-06-18 16:45:00,0
TXN0016292,18.65,ATM,TX,2024-06-18 17:00:00,0
TXN0016293,13.69,Online,WA,2024-06-18 17:15:00,0
TXN0016294,58.58,Online,CA,2024-06-18 17:30:00,0
TXN0016295,15.33,Online,WA,2024-06-18 17:45:00,0
TXN0016296,121.35,ATM,CA,2024-06-18 18:00:00,0
TXN0016297,91.02,Transfer,TX,2024-06-18 18:15:00,0
TXN0016298,9.88,ATM,WA,2024-06-18 18:30:00,0
TXN0016299,50.95,Online,WA,2024-06-18 18:45:00,0
TXN0016300,134.37,POS,FL,2024-06-18 19:00:00,0
TXN0016301,45.06,POS,WA,2024-06-18 19:15:00,0
TXN0016302,6.61,ATM,CA,2024-06-18 19:30:00,0
TXN0016303,14.94,ATM,IL,2024-06-18 19:45:00,0
TXN0016304,13.73,Transfer,CA,2024-06-18 20:00:00,0
TXN0016305,23.92,POS,CA,2024-06-18 20:15:00,0
TXN0016306,21.52,Transfer,NY,2024-06-18 20:30:00,0
TXN0016307,13.6,POS,TX,2024-06-18 20:45:00,0
TXN0016308,58.3,POS,TX,2024-06-18 21:00:00,0
TXN0016309,105.84,POS,CA,2024-06-18 21:15:00,1
TXN0016310,10.63,POS,CA,2024-06-18 21:30:00,0
TXN0016311,3.57,POS,WA,2024-06-18 21:45:00,0
TXN0016312,32.79,ATM,IL,2024-06-18 22:00:00,0
TXN0016313,21.18,Online,NY,2024-06-18 22:15:00,0
TXN0016314,34.97,POS,FL,2024-06-18 22:30:00,0
TXN0016315,9.3,POS,IL,2024-06-18 22:45:00,0
TXN0016316,30.04,Transfer,NY,2024-06-18 23:00:00,0
TXN0016317,7.11,Transfer,TX,2024-06-18 23:15:00,0
TXN0016318,78.65,Transfer,CA,2024-06-18 23:30:00,0
TXN0016319,160.21,Transfer,WA,2024-06-18 23:45:00,0
TXN0016320,6.99,Transfer,CA,2024-06-19 00:00:00,0
TXN0016321,0.95,Online,IL,2024-06-19 00:15:00,0
TXN0016322,11.91,Online,IL,2024-06-19 00:30:00,0
TXN0016323,11.41,Online,NY,2024-06-19 00:45:00,0
TXN0016324,27.2,Online,IL,2024-06-19 01:00:00,0
TXN0016325,22.08,POS,NY,2024-06-19 01:15:00,0
TXN0016326,39.07,ATM,CA,2024-06-19 01:30:00,0
TXN0016327,561.54,Online,NY,2024-06-19 01:45:00,0
TXN0016328,11.08,POS,IL,2024-06-19 02:00:00,0
TXN0016329,13.84,Transfer,FL,2024-06-19 02:15:00,0
TXN0016330,36.5,Online,CA,2024-06-19 02:30:00,0
TXN0016331,2.36,POS,TX,2024-06-19 02:45:00,0
TXN0016332,55.92,Transfer,WA,2024-06-19 03:00:00,0
TXN0016333,10.32,ATM,WA,2024-06-19 03:15:00,0
TXN0016334,3.89,ATM,IL,2024-06-19 03:30:00,0
TXN0016335,7.91,ATM,IL,2024-06-19 03:45:00,0
TXN0016336,39.96,ATM,NY,2024-06-19 04:00:00,0
TXN0016337,60.05,Online,TX,2024-06-19 04:15:00,0
TXN0016338,97.91,POS,WA,2024-06-19 04:30:00,0
TXN0016339,37.11,Online,IL,2024-06-19 04:45:00,0
TXN0016340,9.23,ATM,NY,2024-06-19 05:00:00,0
TXN0016341,42.89,ATM,IL,2024-06-19 05:15:00,0
TXN0016342,20.03,ATM,TX,2024-06-19 05:30:00,0
TXN0016343,365.17,Online,IL,2024-06-19 05:45:00,0
TXN0016344,1.87,Online,CA,2024-06-19 06:00:00,0
TXN0016345,153.01,Transfer,NY,2024-06-19 06:15:00,0
TXN0016346,55.8,POS,FL,2024-06-19 06:30:00,0
TXN0016347,36.2,Online,IL,2024-06-19 06:45:00,0
TXN0016348,19.88,POS,NY,2024-06-19 07:00:00,0
TXN0016349,11.33,POS,IL,2024-06-19 07:15:00,0
TXN0016350,6.99,Transfer,NY,2024-06-19 07:30:00,0
TXN0016351,3.43,Online,FL,2024-06-19 07:45:00,1
TXN0016352,257.79,POS,WA,2024-06-19 08:00:00,0
TXN0016353,68.86,ATM,TX,2024-06-19 08:15:00,0
TXN0016354,50.22,Transfer,FL,2024-06-19 08:30:00,0
TXN0016355,34.65,Online,WA,2024-06-19 08:45:00,0
TXN0016356,2.25,POS,NY,2024-06-19 09:00:00,0
TXN0016357,16.09,Online,FL,2024-06-19 09:15:00,0
TXN0016358,26.05,ATM,WA,2024-06-19 09:30:00,0
TXN0016359,90.48,Transfer,CA,2024-06-19 09:45:00,0
TXN0016360,6.77,Online,TX,2024-06-19 10:00:00,0
TXN0016361,31.27,Online,IL,2024-06-19 10:15:00,0
TXN0016362,16.97,POS,TX,2024-06-19 10:30:00,0
TXN0016363,23.43,Online,NY,2024-06-19 10:45:00,0
TXN0016364,8.87,Transfer,WA,2024-06-19 11:00:00,0
TXN0016365,34.95,POS,FL,2024-06-19 11:15:00,0
TXN0016366,24.99,POS,NY,2024-06-19 11:30:00,0
TXN0016367,2.41,Online,CA,2024-06-19 11:45:00,0
TXN0016368,97.49,ATM,NY,2024-06-19 12:00:00,0
TXN0016369,317.79,ATM,FL,2024-06-19 12:15:00,0
TXN0016370,7.94,POS,TX,2024-06-19 12:30:00,0
TXN0016371,90.58,POS,WA,2024-06-19 12:45:00,0
TXN0016372,7.04,ATM,CA,2024-06-19 13:00:00,0
TXN0016373,12.1,POS,CA,2024-06-19 13:15:00,0
TXN0016374,189.08,POS,CA,2024-06-19 13:30:00,0
TXN0016375,29.1,POS,WA,2024-06-19 13:45:00,0
TXN0016376,141.35,Transfer,CA,2024-06-19 14:00:00,0
TXN0016377,32.61,ATM,IL,2024-06-19 14:15:00,0
TXN0016378,77.37,POS,NY,2024-06-19 14:30:00,0
TXN0016379,18.87,POS,NY,2024-06-19 14:45:00,0
TXN0016380,128.79,Transfer,NY,2024-06-19 15:00:00,0
TXN0016381,197.28,Online,NY,2024-06-19 15:15:00,0
TXN0016382,52.2,POS,NY,2024-06-19 15:30:00,0
TXN0016383,11.74,Transfer,NY,2024-06-19 15:45:00,0
TXN0016384,14.9,Transfer,WA,2024-06-19 16:00:00,0
TXN0016385,7.47,POS,IL,2024-06-19 16:15:00,0
TXN0016386,48.03,POS,WA,2024-06-19 16:30:00,0
TXN0016387,43.47,POS,IL,2024-06-19 16:45:00,0
TXN0016388,10.07,Online,IL,2024-06-19 17:00:00,0
TXN0016389,70.11,ATM,WA,2024-06-19 17:15:00,0
TXN0016390,11.66,ATM,WA,2024-06-19 17:30:00,0
TXN0016391,207.24,Transfer,IL,2024-06-19 17:45:00,0
TXN0016392,62.92,Online,NY,2024-06-19 18:00:00,0
TXN0016393,157.75,ATM,WA,2024-06-19 18:15:00,0
TXN0016394,9.96,ATM,IL,2024-06-19 18:30:00,0
TXN0016395,7.1,ATM,TX,2024-06-19 18:45:00,0
TXN0016396,2.62,POS,WA,2024-06-19 19:00:00,1
TXN0016397,51.04,Online,TX,2024-06-19 19:15:00,0
TXN0016398,6.1,ATM,TX,2024-06-19 19:30:00,0
TXN0016399,118.05,ATM,FL,2024-06-19 19:45:00,0
TXN0016400,28.03,ATM,IL,2024-06-19 20:00:00,0
TXN0016401,59.0,Online,CA,2024-06-19 20:15:00,0
TXN0016402,5.07,Transfer,FL,2024-06-19 20:30:00,0
TXN0016403,11.61,Transfer,CA,2024-06-19 20:45:00,0
TXN0016404,29.49,Online,TX,2024-06-19 21:00:00,0
TXN0016405,57.32,ATM,FL,2024-06-19 21:15:00,0
TXN0016406,5.06,Transfer,FL,2024-06-19 21:30:00,0
TXN0016407,35.75,Online,WA,2024-06-19 21:45:00,0
TXN0016408,8.79,POS,NY,2024-06-19 22:00:00,0
TXN0016409,62.74,Transfer,TX,2024-06-19 22:15:00,0
TXN0016410,18.06,Transfer,TX,2024-06-19 22:30:00,0
TXN0016411,16.61,Online,IL,2024-06-19 22:45:00,0
TXN0016412,40.06,Transfer,CA,2024-06-19 23:00:00,0
TXN0016413,94.95,ATM,FL,2024-06-19 23:15:00,0
TXN0016414,17.79,Transfer,TX,2024-06-19 23:30:00,0
TXN0016415,103.04,ATM,WA,2024-06-19 23:45:00,0
TXN0016416,7.19,POS,FL,2024-06-20 00:00:00,0
TXN0016417,33.35,Online,FL,2024-06-20 00:15:00,0
TXN0016418,6.22,Transfer,TX,2024-06-20 00:30:00,0
TXN0016419,30.66,Transfer,NY,2024-06-20 00:45:00,0
TXN0016420,7.97,POS,CA,2024-06-20 01:00:00,0
TXN0016421,24.75,ATM,WA,2024-06-20 01:15:00,0
TXN0016422,50.0,ATM,CA,2024-06-20 01:30:00,0
TXN0016423,7.47,Transfer,CA,2024-06-20 01:45:00,0
TXN0016424,2.91,POS,WA,2024-06-20 02:00:00,0
TXN0016425,19.24,ATM,IL,2024-06-20 02:15:00,0
TXN0016426,44.26,Online,FL,2024-06-20 02:30:00,0
TXN0016427,31.27,ATM,NY,2024-06-20 02:45:00,0
TXN0016428,7.99,ATM,TX,2024-06-20 03:00:00,0
TXN0016429,64.32,POS,TX,2024-06-20 03:15:00,0
TXN0016430,16.74,ATM,CA,2024-06-20 03:30:00,0
TXN0016431,59.13,Online,IL,2024-06-20 03:45:00,0
TXN0016432,8.22,POS,FL,2024-06-20 04:00:00,0
TXN0016433,40.04,ATM,TX,2024-06-20 04:15:00,0
TXN0016434,96.46,Transfer,FL,2024-06-20 04:30:00,0
TXN0016435,10.69,Transfer,TX,2024-06-20 04:45:00,0
TXN0016436,16.65,Transfer,WA,2024-06-20 05:00:00,0
TXN0016437,49.54,Transfer,FL,2024-06-20 05:15:00,0
TXN0016438,44.07,ATM,WA,2024-06-20 05:30:00,0
TXN0016439,36.05,POS,TX,2024-06-20 05:45:00,0
TXN0016440,20.33,Online,CA,2024-06-20 06:00:00,0
TXN0016441,3.63,POS,WA,2024-06-20 06:15:00,0
TXN0016442,23.34,Online,WA,2024-06-20 06:30:00,0
TXN0016443,5.02,POS,IL,2024-06-20 06:45:00,1
TXN0016444,25.92,ATM,CA,2024-06-20 07:00:00,0
TXN0016445,1.43,Online,WA,2024-06-20 07:15:00,0
TXN0016446,130.18,Online,TX,2024-06-20 07:30:00,0
TXN0016447,226.52,Online,WA,2024-06-20 07:45:00,0
TXN0016448,39.77,Online,FL,2024-06-20 08:00:00,0
TXN0016449,8.5,Transfer,WA,2024-06-20 08:15:00,0
TXN0016450,16.27,Online,NY,2024-06-20 08:30:00,0
TXN0016451,67.34,POS,WA,2024-06-20 08:45:00,0
TXN0016452,51.2,Transfer,FL,2024-06-20 09:00:00,0
TXN0016453,10.15,Online,IL,2024-06-20 09:15:00,0
TXN0016454,97.59,Transfer,FL,2024-06-20 09:30:00,0
TXN0016455,55.3,Transfer,NY,2024-06-20 09:45:00,0
TXN0016456,44.12,ATM,WA,2024-06-20 10:00:00,0
TXN0016457,15.31,Transfer,IL,2024-06-20 10:15:00,0
TXN0016458,23.24,Online,TX,2024-06-20 10:30:00,0
TXN0016459,9.98,ATM,IL,2024-06-20 10:45:00,0
TXN0016460,29.11,POS,IL,2024-06-20 11:00:00,0
TXN0016461,10.59,ATM,WA,2024-06-20 11:15:00,0
TXN0016462,93.95,Online,WA,2024-06-20 11:30:00,0
TXN0016463,24.37,ATM,WA,2024-06-20 11:45:00,0
TXN0016464,29.87,Online,IL,2024-06-20 12:00:00,0
TXN0016465,34.43,Transfer,NY,2024-06-20 12:15:00,0
TXN0016466,34.06,ATM,IL,2024-06-20 12:30:00,0
TXN0016467,4.26,ATM,FL,2024-06-20 12:45:00,0
TXN0016468,106.59,POS,CA,2024-06-20 13:00:00,0
TXN0016469,26.05,ATM,NY,2024-06-20 13:15:00,0
TXN0016470,12.07,Transfer,TX,2024-06-20 13:30:00,0
TXN0016471,7.32,ATM,NY,2024-06-20 13:45:00,0
TXN0016472,10.3,ATM,WA,2024-06-20 14:00:00,0
TXN0016473,11.19,Transfer,FL,2024-06-20 14:15:00,0
TXN0016474,23.52,ATM,TX,2024-06-20 14:30:00,0
TXN0016475,8.32,Transfer,NY,2024-06-20 14:45:00,0
TXN0016476,26.38,POS,IL,2024-06-20 15:00:00,0
TXN0016477,27.52,Transfer,CA,2024-06-20 15:15:00,0
TXN0016478,10.16,POS,IL,2024-06-20 15:30:00,0
TXN0016479,320.2,Online,FL,2024-06-20 15:45:00,0
TXN0016480,20.05,Online,IL,2024-06-20 16:00:00,0
TXN0016481,34.4,ATM,IL,2024-06-20 16:15:00,0
TXN0016482,26.29,ATM,NY,2024-06-20 16:30:00,0
TXN0016483,19.04,POS,CA,2024-06-20 16:45:00,0
TXN0016484,51.28,ATM,IL,2024-06-20 17:00:00,0
TXN0016485,118.42,POS,FL,2024-06-20 17:15:00,0
TXN0016486,21.05,Transfer,NY,2024-06-20 17:30:00,0
TXN0016487,8.26,Transfer,FL,2024-06-20 17:45:00,0
TXN0016488,43.87,Online,TX,2024-06-20 18:00:00,0
TXN0016489,1.77,ATM,NY,2024-06-20 18:15:00,0
TXN0016490,27.55,POS,CA,2024-06-20 18:30:00,0
TXN0016491,18.24,Transfer,TX,2024-06-20 18:45:00,0
TXN0016492,33.56,Online,TX,2024-06-20 19:00:00,0
TXN0016493,3.78,POS,NY,2024-06-20 19:15:00,0
TXN0016494,13.52,Transfer,IL,2024-06-20 19:30:00,0
TXN0016495,6.7,Online,CA,2024-06-20 19:45:00,0
TXN0016496,11.93,Online,CA,2024-06-20 20:00:00,0
TXN0016497,45.44,POS,NY,2024-06-20 20:15:00,0
TXN0016498,17.82,ATM,NY,2024-06-20 20:30:00,0
TXN0016499,11.06,Online,NY,2024-06-20 20:45:00,0
TXN0016500,91.5,ATM,WA,2024-06-20 21:00:00,0
TXN0016501,22.73,POS,CA,2024-06-20 21:15:00,0
TXN0016502,2.02,Transfer,NY,2024-06-20 21:30:00,0
TXN0016503,6.46,ATM,CA,2024-06-20 21:45:00,0
TXN0016504,36.18,Transfer,IL,2024-06-20 22:00:00,0
TXN0016505,37.24,Online,IL,2024-06-20 22:15:00,0
TXN0016506,28.75,POS,NY,2024-06-20 22:30:00,0
TXN0016507,30.06,ATM,TX,2024-06-20 22:45:00,0
TXN0016508,7.57,Online,NY,2024-06-20 23:00:00,0
TXN0016509,19.6,Transfer,FL,2024-06-20 23:15:00,0
TXN0016510,5.35,Online,CA,2024-06-20 23:30:00,0
TXN0016511,8.09,POS,IL,2024-06-20 23:45:00,0
TXN0016512,7.38,POS,CA,2024-06-21 00:00:00,0
TXN0016513,8.01,POS,NY,2024-06-21 00:15:00,0
TXN0016514,14.42,ATM,FL,2024-06-21 00:30:00,0
TXN0016515,16.47,Online,CA,2024-06-21 00:45:00,0
TXN0016516,8.32,Transfer,IL,2024-06-21 01:00:00,0
TXN0016517,76.99,POS,NY,2024-06-21 01:15:00,0
TXN0016518,12.46,POS,CA,2024-06-21 01:30:00,0
TXN0016519,131.58,ATM,NY,2024-06-21 01:45:00,0
TXN0016520,69.61,Transfer,CA,2024-06-21 02:00:00,0
TXN0016521,5.05,POS,TX,2024-06-21 02:15:00,0
TXN0016522,60.5,POS,WA,2024-06-21 02:30:00,0
TXN0016523,4.03,ATM,WA,2024-06-21 02:45:00,0
TXN0016524,116.71,Online,TX,2024-06-21 03:00:00,0
TXN0016525,30.94,POS,IL,2024-06-21 03:15:00,0
TXN0016526,6.46,ATM,IL,2024-06-21 03:30:00,0
TXN0016527,1.56,Transfer,WA,2024-06-21 03:45:00,0
TXN0016528,12.95,Transfer,CA,2024-06-21 04:00:00,0
TXN0016529,4.18,Transfer,NY,2024-06-21 04:15:00,0
TXN0016530,75.54,POS,TX,2024-06-21 04:30:00,0
TXN0016531,4.72,ATM,IL,2024-06-21 04:45:00,0
TXN0016532,15.65,Online,NY,2024-06-21 05:00:00,0
TXN0016533,36.61,ATM,NY,2024-06-21 05:15:00,0
TXN0016534,20.71,Online,CA,2024-06-21 05:30:00,0
TXN0016535,27.78,Transfer,IL,2024-06-21 05:45:00,0
TXN0016536,15.18,POS,NY,2024-06-21 06:00:00,0
TXN0016537,47.74,ATM,NY,2024-06-21 06:15:00,0
TXN0016538,6.73,POS,CA,2024-06-21 06:30:00,0
TXN0016539,39.72,Online,CA,2024-06-21 06:45:00,0
TXN0016540,4.87,POS,CA,2024-06-21 07:00:00,0
TXN0016541,24.93,Transfer,IL,2024-06-21 07:15:00,0
TXN0016542,5.25,POS,FL,2024-06-21 07:30:00,0
TXN0016543,15.87,POS,CA,2024-06-21 07:45:00,0
TXN0016544,40.33,Transfer,CA,2024-06-21 08:00:00,0
TXN0016545,86.82,Online,CA,2024-06-21 08:15:00,0
TXN0016546,2.39,Online,NY,2024-06-21 08:30:00,0
TXN0016547,8.1,POS,NY,2024-06-21 08:45:00,0
TXN0016548,6.33,POS,TX,2024-06-21 09:00:00,0
TXN0016549,84.04,POS,WA,2024-06-21 09:15:00,0
TXN0016550,7.18,Online,IL,2024-06-21 09:30:00,0
TXN0016551,46.02,ATM,NY,2024-06-21 09:45:00,0
TXN0016552,10.86,ATM,CA,2024-06-21 10:00:00,1
TXN0016553,3.63,ATM,FL,2024-06-21 10:15:00,0
TXN0016554,22.76,POS,FL,2024-06-21 10:30:00,0
TXN0016555,5.19,POS,FL,2024-06-21 10:45:00,0
TXN0016556,47.31,Transfer,TX,2024-06-21 11:00:00,0
TXN0016557,53.05,Transfer,IL,2024-06-21 11:15:00,0
TXN0016558,96.29,Transfer,WA,2024-06-21 11:30:00,0
TXN0016559,5.99,Transfer,NY,2024-06-21 11:45:00,0
TXN0016560,128.08,Online,NY,2024-06-21 12:00:00,0
TXN0016561,62.41,POS,IL,2024-06-21 12:15:00,0
TXN0016562,2.38,Online,WA,2024-06-21 12:30:00,0
TXN0016563,273.34,Transfer,FL,2024-06-21 12:45:00,0
TXN0016564,145.84,Transfer,FL,2024-06-21 13:00:00,0
TXN0016565,5.81,Transfer,TX,2024-06-21 13:15:00,0
TXN0016566,29.28,ATM,IL,2024-06-21 13:30:00,0
TXN0016567,4.05,POS,CA,2024-06-21 13:45:00,0
TXN0016568,16.92,ATM,CA,2024-06-21 14:00:00,0
TXN0016569,24.7,Transfer,WA,2024-06-21 14:15:00,0
TXN0016570,41.25,Online,TX,2024-06-21 14:30:00,0
TXN0016571,7.47,POS,CA,2024-06-21 14:45:00,0
TXN0016572,19.19,ATM,IL,2024-06-21 15:00:00,0
TXN0016573,6.58,ATM,TX,2024-06-21 15:15:00,0
TXN0016574,31.18,Transfer,CA,2024-06-21 15:30:00,0
TXN0016575,43.51,Online,NY,2024-06-21 15:45:00,0
TXN0016576,21.58,Online,WA,2024-06-21 16:00:00,0
TXN0016577,77.27,Online,CA,2024-06-21 16:15:00,0
TXN0016578,48.48,ATM,CA,2024-06-21 16:30:00,0
TXN0016579,30.76,ATM,TX,2024-06-21 16:45:00,0
TXN0016580,78.43,ATM,WA,2024-06-21 17:00:00,0
TXN0016581,4.54,ATM,CA,2024-06-21 17:15:00,0
TXN0016582,18.96,ATM,TX,2024-06-21 17:30:00,0
TXN0016583,2.42,Transfer,TX,2024-06-21 17:45:00,0
TXN0016584,19.37,Online,IL,2024-06-21 18:00:00,0
TXN0016585,11.34,Transfer,NY,2024-06-21 18:15:00,0
TXN0016586,52.74,Transfer,IL,2024-06-21 18:30:00,0
TXN0016587,11.72,Online,FL,2024-06-21 18:45:00,0
TXN0016588,9.27,POS,FL,2024-06-21 19:00:00,0
TXN0016589,17.69,Online,IL,2024-06-21 19:15:00,0
TXN0016590,16.92,POS,WA,2024-06-21 19:30:00,0
TXN0016591,36.45,POS,NY,2024-06-21 19:45:00,0
TXN0016592,7.02,Online,CA,2024-06-21 20:00:00,0
TXN0016593,3.34,Transfer,FL,2024-06-21 20:15:00,0
TXN0016594,3.0,Transfer,WA,2024-06-21 20:30:00,0
TXN0016595,77.54,POS,WA,2024-06-21 20:45:00,0
TXN0016596,4.43,ATM,CA,2024-06-21 21:00:00,0
TXN0016597,11.42,Online,NY,2024-06-21 21:15:00,0
TXN0016598,5.34,POS,IL,2024-06-21 21:30:00,0
TXN0016599,56.32,Online,CA,2024-06-21 21:45:00,0
TXN0016600,10.14,Online,CA,2024-06-21 22:00:00,0
TXN0016601,85.01,ATM,FL,2024-06-21 22:15:00,0
TXN0016602,8.59,Online,TX,2024-06-21 22:30:00,0
TXN0016603,28.18,POS,NY,2024-06-21 22:45:00,0
TXN0016604,48.7,Transfer,IL,2024-06-21 23:00:00,0
TXN0016605,62.46,ATM,CA,2024-06-21 23:15:00,0
TXN0016606,4.81,POS,NY,2024-06-21 23:30:00,0
TXN0016607,12.83,Transfer,TX,2024-06-21 23:45:00,0
TXN0016608,18.04,Transfer,CA,2024-06-22 00:00:00,0
TXN0016609,2.26,ATM,IL,2024-06-22 00:15:00,0
TXN0016610,46.22,Online,IL,2024-06-22 00:30:00,0
TXN0016611,31.56,Online,FL,2024-06-22 00:45:00,0
TXN0016612,36.38,Transfer,WA,2024-06-22 01:00:00,0
TXN0016613,3.8,POS,CA,2024-06-22 01:15:00,0
TXN0016614,24.74,ATM,NY,2024-06-22 01:30:00,0
TXN0016615,33.39,Transfer,IL,2024-06-22 01:45:00,0
TXN0016616,67.54,Online,FL,2024-06-22 02:00:00,0
TXN0016617,10.71,Online,FL,2024-06-22 02:15:00,0
TXN0016618,44.48,Transfer,IL,2024-06-22 02:30:00,0
TXN0016619,204.84,Transfer,TX,2024-06-22 02:45:00,0
TXN0016620,11.89,POS,TX,2024-06-22 03:00:00,0
TXN0016621,12.22,Transfer,WA,2024-06-22 03:15:00,0
TXN0016622,13.57,POS,CA,2024-06-22 03:30:00,0
TXN0016623,3.39,Online,NY,2024-06-22 03:45:00,0
TXN0016624,12.96,POS,NY,2024-06-22 04:00:00,0
TXN0016625,137.27,Transfer,NY,2024-06-22 04:15:00,0
TXN0016626,6.62,Online,IL,2024-06-22 04:30:00,1
TXN0016627,15.86,ATM,IL,2024-06-22 04:45:00,0
TXN0016628,82.6,ATM,WA,2024-06-22 05:00:00,1
TXN0016629,39.08,Online,NY,2024-06-22 05:15:00,0
TXN0016630,26.2,ATM,FL,2024-06-22 05:30:00,0
TXN0016631,13.44,ATM,CA,2024-06-22 05:45:00,0
TXN0016632,17.44,Online,NY,2024-06-22 06:00:00,0
TXN0016633,20.27,ATM,TX,2024-06-22 06:15:00,0
TXN0016634,45.24,Transfer,NY,2024-06-22 06:30:00,0
TXN0016635,21.95,ATM,NY,2024-06-22 06:45:00,0
TXN0016636,61.08,ATM,WA,2024-06-22 07:00:00,0
TXN0016637,2.19,Transfer,FL,2024-06-22 07:15:00,0
TXN0016638,52.97,Online,FL,2024-06-22 07:30:00,0
TXN0016639,10.69,Transfer,FL,2024-06-22 07:45:00,0
TXN0016640,20.32,Online,CA,2024-06-22 08:00:00,0
TXN0016641,12.12,Online,NY,2024-06-22 08:15:00,0
TXN0016642,42.94,POS,CA,2024-06-22 08:30:00,0
TXN0016643,17.43,POS,NY,2024-06-22 08:45:00,0
TXN0016644,42.11,POS,WA,2024-06-22 09:00:00,0
TXN0016645,7.72,ATM,CA,2024-06-22 09:15:00,0
TXN0016646,25.13,ATM,NY,2024-06-22 09:30:00,0
TXN0016647,86.07,POS,NY,2024-06-22 09:45:00,0
TXN0016648,75.29,Transfer,CA,2024-06-22 10:00:00,0
TXN0016649,13.16,POS,WA,2024-06-22 10:15:00,0
TXN0016650,23.79,POS,TX,2024-06-22 10:30:00,0
TXN0016651,12.97,POS,IL,2024-06-22 10:45:00,0
TXN0016652,17.44,Online,FL,2024-06-22 11:00:00,0
TXN0016653,20.52,POS,FL,2024-06-22 11:15:00,0
TXN0016654,84.49,Online,WA,2024-06-22 11:30:00,0
TXN0016655,40.13,Online,WA,2024-06-22 11:45:00,1
TXN0016656,113.34,ATM,WA,2024-06-22 12:00:00,0
TXN0016657,124.25,POS,IL,2024-06-22 12:15:00,0
TXN0016658,4.49,Transfer,TX,2024-06-22 12:30:00,1
TXN0016659,29.02,Transfer,FL,2024-06-22 12:45:00,0
TXN0016660,11.88,Transfer,CA,2024-06-22 13:00:00,0
TXN0016661,2.97,POS,NY,2024-06-22 13:15:00,0
TXN0016662,5.61,POS,CA,2024-06-22 13:30:00,0
TXN0016663,11.11,Transfer,IL,2024-06-22 13:45:00,0
TXN0016664,145.89,ATM,CA,2024-06-22 14:00:00,0
TXN0016665,22.34,Online,IL,2024-06-22 14:15:00,0
TXN0016666,16.17,Transfer,CA,2024-06-22 14:30:00,0
TXN0016667,19.48,Transfer,NY,2024-06-22 14:45:00,0
TXN0016668,8.31,Transfer,FL,2024-06-22 15:00:00,0
TXN0016669,24.74,POS,NY,2024-06-22 15:15:00,0
TXN0016670,18.11,ATM,TX,2024-06-22 15:30:00,0
TXN0016671,2.93,ATM,NY,2024-06-22 15:45:00,0
TXN0016672,10.77,POS,IL,2024-06-22 16:00:00,0
TXN0016673,1069.4,ATM,IL,2024-06-22 16:15:00,0
TXN0016674,42.58,POS,WA,2024-06-22 16:30:00,0
TXN0016675,18.0,ATM,TX,2024-06-22 16:45:00,0
TXN0016676,44.38,ATM,TX,2024-06-22 17:00:00,0
TXN0016677,6.41,POS,FL,2024-06-22 17:15:00,0
TXN0016678,22.48,Online,NY,2024-06-22 17:30:00,0
TXN0016679,56.95,POS,IL,2024-06-22 17:45:00,0
TXN0016680,3.04,Online,NY,2024-06-22 18:00:00,0
TXN0016681,8.5,POS,WA,2024-06-22 18:15:00,0
TXN0016682,12.61,POS,IL,2024-06-22 18:30:00,0
TXN0016683,14.49,POS,IL,2024-06-22 18:45:00,0
TXN0016684,11.06,POS,FL,2024-06-22 19:00:00,0
TXN0016685,27.88,Transfer,TX,2024-06-22 19:15:00,0
TXN0016686,67.27,ATM,NY,2024-06-22 19:30:00,0
TXN0016687,30.37,ATM,FL,2024-06-22 19:45:00,0
TXN0016688,67.68,Online,IL,2024-06-22 20:00:00,0
TXN0016689,69.34,ATM,CA,2024-06-22 20:15:00,0
TXN0016690,10.03,POS,IL,2024-06-22 20:30:00,0
TXN0016691,27.9,Transfer,FL,2024-06-22 20:45:00,0
TXN0016692,13.03,POS,NY,2024-06-22 21:00:00,0
TXN0016693,43.93,ATM,IL,2024-06-22 21:15:00,0
TXN0016694,13.42,ATM,TX,2024-06-22 21:30:00,0
TXN0016695,16.28,ATM,IL,2024-06-22 21:45:00,0
TXN0016696,149.41,ATM,FL,2024-06-22 22:00:00,0
TXN0016697,16.45,Transfer,FL,2024-06-22 22:15:00,0
TXN0016698,3.24,POS,NY,2024-06-22 22:30:00,0
TXN0016699,23.35,POS,WA,2024-06-22 22:45:00,1
TXN0016700,28.74,Online,IL,2024-06-22 23:00:00,0
TXN0016701,11.19,Transfer,FL,2024-06-22 23:15:00,0
TXN0016702,22.03,Transfer,IL,2024-06-22 23:30:00,0
TXN0016703,67.36,ATM,WA,2024-06-22 23:45:00,0
TXN0016704,11.04,Transfer,CA,2024-06-23 00:00:00,0
TXN0016705,16.29,POS,NY,2024-06-23 00:15:00,0
TXN0016706,8.84,ATM,TX,2024-06-23 00:30:00,0
TXN0016707,29.97,Transfer,IL,2024-06-23 00:45:00,0
TXN0016708,17.54,ATM,FL,2024-06-23 01:00:00,0
TXN0016709,6.87,Transfer,FL,2024-06-23 01:15:00,0
TXN0016710,16.95,ATM,NY,2024-06-23 01:30:00,0
TXN0016711,174.22,Online,CA,2024-06-23 01:45:00,0
TXN0016712,2.75,Transfer,WA,2024-06-23 02:00:00,0
TXN0016713,4.01,ATM,CA,2024-06-23 02:15:00,0
TXN0016714,30.23,Transfer,WA,2024-06-23 02:30:00,0
TXN0016715,4.0,ATM,IL,2024-06-23 02:45:00,0
TXN0016716,201.18,Online,NY,2024-06-23 03:00:00,0
TXN0016717,3.55,Online,TX,2024-06-23 03:15:00,0
TXN0016718,4.41,ATM,FL,2024-06-23 03:30:00,0
TXN0016719,11.15,POS,NY,2024-06-23 03:45:00,0
TXN0016720,72.28,POS,IL,2024-06-23 04:00:00,0
TXN0016721,52.23,ATM,WA,2024-06-23 04:15:00,0
TXN0016722,39.78,Online,CA,2024-06-23 04:30:00,0
TXN0016723,28.9,Transfer,CA,2024-06-23 04:45:00,0
TXN0016724,93.72,Online,TX,2024-06-23 05:00:00,0
TXN0016725,2.42,Transfer,TX,2024-06-23 05:15:00,0
TXN0016726,28.23,Online,NY,2024-06-23 05:30:00,0
TXN0016727,109.08,ATM,CA,2024-06-23 05:45:00,0
TXN0016728,5.84,POS,WA,2024-06-23 06:00:00,0
TXN0016729,29.7,Online,TX,2024-06-23 06:15:00,1
TXN0016730,85.61,Transfer,CA,2024-06-23 06:30:00,0
TXN0016731,88.42,ATM,CA,2024-06-23 06:45:00,0
TXN0016732,17.41,ATM,CA,2024-06-23 07:00:00,0
TXN0016733,180.87,POS,WA,2024-06-23 07:15:00,0
TXN0016734,36.92,POS,TX,2024-06-23 07:30:00,0
TXN0016735,71.62,POS,WA,2024-06-23 07:45:00,0
TXN0016736,5.82,POS,FL,2024-06-23 08:00:00,0
TXN0016737,8.43,Online,IL,2024-06-23 08:15:00,0
TXN0016738,8.39,POS,NY,2024-06-23 08:30:00,0
TXN0016739,161.59,ATM,TX,2024-06-23 08:45:00,0
TXN0016740,1.33,ATM,WA,2024-06-23 09:00:00,0
TXN0016741,2.38,Online,FL,2024-06-23 09:15:00,0
TXN0016742,52.01,ATM,IL,2024-06-23 09:30:00,0
TXN0016743,24.26,Transfer,IL,2024-06-23 09:45:00,0
TXN0016744,0.64,ATM,WA,2024-06-23 10:00:00,0
TXN0016745,12.85,Transfer,IL,2024-06-23 10:15:00,0
TXN0016746,14.28,Online,NY,2024-06-23 10:30:00,0
TXN0016747,84.16,Transfer,TX,2024-06-23 10:45:00,0
TXN0016748,2.18,Online,NY,2024-06-23 11:00:00,0
TXN0016749,10.99,Transfer,FL,2024-06-23 11:15:00,0
TXN0016750,71.05,POS,TX,2024-06-23 11:30:00,0
TXN0016751,49.89,Online,FL,2024-06-23 11:45:00,0
TXN0016752,6.98,ATM,NY,2024-06-23 12:00:00,0
TXN0016753,14.63,Online,FL,2024-06-23 12:15:00,0
TXN0016754,3.64,ATM,NY,2024-06-23 12:30:00,0
TXN0016755,100.84,ATM,CA,2024-06-23 12:45:00,0
TXN0016756,12.4,ATM,FL,2024-06-23 13:00:00,0
TXN0016757,90.59,POS,WA,2024-06-23 13:15:00,0
TXN0016758,52.19,POS,IL,2024-06-23 13:30:00,0
TXN0016759,7.29,ATM,TX,2024-06-23 13:45:00,0
TXN0016760,17.31,Transfer,NY,2024-06-23 14:00:00,0
TXN0016761,43.73,ATM,FL,2024-06-23 14:15:00,0
TXN0016762,34.39,ATM,FL,2024-06-23 14:30:00,0
TXN0016763,121.85,ATM,IL,2024-06-23 14:45:00,0
TXN0016764,75.71,Transfer,TX,2024-06-23 15:00:00,0
TXN0016765,30.06,POS,TX,2024-06-23 15:15:00,0
TXN0016766,46.05,POS,IL,2024-06-23 15:30:00,0
TXN0016767,8.99,Transfer,CA,2024-06-23 15:45:00,0
TXN0016768,10.28,ATM,NY,2024-06-23 16:00:00,0
TXN0016769,41.62,Transfer,FL,2024-06-23 16:15:00,0
TXN0016770,30.51,ATM,NY,2024-06-23 16:30:00,0
TXN0016771,5.67,POS,NY,2024-06-23 16:45:00,0
TXN0016772,18.81,Transfer,TX,2024-06-23 17:00:00,0
TXN0016773,8.14,POS,CA,2024-06-23 17:15:00,0
TXN0016774,10.82,Transfer,CA,2024-06-23 17:30:00,0
TXN0016775,93.16,POS,TX,2024-06-23 17:45:00,0
TXN0016776,6.88,POS,NY,2024-06-23 18:00:00,0
TXN0016777,9.65,ATM,WA,2024-06-23 18:15:00,0
TXN0016778,40.02,Online,TX,2024-06-23 18:30:00,0
TXN0016779,22.6,POS,TX,2024-06-23 18:45:00,0
TXN0016780,25.19,POS,CA,2024-06-23 19:00:00,0
TXN0016781,3.86,Transfer,IL,2024-06-23 19:15:00,0
TXN0016782,20.1,POS,TX,2024-06-23 19:30:00,0
TXN0016783,13.47,POS,CA,2024-06-23 19:45:00,0
TXN0016784,8.1,Transfer,IL,2024-06-23 20:00:00,0
TXN0016785,10.8,Transfer,FL,2024-06-23 20:15:00,0
TXN0016786,14.76,Transfer,TX,2024-06-23 20:30:00,0
TXN0016787,55.25,ATM,WA,2024-06-23 20:45:00,0
TXN0016788,185.38,ATM,FL,2024-06-23 21:00:00,0
TXN0016789,23.69,POS,WA,2024-06-23 21:15:00,0
TXN0016790,116.84,ATM,WA,2024-06-23 21:30:00,0
TXN0016791,23.78,ATM,WA,2024-06-23 21:45:00,0
TXN0016792,3.72,Transfer,WA,2024-06-23 22:00:00,0
TXN0016793,22.33,Online,WA,2024-06-23 22:15:00,0
TXN0016794,92.65,POS,FL,2024-06-23 22:30:00,0
TXN0016795,106.37,Transfer,CA,2024-06-23 22:45:00,0
TXN0016796,7.49,Transfer,TX,2024-06-23 23:00:00,0
TXN0016797,280.82,ATM,FL,2024-06-23 23:15:00,0
TXN0016798,8.88,Transfer,TX,2024-06-23 23:30:00,1
TXN0016799,8.95,Transfer,NY,2024-06-23 23:45:00,0
TXN0016800,11.4,Online,CA,2024-06-24 00:00:00,0
TXN0016801,112.81,POS,WA,2024-06-24 00:15:00,0
TXN0016802,33.39,ATM,FL,2024-06-24 00:30:00,0
TXN0016803,60.38,ATM,TX,2024-06-24 00:45:00,0
TXN0016804,1.59,Transfer,NY,2024-06-24 01:00:00,0
TXN0016805,19.74,Online,CA,2024-06-24 01:15:00,0
TXN0016806,18.43,POS,NY,2024-06-24 01:30:00,0
TXN0016807,47.25,Online,WA,2024-06-24 01:45:00,0
TXN0016808,12.2,ATM,IL,2024-06-24 02:00:00,0
TXN0016809,84.12,Online,TX,2024-06-24 02:15:00,0
TXN0016810,9.46,POS,WA,2024-06-24 02:30:00,0
TXN0016811,4.17,POS,IL,2024-06-24 02:45:00,0
TXN0016812,3.13,Transfer,TX,2024-06-24 03:00:00,0
TXN0016813,91.49,ATM,CA,2024-06-24 03:15:00,0
TXN0016814,50.8,Online,TX,2024-06-24 03:30:00,0
TXN0016815,8.51,ATM,FL,2024-06-24 03:45:00,0
TXN0016816,76.0,Online,IL,2024-06-24 04:00:00,0
TXN0016817,17.31,Online,FL,2024-06-24 04:15:00,0
TXN0016818,18.35,Transfer,IL,2024-06-24 04:30:00,0
TXN0016819,3.87,ATM,FL,2024-06-24 04:45:00,0
TXN0016820,11.17,POS,IL,2024-06-24 05:00:00,0
TXN0016821,24.0,POS,FL,2024-06-24 05:15:00,0
TXN0016822,26.81,ATM,NY,2024-06-24 05:30:00,0
TXN0016823,11.02,Online,TX,2024-06-24 05:45:00,0
TXN0016824,67.11,Online,IL,2024-06-24 06:00:00,0
TXN0016825,112.58,Online,CA,2024-06-24 06:15:00,0
TXN0016826,8.28,Transfer,FL,2024-06-24 06:30:00,0
TXN0016827,33.77,POS,CA,2024-06-24 06:45:00,0
TXN0016828,3.61,POS,WA,2024-06-24 07:00:00,0
TXN0016829,34.26,ATM,IL,2024-06-24 07:15:00,0
TXN0016830,6.92,ATM,TX,2024-06-24 07:30:00,0
TXN0016831,17.73,POS,IL,2024-06-24 07:45:00,0
TXN0016832,25.94,Online,IL,2024-06-24 08:00:00,0
TXN0016833,16.03,POS,CA,2024-06-24 08:15:00,0
TXN0016834,71.41,Online,WA,2024-06-24 08:30:00,0
TXN0016835,8.63,Transfer,TX,2024-06-24 08:45:00,0
TXN0016836,12.37,Online,FL,2024-06-24 09:00:00,0
TXN0016837,31.02,ATM,FL,2024-06-24 09:15:00,0
TXN0016838,20.46,POS,TX,2024-06-24 09:30:00,0
TXN0016839,28.58,POS,CA,2024-06-24 09:45:00,0
TXN0016840,16.68,POS,IL,2024-06-24 10:00:00,0
TXN0016841,8.36,ATM,IL,2024-06-24 10:15:00,0
TXN0016842,45.98,Transfer,WA,2024-06-24 10:30:00,0
TXN0016843,23.34,POS,IL,2024-06-24 10:45:00,0
TXN0016844,60.53,Transfer,NY,2024-06-24 11:00:00,0
TXN0016845,99.92,Online,IL,2024-06-24 11:15:00,0
TXN0016846,14.17,ATM,CA,2024-06-24 11:30:00,0
TXN0016847,9.05,Transfer,CA,2024-06-24 11:45:00,0
TXN0016848,12.62,Online,TX,2024-06-24 12:00:00,0
TXN0016849,10.06,POS,IL,2024-06-24 12:15:00,0
TXN0016850,2.14,POS,NY,2024-06-24 12:30:00,0
TXN0016851,143.15,Transfer,NY,2024-06-24 12:45:00,0
TXN0016852,34.39,Transfer,CA,2024-06-24 13:00:00,0
TXN0016853,318.39,Online,NY,2024-06-24 13:15:00,0
TXN0016854,11.2,POS,CA,2024-06-24 13:30:00,0
TXN0016855,42.48,Online,FL,2024-06-24 13:45:00,0
TXN0016856,29.41,Transfer,FL,2024-06-24 14:00:00,0
TXN0016857,19.76,POS,CA,2024-06-24 14:15:00,0
TXN0016858,66.66,ATM,FL,2024-06-24 14:30:00,0
TXN0016859,21.54,Transfer,CA,2024-06-24 14:45:00,0
TXN0016860,19.62,Online,CA,2024-06-24 15:00:00,0
TXN0016861,25.86,Online,NY,2024-06-24 15:15:00,0
TXN0016862,1.62,POS,IL,2024-06-24 15:30:00,0
TXN0016863,9.35,POS,CA,2024-06-24 15:45:00,0
TXN0016864,9.16,ATM,CA,2024-06-24 16:00:00,0
TXN0016865,144.57,POS,IL,2024-06-24 16:15:00,0
TXN0016866,42.31,ATM,NY,2024-06-24 16:30:00,0
TXN0016867,53.2,Online,FL,2024-06-24 16:45:00,0
TXN0016868,44.42,POS,NY,2024-06-24 17:00:00,0
TXN0016869,17.2,POS,WA,2024-06-24 17:15:00,0
TXN0016870,145.12,Online,TX,2024-06-24 17:30:00,0
TXN0016871,16.91,Online,TX,2024-06-24 17:45:00,0
TXN0016872,4.19,Transfer,CA,2024-06-24 18:00:00,0
TXN0016873,44.53,Online,WA,2024-06-24 18:15:00,0
TXN0016874,84.12,Online,NY,2024-06-24 18:30:00,0
TXN0016875,24.28,ATM,CA,2024-06-24 18:45:00,0
TXN0016876,32.82,Transfer,WA,2024-06-24 19:00:00,0
TXN0016877,65.25,Transfer,CA,2024-06-24 19:15:00,0
TXN0016878,126.27,Online,WA,2024-06-24 19:30:00,0
TXN0016879,42.29,ATM,NY,2024-06-24 19:45:00,0
TXN0016880,150.5,ATM,FL,2024-06-24 20:00:00,0
TXN0016881,30.15,POS,TX,2024-06-24 20:15:00,0
TXN0016882,243.16,Online,WA,2024-06-24 20:30:00,0
TXN0016883,4.4,POS,FL,2024-06-24 20:45:00,0
TXN0016884,64.35,Transfer,CA,2024-06-24 21:00:00,0
TXN0016885,30.1,ATM,NY,2024-06-24 21:15:00,0
TXN0016886,24.8,ATM,IL,2024-06-24 21:30:00,0
TXN0016887,4.92,Online,NY,2024-06-24 21:45:00,0
TXN0016888,74.77,POS,IL,2024-06-24 22:00:00,0
TXN0016889,17.25,Online,NY,2024-06-24 22:15:00,0
TXN0016890,6.86,POS,WA,2024-06-24 22:30:00,0
TXN0016891,10.42,Transfer,IL,2024-06-24 22:45:00,0
TXN0016892,16.54,Transfer,FL,2024-06-24 23:00:00,0
TXN0016893,24.33,POS,IL,2024-06-24 23:15:00,0
TXN0016894,7.58,POS,WA,2024-06-24 23:30:00,0
TXN0016895,7.45,ATM,FL,2024-06-24 23:45:00,0
TXN0016896,34.93,Online,TX,2024-06-25 00:00:00,0
TXN0016897,19.91,ATM,CA,2024-06-25 00:15:00,0
TXN0016898,209.61,Transfer,WA,2024-06-25 00:30:00,0
TXN0016899,13.28,POS,CA,2024-06-25 00:45:00,0
TXN0016900,51.06,ATM,WA,2024-06-25 01:00:00,0
TXN0016901,161.68,POS,TX,2024-06-25 01:15:00,0
TXN0016902,17.17,POS,NY,2024-06-25 01:30:00,1
TXN0016903,67.52,Online,FL,2024-06-25 01:45:00,0
TXN0016904,30.67,Transfer,NY,2024-06-25 02:00:00,0
TXN0016905,22.99,Online,IL,2024-06-25 02:15:00,0
TXN0016906,137.93,Transfer,WA,2024-06-25 02:30:00,0
TXN0016907,6.88,POS,CA,2024-06-25 02:45:00,0
TXN0016908,10.77,ATM,CA,2024-06-25 03:00:00,0
TXN0016909,2.8,Transfer,FL,2024-06-25 03:15:00,0
TXN0016910,18.81,Online,FL,2024-06-25 03:30:00,0
TXN0016911,67.37,POS,IL,2024-06-25 03:45:00,0
TXN0016912,16.12,Transfer,FL,2024-06-25 04:00:00,0
TXN0016913,55.77,ATM,FL,2024-06-25 04:15:00,0
TXN0016914,9.01,Online,NY,2024-06-25 04:30:00,0
TXN0016915,80.8,POS,FL,2024-06-25 04:45:00,0
TXN0016916,18.98,Transfer,CA,2024-06-25 05:00:00,0
TXN0016917,12.46,POS,WA,2024-06-25 05:15:00,0
TXN0016918,143.24,Transfer,WA,2024-06-25 05:30:00,0
TXN0016919,21.35,Online,NY,2024-06-25 05:45:00,0
TXN0016920,41.84,ATM,TX,2024-06-25 06:00:00,0
TXN0016921,24.83,POS,FL,2024-06-25 06:15:00,0
TXN0016922,48.62,Transfer,IL,2024-06-25 06:30:00,0
TXN0016923,24.85,Transfer,NY,2024-06-25 06:45:00,0
TXN0016924,5.4,Online,CA,2024-06-25 07:00:00,0
TXN0016925,29.92,ATM,NY,2024-06-25 07:15:00,1
TXN0016926,37.46,Transfer,FL,2024-06-25 07:30:00,0
TXN0016927,33.77,POS,TX,2024-06-25 07:45:00,0
TXN0016928,16.6,ATM,TX,2024-06-25 08:00:00,1
TXN0016929,174.56,Online,CA,2024-06-25 08:15:00,0
TXN0016930,9.33,ATM,WA,2024-06-25 08:30:00,0
TXN0016931,24.87,Online,IL,2024-06-25 08:45:00,0
TXN0016932,27.54,POS,NY,2024-06-25 09:00:00,0
TXN0016933,6.19,ATM,WA,2024-06-25 09:15:00,0
TXN0016934,5.47,ATM,FL,2024-06-25 09:30:00,0
TXN0016935,46.39,POS,WA,2024-06-25 09:45:00,0
TXN0016936,46.99,Online,TX,2024-06-25 10:00:00,0
TXN0016937,25.36,POS,CA,2024-06-25 10:15:00,0
TXN0016938,3.4,POS,FL,2024-06-25 10:30:00,0
TXN0016939,15.45,Online,TX,2024-06-25 10:45:00,0
TXN0016940,28.45,Transfer,CA,2024-06-25 11:00:00,0
TXN0016941,44.13,Transfer,WA,2024-06-25 11:15:00,0
TXN0016942,84.81,POS,TX,2024-06-25 11:30:00,0
TXN0016943,36.44,Online,WA,2024-06-25 11:45:00,0
TXN0016944,65.44,ATM,IL,2024-06-25 12:00:00,1
TXN0016945,146.1,POS,CA,2024-06-25 12:15:00,0
TXN0016946,1.46,Transfer,NY,2024-06-25 12:30:00,0
TXN0016947,67.6,POS,NY,2024-06-25 12:45:00,0
TXN0016948,13.03,ATM,TX,2024-06-25 13:00:00,0
TXN0016949,37.54,POS,IL,2024-06-25 13:15:00,0
TXN0016950,27.43,Transfer,WA,2024-06-25 13:30:00,0
TXN0016951,6.65,POS,FL,2024-06-25 13:45:00,0
TXN0016952,7.61,ATM,IL,2024-06-25 14:00:00,0
TXN0016953,35.57,Transfer,IL,2024-06-25 14:15:00,0
TXN0016954,17.5,Transfer,WA,2024-06-25 14:30:00,0
TXN0016955,49.96,POS,TX,2024-06-25 14:45:00,0
TXN0016956,13.81,Transfer,CA,2024-06-25 15:00:00,0
TXN0016957,254.5,Transfer,TX,2024-06-25 15:15:00,0
TXN0016958,16.04,ATM,NY,2024-06-25 15:30:00,0
TXN0016959,233.97,Online,NY,2024-06-25 15:45:00,0
TXN0016960,8.97,ATM,CA,2024-06-25 16:00:00,0
TXN0016961,40.94,ATM,WA,2024-06-25 16:15:00,0
TXN0016962,78.45,Transfer,TX,2024-06-25 16:30:00,0
TXN0016963,4.76,Online,IL,2024-06-25 16:45:00,0
TXN0016964,7.06,Transfer,FL,2024-06-25 17:00:00,0
TXN0016965,34.27,POS,WA,2024-06-25 17:15:00,0
TXN0016966,80.4,Online,NY,2024-06-25 17:30:00,0
TXN0016967,103.31,Transfer,IL,2024-06-25 17:45:00,0
TXN0016968,40.6,Online,CA,2024-06-25 18:00:00,0
TXN0016969,71.65,Online,TX,2024-06-25 18:15:00,0
TXN0016970,5.63,Transfer,IL,2024-06-25 18:30:00,0
TXN0016971,13.17,Online,WA,2024-06-25 18:45:00,0
TXN0016972,112.88,Transfer,IL,2024-06-25 19:00:00,0
TXN0016973,11.35,ATM,CA,2024-06-25 19:15:00,0
TXN0016974,16.25,POS,WA,2024-06-25 19:30:00,0
TXN0016975,2.9,ATM,WA,2024-06-25 19:45:00,0
TXN0016976,17.22,Transfer,CA,2024-06-25 20:00:00,1
TXN0016977,3.44,Online,NY,2024-06-25 20:15:00,0
TXN0016978,32.37,ATM,TX,2024-06-25 20:30:00,0
TXN0016979,116.16,ATM,CA,2024-06-25 20:45:00,0
TXN0016980,30.67,Online,CA,2024-06-25 21:00:00,0
TXN0016981,25.93,POS,FL,2024-06-25 21:15:00,0
TXN0016982,13.5,Transfer,WA,2024-06-25 21:30:00,0
TXN0016983,40.21,POS,CA,2024-06-25 21:45:00,0
TXN0016984,5.97,ATM,CA,2024-06-25 22:00:00,0
TXN0016985,12.57,Transfer,TX,2024-06-25 22:15:00,0
TXN0016986,255.63,ATM,FL,2024-06-25 22:30:00,0
TXN0016987,4.76,POS,WA,2024-06-25 22:45:00,0
TXN0016988,11.13,Online,NY,2024-06-25 23:00:00,0
TXN0016989,4.28,Transfer,CA,2024-06-25 23:15:00,0
TXN0016990,87.68,Transfer,IL,2024-06-25 23:30:00,0
TXN0016991,16.22,ATM,NY,2024-06-25 23:45:00,0
TXN0016992,4.93,POS,TX,2024-06-26 00:00:00,0
TXN0016993,5.03,POS,IL,2024-06-26 00:15:00,0
TXN0016994,75.94,POS,CA,2024-06-26 00:30:00,0
TXN0016995,46.03,Transfer,IL,2024-06-26 00:45:00,0
TXN0016996,53.05,Online,FL,2024-06-26 01:00:00,0
TXN0016997,19.69,Online,CA,2024-06-26 01:15:00,0
TXN0016998,59.5,Transfer,NY,2024-06-26 01:30:00,0
TXN0016999,95.82,Transfer,TX,2024-06-26 01:45:00,0
TXN0017000,45.48,POS,NY,2024-06-26 02:00:00,0
TXN0017001,3.35,Online,CA,2024-06-26 02:15:00,0
TXN0017002,2.19,ATM,WA,2024-06-26 02:30:00,0
TXN0017003,3.92,Transfer,WA,2024-06-26 02:45:00,0
TXN0017004,28.62,POS,FL,2024-06-26 03:00:00,0
TXN0017005,3.76,Online,IL,2024-06-26 03:15:00,0
TXN0017006,6.04,Transfer,WA,2024-06-26 03:30:00,0
TXN0017007,21.79,Online,NY,2024-06-26 03:45:00,0
TXN0017008,7.61,ATM,NY,2024-06-26 04:00:00,0
TXN0017009,4.79,POS,CA,2024-06-26 04:15:00,0
TXN0017010,62.93,ATM,NY,2024-06-26 04:30:00,0
TXN0017011,36.68,Transfer,WA,2024-06-26 04:45:00,0
TXN0017012,51.47,Transfer,TX,2024-06-26 05:00:00,0
TXN0017013,59.91,POS,CA,2024-06-26 05:15:00,0
TXN0017014,109.01,Transfer,NY,2024-06-26 05:30:00,0
TXN0017015,19.77,Transfer,WA,2024-06-26 05:45:00,0
TXN0017016,16.66,ATM,IL,2024-06-26 06:00:00,0
TXN0017017,2.73,POS,TX,2024-06-26 06:15:00,0
TXN0017018,15.56,POS,NY,2024-06-26 06:30:00,0
TXN0017019,10.31,Transfer,CA,2024-06-26 06:45:00,0
TXN0017020,68.4,Online,FL,2024-06-26 07:00:00,0
TXN0017021,44.43,ATM,WA,2024-06-26 07:15:00,0
TXN0017022,111.66,Transfer,FL,2024-06-26 07:30:00,0
TXN0017023,71.79,Transfer,CA,2024-06-26 07:45:00,0
TXN0017024,80.05,POS,IL,2024-06-26 08:00:00,0
TXN0017025,37.53,ATM,IL,2024-06-26 08:15:00,0
TXN0017026,23.95,Online,IL,2024-06-26 08:30:00,0
TXN0017027,13.12,ATM,FL,2024-06-26 08:45:00,0
TXN0017028,19.92,Online,FL,2024-06-26 09:00:00,0
TXN0017029,6.78,Online,FL,2024-06-26 09:15:00,0
TXN0017030,31.84,ATM,NY,2024-06-26 09:30:00,0
TXN0017031,18.43,Online,NY,2024-06-26 09:45:00,0
TXN0017032,1.95,Online,NY,2024-06-26 10:00:00,0
TXN0017033,0.9,Online,CA,2024-06-26 10:15:00,0
TXN0017034,8.73,POS,WA,2024-06-26 10:30:00,0
TXN0017035,11.78,Transfer,NY,2024-06-26 10:45:00,0
TXN0017036,14.25,Transfer,IL,2024-06-26 11:00:00,0
TXN0017037,89.46,ATM,TX,2024-06-26 11:15:00,0
TXN0017038,9.76,Online,TX,2024-06-26 11:30:00,0
TXN0017039,4.66,Online,IL,2024-06-26 11:45:00,0
TXN0017040,31.2,Online,FL,2024-06-26 12:00:00,0
TXN0017041,63.64,POS,FL,2024-06-26 12:15:00,0
TXN0017042,133.55,ATM,NY,2024-06-26 12:30:00,0
TXN0017043,6.25,ATM,IL,2024-06-26 12:45:00,0
TXN0017044,15.0,ATM,WA,2024-06-26 13:00:00,0
TXN0017045,12.28,ATM,TX,2024-06-26 13:15:00,0
TXN0017046,113.89,ATM,WA,2024-06-26 13:30:00,0
TXN0017047,44.74,ATM,WA,2024-06-26 13:45:00,0
TXN0017048,20.57,POS,TX,2024-06-26 14:00:00,0
TXN0017049,46.05,ATM,CA,2024-06-26 14:15:00,0
TXN0017050,13.26,Online,CA,2024-06-26 14:30:00,0
TXN0017051,15.83,Transfer,CA,2024-06-26 14:45:00,0
TXN0017052,19.2,Transfer,NY,2024-06-26 15:00:00,0
TXN0017053,11.23,POS,IL,2024-06-26 15:15:00,0
TXN0017054,14.93,POS,FL,2024-06-26 15:30:00,0
TXN0017055,29.95,Online,IL,2024-06-26 15:45:00,0
TXN0017056,26.31,POS,WA,2024-06-26 16:00:00,0
TXN0017057,109.52,Transfer,CA,2024-06-26 16:15:00,0
TXN0017058,53.67,ATM,TX,2024-06-26 16:30:00,0
TXN0017059,18.28,Transfer,NY,2024-06-26 16:45:00,0
TXN0017060,1.6,ATM,NY,2024-06-26 17:00:00,0
TXN0017061,3.62,POS,WA,2024-06-26 17:15:00,0
TXN0017062,11.14,ATM,FL,2024-06-26 17:30:00,0
TXN0017063,12.76,Transfer,WA,2024-06-26 17:45:00,0
TXN0017064,4.4,ATM,NY,2024-06-26 18:00:00,0
TXN0017065,12.85,ATM,IL,2024-06-26 18:15:00,0
TXN0017066,22.51,Online,FL,2024-06-26 18:30:00,0
TXN0017067,9.54,ATM,IL,2024-06-26 18:45:00,0
TXN0017068,16.74,Online,TX,2024-06-26 19:00:00,0
TXN0017069,17.68,Transfer,IL,2024-06-26 19:15:00,0
TXN0017070,8.77,POS,TX,2024-06-26 19:30:00,0
TXN0017071,7.3,POS,WA,2024-06-26 19:45:00,0
TXN0017072,16.94,POS,FL,2024-06-26 20:00:00,0
TXN0017073,26.65,Transfer,WA,2024-06-26 20:15:00,0
TXN0017074,5.94,POS,IL,2024-06-26 20:30:00,0
TXN0017075,1.88,POS,TX,2024-06-26 20:45:00,0
TXN0017076,6.54,POS,CA,2024-06-26 21:00:00,0
TXN0017077,34.89,ATM,TX,2024-06-26 21:15:00,0
TXN0017078,3.07,Online,TX,2024-06-26 21:30:00,0
TXN0017079,56.34,POS,WA,2024-06-26 21:45:00,0
TXN0017080,9.96,ATM,CA,2024-06-26 22:00:00,0
TXN0017081,22.5,Transfer,WA,2024-06-26 22:15:00,0
TXN0017082,8.02,Online,IL,2024-06-26 22:30:00,0
TXN0017083,37.85,Online,NY,2024-06-26 22:45:00,0
TXN0017084,20.57,Online,CA,2024-06-26 23:00:00,0
TXN0017085,29.66,POS,NY,2024-06-26 23:15:00,0
TXN0017086,2.09,ATM,FL,2024-06-26 23:30:00,0
TXN0017087,44.32,POS,WA,2024-06-26 23:45:00,0
TXN0017088,2.83,Online,TX,2024-06-27 00:00:00,0
TXN0017089,13.23,Online,TX,2024-06-27 00:15:00,0
TXN0017090,35.02,Online,TX,2024-06-27 00:30:00,0
TXN0017091,15.53,POS,WA,2024-06-27 00:45:00,0
TXN0017092,34.24,ATM,WA,2024-06-27 01:00:00,0
TXN0017093,23.44,POS,IL,2024-06-27 01:15:00,0
TXN0017094,21.45,Online,CA,2024-06-27 01:30:00,0
TXN0017095,7.66,ATM,WA,2024-06-27 01:45:00,0
TXN0017096,60.91,Transfer,TX,2024-06-27 02:00:00,0
TXN0017097,69.69,Online,CA,2024-06-27 02:15:00,0
TXN0017098,10.47,POS,CA,2024-06-27 02:30:00,0
TXN0017099,6.95,Online,FL,2024-06-27 02:45:00,0
TXN0017100,24.37,Online,TX,2024-06-27 03:00:00,0
TXN0017101,8.15,Online,NY,2024-06-27 03:15:00,0
TXN0017102,22.59,Transfer,CA,2024-06-27 03:30:00,0
TXN0017103,49.0,POS,IL,2024-06-27 03:45:00,1
TXN0017104,41.12,POS,WA,2024-06-27 04:00:00,0
TXN0017105,104.02,Online,CA,2024-06-27 04:15:00,0
TXN0017106,32.64,ATM,WA,2024-06-27 04:30:00,0
TXN0017107,5.88,ATM,NY,2024-06-27 04:45:00,0
TXN0017108,7.29,Online,TX,2024-06-27 05:00:00,0
TXN0017109,35.43,ATM,IL,2024-06-27 05:15:00,0
TXN0017110,169.1,ATM,CA,2024-06-27 05:30:00,0
TXN0017111,12.87,ATM,IL,2024-06-27 05:45:00,0
TXN0017112,6.8,Transfer,NY,2024-06-27 06:00:00,0
TXN0017113,94.17,ATM,IL,2024-06-27 06:15:00,0
TXN0017114,16.71,ATM,WA,2024-06-27 06:30:00,0
TXN0017115,42.42,Transfer,CA,2024-06-27 06:45:00,0
TXN0017116,65.63,ATM,NY,2024-06-27 07:00:00,0
TXN0017117,6.3,Transfer,FL,2024-06-27 07:15:00,0
TXN0017118,12.82,Transfer,WA,2024-06-27 07:30:00,0
TXN0017119,10.24,Transfer,CA,2024-06-27 07:45:00,0
TXN0017120,35.1,POS,FL,2024-06-27 08:00:00,0
TXN0017121,40.4,Transfer,CA,2024-06-27 08:15:00,0
TXN0017122,10.96,Transfer,NY,2024-06-27 08:30:00,0
TXN0017123,36.23,Online,FL,2024-06-27 08:45:00,0
TXN0017124,2.54,Transfer,TX,2024-06-27 09:00:00,0
TXN0017125,28.59,ATM,FL,2024-06-27 09:15:00,0
TXN0017126,28.39,Online,NY,2024-06-27 09:30:00,0
TXN0017127,19.27,Transfer,TX,2024-06-27 09:45:00,0
TXN0017128,3.71,Transfer,TX,2024-06-27 10:00:00,0
TXN0017129,17.15,ATM,TX,2024-06-27 10:15:00,0
TXN0017130,5.7,ATM,CA,2024-06-27 10:30:00,0
TXN0017131,99.43,ATM,WA,2024-06-27 10:45:00,0
TXN0017132,13.84,ATM,IL,2024-06-27 11:00:00,0
TXN0017133,15.19,POS,NY,2024-06-27 11:15:00,0
TXN0017134,16.92,Online,CA,2024-06-27 11:30:00,0
TXN0017135,35.37,Transfer,FL,2024-06-27 11:45:00,0
TXN0017136,20.95,Online,NY,2024-06-27 12:00:00,0
TXN0017137,35.21,Online,WA,2024-06-27 12:15:00,0
TXN0017138,6.72,POS,IL,2024-06-27 12:30:00,0
TXN0017139,66.76,Online,FL,2024-06-27 12:45:00,0
TXN0017140,11.01,Online,FL,2024-06-27 13:00:00,0
TXN0017141,45.19,ATM,CA,2024-06-27 13:15:00,0
TXN0017142,25.08,POS,FL,2024-06-27 13:30:00,0
TXN0017143,64.46,POS,CA,2024-06-27 13:45:00,0
TXN0017144,17.67,Online,FL,2024-06-27 14:00:00,0
TXN0017145,3.63,ATM,CA,2024-06-27 14:15:00,0
TXN0017146,5.24,Transfer,FL,2024-06-27 14:30:00,0
TXN0017147,14.85,Online,TX,2024-06-27 14:45:00,0
TXN0017148,91.63,POS,WA,2024-06-27 15:00:00,0
TXN0017149,11.95,Transfer,TX,2024-06-27 15:15:00,0
TXN0017150,20.42,Online,IL,2024-06-27 15:30:00,0
TXN0017151,78.99,Transfer,IL,2024-06-27 15:45:00,0
TXN0017152,10.16,POS,WA,2024-06-27 16:00:00,0
TXN0017153,27.12,ATM,NY,2024-06-27 16:15:00,0
TXN0017154,26.38,POS,FL,2024-06-27 16:30:00,0
TXN0017155,9.76,Transfer,FL,2024-06-27 16:45:00,0
TXN0017156,24.88,ATM,IL,2024-06-27 17:00:00,0
TXN0017157,62.53,POS,NY,2024-06-27 17:15:00,0
TXN0017158,62.6,Transfer,FL,2024-06-27 17:30:00,0
TXN0017159,13.15,POS,WA,2024-06-27 17:45:00,0
TXN0017160,512.2,Transfer,IL,2024-06-27 18:00:00,0
TXN0017161,28.47,ATM,TX,2024-06-27 18:15:00,0
TXN0017162,14.06,Transfer,CA,2024-06-27 18:30:00,0
TXN0017163,8.51,POS,FL,2024-06-27 18:45:00,0
TXN0017164,6.33,POS,FL,2024-06-27 19:00:00,0
TXN0017165,48.25,Online,TX,2024-06-27 19:15:00,0
TXN0017166,0.74,ATM,IL,2024-06-27 19:30:00,0
TXN0017167,16.15,ATM,WA,2024-06-27 19:45:00,0
TXN0017168,4.08,POS,FL,2024-06-27 20:00:00,0
TXN0017169,15.83,Transfer,IL,2024-06-27 20:15:00,1
TXN0017170,18.47,POS,TX,2024-06-27 20:30:00,0
TXN0017171,4.4,POS,TX,2024-06-27 20:45:00,0
TXN0017172,6.31,Transfer,TX,2024-06-27 21:00:00,0
TXN0017173,80.15,Online,CA,2024-06-27 21:15:00,0
TXN0017174,10.3,Transfer,NY,2024-06-27 21:30:00,0
TXN0017175,19.05,Transfer,NY,2024-06-27 21:45:00,0
TXN0017176,13.45,ATM,WA,2024-06-27 22:00:00,0
TXN0017177,48.88,Transfer,TX,2024-06-27 22:15:00,0
TXN0017178,75.85,POS,NY,2024-06-27 22:30:00,0
TXN0017179,53.96,POS,WA,2024-06-27 22:45:00,0
TXN0017180,35.76,Transfer,FL,2024-06-27 23:00:00,1
TXN0017181,36.15,POS,NY,2024-06-27 23:15:00,0
TXN0017182,5.04,Online,TX,2024-06-27 23:30:00,0
TXN0017183,83.81,POS,TX,2024-06-27 23:45:00,0
TXN0017184,10.22,Transfer,FL,2024-06-28 00:00:00,0
TXN0017185,7.05,POS,IL,2024-06-28 00:15:00,0
TXN0017186,12.56,Online,TX,2024-06-28 00:30:00,0
TXN0017187,7.84,Transfer,TX,2024-06-28 00:45:00,0
TXN0017188,30.52,POS,TX,2024-06-28 01:00:00,0
TXN0017189,43.3,Online,FL,2024-06-28 01:15:00,0
TXN0017190,81.19,Transfer,FL,2024-06-28 01:30:00,0
TXN0017191,17.24,POS,IL,2024-06-28 01:45:00,0
TXN0017192,9.81,Transfer,FL,2024-06-28 02:00:00,0
TXN0017193,14.01,ATM,TX,2024-06-28 02:15:00,0
TXN0017194,5.12,Transfer,FL,2024-06-28 02:30:00,0
TXN0017195,8.37,POS,FL,2024-06-28 02:45:00,0
TXN0017196,182.07,ATM,TX,2024-06-28 03:00:00,0
TXN0017197,8.05,Transfer,NY,2024-06-28 03:15:00,0
TXN0017198,11.44,Transfer,NY,2024-06-28 03:30:00,0
TXN0017199,38.98,Transfer,CA,2024-06-28 03:45:00,0
TXN0017200,25.58,Online,NY,2024-06-28 04:00:00,0
TXN0017201,45.49,Online,NY,2024-06-28 04:15:00,0
TXN0017202,7.22,Transfer,TX,2024-06-28 04:30:00,0
TXN0017203,5.76,ATM,NY,2024-06-28 04:45:00,0
TXN0017204,84.74,ATM,NY,2024-06-28 05:00:00,0
TXN0017205,8.94,Online,WA,2024-06-28 05:15:00,0
TXN0017206,17.18,Online,CA,2024-06-28 05:30:00,0
TXN0017207,24.38,Transfer,TX,2024-06-28 05:45:00,0
TXN0017208,2.39,Transfer,NY,2024-06-28 06:00:00,0
TXN0017209,15.45,Transfer,FL,2024-06-28 06:15:00,0
TXN0017210,9.22,Transfer,IL,2024-06-28 06:30:00,0
TXN0017211,34.6,POS,FL,2024-06-28 06:45:00,0
TXN0017212,13.51,Transfer,FL,2024-06-28 07:00:00,0
TXN0017213,1.52,Online,IL,2024-06-28 07:15:00,0
TXN0017214,46.58,Transfer,TX,2024-06-28 07:30:00,0
TXN0017215,1.08,ATM,WA,2024-06-28 07:45:00,0
TXN0017216,12.07,POS,CA,2024-06-28 08:00:00,0
TXN0017217,8.78,Transfer,TX,2024-06-28 08:15:00,0
TXN0017218,9.62,Online,NY,2024-06-28 08:30:00,0
TXN0017219,18.89,ATM,NY,2024-06-28 08:45:00,1
TXN0017220,55.99,Transfer,IL,2024-06-28 09:00:00,0
TXN0017221,7.18,Online,TX,2024-06-28 09:15:00,0
TXN0017222,9.62,Transfer,TX,2024-06-28 09:30:00,0
TXN0017223,44.25,ATM,IL,2024-06-28 09:45:00,0
TXN0017224,33.93,Transfer,NY,2024-06-28 10:00:00,0
TXN0017225,42.97,Transfer,WA,2024-06-28 10:15:00,0
TXN0017226,27.89,Online,FL,2024-06-28 10:30:00,0
TXN0017227,14.56,ATM,NY,2024-06-28 10:45:00,0
TXN0017228,11.05,Online,NY,2024-06-28 11:00:00,0
TXN0017229,11.23,ATM,TX,2024-06-28 11:15:00,0
TXN0017230,53.23,POS,NY,2024-06-28 11:30:00,0
TXN0017231,103.4,POS,IL,2024-06-28 11:45:00,0
TXN0017232,178.93,Online,FL,2024-06-28 12:00:00,0
TXN0017233,5.94,Online,CA,2024-06-28 12:15:00,0
TXN0017234,14.67,Transfer,TX,2024-06-28 12:30:00,0
TXN0017235,19.28,Transfer,IL,2024-06-28 12:45:00,0
TXN0017236,15.93,Transfer,CA,2024-06-28 13:00:00,0
TXN0017237,5.38,POS,IL,2024-06-28 13:15:00,0
TXN0017238,224.58,ATM,TX,2024-06-28 13:30:00,0
TXN0017239,105.45,POS,IL,2024-06-28 13:45:00,0
TXN0017240,15.95,ATM,WA,2024-06-28 14:00:00,0
TXN0017241,11.5,Online,CA,2024-06-28 14:15:00,0
TXN0017242,19.02,Transfer,FL,2024-06-28 14:30:00,0
TXN0017243,4.9,Transfer,FL,2024-06-28 14:45:00,0
TXN0017244,13.1,Transfer,FL,2024-06-28 15:00:00,0
TXN0017245,45.98,Online,NY,2024-06-28 15:15:00,0
TXN0017246,124.61,Transfer,WA,2024-06-28 15:30:00,0
TXN0017247,52.49,POS,FL,2024-06-28 15:45:00,0
TXN0017248,83.18,POS,CA,2024-06-28 16:00:00,0
TXN0017249,5.83,Online,CA,2024-06-28 16:15:00,0
TXN0017250,0.49,POS,CA,2024-06-28 16:30:00,0
TXN0017251,91.24,Transfer,FL,2024-06-28 16:45:00,0
TXN0017252,23.67,Online,IL,2024-06-28 17:00:00,0
TXN0017253,17.51,POS,NY,2024-06-28 17:15:00,0
TXN0017254,127.34,Online,CA,2024-06-28 17:30:00,0
TXN0017255,6.47,POS,FL,2024-06-28 17:45:00,0
TXN0017256,6.52,POS,NY,2024-06-28 18:00:00,0
TXN0017257,8.29,ATM,WA,2024-06-28 18:15:00,0
TXN0017258,120.02,Online,NY,2024-06-28 18:30:00,0
TXN0017259,56.18,Online,CA,2024-06-28 18:45:00,0
TXN0017260,2.55,Online,FL,2024-06-28 19:00:00,0
TXN0017261,125.79,ATM,FL,2024-06-28 19:15:00,0
TXN0017262,19.54,ATM,FL,2024-06-28 19:30:00,0
TXN0017263,31.21,Transfer,CA,2024-06-28 19:45:00,0
TXN0017264,8.0,Online,IL,2024-06-28 20:00:00,0
TXN0017265,162.19,Transfer,FL,2024-06-28 20:15:00,0
TXN0017266,31.6,Online,FL,2024-06-28 20:30:00,0
TXN0017267,85.74,Transfer,IL,2024-06-28 20:45:00,0
TXN0017268,6.19,ATM,NY,2024-06-28 21:00:00,0
TXN0017269,42.53,POS,CA,2024-06-28 21:15:00,0
TXN0017270,21.32,Transfer,WA,2024-06-28 21:30:00,0
TXN0017271,14.89,POS,CA,2024-06-28 21:45:00,0
TXN0017272,7.63,POS,NY,2024-06-28 22:00:00,0
TXN0017273,8.67,Online,WA,2024-06-28 22:15:00,0
TXN0017274,5.09,Online,IL,2024-06-28 22:30:00,0
TXN0017275,9.04,Transfer,FL,2024-06-28 22:45:00,0
TXN0017276,18.68,Transfer,CA,2024-06-28 23:00:00,0
TXN0017277,37.3,Online,TX,2024-06-28 23:15:00,0
TXN0017278,3.26,Online,WA,2024-06-28 23:30:00,1
TXN0017279,5.91,Online,FL,2024-06-28 23:45:00,0
TXN0017280,9.56,POS,WA,2024-06-29 00:00:00,0
TXN0017281,2.98,Online,TX,2024-06-29 00:15:00,0
TXN0017282,13.83,Transfer,NY,2024-06-29 00:30:00,0
TXN0017283,14.21,POS,FL,2024-06-29 00:45:00,0
TXN0017284,15.45,ATM,TX,2024-06-29 01:00:00,0
TXN0017285,30.7,Transfer,TX,2024-06-29 01:15:00,0
TXN0017286,56.19,POS,FL,2024-06-29 01:30:00,0
TXN0017287,47.83,ATM,WA,2024-06-29 01:45:00,0
TXN0017288,26.39,ATM,FL,2024-06-29 02:00:00,0
TXN0017289,37.66,ATM,NY,2024-06-29 02:15:00,0
TXN0017290,7.76,Online,WA,2024-06-29 02:30:00,0
TXN0017291,6.56,Online,CA,2024-06-29 02:45:00,0
TXN0017292,40.13,Transfer,NY,2024-06-29 03:00:00,0
TXN0017293,36.56,ATM,CA,2024-06-29 03:15:00,1
TXN0017294,234.5,Transfer,TX,2024-06-29 03:30:00,0
TXN0017295,14.85,Transfer,IL,2024-06-29 03:45:00,0
TXN0017296,6.23,ATM,NY,2024-06-29 04:00:00,0
TXN0017297,26.78,Online,CA,2024-06-29 04:15:00,0
TXN0017298,11.5,Online,NY,2024-06-29 04:30:00,0
TXN0017299,6.95,Transfer,CA,2024-06-29 04:45:00,0
TXN0017300,91.09,ATM,IL,2024-06-29 05:00:00,0
TXN0017301,173.04,POS,IL,2024-06-29 05:15:00,0
TXN0017302,29.35,ATM,CA,2024-06-29 05:30:00,0
TXN0017303,9.11,POS,TX,2024-06-29 05:45:00,0
TXN0017304,25.72,POS,FL,2024-06-29 06:00:00,0
TXN0017305,18.07,Transfer,TX,2024-06-29 06:15:00,0
TXN0017306,3.93,ATM,NY,2024-06-29 06:30:00,0
TXN0017307,49.85,Online,NY,2024-06-29 06:45:00,0
TXN0017308,28.51,Transfer,CA,2024-06-29 07:00:00,0
TXN0017309,80.64,POS,FL,2024-06-29 07:15:00,1
TXN0017310,10.21,ATM,IL,2024-06-29 07:30:00,0
TXN0017311,18.89,ATM,WA,2024-06-29 07:45:00,0
TXN0017312,16.87,Online,CA,2024-06-29 08:00:00,0
TXN0017313,2.69,POS,FL,2024-06-29 08:15:00,0
TXN0017314,339.17,Transfer,NY,2024-06-29 08:30:00,0
TXN0017315,1.77,POS,WA,2024-06-29 08:45:00,0
TXN0017316,5.21,Online,IL,2024-06-29 09:00:00,0
TXN0017317,12.85,POS,WA,2024-06-29 09:15:00,0
TXN0017318,3.23,Online,IL,2024-06-29 09:30:00,0
TXN0017319,31.24,POS,WA,2024-06-29 09:45:00,0
TXN0017320,11.36,POS,CA,2024-06-29 10:00:00,0
TXN0017321,21.05,Transfer,CA,2024-06-29 10:15:00,0
TXN0017322,25.28,Transfer,IL,2024-06-29 10:30:00,0
TXN0017323,21.11,Online,TX,2024-06-29 10:45:00,0
TXN0017324,21.69,POS,NY,2024-06-29 11:00:00,0
TXN0017325,16.33,Transfer,WA,2024-06-29 11:15:00,0
TXN0017326,31.66,Transfer,TX,2024-06-29 11:30:00,0
TXN0017327,49.08,POS,TX,2024-06-29 11:45:00,0
TXN0017328,14.51,ATM,WA,2024-06-29 12:00:00,0
TXN0017329,11.67,Online,NY,2024-06-29 12:15:00,0
TXN0017330,12.31,Online,TX,2024-06-29 12:30:00,0
TXN0017331,27.74,Transfer,TX,2024-06-29 12:45:00,0
TXN0017332,12.79,POS,CA,2024-06-29 13:00:00,0
TXN0017333,12.6,ATM,TX,2024-06-29 13:15:00,0
TXN0017334,3.47,POS,NY,2024-06-29 13:30:00,0
TXN0017335,178.53,ATM,NY,2024-06-29 13:45:00,0
TXN0017336,4.76,Online,IL,2024-06-29 14:00:00,0
TXN0017337,134.61,POS,TX,2024-06-29 14:15:00,0
TXN0017338,48.97,POS,FL,2024-06-29 14:30:00,0
TXN0017339,63.68,Transfer,CA,2024-06-29 14:45:00,0
TXN0017340,26.51,POS,CA,2024-06-29 15:00:00,0
TXN0017341,34.64,Transfer,IL,2024-06-29 15:15:00,0
TXN0017342,27.51,Online,FL,2024-06-29 15:30:00,0
TXN0017343,38.93,POS,CA,2024-06-29 15:45:00,0
TXN0017344,51.79,Transfer,FL,2024-06-29 16:00:00,0
TXN0017345,113.8,Transfer,WA,2024-06-29 16:15:00,0
TXN0017346,6.33,ATM,WA,2024-06-29 16:30:00,0
TXN0017347,34.77,Transfer,TX,2024-06-29 16:45:00,0
TXN0017348,127.23,POS,IL,2024-06-29 17:00:00,0
TXN0017349,98.88,ATM,WA,2024-06-29 17:15:00,0
TXN0017350,6.11,POS,WA,2024-06-29 17:30:00,0
TXN0017351,28.53,Transfer,TX,2024-06-29 17:45:00,0
TXN0017352,27.49,Online,IL,2024-06-29 18:00:00,0
TXN0017353,26.54,Online,TX,2024-06-29 18:15:00,0
TXN0017354,1.49,ATM,WA,2024-06-29 18:30:00,0
TXN0017355,54.2,POS,NY,2024-06-29 18:45:00,0
TXN0017356,3.13,ATM,WA,2024-06-29 19:00:00,0
TXN0017357,250.22,ATM,FL,2024-06-29 19:15:00,0
TXN0017358,42.82,POS,IL,2024-06-29 19:30:00,0
TXN0017359,17.95,Online,NY,2024-06-29 19:45:00,0
TXN0017360,41.82,Transfer,CA,2024-06-29 20:00:00,0
TXN0017361,23.77,Online,WA,2024-06-29 20:15:00,0
TXN0017362,10.9,ATM,WA,2024-06-29 20:30:00,0
TXN0017363,18.14,ATM,CA,2024-06-29 20:45:00,0
TXN0017364,30.19,Transfer,CA,2024-06-29 21:00:00,0
TXN0017365,7.98,Online,FL,2024-06-29 21:15:00,0
TXN0017366,46.21,POS,TX,2024-06-29 21:30:00,0
TXN0017367,73.66,Transfer,IL,2024-06-29 21:45:00,0
TXN0017368,70.2,POS,WA,2024-06-29 22:00:00,1
TXN0017369,79.41,Transfer,TX,2024-06-29 22:15:00,0
TXN0017370,91.41,POS,NY,2024-06-29 22:30:00,0
TXN0017371,46.01,Online,IL,2024-06-29 22:45:00,0
TXN0017372,92.73,Transfer,TX,2024-06-29 23:00:00,0
TXN0017373,21.9,Online,WA,2024-06-29 23:15:00,0
TXN0017374,32.76,Transfer,CA,2024-06-29 23:30:00,0
TXN0017375,105.69,Transfer,CA,2024-06-29 23:45:00,0
TXN0017376,193.31,Transfer,FL,2024-06-30 00:00:00,0
TXN0017377,13.6,Transfer,TX,2024-06-30 00:15:00,0
TXN0017378,3.8,POS,FL,2024-06-30 00:30:00,0
TXN0017379,246.26,ATM,FL,2024-06-30 00:45:00,0
TXN0017380,78.38,Online,WA,2024-06-30 01:00:00,0
TXN0017381,170.51,ATM,CA,2024-06-30 01:15:00,0
TXN0017382,58.56,POS,CA,2024-06-30 01:30:00,0
TXN0017383,27.14,Transfer,IL,2024-06-30 01:45:00,0
TXN0017384,9.81,Online,CA,2024-06-30 02:00:00,0
TXN0017385,6.72,POS,FL,2024-06-30 02:15:00,0
TXN0017386,111.01,ATM,WA,2024-06-30 02:30:00,0
TXN0017387,64.52,ATM,FL,2024-06-30 02:45:00,0
TXN0017388,29.76,Online,IL,2024-06-30 03:00:00,0
TXN0017389,5.63,Online,TX,2024-06-30 03:15:00,0
TXN0017390,11.19,Online,IL,2024-06-30 03:30:00,0
TXN0017391,9.99,POS,IL,2024-06-30 03:45:00,0
TXN0017392,14.47,POS,FL,2024-06-30 04:00:00,0
TXN0017393,0.72,Transfer,TX,2024-06-30 04:15:00,0
TXN0017394,26.76,Transfer,TX,2024-06-30 04:30:00,0
TXN0017395,126.9,POS,CA,2024-06-30 04:45:00,0
TXN0017396,10.91,Transfer,TX,2024-06-30 05:00:00,0
TXN0017397,21.22,ATM,TX,2024-06-30 05:15:00,0
TXN0017398,28.37,Online,TX,2024-06-30 05:30:00,0
TXN0017399,6.43,POS,TX,2024-06-30 05:45:00,0
TXN0017400,33.99,Online,NY,2024-06-30 06:00:00,0
TXN0017401,7.98,POS,IL,2024-06-30 06:15:00,0
TXN0017402,12.33,POS,TX,2024-06-30 06:30:00,0
TXN0017403,27.64,Online,IL,2024-06-30 06:45:00,0
TXN0017404,19.29,ATM,TX,2024-06-30 07:00:00,0
TXN0017405,23.03,ATM,TX,2024-06-30 07:15:00,0
TXN0017406,7.03,Transfer,CA,2024-06-30 07:30:00,0
TXN0017407,48.15,Transfer,CA,2024-06-30 07:45:00,0
TXN0017408,5.8,Transfer,FL,2024-06-30 08:00:00,0
TXN0017409,55.26,Transfer,WA,2024-06-30 08:15:00,0
TXN0017410,11.73,Transfer,FL,2024-06-30 08:30:00,0
TXN0017411,5.15,POS,IL,2024-06-30 08:45:00,0
TXN0017412,18.58,Online,IL,2024-06-30 09:00:00,0
TXN0017413,5.99,Online,IL,2024-06-30 09:15:00,0
TXN0017414,11.08,Transfer,IL,2024-06-30 09:30:00,0
TXN0017415,17.27,ATM,IL,2024-06-30 09:45:00,0
TXN0017416,51.41,ATM,TX,2024-06-30 10:00:00,0
TXN0017417,52.25,POS,NY,2024-06-30 10:15:00,0
TXN0017418,36.07,POS,TX,2024-06-30 10:30:00,0
TXN0017419,14.79,ATM,CA,2024-06-30 10:45:00,0
TXN0017420,3.47,ATM,IL,2024-06-30 11:00:00,0
TXN0017421,15.85,POS,FL,2024-06-30 11:15:00,0
TXN0017422,14.15,Transfer,TX,2024-06-30 11:30:00,1
TXN0017423,17.7,Transfer,NY,2024-06-30 11:45:00,0
TXN0017424,11.12,POS,NY,2024-06-30 12:00:00,0
TXN0017425,11.16,ATM,WA,2024-06-30 12:15:00,0
TXN0017426,52.82,Transfer,IL,2024-06-30 12:30:00,0
TXN0017427,4.32,Online,TX,2024-06-30 12:45:00,0
TXN0017428,20.82,POS,IL,2024-06-30 13:00:00,0
TXN0017429,90.01,POS,NY,2024-06-30 13:15:00,1
TXN0017430,8.36,ATM,IL,2024-06-30 13:30:00,0
TXN0017431,6.49,ATM,FL,2024-06-30 13:45:00,1
TXN0017432,15.84,Online,CA,2024-06-30 14:00:00,0
TXN0017433,13.79,Transfer,CA,2024-06-30 14:15:00,0
TXN0017434,28.01,Transfer,NY,2024-06-30 14:30:00,0
TXN0017435,100.59,POS,TX,2024-06-30 14:45:00,0
TXN0017436,17.76,ATM,FL,2024-06-30 15:00:00,0
TXN0017437,39.59,ATM,FL,2024-06-30 15:15:00,0
TXN0017438,10.44,POS,FL,2024-06-30 15:30:00,0
TXN0017439,11.62,POS,IL,2024-06-30 15:45:00,0
TXN0017440,29.03,POS,CA,2024-06-30 16:00:00,0
TXN0017441,9.39,POS,WA,2024-06-30 16:15:00,0
TXN0017442,83.97,Online,FL,2024-06-30 16:30:00,1
TXN0017443,12.8,Transfer,NY,2024-06-30 16:45:00,0
TXN0017444,17.02,Transfer,IL,2024-06-30 17:00:00,0
TXN0017445,6.07,ATM,TX,2024-06-30 17:15:00,0
TXN0017446,12.35,ATM,IL,2024-06-30 17:30:00,0
TXN0017447,6.36,POS,NY,2024-06-30 17:45:00,0
TXN0017448,11.6,ATM,TX,2024-06-30 18:00:00,0
TXN0017449,2.56,POS,FL,2024-06-30 18:15:00,0
TXN0017450,20.3,POS,TX,2024-06-30 18:30:00,0
TXN0017451,159.34,POS,NY,2024-06-30 18:45:00,0
TXN0017452,2.27,Transfer,IL,2024-06-30 19:00:00,0
TXN0017453,157.95,ATM,NY,2024-06-30 19:15:00,0
TXN0017454,17.82,POS,CA,2024-06-30 19:30:00,0
TXN0017455,58.1,Transfer,IL,2024-06-30 19:45:00,0
TXN0017456,6.28,Online,WA,2024-06-30 20:00:00,0
TXN0017457,222.53,Transfer,IL,2024-06-30 20:15:00,0
TXN0017458,5.79,Online,TX,2024-06-30 20:30:00,0
TXN0017459,18.74,Online,TX,2024-06-30 20:45:00,0
TXN0017460,127.77,Online,FL,2024-06-30 21:00:00,0
TXN0017461,4.57,ATM,NY,2024-06-30 21:15:00,0
TXN0017462,1.31,Online,IL,2024-06-30 21:30:00,1
TXN0017463,18.82,Transfer,CA,2024-06-30 21:45:00,0
TXN0017464,8.29,Online,CA,2024-06-30 22:00:00,0
TXN0017465,6.51,Transfer,WA,2024-06-30 22:15:00,0
TXN0017466,6.97,Transfer,IL,2024-06-30 22:30:00,0
TXN0017467,3.64,Online,FL,2024-06-30 22:45:00,0
TXN0017468,106.75,Online,CA,2024-06-30 23:00:00,0
TXN0017469,86.19,Online,TX,2024-06-30 23:15:00,0
TXN0017470,4.09,Transfer,CA,2024-06-30 23:30:00,0
TXN0017471,18.04,ATM,WA,2024-06-30 23:45:00,0
TXN0017472,11.88,Transfer,NY,2024-07-01 00:00:00,0
TXN0017473,75.1,Transfer,FL,2024-07-01 00:15:00,0
TXN0017474,7.6,Online,IL,2024-07-01 00:30:00,0
TXN0017475,138.94,Transfer,WA,2024-07-01 00:45:00,0
TXN0017476,20.52,POS,CA,2024-07-01 01:00:00,0
TXN0017477,8.05,Transfer,NY,2024-07-01 01:15:00,0
TXN0017478,18.37,POS,TX,2024-07-01 01:30:00,0
TXN0017479,10.23,Transfer,IL,2024-07-01 01:45:00,0
TXN0017480,295.21,Transfer,CA,2024-07-01 02:00:00,0
TXN0017481,24.31,POS,FL,2024-07-01 02:15:00,0
TXN0017482,11.52,Transfer,FL,2024-07-01 02:30:00,0
TXN0017483,22.82,POS,FL,2024-07-01 02:45:00,0
TXN0017484,117.04,POS,TX,2024-07-01 03:00:00,0
TXN0017485,6.52,POS,NY,2024-07-01 03:15:00,0
TXN0017486,2.77,POS,NY,2024-07-01 03:30:00,0
TXN0017487,96.5,Transfer,NY,2024-07-01 03:45:00,0
TXN0017488,42.15,POS,WA,2024-07-01 04:00:00,0
TXN0017489,11.93,POS,TX,2024-07-01 04:15:00,0
TXN0017490,18.5,Online,FL,2024-07-01 04:30:00,0
TXN0017491,75.71,Online,IL,2024-07-01 04:45:00,1
TXN0017492,0.8,POS,TX,2024-07-01 05:00:00,0
TXN0017493,92.25,ATM,NY,2024-07-01 05:15:00,0
TXN0017494,16.49,Transfer,FL,2024-07-01 05:30:00,0
TXN0017495,45.44,Transfer,CA,2024-07-01 05:45:00,0
TXN0017496,19.1,POS,WA,2024-07-01 06:00:00,1
TXN0017497,803.75,ATM,WA,2024-07-01 06:15:00,0
TXN0017498,9.71,Online,TX,2024-07-01 06:30:00,0
TXN0017499,75.2,ATM,NY,2024-07-01 06:45:00,0
TXN0017500,0.91,ATM,FL,2024-07-01 07:00:00,0
TXN0017501,21.25,ATM,WA,2024-07-01 07:15:00,0
TXN0017502,51.86,POS,FL,2024-07-01 07:30:00,0
TXN0017503,3.21,ATM,TX,2024-07-01 07:45:00,0
TXN0017504,1.8,Transfer,IL,2024-07-01 08:00:00,0
TXN0017505,22.73,Online,WA,2024-07-01 08:15:00,0
TXN0017506,67.82,ATM,CA,2024-07-01 08:30:00,0
TXN0017507,83.32,Online,NY,2024-07-01 08:45:00,0
TXN0017508,8.94,Transfer,WA,2024-07-01 09:00:00,0
TXN0017509,30.61,POS,TX,2024-07-01 09:15:00,0
TXN0017510,3.75,POS,WA,2024-07-01 09:30:00,1
TXN0017511,162.81,Online,CA,2024-07-01 09:45:00,0
TXN0017512,10.21,Transfer,CA,2024-07-01 10:00:00,0
TXN0017513,92.87,ATM,WA,2024-07-01 10:15:00,0
TXN0017514,14.65,ATM,CA,2024-07-01 10:30:00,0
TXN0017515,13.63,Transfer,TX,2024-07-01 10:45:00,0
TXN0017516,140.45,ATM,NY,2024-07-01 11:00:00,0
TXN0017517,7.13,ATM,NY,2024-07-01 11:15:00,0
TXN0017518,94.89,Online,CA,2024-07-01 11:30:00,0
TXN0017519,13.18,Online,CA,2024-07-01 11:45:00,0
TXN0017520,7.06,Transfer,FL,2024-07-01 12:00:00,0
TXN0017521,7.41,Online,IL,2024-07-01 12:15:00,0
TXN0017522,77.79,POS,IL,2024-07-01 12:30:00,0
TXN0017523,18.33,POS,FL,2024-07-01 12:45:00,0
TXN0017524,13.2,ATM,FL,2024-07-01 13:00:00,0
TXN0017525,3.31,Transfer,CA,2024-07-01 13:15:00,0
TXN0017526,82.26,ATM,NY,2024-07-01 13:30:00,0
TXN0017527,70.76,ATM,FL,2024-07-01 13:45:00,0
TXN0017528,29.66,POS,NY,2024-07-01 14:00:00,0
TXN0017529,51.13,Online,IL,2024-07-01 14:15:00,0
TXN0017530,0.41,POS,CA,2024-07-01 14:30:00,0
TXN0017531,10.64,Online,IL,2024-07-01 14:45:00,0
TXN0017532,24.41,POS,CA,2024-07-01 15:00:00,0
TXN0017533,22.82,Transfer,CA,2024-07-01 15:15:00,0
TXN0017534,10.18,ATM,TX,2024-07-01 15:30:00,0
TXN0017535,26.72,ATM,WA,2024-07-01 15:45:00,0
TXN0017536,8.38,ATM,TX,2024-07-01 16:00:00,0
TXN0017537,9.17,Online,CA,2024-07-01 16:15:00,0
TXN0017538,4.51,POS,WA,2024-07-01 16:30:00,0
TXN0017539,23.7,POS,CA,2024-07-01 16:45:00,0
TXN0017540,8.46,ATM,IL,2024-07-01 17:00:00,0
TXN0017541,10.99,Online,IL,2024-07-01 17:15:00,0
TXN0017542,105.82,Transfer,NY,2024-07-01 17:30:00,0
TXN0017543,19.07,ATM,CA,2024-07-01 17:45:00,0
TXN0017544,19.24,ATM,IL,2024-07-01 18:00:00,0
TXN0017545,3.18,ATM,FL,2024-07-01 18:15:00,0
TXN0017546,10.72,Transfer,FL,2024-07-01 18:30:00,0
TXN0017547,65.23,Transfer,CA,2024-07-01 18:45:00,0
TXN0017548,38.92,ATM,TX,2024-07-01 19:00:00,0
TXN0017549,21.41,ATM,NY,2024-07-01 19:15:00,0
TXN0017550,16.26,ATM,IL,2024-07-01 19:30:00,0
TXN0017551,21.75,POS,FL,2024-07-01 19:45:00,0
TXN0017552,32.37,POS,NY,2024-07-01 20:00:00,0
TXN0017553,13.6,ATM,NY,2024-07-01 20:15:00,0
TXN0017554,1.02,POS,CA,2024-07-01 20:30:00,0
TXN0017555,212.37,Transfer,CA,2024-07-01 20:45:00,0
TXN0017556,78.49,Online,TX,2024-07-01 21:00:00,0
TXN0017557,16.69,Transfer,WA,2024-07-01 21:15:00,0
TXN0017558,109.15,ATM,FL,2024-07-01 21:30:00,0
TXN0017559,4.19,POS,FL,2024-07-01 21:45:00,0
TXN0017560,94.36,Transfer,TX,2024-07-01 22:00:00,0
TXN0017561,25.26,Transfer,FL,2024-07-01 22:15:00,0
TXN0017562,58.31,Transfer,CA,2024-07-01 22:30:00,0
TXN0017563,13.26,ATM,IL,2024-07-01 22:45:00,0
TXN0017564,24.06,Online,NY,2024-07-01 23:00:00,0
TXN0017565,40.48,POS,FL,2024-07-01 23:15:00,0
TXN0017566,70.64,POS,CA,2024-07-01 23:30:00,0
TXN0017567,37.21,ATM,IL,2024-07-01 23:45:00,0
TXN0017568,34.18,Online,CA,2024-07-02 00:00:00,0
TXN0017569,9.86,Transfer,TX,2024-07-02 00:15:00,0
TXN0017570,157.52,Transfer,CA,2024-07-02 00:30:00,0
TXN0017571,25.78,Transfer,WA,2024-07-02 00:45:00,0
TXN0017572,15.31,ATM,TX,2024-07-02 01:00:00,0
TXN0017573,13.6,Transfer,NY,2024-07-02 01:15:00,0
TXN0017574,4.74,POS,IL,2024-07-02 01:30:00,0
TXN0017575,8.27,ATM,FL,2024-07-02 01:45:00,0
TXN0017576,3.23,POS,CA,2024-07-02 02:00:00,0
TXN0017577,25.63,ATM,NY,2024-07-02 02:15:00,0
TXN0017578,18.2,Transfer,IL,2024-07-02 02:30:00,0
TXN0017579,26.09,POS,TX,2024-07-02 02:45:00,0
TXN0017580,4.48,Online,IL,2024-07-02 03:00:00,0
TXN0017581,12.09,ATM,NY,2024-07-02 03:15:00,0
TXN0017582,9.29,POS,TX,2024-07-02 03:30:00,0
TXN0017583,65.92,ATM,TX,2024-07-02 03:45:00,0
TXN0017584,3.35,Online,CA,2024-07-02 04:00:00,0
TXN0017585,3.24,POS,TX,2024-07-02 04:15:00,0
TXN0017586,93.66,Transfer,FL,2024-07-02 04:30:00,0
TXN0017587,30.94,Transfer,CA,2024-07-02 04:45:00,0
TXN0017588,3.06,POS,IL,2024-07-02 05:00:00,0
TXN0017589,101.25,Online,IL,2024-07-02 05:15:00,0
TXN0017590,120.24,ATM,NY,2024-07-02 05:30:00,0
TXN0017591,78.95,Online,FL,2024-07-02 05:45:00,0
TXN0017592,1.69,Transfer,WA,2024-07-02 06:00:00,0
TXN0017593,23.17,ATM,FL,2024-07-02 06:15:00,0
TXN0017594,7.1,POS,TX,2024-07-02 06:30:00,0
TXN0017595,14.57,Online,NY,2024-07-02 06:45:00,0
TXN0017596,3.01,Transfer,WA,2024-07-02 07:00:00,0
TXN0017597,160.63,ATM,CA,2024-07-02 07:15:00,0
TXN0017598,8.73,POS,NY,2024-07-02 07:30:00,0
TXN0017599,27.96,Online,TX,2024-07-02 07:45:00,0
TXN0017600,52.64,ATM,IL,2024-07-02 08:00:00,0
TXN0017601,41.85,POS,CA,2024-07-02 08:15:00,0
TXN0017602,32.85,POS,TX,2024-07-02 08:30:00,0
TXN0017603,12.54,Transfer,IL,2024-07-02 08:45:00,0
TXN0017604,26.12,Transfer,CA,2024-07-02 09:00:00,0
TXN0017605,15.38,POS,CA,2024-07-02 09:15:00,0
TXN0017606,1.31,ATM,IL,2024-07-02 09:30:00,0
TXN0017607,66.54,POS,FL,2024-07-02 09:45:00,0
TXN0017608,9.43,POS,WA,2024-07-02 10:00:00,0
TXN0017609,10.71,ATM,TX,2024-07-02 10:15:00,0
TXN0017610,12.21,ATM,CA,2024-07-02 10:30:00,0
TXN0017611,3.78,POS,FL,2024-07-02 10:45:00,0
TXN0017612,4.67,Transfer,FL,2024-07-02 11:00:00,0
TXN0017613,2.3,POS,WA,2024-07-02 11:15:00,0
TXN0017614,35.12,ATM,CA,2024-07-02 11:30:00,0
TXN0017615,82.61,Online,TX,2024-07-02 11:45:00,0
TXN0017616,21.89,Transfer,WA,2024-07-02 12:00:00,0
TXN0017617,5.06,Transfer,TX,2024-07-02 12:15:00,0
TXN0017618,95.99,ATM,TX,2024-07-02 12:30:00,0
TXN0017619,13.63,Online,TX,2024-07-02 12:45:00,0
TXN0017620,2.95,Transfer,NY,2024-07-02 13:00:00,0
TXN0017621,2.09,ATM,TX,2024-07-02 13:15:00,0
TXN0017622,24.86,Transfer,NY,2024-07-02 13:30:00,0
TXN0017623,113.1,POS,IL,2024-07-02 13:45:00,0
TXN0017624,12.6,Online,CA,2024-07-02 14:00:00,0
TXN0017625,9.33,Online,NY,2024-07-02 14:15:00,0
TXN0017626,14.38,ATM,CA,2024-07-02 14:30:00,0
TXN0017627,7.21,Online,CA,2024-07-02 14:45:00,0
TXN0017628,10.36,POS,NY,2024-07-02 15:00:00,0
TXN0017629,27.03,POS,CA,2024-07-02 15:15:00,0
TXN0017630,8.38,Online,NY,2024-07-02 15:30:00,0
TXN0017631,61.11,Online,IL,2024-07-02 15:45:00,0
TXN0017632,6.18,POS,CA,2024-07-02 16:00:00,0
TXN0017633,46.71,ATM,CA,2024-07-02 16:15:00,0
TXN0017634,30.22,POS,FL,2024-07-02 16:30:00,0
TXN0017635,12.55,Transfer,IL,2024-07-02 16:45:00,0
TXN0017636,13.96,Online,NY,2024-07-02 17:00:00,1
TXN0017637,13.5,POS,WA,2024-07-02 17:15:00,0
TXN0017638,149.55,Transfer,IL,2024-07-02 17:30:00,0
TXN0017639,7.55,POS,CA,2024-07-02 17:45:00,0
TXN0017640,82.98,POS,FL,2024-07-02 18:00:00,0
TXN0017641,66.95,POS,WA,2024-07-02 18:15:00,0
TXN0017642,13.29,Online,IL,2024-07-02 18:30:00,0
TXN0017643,138.92,ATM,CA,2024-07-02 18:45:00,0
TXN0017644,1.15,POS,CA,2024-07-02 19:00:00,0
TXN0017645,26.76,Transfer,FL,2024-07-02 19:15:00,0
TXN0017646,23.27,Transfer,NY,2024-07-02 19:30:00,0
TXN0017647,20.42,Transfer,CA,2024-07-02 19:45:00,0
TXN0017648,54.44,Transfer,CA,2024-07-02 20:00:00,0
TXN0017649,12.33,Transfer,CA,2024-07-02 20:15:00,0
TXN0017650,15.94,POS,TX,2024-07-02 20:30:00,0
TXN0017651,79.23,Transfer,IL,2024-07-02 20:45:00,0
TXN0017652,17.34,Transfer,IL,2024-07-02 21:00:00,1
TXN0017653,5.76,POS,FL,2024-07-02 21:15:00,0
TXN0017654,39.49,POS,IL,2024-07-02 21:30:00,0
TXN0017655,18.04,POS,IL,2024-07-02 21:45:00,0
TXN0017656,10.12,Online,NY,2024-07-02 22:00:00,0
TXN0017657,38.66,POS,WA,2024-07-02 22:15:00,0
TXN0017658,7.9,Transfer,CA,2024-07-02 22:30:00,0
TXN0017659,6.14,Transfer,CA,2024-07-02 22:45:00,0
TXN0017660,14.56,POS,NY,2024-07-02 23:00:00,0
TXN0017661,15.85,Transfer,NY,2024-07-02 23:15:00,0
TXN0017662,21.22,Online,FL,2024-07-02 23:30:00,0
TXN0017663,4.69,ATM,NY,2024-07-02 23:45:00,0
TXN0017664,156.89,ATM,FL,2024-07-03 00:00:00,0
TXN0017665,44.81,Online,CA,2024-07-03 00:15:00,0
TXN0017666,23.64,Transfer,WA,2024-07-03 00:30:00,1
TXN0017667,26.25,POS,CA,2024-07-03 00:45:00,0
TXN0017668,0.99,Transfer,WA,2024-07-03 01:00:00,0
TXN0017669,60.41,Transfer,FL,2024-07-03 01:15:00,0
TXN0017670,5.84,Transfer,TX,2024-07-03 01:30:00,0
TXN0017671,36.45,ATM,CA,2024-07-03 01:45:00,0
TXN0017672,4.75,Online,FL,2024-07-03 02:00:00,0
TXN0017673,64.97,Online,FL,2024-07-03 02:15:00,0
TXN0017674,10.48,Transfer,NY,2024-07-03 02:30:00,0
TXN0017675,15.44,ATM,FL,2024-07-03 02:45:00,0
TXN0017676,124.73,ATM,FL,2024-07-03 03:00:00,0
TXN0017677,65.33,Online,CA,2024-07-03 03:15:00,0
TXN0017678,3.82,ATM,CA,2024-07-03 03:30:00,0
TXN0017679,8.62,Online,FL,2024-07-03 03:45:00,0
TXN0017680,25.14,Online,NY,2024-07-03 04:00:00,0
TXN0017681,15.05,POS,FL,2024-07-03 04:15:00,0
TXN0017682,52.52,Online,FL,2024-07-03 04:30:00,0
TXN0017683,8.76,Transfer,IL,2024-07-03 04:45:00,0
TXN0017684,2.1,Transfer,CA,2024-07-03 05:00:00,0
TXN0017685,6.67,ATM,NY,2024-07-03 05:15:00,0
TXN0017686,15.95,POS,TX,2024-07-03 05:30:00,0
TXN0017687,38.44,ATM,CA,2024-07-03 05:45:00,0
TXN0017688,48.63,POS,CA,2024-07-03 06:00:00,0
TXN0017689,88.86,Online,WA,2024-07-03 06:15:00,0
TXN0017690,26.42,Transfer,WA,2024-07-03 06:30:00,0
TXN0017691,15.61,ATM,NY,2024-07-03 06:45:00,0
TXN0017692,47.88,Online,CA,2024-07-03 07:00:00,0
TXN0017693,17.67,ATM,CA,2024-07-03 07:15:00,0
TXN0017694,11.35,ATM,IL,2024-07-03 07:30:00,0
TXN0017695,11.36,ATM,FL,2024-07-03 07:45:00,0
TXN0017696,60.7,POS,CA,2024-07-03 08:00:00,0
TXN0017697,118.44,Online,NY,2024-07-03 08:15:00,0
TXN0017698,96.64,Transfer,NY,2024-07-03 08:30:00,0
TXN0017699,2.92,Transfer,NY,2024-07-03 08:45:00,0
TXN0017700,73.94,Online,NY,2024-07-03 09:00:00,0
TXN0017701,5.19,POS,CA,2024-07-03 09:15:00,0
TXN0017702,13.22,ATM,IL,2024-07-03 09:30:00,0
TXN0017703,40.26,Online,IL,2024-07-03 09:45:00,0
TXN0017704,4.02,Online,NY,2024-07-03 10:00:00,0
TXN0017705,4.57,ATM,IL,2024-07-03 10:15:00,0
TXN0017706,8.1,Online,IL,2024-07-03 10:30:00,1
TXN0017707,151.09,Online,WA,2024-07-03 10:45:00,0
TXN0017708,72.53,ATM,CA,2024-07-03 11:00:00,1
TXN0017709,6.78,Transfer,CA,2024-07-03 11:15:00,1
TXN0017710,23.52,Transfer,CA,2024-07-03 11:30:00,0
TXN0017711,23.45,Transfer,FL,2024-07-03 11:45:00,1
TXN0017712,29.0,Transfer,CA,2024-07-03 12:00:00,0
TXN0017713,8.5,Online,NY,2024-07-03 12:15:00,0
TXN0017714,112.35,Transfer,FL,2024-07-03 12:30:00,0
TXN0017715,12.64,ATM,NY,2024-07-03 12:45:00,0
TXN0017716,53.29,Transfer,CA,2024-07-03 13:00:00,1
TXN0017717,2.64,Online,NY,2024-07-03 13:15:00,0
TXN0017718,31.9,ATM,IL,2024-07-03 13:30:00,0
TXN0017719,23.72,Transfer,CA,2024-07-03 13:45:00,0
TXN0017720,101.69,ATM,FL,2024-07-03 14:00:00,0
TXN0017721,0.88,ATM,WA,2024-07-03 14:15:00,0
TXN0017722,38.82,Online,WA,2024-07-03 14:30:00,0
TXN0017723,52.92,ATM,CA,2024-07-03 14:45:00,0
TXN0017724,14.5,POS,CA,2024-07-03 15:00:00,0
TXN0017725,96.7,ATM,CA,2024-07-03 15:15:00,0
TXN0017726,248.8,Online,CA,2024-07-03 15:30:00,0
TXN0017727,57.4,Transfer,CA,2024-07-03 15:45:00,0
TXN0017728,52.71,POS,NY,2024-07-03 16:00:00,0
TXN0017729,100.74,POS,NY,2024-07-03 16:15:00,0
TXN0017730,33.82,Transfer,NY,2024-07-03 16:30:00,0
TXN0017731,87.15,POS,WA,2024-07-03 16:45:00,0
TXN0017732,40.99,POS,CA,2024-07-03 17:00:00,0
TXN0017733,8.78,ATM,NY,2024-07-03 17:15:00,0
TXN0017734,5.66,POS,WA,2024-07-03 17:30:00,0
TXN0017735,81.85,Online,TX,2024-07-03 17:45:00,0
TXN0017736,40.98,POS,CA,2024-07-03 18:00:00,1
TXN0017737,8.94,Transfer,IL,2024-07-03 18:15:00,0
TXN0017738,20.63,POS,IL,2024-07-03 18:30:00,1
TXN0017739,115.94,Online,TX,2024-07-03 18:45:00,0
TXN0017740,2.55,Online,CA,2024-07-03 19:00:00,0
TXN0017741,6.77,ATM,FL,2024-07-03 19:15:00,0
TXN0017742,46.21,POS,IL,2024-07-03 19:30:00,0
TXN0017743,53.74,Transfer,FL,2024-07-03 19:45:00,0
TXN0017744,4.9,Online,WA,2024-07-03 20:00:00,0
TXN0017745,6.05,Transfer,NY,2024-07-03 20:15:00,0
TXN0017746,24.38,Online,NY,2024-07-03 20:30:00,0
TXN0017747,108.04,Transfer,FL,2024-07-03 20:45:00,0
TXN0017748,20.28,ATM,WA,2024-07-03 21:00:00,0
TXN0017749,1.23,Online,NY,2024-07-03 21:15:00,0
TXN0017750,68.8,POS,NY,2024-07-03 21:30:00,0
TXN0017751,19.48,Transfer,TX,2024-07-03 21:45:00,0
TXN0017752,11.52,Transfer,IL,2024-07-03 22:00:00,0
TXN0017753,4.96,ATM,CA,2024-07-03 22:15:00,0
TXN0017754,83.92,ATM,IL,2024-07-03 22:30:00,0
TXN0017755,27.56,Online,WA,2024-07-03 22:45:00,0
TXN0017756,32.49,Transfer,IL,2024-07-03 23:00:00,0
TXN0017757,30.45,POS,IL,2024-07-03 23:15:00,0
TXN0017758,33.75,Transfer,WA,2024-07-03 23:30:00,0
TXN0017759,54.62,Transfer,IL,2024-07-03 23:45:00,0
TXN0017760,156.61,Transfer,NY,2024-07-04 00:00:00,0
TXN0017761,5.58,Transfer,WA,2024-07-04 00:15:00,0
TXN0017762,18.26,Online,CA,2024-07-04 00:30:00,0
TXN0017763,11.6,ATM,WA,2024-07-04 00:45:00,0
TXN0017764,150.82,POS,NY,2024-07-04 01:00:00,0
TXN0017765,14.14,Transfer,IL,2024-07-04 01:15:00,0
TXN0017766,2.89,ATM,CA,2024-07-04 01:30:00,0
TXN0017767,19.34,Online,WA,2024-07-04 01:45:00,0
TXN0017768,8.29,POS,IL,2024-07-04 02:00:00,0
TXN0017769,8.22,POS,WA,2024-07-04 02:15:00,0
TXN0017770,11.68,POS,CA,2024-07-04 02:30:00,0
TXN0017771,4.15,Online,FL,2024-07-04 02:45:00,0
TXN0017772,1.96,Online,NY,2024-07-04 03:00:00,0
TXN0017773,207.95,Online,TX,2024-07-04 03:15:00,0
TXN0017774,17.16,Online,NY,2024-07-04 03:30:00,0
TXN0017775,6.49,Online,NY,2024-07-04 03:45:00,0
TXN0017776,42.22,Transfer,FL,2024-07-04 04:00:00,0
TXN0017777,99.15,Online,IL,2024-07-04 04:15:00,0
TXN0017778,2.45,ATM,NY,2024-07-04 04:30:00,0
TXN0017779,11.67,Transfer,IL,2024-07-04 04:45:00,0
TXN0017780,27.99,POS,IL,2024-07-04 05:00:00,0
TXN0017781,7.24,Online,FL,2024-07-04 05:15:00,0
TXN0017782,34.32,ATM,NY,2024-07-04 05:30:00,0
TXN0017783,4.52,ATM,WA,2024-07-04 05:45:00,0
TXN0017784,8.97,Online,WA,2024-07-04 06:00:00,0
TXN0017785,17.25,Online,TX,2024-07-04 06:15:00,0
TXN0017786,33.4,POS,IL,2024-07-04 06:30:00,0
TXN0017787,20.92,ATM,WA,2024-07-04 06:45:00,0
TXN0017788,8.8,Transfer,CA,2024-07-04 07:00:00,0
TXN0017789,12.81,Online,IL,2024-07-04 07:15:00,0
TXN0017790,1.57,POS,IL,2024-07-04 07:30:00,0
TXN0017791,259.27,Online,FL,2024-07-04 07:45:00,0
TXN0017792,12.2,ATM,IL,2024-07-04 08:00:00,0
TXN0017793,14.0,ATM,IL,2024-07-04 08:15:00,0
TXN0017794,27.43,POS,FL,2024-07-04 08:30:00,0
TXN0017795,39.62,ATM,NY,2024-07-04 08:45:00,1
TXN0017796,30.12,POS,FL,2024-07-04 09:00:00,0
TXN0017797,8.83,ATM,WA,2024-07-04 09:15:00,0
TXN0017798,2.72,POS,WA,2024-07-04 09:30:00,0
TXN0017799,16.16,Transfer,WA,2024-07-04 09:45:00,0
TXN0017800,7.64,Online,TX,2024-07-04 10:00:00,0
TXN0017801,10.26,ATM,CA,2024-07-04 10:15:00,0
TXN0017802,19.88,POS,CA,2024-07-04 10:30:00,0
TXN0017803,26.6,Transfer,IL,2024-07-04 10:45:00,0
TXN0017804,94.07,Transfer,TX,2024-07-04 11:00:00,0
TXN0017805,16.68,ATM,CA,2024-07-04 11:15:00,0
TXN0017806,2.5,Transfer,WA,2024-07-04 11:30:00,0
TXN0017807,40.2,Online,IL,2024-07-04 11:45:00,0
TXN0017808,60.64,POS,IL,2024-07-04 12:00:00,0
TXN0017809,2.76,POS,NY,2024-07-04 12:15:00,0
TXN0017810,41.22,POS,TX,2024-07-04 12:30:00,0
TXN0017811,24.91,POS,FL,2024-07-04 12:45:00,0
TXN0017812,10.35,ATM,CA,2024-07-04 13:00:00,0
TXN0017813,24.43,ATM,NY,2024-07-04 13:15:00,0
TXN0017814,31.74,ATM,NY,2024-07-04 13:30:00,0
TXN0017815,40.49,Transfer,IL,2024-07-04 13:45:00,0
TXN0017816,78.97,ATM,IL,2024-07-04 14:00:00,0
TXN0017817,19.57,ATM,NY,2024-07-04 14:15:00,0
TXN0017818,19.73,POS,NY,2024-07-04 14:30:00,0
TXN0017819,362.2,Transfer,WA,2024-07-04 14:45:00,0
TXN0017820,5.5,POS,FL,2024-07-04 15:00:00,0
TXN0017821,14.29,Online,IL,2024-07-04 15:15:00,0
TXN0017822,12.98,Online,IL,2024-07-04 15:30:00,0
TXN0017823,50.02,Transfer,CA,2024-07-04 15:45:00,0
TXN0017824,75.19,POS,TX,2024-07-04 16:00:00,0
TXN0017825,4.06,POS,IL,2024-07-04 16:15:00,0
TXN0017826,87.3,POS,NY,2024-07-04 16:30:00,0
TXN0017827,4.76,ATM,CA,2024-07-04 16:45:00,0
TXN0017828,457.53,Transfer,FL,2024-07-04 17:00:00,0
TXN0017829,8.88,Transfer,TX,2024-07-04 17:15:00,0
TXN0017830,75.04,ATM,NY,2024-07-04 17:30:00,0
TXN0017831,14.41,Transfer,TX,2024-07-04 17:45:00,0
TXN0017832,46.66,POS,WA,2024-07-04 18:00:00,0
TXN0017833,8.09,ATM,TX,2024-07-04 18:15:00,0
TXN0017834,23.33,ATM,TX,2024-07-04 18:30:00,0
TXN0017835,20.45,Transfer,IL,2024-07-04 18:45:00,0
TXN0017836,22.24,POS,IL,2024-07-04 19:00:00,0
TXN0017837,51.72,ATM,FL,2024-07-04 19:15:00,0
TXN0017838,11.72,ATM,WA,2024-07-04 19:30:00,0
TXN0017839,13.48,POS,TX,2024-07-04 19:45:00,0
TXN0017840,4.09,ATM,IL,2024-07-04 20:00:00,0
TXN0017841,16.84,ATM,WA,2024-07-04 20:15:00,0
TXN0017842,11.03,ATM,WA,2024-07-04 20:30:00,0
TXN0017843,57.6,ATM,WA,2024-07-04 20:45:00,0
TXN0017844,44.58,POS,NY,2024-07-04 21:00:00,0
TXN0017845,8.34,POS,NY,2024-07-04 21:15:00,0
TXN0017846,33.89,ATM,TX,2024-07-04 21:30:00,0
TXN0017847,96.61,Transfer,IL,2024-07-04 21:45:00,0
TXN0017848,15.48,Transfer,CA,2024-07-04 22:00:00,0
TXN0017849,4.86,POS,FL,2024-07-04 22:15:00,0
TXN0017850,383.71,Transfer,CA,2024-07-04 22:30:00,0
TXN0017851,38.75,Transfer,CA,2024-07-04 22:45:00,0
TXN0017852,46.41,ATM,FL,2024-07-04 23:00:00,0
TXN0017853,404.2,POS,WA,2024-07-04 23:15:00,0
TXN0017854,7.63,POS,WA,2024-07-04 23:30:00,0
TXN0017855,28.77,POS,WA,2024-07-04 23:45:00,0
TXN0017856,2.04,POS,WA,2024-07-05 00:00:00,0
TXN0017857,36.03,Transfer,FL,2024-07-05 00:15:00,0
TXN0017858,32.06,POS,TX,2024-07-05 00:30:00,0
TXN0017859,7.78,POS,TX,2024-07-05 00:45:00,0
TXN0017860,7.16,POS,NY,2024-07-05 01:00:00,0
TXN0017861,16.14,Online,CA,2024-07-05 01:15:00,0
TXN0017862,15.11,Online,FL,2024-07-05 01:30:00,0
TXN0017863,133.6,POS,FL,2024-07-05 01:45:00,0
TXN0017864,14.86,POS,FL,2024-07-05 02:00:00,0
TXN0017865,16.47,POS,WA,2024-07-05 02:15:00,1
TXN0017866,16.13,ATM,FL,2024-07-05 02:30:00,0
TXN0017867,2.92,POS,TX,2024-07-05 02:45:00,1
TXN0017868,11.1,Online,WA,2024-07-05 03:00:00,0
TXN0017869,3.92,POS,NY,2024-07-05 03:15:00,0
TXN0017870,23.2,ATM,NY,2024-07-05 03:30:00,0
TXN0017871,1.43,ATM,CA,2024-07-05 03:45:00,0
TXN0017872,5.15,Online,TX,2024-07-05 04:00:00,0
TXN0017873,27.04,Transfer,WA,2024-07-05 04:15:00,0
TXN0017874,1.6,Online,FL,2024-07-05 04:30:00,1
TXN0017875,3.06,Transfer,CA,2024-07-05 04:45:00,0
TXN0017876,65.77,Online,TX,2024-07-05 05:00:00,0
TXN0017877,4.02,ATM,NY,2024-07-05 05:15:00,0
TXN0017878,19.68,POS,FL,2024-07-05 05:30:00,0
TXN0017879,28.78,ATM,FL,2024-07-05 05:45:00,0
TXN0017880,5.56,ATM,IL,2024-07-05 06:00:00,0
TXN0017881,2.61,ATM,TX,2024-07-05 06:15:00,0
TXN0017882,124.63,POS,FL,2024-07-05 06:30:00,0
TXN0017883,10.17,ATM,TX,2024-07-05 06:45:00,0
TXN0017884,37.0,ATM,TX,2024-07-05 07:00:00,0
TXN0017885,7.98,ATM,NY,2024-07-05 07:15:00,0
TXN0017886,30.81,ATM,NY,2024-07-05 07:30:00,0
TXN0017887,4.1,POS,CA,2024-07-05 07:45:00,0
TXN0017888,3.81,Online,TX,2024-07-05 08:00:00,0
TXN0017889,5.66,Transfer,TX,2024-07-05 08:15:00,0
TXN0017890,9.34,Online,TX,2024-07-05 08:30:00,0
TXN0017891,9.34,POS,IL,2024-07-05 08:45:00,0
TXN0017892,13.36,Online,TX,2024-07-05 09:00:00,0
TXN0017893,33.44,ATM,IL,2024-07-05 09:15:00,0
TXN0017894,10.43,POS,WA,2024-07-05 09:30:00,0
TXN0017895,61.1,ATM,NY,2024-07-05 09:45:00,0
TXN0017896,8.96,Transfer,TX,2024-07-05 10:00:00,0
TXN0017897,44.05,Transfer,TX,2024-07-05 10:15:00,0
TXN0017898,96.09,POS,CA,2024-07-05 10:30:00,0
TXN0017899,160.97,ATM,CA,2024-07-05 10:45:00,0
TXN0017900,1.82,ATM,CA,2024-07-05 11:00:00,0
TXN0017901,158.01,Transfer,FL,2024-07-05 11:15:00,0
TXN0017902,2.38,ATM,WA,2024-07-05 11:30:00,0
TXN0017903,109.35,ATM,IL,2024-07-05 11:45:00,0
TXN0017904,19.58,Transfer,CA,2024-07-05 12:00:00,0
TXN0017905,30.34,Transfer,IL,2024-07-05 12:15:00,0
TXN0017906,6.38,POS,TX,2024-07-05 12:30:00,0
TXN0017907,61.18,ATM,FL,2024-07-05 12:45:00,0
TXN0017908,45.37,ATM,FL,2024-07-05 13:00:00,0
TXN0017909,10.23,POS,TX,2024-07-05 13:15:00,0
TXN0017910,9.49,Transfer,IL,2024-07-05 13:30:00,0
TXN0017911,55.73,Transfer,NY,2024-07-05 13:45:00,0
TXN0017912,68.79,ATM,CA,2024-07-05 14:00:00,0
TXN0017913,50.13,Transfer,CA,2024-07-05 14:15:00,1
TXN0017914,12.6,POS,FL,2024-07-05 14:30:00,0
TXN0017915,19.99,Online,TX,2024-07-05 14:45:00,0
TXN0017916,61.5,ATM,TX,2024-07-05 15:00:00,0
TXN0017917,54.48,Transfer,CA,2024-07-05 15:15:00,0
TXN0017918,77.29,POS,CA,2024-07-05 15:30:00,0
TXN0017919,23.64,POS,IL,2024-07-05 15:45:00,0
TXN0017920,8.56,Transfer,NY,2024-07-05 16:00:00,0
TXN0017921,28.21,POS,FL,2024-07-05 16:15:00,0
TXN0017922,34.34,POS,IL,2024-07-05 16:30:00,0
TXN0017923,10.52,Online,IL,2024-07-05 16:45:00,0
TXN0017924,34.17,ATM,TX,2024-07-05 17:00:00,0
TXN0017925,7.29,Transfer,NY,2024-07-05 17:15:00,0
TXN0017926,27.16,ATM,TX,2024-07-05 17:30:00,0
TXN0017927,9.64,POS,WA,2024-07-05 17:45:00,0
TXN0017928,253.25,Transfer,FL,2024-07-05 18:00:00,0
TXN0017929,83.36,POS,NY,2024-07-05 18:15:00,0
TXN0017930,27.32,ATM,CA,2024-07-05 18:30:00,0
TXN0017931,4.12,POS,FL,2024-07-05 18:45:00,0
TXN0017932,4.56,Transfer,CA,2024-07-05 19:00:00,0
TXN0017933,46.11,Transfer,WA,2024-07-05 19:15:00,0
TXN0017934,16.63,POS,FL,2024-07-05 19:30:00,0
TXN0017935,28.86,Online,CA,2024-07-05 19:45:00,0
TXN0017936,3.01,Transfer,IL,2024-07-05 20:00:00,0
TXN0017937,3.27,ATM,CA,2024-07-05 20:15:00,0
TXN0017938,22.89,Transfer,CA,2024-07-05 20:30:00,0
TXN0017939,15.52,ATM,CA,2024-07-05 20:45:00,0
TXN0017940,4.02,ATM,FL,2024-07-05 21:00:00,0
TXN0017941,7.63,POS,WA,2024-07-05 21:15:00,0
TXN0017942,51.12,Online,IL,2024-07-05 21:30:00,0
TXN0017943,11.83,Online,FL,2024-07-05 21:45:00,0
TXN0017944,39.75,POS,NY,2024-07-05 22:00:00,0
TXN0017945,144.88,POS,WA,2024-07-05 22:15:00,0
TXN0017946,29.88,Transfer,TX,2024-07-05 22:30:00,0
TXN0017947,23.26,ATM,CA,2024-07-05 22:45:00,0
TXN0017948,9.75,Online,IL,2024-07-05 23:00:00,0
TXN0017949,85.97,POS,IL,2024-07-05 23:15:00,0
TXN0017950,3.52,POS,FL,2024-07-05 23:30:00,0
TXN0017951,5.33,Transfer,FL,2024-07-05 23:45:00,0
TXN0017952,19.5,Online,NY,2024-07-06 00:00:00,0
TXN0017953,3.4,Online,WA,2024-07-06 00:15:00,0
TXN0017954,64.67,Transfer,WA,2024-07-06 00:30:00,0
TXN0017955,9.41,POS,IL,2024-07-06 00:45:00,0
TXN0017956,37.62,ATM,IL,2024-07-06 01:00:00,0
TXN0017957,13.74,POS,IL,2024-07-06 01:15:00,0
TXN0017958,14.72,POS,FL,2024-07-06 01:30:00,0
TXN0017959,20.26,POS,CA,2024-07-06 01:45:00,1
TXN0017960,1.89,POS,CA,2024-07-06 02:00:00,0
TXN0017961,5.39,Transfer,IL,2024-07-06 02:15:00,0
TXN0017962,11.29,Online,IL,2024-07-06 02:30:00,0
TXN0017963,286.36,Online,NY,2024-07-06 02:45:00,0
TXN0017964,52.92,Transfer,NY,2024-07-06 03:00:00,0
TXN0017965,47.47,Online,FL,2024-07-06 03:15:00,0
TXN0017966,5.73,POS,CA,2024-07-06 03:30:00,0
TXN0017967,58.15,ATM,NY,2024-07-06 03:45:00,0
TXN0017968,88.79,Online,CA,2024-07-06 04:00:00,0
TXN0017969,49.14,Online,IL,2024-07-06 04:15:00,0
TXN0017970,464.74,ATM,CA,2024-07-06 04:30:00,0
TXN0017971,3.95,Transfer,NY,2024-07-06 04:45:00,0
TXN0017972,5.47,POS,CA,2024-07-06 05:00:00,0
TXN0017973,14.51,ATM,IL,2024-07-06 05:15:00,0
TXN0017974,6.17,Online,NY,2024-07-06 05:30:00,0
TXN0017975,21.18,POS,CA,2024-07-06 05:45:00,0
TXN0017976,37.18,Transfer,IL,2024-07-06 06:00:00,0
TXN0017977,19.59,Transfer,FL,2024-07-06 06:15:00,0
TXN0017978,22.47,ATM,CA,2024-07-06 06:30:00,0
TXN0017979,32.36,Transfer,NY,2024-07-06 06:45:00,0
TXN0017980,50.41,POS,CA,2024-07-06 07:00:00,0
TXN0017981,9.01,Online,TX,2024-07-06 07:15:00,0
TXN0017982,8.91,POS,NY,2024-07-06 07:30:00,0
TXN0017983,83.22,ATM,WA,2024-07-06 07:45:00,0
TXN0017984,13.23,POS,TX,2024-07-06 08:00:00,1
TXN0017985,7.32,Online,FL,2024-07-06 08:15:00,0
TXN0017986,27.94,POS,IL,2024-07-06 08:30:00,0
TXN0017987,13.02,Transfer,WA,2024-07-06 08:45:00,0
TXN0017988,22.92,ATM,IL,2024-07-06 09:00:00,0
TXN0017989,18.39,POS,IL,2024-07-06 09:15:00,0
TXN0017990,42.4,ATM,TX,2024-07-06 09:30:00,0
TXN0017991,59.52,ATM,NY,2024-07-06 09:45:00,0
TXN0017992,7.34,Online,WA,2024-07-06 10:00:00,0
TXN0017993,4.62,POS,FL,2024-07-06 10:15:00,0
TXN0017994,134.77,POS,TX,2024-07-06 10:30:00,0
TXN0017995,8.72,ATM,FL,2024-07-06 10:45:00,0
TXN0017996,3.08,POS,FL,2024-07-06 11:00:00,0
TXN0017997,2.04,Online,NY,2024-07-06 11:15:00,0
TXN0017998,18.98,Transfer,IL,2024-07-06 11:30:00,0
TXN0017999,9.15,Online,FL,2024-07-06 11:45:00,0
TXN0018000,2.2,Online,TX,2024-07-06 12:00:00,1
TXN0018001,6.35,POS,IL,2024-07-06 12:15:00,0
TXN0018002,5.55,POS,FL,2024-07-06 12:30:00,0
TXN0018003,65.42,POS,FL,2024-07-06 12:45:00,0
TXN0018004,26.23,Online,FL,2024-07-06 13:00:00,0
TXN0018005,19.49,Online,TX,2024-07-06 13:15:00,0
TXN0018006,4.3,ATM,IL,2024-07-06 13:30:00,0
TXN0018007,15.9,POS,IL,2024-07-06 13:45:00,0
TXN0018008,43.74,Online,IL,2024-07-06 14:00:00,0
TXN0018009,23.9,Online,WA,2024-07-06 14:15:00,0
TXN0018010,70.11,Transfer,TX,2024-07-06 14:30:00,0
TXN0018011,21.67,Transfer,TX,2024-07-06 14:45:00,0
TXN0018012,45.29,Transfer,CA,2024-07-06 15:00:00,0
TXN0018013,34.14,POS,WA,2024-07-06 15:15:00,0
TXN0018014,9.99,Online,NY,2024-07-06 15:30:00,0
TXN0018015,98.13,Transfer,FL,2024-07-06 15:45:00,0
TXN0018016,30.45,Transfer,NY,2024-07-06 16:00:00,0
TXN0018017,53.03,Online,NY,2024-07-06 16:15:00,0
TXN0018018,5.5,POS,NY,2024-07-06 16:30:00,0
TXN0018019,5.36,POS,NY,2024-07-06 16:45:00,0
TXN0018020,15.89,Transfer,TX,2024-07-06 17:00:00,1
TXN0018021,7.5,ATM,WA,2024-07-06 17:15:00,0
TXN0018022,41.46,Online,WA,2024-07-06 17:30:00,0
TXN0018023,32.21,POS,TX,2024-07-06 17:45:00,0
TXN0018024,85.83,Transfer,FL,2024-07-06 18:00:00,0
TXN0018025,39.95,ATM,NY,2024-07-06 18:15:00,0
TXN0018026,5.08,ATM,NY,2024-07-06 18:30:00,0
TXN0018027,61.49,Transfer,NY,2024-07-06 18:45:00,0
TXN0018028,9.04,Transfer,IL,2024-07-06 19:00:00,0
TXN0018029,8.17,ATM,FL,2024-07-06 19:15:00,0
TXN0018030,21.24,Online,IL,2024-07-06 19:30:00,0
TXN0018031,19.5,Transfer,FL,2024-07-06 19:45:00,0
TXN0018032,68.4,Online,TX,2024-07-06 20:00:00,0
TXN0018033,585.62,POS,CA,2024-07-06 20:15:00,0
TXN0018034,32.76,Online,CA,2024-07-06 20:30:00,0
TXN0018035,112.86,ATM,TX,2024-07-06 20:45:00,0
TXN0018036,15.3,Online,FL,2024-07-06 21:00:00,0
TXN0018037,29.52,Online,FL,2024-07-06 21:15:00,0
TXN0018038,10.6,Online,WA,2024-07-06 21:30:00,0
TXN0018039,11.87,Online,WA,2024-07-06 21:45:00,0
TXN0018040,98.71,POS,FL,2024-07-06 22:00:00,0
TXN0018041,33.94,POS,NY,2024-07-06 22:15:00,0
TXN0018042,33.65,Online,CA,2024-07-06 22:30:00,0
TXN0018043,7.55,ATM,CA,2024-07-06 22:45:00,0
TXN0018044,153.0,ATM,TX,2024-07-06 23:00:00,0
TXN0018045,15.93,ATM,NY,2024-07-06 23:15:00,0
TXN0018046,9.04,POS,IL,2024-07-06 23:30:00,0
TXN0018047,19.26,Online,IL,2024-07-06 23:45:00,0
TXN0018048,44.22,Transfer,IL,2024-07-07 00:00:00,0
TXN0018049,48.39,ATM,WA,2024-07-07 00:15:00,0
TXN0018050,114.86,POS,CA,2024-07-07 00:30:00,0
TXN0018051,5.53,Transfer,TX,2024-07-07 00:45:00,0
TXN0018052,11.78,Online,WA,2024-07-07 01:00:00,0
TXN0018053,127.95,Transfer,NY,2024-07-07 01:15:00,0
TXN0018054,300.78,POS,NY,2024-07-07 01:30:00,0
TXN0018055,9.3,Online,IL,2024-07-07 01:45:00,0
TXN0018056,17.59,Transfer,IL,2024-07-07 02:00:00,0
TXN0018057,3.1,POS,NY,2024-07-07 02:15:00,0
TXN0018058,7.36,POS,IL,2024-07-07 02:30:00,0
TXN0018059,6.85,POS,WA,2024-07-07 02:45:00,0
TXN0018060,17.46,ATM,NY,2024-07-07 03:00:00,0
TXN0018061,4.74,POS,FL,2024-07-07 03:15:00,0
TXN0018062,60.23,ATM,WA,2024-07-07 03:30:00,0
TXN0018063,18.45,ATM,TX,2024-07-07 03:45:00,0
TXN0018064,14.59,POS,WA,2024-07-07 04:00:00,0
TXN0018065,59.6,Transfer,WA,2024-07-07 04:15:00,0
TXN0018066,14.36,Online,IL,2024-07-07 04:30:00,0
TXN0018067,4.48,Online,FL,2024-07-07 04:45:00,0
TXN0018068,20.43,ATM,WA,2024-07-07 05:00:00,0
TXN0018069,266.08,ATM,IL,2024-07-07 05:15:00,0
TXN0018070,22.29,Transfer,TX,2024-07-07 05:30:00,0
TXN0018071,37.02,Transfer,FL,2024-07-07 05:45:00,0
TXN0018072,15.63,Transfer,NY,2024-07-07 06:00:00,0
TXN0018073,15.21,Transfer,WA,2024-07-07 06:15:00,0
TXN0018074,36.2,Online,NY,2024-07-07 06:30:00,0
TXN0018075,0.83,ATM,IL,2024-07-07 06:45:00,0
TXN0018076,4.48,Online,IL,2024-07-07 07:00:00,0
TXN0018077,9.7,Online,TX,2024-07-07 07:15:00,0
TXN0018078,14.34,ATM,CA,2024-07-07 07:30:00,0
TXN0018079,112.71,ATM,NY,2024-07-07 07:45:00,0
TXN0018080,373.15,Transfer,CA,2024-07-07 08:00:00,0
TXN0018081,42.09,Transfer,CA,2024-07-07 08:15:00,0
TXN0018082,31.87,Online,FL,2024-07-07 08:30:00,0
TXN0018083,44.78,Online,WA,2024-07-07 08:45:00,0
TXN0018084,120.14,Online,TX,2024-07-07 09:00:00,0
TXN0018085,6.09,POS,IL,2024-07-07 09:15:00,0
TXN0018086,10.98,POS,CA,2024-07-07 09:30:00,0
TXN0018087,23.83,Transfer,IL,2024-07-07 09:45:00,0
TXN0018088,28.26,Transfer,FL,2024-07-07 10:00:00,0
TXN0018089,2.04,ATM,IL,2024-07-07 10:15:00,0
TXN0018090,33.09,ATM,WA,2024-07-07 10:30:00,0
TXN0018091,2.95,Online,FL,2024-07-07 10:45:00,0
TXN0018092,49.45,Online,TX,2024-07-07 11:00:00,0
TXN0018093,54.45,Transfer,IL,2024-07-07 11:15:00,0
TXN0018094,1.32,POS,IL,2024-07-07 11:30:00,0
TXN0018095,36.09,POS,IL,2024-07-07 11:45:00,0
TXN0018096,25.0,Online,FL,2024-07-07 12:00:00,0
TXN0018097,9.43,ATM,CA,2024-07-07 12:15:00,0
TXN0018098,61.72,ATM,NY,2024-07-07 12:30:00,0
TXN0018099,217.2,ATM,IL,2024-07-07 12:45:00,0
TXN0018100,35.8,Online,NY,2024-07-07 13:00:00,0
TXN0018101,5.34,Online,CA,2024-07-07 13:15:00,0
TXN0018102,3.52,POS,TX,2024-07-07 13:30:00,0
TXN0018103,4.87,POS,WA,2024-07-07 13:45:00,0
TXN0018104,5.84,Transfer,TX,2024-07-07 14:00:00,0
TXN0018105,75.71,POS,NY,2024-07-07 14:15:00,0
TXN0018106,27.85,Online,TX,2024-07-07 14:30:00,0
TXN0018107,19.11,ATM,NY,2024-07-07 14:45:00,0
TXN0018108,56.08,ATM,WA,2024-07-07 15:00:00,0
TXN0018109,20.18,Transfer,TX,2024-07-07 15:15:00,0
TXN0018110,20.57,Transfer,IL,2024-07-07 15:30:00,0
TXN0018111,7.21,ATM,TX,2024-07-07 15:45:00,0
TXN0018112,9.36,POS,FL,2024-07-07 16:00:00,0
TXN0018113,20.46,ATM,CA,2024-07-07 16:15:00,0
TXN0018114,4.87,Online,WA,2024-07-07 16:30:00,0
TXN0018115,143.82,POS,CA,2024-07-07 16:45:00,0
TXN0018116,22.87,POS,NY,2024-07-07 17:00:00,0
TXN0018117,10.23,ATM,WA,2024-07-07 17:15:00,0
TXN0018118,63.35,Online,FL,2024-07-07 17:30:00,0
TXN0018119,5.56,Transfer,TX,2024-07-07 17:45:00,0
TXN0018120,69.93,Transfer,FL,2024-07-07 18:00:00,0
TXN0018121,21.83,Online,IL,2024-07-07 18:15:00,0
TXN0018122,187.33,Online,TX,2024-07-07 18:30:00,0
TXN0018123,10.22,ATM,CA,2024-07-07 18:45:00,0
TXN0018124,12.26,ATM,CA,2024-07-07 19:00:00,0
TXN0018125,7.18,POS,WA,2024-07-07 19:15:00,0
TXN0018126,4.43,ATM,WA,2024-07-07 19:30:00,0
TXN0018127,26.6,Online,CA,2024-07-07 19:45:00,0
TXN0018128,5.55,POS,CA,2024-07-07 20:00:00,0
TXN0018129,28.86,POS,WA,2024-07-07 20:15:00,0
TXN0018130,9.17,Transfer,FL,2024-07-07 20:30:00,0
TXN0018131,69.5,Online,CA,2024-07-07 20:45:00,0
TXN0018132,0.93,Online,TX,2024-07-07 21:00:00,0
TXN0018133,32.4,Online,WA,2024-07-07 21:15:00,0
TXN0018134,20.83,POS,FL,2024-07-07 21:30:00,0
TXN0018135,19.7,ATM,NY,2024-07-07 21:45:00,0
TXN0018136,9.23,Online,CA,2024-07-07 22:00:00,0
TXN0018137,159.07,POS,FL,2024-07-07 22:15:00,0
TXN0018138,12.04,ATM,CA,2024-07-07 22:30:00,0
TXN0018139,32.72,ATM,TX,2024-07-07 22:45:00,0
TXN0018140,14.36,ATM,NY,2024-07-07 23:00:00,0
TXN0018141,12.78,Transfer,FL,2024-07-07 23:15:00,0
TXN0018142,21.84,POS,FL,2024-07-07 23:30:00,0
TXN0018143,44.08,POS,WA,2024-07-07 23:45:00,0
TXN0018144,5.17,ATM,WA,2024-07-08 00:00:00,0
TXN0018145,11.19,POS,FL,2024-07-08 00:15:00,0
TXN0018146,3.64,POS,TX,2024-07-08 00:30:00,0
TXN0018147,31.62,Transfer,IL,2024-07-08 00:45:00,0
TXN0018148,7.07,Transfer,NY,2024-07-08 01:00:00,0
TXN0018149,8.05,ATM,CA,2024-07-08 01:15:00,0
TXN0018150,42.75,Transfer,CA,2024-07-08 01:30:00,0
TXN0018151,19.34,Online,WA,2024-07-08 01:45:00,0
TXN0018152,31.83,ATM,CA,2024-07-08 02:00:00,0
TXN0018153,16.58,Online,FL,2024-07-08 02:15:00,0
TXN0018154,31.99,Online,NY,2024-07-08 02:30:00,0
TXN0018155,21.76,POS,IL,2024-07-08 02:45:00,0
TXN0018156,5.16,POS,NY,2024-07-08 03:00:00,0
TXN0018157,25.27,Online,WA,2024-07-08 03:15:00,0
TXN0018158,12.99,POS,IL,2024-07-08 03:30:00,0
TXN0018159,14.71,POS,IL,2024-07-08 03:45:00,0
TXN0018160,27.39,Transfer,IL,2024-07-08 04:00:00,0
TXN0018161,10.15,ATM,CA,2024-07-08 04:15:00,0
TXN0018162,5.52,Transfer,TX,2024-07-08 04:30:00,0
TXN0018163,80.69,ATM,NY,2024-07-08 04:45:00,0
TXN0018164,177.09,ATM,IL,2024-07-08 05:00:00,0
TXN0018165,12.98,POS,CA,2024-07-08 05:15:00,0
TXN0018166,77.36,ATM,NY,2024-07-08 05:30:00,0
TXN0018167,31.08,ATM,TX,2024-07-08 05:45:00,0
TXN0018168,9.09,ATM,NY,2024-07-08 06:00:00,0
TXN0018169,7.21,Transfer,WA,2024-07-08 06:15:00,0
TXN0018170,14.01,POS,TX,2024-07-08 06:30:00,0
TXN0018171,11.72,POS,FL,2024-07-08 06:45:00,0
TXN0018172,13.16,Online,CA,2024-07-08 07:00:00,0
TXN0018173,16.89,Transfer,NY,2024-07-08 07:15:00,0
TXN0018174,5.06,POS,NY,2024-07-08 07:30:00,0
TXN0018175,55.13,POS,CA,2024-07-08 07:45:00,0
TXN0018176,5.07,ATM,IL,2024-07-08 08:00:00,0
TXN0018177,5.45,Online,IL,2024-07-08 08:15:00,0
TXN0018178,59.2,Transfer,CA,2024-07-08 08:30:00,0
TXN0018179,48.68,ATM,CA,2024-07-08 08:45:00,0
TXN0018180,111.77,Transfer,IL,2024-07-08 09:00:00,0
TXN0018181,23.06,Online,NY,2024-07-08 09:15:00,0
TXN0018182,9.07,Transfer,WA,2024-07-08 09:30:00,0
TXN0018183,77.19,POS,WA,2024-07-08 09:45:00,0
TXN0018184,17.49,Transfer,WA,2024-07-08 10:00:00,0
TXN0018185,16.89,ATM,CA,2024-07-08 10:15:00,0
TXN0018186,7.11,POS,IL,2024-07-08 10:30:00,0
TXN0018187,31.75,POS,WA,2024-07-08 10:45:00,0
TXN0018188,1.15,Transfer,CA,2024-07-08 11:00:00,0
TXN0018189,36.79,POS,IL,2024-07-08 11:15:00,0
TXN0018190,1.78,ATM,IL,2024-07-08 11:30:00,0
TXN0018191,55.72,Transfer,WA,2024-07-08 11:45:00,0
TXN0018192,3.04,POS,WA,2024-07-08 12:00:00,0
TXN0018193,44.26,ATM,TX,2024-07-08 12:15:00,0
TXN0018194,378.48,ATM,NY,2024-07-08 12:30:00,0
TXN0018195,14.05,Transfer,CA,2024-07-08 12:45:00,0
TXN0018196,4.85,Online,WA,2024-07-08 13:00:00,0
TXN0018197,201.01,POS,TX,2024-07-08 13:15:00,0
TXN0018198,11.55,POS,TX,2024-07-08 13:30:00,0
TXN0018199,5.16,POS,FL,2024-07-08 13:45:00,0
TXN0018200,88.16,Transfer,IL,2024-07-08 14:00:00,0
TXN0018201,0.65,Online,CA,2024-07-08 14:15:00,0
TXN0018202,3.31,ATM,FL,2024-07-08 14:30:00,0
TXN0018203,4.05,POS,CA,2024-07-08 14:45:00,0
TXN0018204,8.52,Online,NY,2024-07-08 15:00:00,0
TXN0018205,1.73,POS,CA,2024-07-08 15:15:00,0
TXN0018206,52.56,ATM,WA,2024-07-08 15:30:00,0
TXN0018207,66.81,POS,CA,2024-07-08 15:45:00,0
TXN0018208,18.32,Transfer,IL,2024-07-08 16:00:00,0
TXN0018209,11.93,Online,IL,2024-07-08 16:15:00,0
TXN0018210,3.0,Online,CA,2024-07-08 16:30:00,0
TXN0018211,34.34,Transfer,CA,2024-07-08 16:45:00,0
TXN0018212,8.45,ATM,TX,2024-07-08 17:00:00,0
TXN0018213,40.98,POS,CA,2024-07-08 17:15:00,0
TXN0018214,66.57,Online,IL,2024-07-08 17:30:00,0
TXN0018215,20.71,POS,CA,2024-07-08 17:45:00,0
TXN0018216,1.55,POS,NY,2024-07-08 18:00:00,0
TXN0018217,6.37,POS,IL,2024-07-08 18:15:00,0
TXN0018218,100.76,Transfer,WA,2024-07-08 18:30:00,0
TXN0018219,27.27,Transfer,CA,2024-07-08 18:45:00,0
TXN0018220,107.81,ATM,TX,2024-07-08 19:00:00,0
TXN0018221,1.34,Online,IL,2024-07-08 19:15:00,0
TXN0018222,17.14,Online,FL,2024-07-08 19:30:00,0
TXN0018223,15.88,POS,NY,2024-07-08 19:45:00,0
TXN0018224,2.79,Online,FL,2024-07-08 20:00:00,0
TXN0018225,9.06,POS,TX,2024-07-08 20:15:00,0
TXN0018226,63.45,POS,TX,2024-07-08 20:30:00,0
TXN0018227,37.59,ATM,CA,2024-07-08 20:45:00,0
TXN0018228,10.33,Online,IL,2024-07-08 21:00:00,0
TXN0018229,29.05,Transfer,IL,2024-07-08 21:15:00,0
TXN0018230,82.09,Transfer,CA,2024-07-08 21:30:00,0
TXN0018231,5.38,Online,NY,2024-07-08 21:45:00,0
TXN0018232,27.91,Online,CA,2024-07-08 22:00:00,0
TXN0018233,68.75,ATM,WA,2024-07-08 22:15:00,0
TXN0018234,8.6,Transfer,IL,2024-07-08 22:30:00,0
TXN0018235,93.77,Transfer,TX,2024-07-08 22:45:00,0
TXN0018236,17.64,POS,TX,2024-07-08 23:00:00,0
TXN0018237,74.47,Online,NY,2024-07-08 23:15:00,0
TXN0018238,59.58,ATM,WA,2024-07-08 23:30:00,0
TXN0018239,27.02,Online,FL,2024-07-08 23:45:00,0
TXN0018240,13.87,ATM,FL,2024-07-09 00:00:00,0
TXN0018241,8.96,POS,NY,2024-07-09 00:15:00,0
TXN0018242,24.14,ATM,CA,2024-07-09 00:30:00,0
TXN0018243,25.36,ATM,CA,2024-07-09 00:45:00,0
TXN0018244,106.23,POS,TX,2024-07-09 01:00:00,0
TXN0018245,17.77,Transfer,CA,2024-07-09 01:15:00,0
TXN0018246,30.1,POS,TX,2024-07-09 01:30:00,0
TXN0018247,148.99,ATM,FL,2024-07-09 01:45:00,0
TXN0018248,29.07,Online,NY,2024-07-09 02:00:00,0
TXN0018249,34.13,ATM,TX,2024-07-09 02:15:00,0
TXN0018250,136.01,ATM,WA,2024-07-09 02:30:00,0
TXN0018251,22.01,ATM,NY,2024-07-09 02:45:00,0
TXN0018252,31.86,ATM,NY,2024-07-09 03:00:00,0
TXN0018253,48.86,ATM,NY,2024-07-09 03:15:00,0
TXN0018254,17.14,Transfer,WA,2024-07-09 03:30:00,0
TXN0018255,5.19,Online,CA,2024-07-09 03:45:00,0
TXN0018256,3.41,POS,WA,2024-07-09 04:00:00,0
TXN0018257,15.47,Transfer,CA,2024-07-09 04:15:00,1
TXN0018258,76.1,ATM,IL,2024-07-09 04:30:00,0
TXN0018259,65.19,Online,TX,2024-07-09 04:45:00,0
TXN0018260,139.47,POS,TX,2024-07-09 05:00:00,0
TXN0018261,58.54,Online,TX,2024-07-09 05:15:00,0
TXN0018262,9.06,ATM,NY,2024-07-09 05:30:00,0
TXN0018263,3.44,ATM,FL,2024-07-09 05:45:00,0
TXN0018264,10.62,POS,NY,2024-07-09 06:00:00,0
TXN0018265,14.35,ATM,NY,2024-07-09 06:15:00,0
TXN0018266,8.09,Online,IL,2024-07-09 06:30:00,0
TXN0018267,59.65,ATM,CA,2024-07-09 06:45:00,0
TXN0018268,7.62,POS,CA,2024-07-09 07:00:00,0
TXN0018269,39.57,POS,CA,2024-07-09 07:15:00,0
TXN0018270,50.4,Transfer,IL,2024-07-09 07:30:00,0
TXN0018271,2.44,ATM,CA,2024-07-09 07:45:00,0
TXN0018272,11.87,ATM,WA,2024-07-09 08:00:00,0
TXN0018273,89.0,Online,NY,2024-07-09 08:15:00,0
TXN0018274,54.26,Transfer,WA,2024-07-09 08:30:00,0
TXN0018275,22.82,POS,IL,2024-07-09 08:45:00,0
TXN0018276,5.22,Online,FL,2024-07-09 09:00:00,0
TXN0018277,8.49,ATM,NY,2024-07-09 09:15:00,0
TXN0018278,21.89,ATM,IL,2024-07-09 09:30:00,0
TXN0018279,89.5,Online,FL,2024-07-09 09:45:00,0
TXN0018280,35.6,ATM,WA,2024-07-09 10:00:00,0
TXN0018281,17.76,POS,WA,2024-07-09 10:15:00,0
TXN0018282,26.08,Transfer,NY,2024-07-09 10:30:00,0
TXN0018283,50.12,POS,NY,2024-07-09 10:45:00,0
TXN0018284,2.41,Online,IL,2024-07-09 11:00:00,0
TXN0018285,6.01,POS,TX,2024-07-09 11:15:00,0
TXN0018286,20.44,Online,FL,2024-07-09 11:30:00,0
TXN0018287,84.01,Transfer,IL,2024-07-09 11:45:00,0
TXN0018288,71.89,Online,IL,2024-07-09 12:00:00,0
TXN0018289,7.73,Online,TX,2024-07-09 12:15:00,0
TXN0018290,20.27,POS,TX,2024-07-09 12:30:00,0
TXN0018291,8.1,POS,WA,2024-07-09 12:45:00,0
TXN0018292,12.32,ATM,FL,2024-07-09 13:00:00,0
TXN0018293,23.39,Transfer,NY,2024-07-09 13:15:00,0
TXN0018294,12.75,ATM,TX,2024-07-09 13:30:00,0
TXN0018295,10.07,POS,NY,2024-07-09 13:45:00,0
TXN0018296,4.86,Transfer,FL,2024-07-09 14:00:00,0
TXN0018297,2.94,ATM,CA,2024-07-09 14:15:00,0
TXN0018298,15.61,ATM,CA,2024-07-09 14:30:00,0
TXN0018299,24.73,ATM,WA,2024-07-09 14:45:00,0
TXN0018300,41.18,Online,CA,2024-07-09 15:00:00,0
TXN0018301,7.37,Transfer,FL,2024-07-09 15:15:00,0
TXN0018302,8.25,Online,NY,2024-07-09 15:30:00,0
TXN0018303,89.19,Transfer,CA,2024-07-09 15:45:00,0
TXN0018304,32.32,Transfer,WA,2024-07-09 16:00:00,0
TXN0018305,56.69,POS,IL,2024-07-09 16:15:00,0
TXN0018306,9.93,Online,WA,2024-07-09 16:30:00,0
TXN0018307,8.33,ATM,IL,2024-07-09 16:45:00,0
TXN0018308,4.94,Online,NY,2024-07-09 17:00:00,0
TXN0018309,64.34,POS,WA,2024-07-09 17:15:00,0
TXN0018310,5.03,Transfer,IL,2024-07-09 17:30:00,0
TXN0018311,2.47,ATM,TX,2024-07-09 17:45:00,0
TXN0018312,8.0,Transfer,TX,2024-07-09 18:00:00,0
TXN0018313,89.37,Transfer,WA,2024-07-09 18:15:00,0
TXN0018314,20.28,Transfer,WA,2024-07-09 18:30:00,0
TXN0018315,25.96,Transfer,CA,2024-07-09 18:45:00,0
TXN0018316,22.56,Online,WA,2024-07-09 19:00:00,0
TXN0018317,18.57,ATM,TX,2024-07-09 19:15:00,0
TXN0018318,16.05,Transfer,FL,2024-07-09 19:30:00,0
TXN0018319,3.65,ATM,WA,2024-07-09 19:45:00,0
TXN0018320,143.82,Online,TX,2024-07-09 20:00:00,0
TXN0018321,16.34,Transfer,CA,2024-07-09 20:15:00,0
TXN0018322,83.78,Transfer,WA,2024-07-09 20:30:00,0
TXN0018323,3.02,Transfer,NY,2024-07-09 20:45:00,0
TXN0018324,37.49,POS,TX,2024-07-09 21:00:00,0
TXN0018325,4.77,POS,CA,2024-07-09 21:15:00,0
TXN0018326,4.17,POS,CA,2024-07-09 21:30:00,0
TXN0018327,26.97,Online,TX,2024-07-09 21:45:00,0
TXN0018328,67.34,POS,NY,2024-07-09 22:00:00,0
TXN0018329,100.82,Transfer,WA,2024-07-09 22:15:00,0
TXN0018330,96.48,Online,CA,2024-07-09 22:30:00,0
TXN0018331,14.16,POS,IL,2024-07-09 22:45:00,0
TXN0018332,50.17,ATM,FL,2024-07-09 23:00:00,0
TXN0018333,9.58,POS,IL,2024-07-09 23:15:00,0
TXN0018334,10.27,ATM,IL,2024-07-09 23:30:00,0
TXN0018335,26.25,POS,WA,2024-07-09 23:45:00,0
TXN0018336,17.02,Transfer,TX,2024-07-10 00:00:00,0
TXN0018337,54.17,Transfer,CA,2024-07-10 00:15:00,0
TXN0018338,2.19,ATM,WA,2024-07-10 00:30:00,0
TXN0018339,76.42,ATM,CA,2024-07-10 00:45:00,0
TXN0018340,9.78,POS,IL,2024-07-10 01:00:00,0
TXN0018341,114.94,Online,NY,2024-07-10 01:15:00,0
TXN0018342,77.18,Online,WA,2024-07-10 01:30:00,0
TXN0018343,4.95,POS,IL,2024-07-10 01:45:00,0
TXN0018344,18.49,POS,CA,2024-07-10 02:00:00,0
TXN0018345,44.2,Online,WA,2024-07-10 02:15:00,0
TXN0018346,7.61,Online,IL,2024-07-10 02:30:00,0
TXN0018347,8.09,ATM,FL,2024-07-10 02:45:00,0
TXN0018348,13.64,POS,CA,2024-07-10 03:00:00,0
TXN0018349,47.92,POS,FL,2024-07-10 03:15:00,0
TXN0018350,58.23,POS,FL,2024-07-10 03:30:00,0
TXN0018351,11.87,Transfer,NY,2024-07-10 03:45:00,0
TXN0018352,52.98,Online,FL,2024-07-10 04:00:00,0
TXN0018353,114.59,Transfer,WA,2024-07-10 04:15:00,0
TXN0018354,59.13,Online,TX,2024-07-10 04:30:00,0
TXN0018355,8.2,Transfer,CA,2024-07-10 04:45:00,0
TXN0018356,7.2,Transfer,CA,2024-07-10 05:00:00,0
TXN0018357,27.7,Online,TX,2024-07-10 05:15:00,0
TXN0018358,52.6,POS,NY,2024-07-10 05:30:00,0
TXN0018359,32.91,Online,FL,2024-07-10 05:45:00,1
TXN0018360,12.45,Transfer,WA,2024-07-10 06:00:00,0
TXN0018361,6.51,Online,NY,2024-07-10 06:15:00,0
TXN0018362,89.91,Transfer,CA,2024-07-10 06:30:00,0
TXN0018363,16.52,Online,TX,2024-07-10 06:45:00,0
TXN0018364,183.28,POS,NY,2024-07-10 07:00:00,0
TXN0018365,5.02,Transfer,CA,2024-07-10 07:15:00,0
TXN0018366,13.31,ATM,IL,2024-07-10 07:30:00,0
TXN0018367,9.19,Transfer,WA,2024-07-10 07:45:00,0
TXN0018368,178.62,Online,TX,2024-07-10 08:00:00,0
TXN0018369,86.63,Transfer,IL,2024-07-10 08:15:00,0
TXN0018370,10.97,Transfer,WA,2024-07-10 08:30:00,0
TXN0018371,1.98,POS,FL,2024-07-10 08:45:00,0
TXN0018372,78.45,POS,TX,2024-07-10 09:00:00,0
TXN0018373,23.17,ATM,NY,2024-07-10 09:15:00,0
TXN0018374,5.16,Online,NY,2024-07-10 09:30:00,0
TXN0018375,3.3,Online,IL,2024-07-10 09:45:00,0
TXN0018376,32.0,ATM,FL,2024-07-10 10:00:00,0
TXN0018377,15.54,Online,WA,2024-07-10 10:15:00,0
TXN0018378,23.59,ATM,NY,2024-07-10 10:30:00,0
TXN0018379,31.83,POS,TX,2024-07-10 10:45:00,0
TXN0018380,12.78,ATM,WA,2024-07-10 11:00:00,1
TXN0018381,14.35,ATM,NY,2024-07-10 11:15:00,0
TXN0018382,43.68,ATM,FL,2024-07-10 11:30:00,0
TXN0018383,17.44,Online,FL,2024-07-10 11:45:00,0
TXN0018384,14.29,ATM,WA,2024-07-10 12:00:00,0
TXN0018385,42.66,Transfer,TX,2024-07-10 12:15:00,0
TXN0018386,1.88,Online,CA,2024-07-10 12:30:00,0
TXN0018387,87.6,Online,NY,2024-07-10 12:45:00,0
TXN0018388,33.87,ATM,WA,2024-07-10 13:00:00,0
TXN0018389,8.0,Online,TX,2024-07-10 13:15:00,0
TXN0018390,16.15,Online,CA,2024-07-10 13:30:00,0
TXN0018391,86.25,Online,IL,2024-07-10 13:45:00,0
TXN0018392,38.58,POS,CA,2024-07-10 14:00:00,0
TXN0018393,2.39,Transfer,TX,2024-07-10 14:15:00,0
TXN0018394,5.95,Online,IL,2024-07-10 14:30:00,0
TXN0018395,24.83,Transfer,WA,2024-07-10 14:45:00,0
TXN0018396,167.74,Online,FL,2024-07-10 15:00:00,0
TXN0018397,49.68,Online,IL,2024-07-10 15:15:00,0
TXN0018398,15.8,Online,TX,2024-07-10 15:30:00,0
TXN0018399,39.86,POS,IL,2024-07-10 15:45:00,0
TXN0018400,20.4,Transfer,IL,2024-07-10 16:00:00,0
TXN0018401,13.96,POS,IL,2024-07-10 16:15:00,0
TXN0018402,31.55,Transfer,TX,2024-07-10 16:30:00,0
TXN0018403,1.57,Transfer,FL,2024-07-10 16:45:00,0
TXN0018404,66.81,Online,CA,2024-07-10 17:00:00,0
TXN0018405,38.0,Transfer,FL,2024-07-10 17:15:00,0
TXN0018406,11.87,Online,IL,2024-07-10 17:30:00,0
TXN0018407,7.24,Online,TX,2024-07-10 17:45:00,0
TXN0018408,4.77,Transfer,WA,2024-07-10 18:00:00,0
TXN0018409,27.75,POS,CA,2024-07-10 18:15:00,0
TXN0018410,23.95,Transfer,IL,2024-07-10 18:30:00,0
TXN0018411,24.77,Online,FL,2024-07-10 18:45:00,0
TXN0018412,154.02,Online,NY,2024-07-10 19:00:00,0
TXN0018413,1.46,ATM,WA,2024-07-10 19:15:00,0
TXN0018414,8.51,POS,WA,2024-07-10 19:30:00,0
TXN0018415,7.99,POS,NY,2024-07-10 19:45:00,0
TXN0018416,62.04,POS,TX,2024-07-10 20:00:00,0
TXN0018417,14.89,Transfer,WA,2024-07-10 20:15:00,0
TXN0018418,6.54,Transfer,WA,2024-07-10 20:30:00,0
TXN0018419,25.72,Transfer,CA,2024-07-10 20:45:00,0
TXN0018420,32.57,POS,FL,2024-07-10 21:00:00,0
TXN0018421,136.82,POS,TX,2024-07-10 21:15:00,0
TXN0018422,27.19,ATM,CA,2024-07-10 21:30:00,0
TXN0018423,11.9,Transfer,WA,2024-07-10 21:45:00,0
TXN0018424,11.05,ATM,WA,2024-07-10 22:00:00,0
TXN0018425,7.64,Transfer,TX,2024-07-10 22:15:00,0
TXN0018426,35.93,Transfer,IL,2024-07-10 22:30:00,0
TXN0018427,53.15,Transfer,NY,2024-07-10 22:45:00,0
TXN0018428,15.35,ATM,WA,2024-07-10 23:00:00,0
TXN0018429,17.11,POS,TX,2024-07-10 23:15:00,0
TXN0018430,103.72,Online,CA,2024-07-10 23:30:00,0
TXN0018431,22.66,POS,TX,2024-07-10 23:45:00,1
TXN0018432,36.37,Online,IL,2024-07-11 00:00:00,0
TXN0018433,5.52,ATM,CA,2024-07-11 00:15:00,0
TXN0018434,9.78,Online,IL,2024-07-11 00:30:00,0
TXN0018435,1.58,POS,FL,2024-07-11 00:45:00,0
TXN0018436,3.95,POS,TX,2024-07-11 01:00:00,0
TXN0018437,31.15,Online,FL,2024-07-11 01:15:00,0
TXN0018438,88.62,ATM,IL,2024-07-11 01:30:00,0
TXN0018439,14.63,Transfer,TX,2024-07-11 01:45:00,0
TXN0018440,4.86,ATM,NY,2024-07-11 02:00:00,0
TXN0018441,22.45,ATM,CA,2024-07-11 02:15:00,0
TXN0018442,78.48,Online,IL,2024-07-11 02:30:00,0
TXN0018443,16.55,POS,FL,2024-07-11 02:45:00,0
TXN0018444,60.02,Transfer,TX,2024-07-11 03:00:00,0
TXN0018445,18.65,Online,IL,2024-07-11 03:15:00,0
TXN0018446,4.64,ATM,IL,2024-07-11 03:30:00,0
TXN0018447,6.83,Transfer,FL,2024-07-11 03:45:00,0
TXN0018448,14.82,ATM,CA,2024-07-11 04:00:00,0
TXN0018449,303.83,Online,IL,2024-07-11 04:15:00,0
TXN0018450,40.33,Transfer,TX,2024-07-11 04:30:00,0
TXN0018451,15.14,POS,NY,2024-07-11 04:45:00,1
TXN0018452,28.41,ATM,IL,2024-07-11 05:00:00,0
TXN0018453,25.9,Transfer,NY,2024-07-11 05:15:00,0
TXN0018454,11.88,POS,FL,2024-07-11 05:30:00,0
TXN0018455,17.75,Online,TX,2024-07-11 05:45:00,0
TXN0018456,14.86,POS,WA,2024-07-11 06:00:00,0
TXN0018457,48.65,POS,TX,2024-07-11 06:15:00,0
TXN0018458,128.74,Transfer,NY,2024-07-11 06:30:00,0
TXN0018459,97.7,POS,CA,2024-07-11 06:45:00,0
TXN0018460,13.77,ATM,WA,2024-07-11 07:00:00,0
TXN0018461,38.89,Online,CA,2024-07-11 07:15:00,0
TXN0018462,8.5,Transfer,CA,2024-07-11 07:30:00,0
TXN0018463,5.48,ATM,CA,2024-07-11 07:45:00,0
TXN0018464,22.03,Online,WA,2024-07-11 08:00:00,0
TXN0018465,41.55,Transfer,WA,2024-07-11 08:15:00,0
TXN0018466,18.68,ATM,IL,2024-07-11 08:30:00,0
TXN0018467,53.92,Online,IL,2024-07-11 08:45:00,0
TXN0018468,53.95,Online,TX,2024-07-11 09:00:00,0
TXN0018469,49.58,POS,TX,2024-07-11 09:15:00,0
TXN0018470,16.77,Transfer,NY,2024-07-11 09:30:00,0
TXN0018471,3.99,Transfer,NY,2024-07-11 09:45:00,0
TXN0018472,171.74,ATM,TX,2024-07-11 10:00:00,0
TXN0018473,11.43,POS,CA,2024-07-11 10:15:00,0
TXN0018474,48.14,POS,NY,2024-07-11 10:30:00,0
TXN0018475,35.93,Online,NY,2024-07-11 10:45:00,1
TXN0018476,13.34,POS,FL,2024-07-11 11:00:00,0
TXN0018477,177.07,POS,IL,2024-07-11 11:15:00,0
TXN0018478,44.94,POS,WA,2024-07-11 11:30:00,0
TXN0018479,19.82,Transfer,TX,2024-07-11 11:45:00,0
TXN0018480,12.26,POS,NY,2024-07-11 12:00:00,0
TXN0018481,6.37,ATM,TX,2024-07-11 12:15:00,0
TXN0018482,4.47,Transfer,NY,2024-07-11 12:30:00,0
TXN0018483,39.75,Transfer,IL,2024-07-11 12:45:00,0
TXN0018484,11.93,POS,IL,2024-07-11 13:00:00,0
TXN0018485,11.75,Online,WA,2024-07-11 13:15:00,0
TXN0018486,36.74,Online,WA,2024-07-11 13:30:00,0
TXN0018487,13.32,Online,WA,2024-07-11 13:45:00,0
TXN0018488,43.72,POS,CA,2024-07-11 14:00:00,0
TXN0018489,9.41,Transfer,TX,2024-07-11 14:15:00,0
TXN0018490,10.87,POS,IL,2024-07-11 14:30:00,0
TXN0018491,59.97,Online,FL,2024-07-11 14:45:00,0
TXN0018492,8.97,ATM,CA,2024-07-11 15:00:00,0
TXN0018493,41.63,Online,WA,2024-07-11 15:15:00,1
TXN0018494,36.74,Online,TX,2024-07-11 15:30:00,0
TXN0018495,20.33,POS,CA,2024-07-11 15:45:00,0
TXN0018496,2.82,POS,NY,2024-07-11 16:00:00,0
TXN0018497,4.25,ATM,TX,2024-07-11 16:15:00,0
TXN0018498,5.49,Transfer,NY,2024-07-11 16:30:00,0
TXN0018499,4.37,Online,WA,2024-07-11 16:45:00,0
TXN0018500,56.03,Online,FL,2024-07-11 17:00:00,0
TXN0018501,7.16,POS,IL,2024-07-11 17:15:00,0
TXN0018502,4.62,POS,CA,2024-07-11 17:30:00,0
TXN0018503,11.02,POS,IL,2024-07-11 17:45:00,0
TXN0018504,17.92,Transfer,NY,2024-07-11 18:00:00,0
TXN0018505,2.78,ATM,IL,2024-07-11 18:15:00,0
TXN0018506,41.21,Transfer,CA,2024-07-11 18:30:00,0
TXN0018507,47.39,Transfer,WA,2024-07-11 18:45:00,0
TXN0018508,9.92,Transfer,FL,2024-07-11 19:00:00,0
TXN0018509,52.39,Online,NY,2024-07-11 19:15:00,0
TXN0018510,3.18,POS,FL,2024-07-11 19:30:00,0
TXN0018511,10.44,Online,IL,2024-07-11 19:45:00,0
TXN0018512,16.55,Online,CA,2024-07-11 20:00:00,0
TXN0018513,21.83,Online,WA,2024-07-11 20:15:00,0
TXN0018514,78.31,ATM,TX,2024-07-11 20:30:00,0
TXN0018515,13.59,Transfer,TX,2024-07-11 20:45:00,0
TXN0018516,6.07,ATM,IL,2024-07-11 21:00:00,0
TXN0018517,25.9,POS,FL,2024-07-11 21:15:00,0
TXN0018518,24.13,Transfer,WA,2024-07-11 21:30:00,0
TXN0018519,34.1,Online,FL,2024-07-11 21:45:00,0
TXN0018520,13.52,Transfer,FL,2024-07-11 22:00:00,0
TXN0018521,24.62,Online,IL,2024-07-11 22:15:00,0
TXN0018522,10.21,POS,CA,2024-07-11 22:30:00,0
TXN0018523,39.07,ATM,WA,2024-07-11 22:45:00,0
TXN0018524,9.17,ATM,IL,2024-07-11 23:00:00,0
TXN0018525,9.64,POS,FL,2024-07-11 23:15:00,0
TXN0018526,79.72,POS,NY,2024-07-11 23:30:00,0
TXN0018527,8.16,Transfer,IL,2024-07-11 23:45:00,0
TXN0018528,20.14,POS,TX,2024-07-12 00:00:00,0
TXN0018529,39.24,POS,TX,2024-07-12 00:15:00,1
TXN0018530,13.77,Transfer,NY,2024-07-12 00:30:00,0
TXN0018531,58.42,ATM,WA,2024-07-12 00:45:00,0
TXN0018532,10.1,Transfer,IL,2024-07-12 01:00:00,0
TXN0018533,67.0,Transfer,CA,2024-07-12 01:15:00,0
TXN0018534,3.18,POS,TX,2024-07-12 01:30:00,0
TXN0018535,4.06,Transfer,CA,2024-07-12 01:45:00,0
TXN0018536,21.69,Online,WA,2024-07-12 02:00:00,0
TXN0018537,108.49,Transfer,CA,2024-07-12 02:15:00,0
TXN0018538,134.59,ATM,TX,2024-07-12 02:30:00,0
TXN0018539,7.26,Online,FL,2024-07-12 02:45:00,0
TXN0018540,19.35,ATM,IL,2024-07-12 03:00:00,0
TXN0018541,11.21,ATM,CA,2024-07-12 03:15:00,0
TXN0018542,1.6,POS,WA,2024-07-12 03:30:00,0
TXN0018543,47.12,POS,TX,2024-07-12 03:45:00,0
TXN0018544,12.86,POS,FL,2024-07-12 04:00:00,0
TXN0018545,100.96,Transfer,CA,2024-07-12 04:15:00,0
TXN0018546,27.83,ATM,TX,2024-07-12 04:30:00,0
TXN0018547,10.7,Online,CA,2024-07-12 04:45:00,0
TXN0018548,8.86,Transfer,IL,2024-07-12 05:00:00,0
TXN0018549,16.04,POS,NY,2024-07-12 05:15:00,0
TXN0018550,34.26,Transfer,TX,2024-07-12 05:30:00,0
TXN0018551,11.24,Online,WA,2024-07-12 05:45:00,0
TXN0018552,548.97,Transfer,TX,2024-07-12 06:00:00,0
TXN0018553,25.61,Transfer,WA,2024-07-12 06:15:00,0
TXN0018554,5.24,ATM,IL,2024-07-12 06:30:00,0
TXN0018555,22.04,Transfer,CA,2024-07-12 06:45:00,0
TXN0018556,77.4,POS,IL,2024-07-12 07:00:00,0
TXN0018557,33.26,ATM,IL,2024-07-12 07:15:00,0
TXN0018558,13.55,Transfer,TX,2024-07-12 07:30:00,0
TXN0018559,9.16,POS,IL,2024-07-12 07:45:00,0
TXN0018560,7.89,POS,CA,2024-07-12 08:00:00,0
TXN0018561,4.95,Transfer,TX,2024-07-12 08:15:00,0
TXN0018562,10.9,Online,IL,2024-07-12 08:30:00,0
TXN0018563,27.31,ATM,NY,2024-07-12 08:45:00,0
TXN0018564,10.27,ATM,WA,2024-07-12 09:00:00,0
TXN0018565,136.7,Online,NY,2024-07-12 09:15:00,0
TXN0018566,31.27,Transfer,CA,2024-07-12 09:30:00,0
TXN0018567,11.87,Online,CA,2024-07-12 09:45:00,0
TXN0018568,19.27,POS,NY,2024-07-12 10:00:00,0
TXN0018569,113.11,POS,WA,2024-07-12 10:15:00,0
TXN0018570,2.68,ATM,TX,2024-07-12 10:30:00,0
TXN0018571,26.5,Online,TX,2024-07-12 10:45:00,0
TXN0018572,473.24,Online,NY,2024-07-12 11:00:00,0
TXN0018573,65.37,ATM,CA,2024-07-12 11:15:00,0
TXN0018574,6.89,ATM,CA,2024-07-12 11:30:00,0
TXN0018575,23.22,Online,TX,2024-07-12 11:45:00,0
TXN0018576,15.17,Online,FL,2024-07-12 12:00:00,0
TXN0018577,535.43,POS,TX,2024-07-12 12:15:00,0
TXN0018578,9.06,Transfer,NY,2024-07-12 12:30:00,0
TXN0018579,14.52,POS,IL,2024-07-12 12:45:00,1
TXN0018580,13.56,POS,TX,2024-07-12 13:00:00,0
TXN0018581,3.73,ATM,IL,2024-07-12 13:15:00,0
TXN0018582,0.41,Online,CA,2024-07-12 13:30:00,0
TXN0018583,15.13,ATM,IL,2024-07-12 13:45:00,0
TXN0018584,36.78,Transfer,WA,2024-07-12 14:00:00,0
TXN0018585,12.01,POS,NY,2024-07-12 14:15:00,0
TXN0018586,35.91,POS,FL,2024-07-12 14:30:00,0
TXN0018587,48.72,ATM,CA,2024-07-12 14:45:00,0
TXN0018588,45.67,ATM,TX,2024-07-12 15:00:00,0
TXN0018589,2.7,ATM,TX,2024-07-12 15:15:00,0
TXN0018590,118.92,ATM,WA,2024-07-12 15:30:00,0
TXN0018591,55.25,POS,IL,2024-07-12 15:45:00,0
TXN0018592,51.71,Online,FL,2024-07-12 16:00:00,0
TXN0018593,20.27,Transfer,FL,2024-07-12 16:15:00,0
TXN0018594,19.96,Online,FL,2024-07-12 16:30:00,0
TXN0018595,10.56,ATM,TX,2024-07-12 16:45:00,0
TXN0018596,32.9,POS,CA,2024-07-12 17:00:00,0
TXN0018597,59.61,Online,WA,2024-07-12 17:15:00,0
TXN0018598,10.21,Transfer,IL,2024-07-12 17:30:00,0
TXN0018599,52.66,ATM,IL,2024-07-12 17:45:00,0
TXN0018600,11.55,Online,WA,2024-07-12 18:00:00,0
TXN0018601,40.37,Online,FL,2024-07-12 18:15:00,0
TXN0018602,16.88,Transfer,TX,2024-07-12 18:30:00,1
TXN0018603,55.3,POS,NY,2024-07-12 18:45:00,0
TXN0018604,195.37,Online,TX,2024-07-12 19:00:00,0
TXN0018605,26.2,POS,NY,2024-07-12 19:15:00,0
TXN0018606,11.21,Online,WA,2024-07-12 19:30:00,0
TXN0018607,12.11,Online,FL,2024-07-12 19:45:00,0
TXN0018608,41.87,Transfer,IL,2024-07-12 20:00:00,0
TXN0018609,11.17,POS,FL,2024-07-12 20:15:00,0
TXN0018610,63.75,Transfer,TX,2024-07-12 20:30:00,0
TXN0018611,28.51,Transfer,CA,2024-07-12 20:45:00,0
TXN0018612,58.47,Online,TX,2024-07-12 21:00:00,0
TXN0018613,10.45,POS,TX,2024-07-12 21:15:00,0
TXN0018614,6.48,Online,NY,2024-07-12 21:30:00,0
TXN0018615,8.33,Online,NY,2024-07-12 21:45:00,0
TXN0018616,32.11,ATM,IL,2024-07-12 22:00:00,0
TXN0018617,7.94,Online,IL,2024-07-12 22:15:00,0
TXN0018618,45.63,ATM,IL,2024-07-12 22:30:00,0
TXN0018619,1.77,POS,CA,2024-07-12 22:45:00,0
TXN0018620,9.14,POS,NY,2024-07-12 23:00:00,0
TXN0018621,16.54,Online,CA,2024-07-12 23:15:00,0
TXN0018622,2.32,Transfer,CA,2024-07-12 23:30:00,0
TXN0018623,9.76,Transfer,TX,2024-07-12 23:45:00,0
TXN0018624,3.43,POS,IL,2024-07-13 00:00:00,0
TXN0018625,18.5,Transfer,CA,2024-07-13 00:15:00,0
TXN0018626,15.11,POS,FL,2024-07-13 00:30:00,0
TXN0018627,48.35,POS,WA,2024-07-13 00:45:00,0
TXN0018628,7.44,POS,TX,2024-07-13 01:00:00,0
TXN0018629,2.93,Transfer,WA,2024-07-13 01:15:00,0
TXN0018630,10.57,POS,FL,2024-07-13 01:30:00,0
TXN0018631,23.47,Online,FL,2024-07-13 01:45:00,0
TXN0018632,22.5,Transfer,TX,2024-07-13 02:00:00,0
TXN0018633,24.57,Online,WA,2024-07-13 02:15:00,0
TXN0018634,85.19,ATM,FL,2024-07-13 02:30:00,0
TXN0018635,13.23,Transfer,TX,2024-07-13 02:45:00,0
TXN0018636,15.68,Online,CA,2024-07-13 03:00:00,0
TXN0018637,7.42,POS,NY,2024-07-13 03:15:00,0
TXN0018638,10.0,POS,TX,2024-07-13 03:30:00,0
TXN0018639,69.26,Online,WA,2024-07-13 03:45:00,0
TXN0018640,30.91,ATM,CA,2024-07-13 04:00:00,0
TXN0018641,0.92,POS,CA,2024-07-13 04:15:00,0
TXN0018642,84.0,POS,WA,2024-07-13 04:30:00,0
TXN0018643,1.92,Transfer,NY,2024-07-13 04:45:00,0
TXN0018644,12.42,Online,FL,2024-07-13 05:00:00,0
TXN0018645,63.7,ATM,NY,2024-07-13 05:15:00,0
TXN0018646,23.57,Online,IL,2024-07-13 05:30:00,0
TXN0018647,39.08,POS,NY,2024-07-13 05:45:00,0
TXN0018648,56.42,Transfer,WA,2024-07-13 06:00:00,0
TXN0018649,28.76,Online,CA,2024-07-13 06:15:00,0
TXN0018650,4.57,POS,CA,2024-07-13 06:30:00,0
TXN0018651,31.27,Transfer,TX,2024-07-13 06:45:00,0
TXN0018652,8.87,Transfer,IL,2024-07-13 07:00:00,0
TXN0018653,1.16,POS,TX,2024-07-13 07:15:00,0
TXN0018654,14.32,Online,CA,2024-07-13 07:30:00,0
TXN0018655,38.69,Online,IL,2024-07-13 07:45:00,0
TXN0018656,23.31,Transfer,NY,2024-07-13 08:00:00,0
TXN0018657,20.44,Transfer,FL,2024-07-13 08:15:00,0
TXN0018658,158.03,POS,WA,2024-07-13 08:30:00,0
TXN0018659,27.95,ATM,FL,2024-07-13 08:45:00,1
TXN0018660,59.67,ATM,WA,2024-07-13 09:00:00,0
TXN0018661,29.86,Online,CA,2024-07-13 09:15:00,0
TXN0018662,141.75,POS,CA,2024-07-13 09:30:00,0
TXN0018663,13.11,ATM,IL,2024-07-13 09:45:00,0
TXN0018664,81.81,POS,WA,2024-07-13 10:00:00,0
TXN0018665,174.69,POS,CA,2024-07-13 10:15:00,0
TXN0018666,13.05,ATM,TX,2024-07-13 10:30:00,0
TXN0018667,70.04,POS,IL,2024-07-13 10:45:00,0
TXN0018668,4.09,Transfer,TX,2024-07-13 11:00:00,1
TXN0018669,29.56,Transfer,CA,2024-07-13 11:15:00,1
TXN0018670,48.57,ATM,IL,2024-07-13 11:30:00,0
TXN0018671,7.62,Online,CA,2024-07-13 11:45:00,0
TXN0018672,2.44,ATM,CA,2024-07-13 12:00:00,0
TXN0018673,21.6,Transfer,IL,2024-07-13 12:15:00,0
TXN0018674,13.83,Online,CA,2024-07-13 12:30:00,0
TXN0018675,25.41,POS,IL,2024-07-13 12:45:00,0
TXN0018676,28.87,Online,WA,2024-07-13 13:00:00,1
TXN0018677,54.72,POS,FL,2024-07-13 13:15:00,0
TXN0018678,129.86,Online,FL,2024-07-13 13:30:00,0
TXN0018679,34.11,Transfer,WA,2024-07-13 13:45:00,0
TXN0018680,3.35,POS,FL,2024-07-13 14:00:00,0
TXN0018681,45.41,ATM,WA,2024-07-13 14:15:00,0
TXN0018682,32.5,Transfer,TX,2024-07-13 14:30:00,0
TXN0018683,24.38,POS,NY,2024-07-13 14:45:00,0
TXN0018684,133.68,Transfer,CA,2024-07-13 15:00:00,0
TXN0018685,28.09,Transfer,TX,2024-07-13 15:15:00,0
TXN0018686,13.47,ATM,TX,2024-07-13 15:30:00,0
TXN0018687,35.65,POS,TX,2024-07-13 15:45:00,0
TXN0018688,3.11,POS,FL,2024-07-13 16:00:00,0
TXN0018689,63.91,Online,IL,2024-07-13 16:15:00,0
TXN0018690,22.17,POS,TX,2024-07-13 16:30:00,0
TXN0018691,152.21,ATM,TX,2024-07-13 16:45:00,0
TXN0018692,46.44,Online,CA,2024-07-13 17:00:00,0
TXN0018693,32.22,Online,NY,2024-07-13 17:15:00,0
TXN0018694,25.82,Transfer,WA,2024-07-13 17:30:00,0
TXN0018695,5.12,Online,WA,2024-07-13 17:45:00,0
TXN0018696,18.85,Transfer,NY,2024-07-13 18:00:00,0
TXN0018697,29.51,Transfer,NY,2024-07-13 18:15:00,0
TXN0018698,66.49,Transfer,WA,2024-07-13 18:30:00,0
TXN0018699,34.61,POS,TX,2024-07-13 18:45:00,0
TXN0018700,47.26,Transfer,WA,2024-07-13 19:00:00,0
TXN0018701,46.84,Transfer,NY,2024-07-13 19:15:00,0
TXN0018702,11.16,POS,NY,2024-07-13 19:30:00,0
TXN0018703,29.84,Online,FL,2024-07-13 19:45:00,0
TXN0018704,16.15,ATM,TX,2024-07-13 20:00:00,0
TXN0018705,4.75,ATM,WA,2024-07-13 20:15:00,0
TXN0018706,3.5,Transfer,NY,2024-07-13 20:30:00,0
TXN0018707,55.51,Online,FL,2024-07-13 20:45:00,0
TXN0018708,113.85,POS,IL,2024-07-13 21:00:00,0
TXN0018709,112.24,Online,WA,2024-07-13 21:15:00,0
TXN0018710,7.67,ATM,NY,2024-07-13 21:30:00,0
TXN0018711,123.27,POS,TX,2024-07-13 21:45:00,0
TXN0018712,132.17,Online,FL,2024-07-13 22:00:00,0
TXN0018713,8.53,Online,WA,2024-07-13 22:15:00,0
TXN0018714,37.27,Online,IL,2024-07-13 22:30:00,0
TXN0018715,157.89,POS,WA,2024-07-13 22:45:00,0
TXN0018716,23.4,ATM,FL,2024-07-13 23:00:00,0
TXN0018717,85.09,Online,FL,2024-07-13 23:15:00,0
TXN0018718,10.1,Transfer,WA,2024-07-13 23:30:00,0
TXN0018719,14.08,ATM,IL,2024-07-13 23:45:00,0
TXN0018720,59.34,POS,WA,2024-07-14 00:00:00,0
TXN0018721,17.31,Online,CA,2024-07-14 00:15:00,0
TXN0018722,24.45,Online,IL,2024-07-14 00:30:00,0
TXN0018723,23.49,POS,TX,2024-07-14 00:45:00,0
TXN0018724,6.28,ATM,NY,2024-07-14 01:00:00,0
TXN0018725,122.72,ATM,FL,2024-07-14 01:15:00,0
TXN0018726,17.92,ATM,IL,2024-07-14 01:30:00,0
TXN0018727,14.28,ATM,CA,2024-07-14 01:45:00,0
TXN0018728,12.42,ATM,IL,2024-07-14 02:00:00,0
TXN0018729,22.71,ATM,FL,2024-07-14 02:15:00,0
TXN0018730,7.0,Online,WA,2024-07-14 02:30:00,0
TXN0018731,58.55,Transfer,WA,2024-07-14 02:45:00,0
TXN0018732,14.07,Online,IL,2024-07-14 03:00:00,0
TXN0018733,53.59,Transfer,IL,2024-07-14 03:15:00,0
TXN0018734,7.46,Transfer,TX,2024-07-14 03:30:00,0
TXN0018735,6.31,ATM,IL,2024-07-14 03:45:00,0
TXN0018736,7.08,Online,FL,2024-07-14 04:00:00,0
TXN0018737,27.55,Online,NY,2024-07-14 04:15:00,0
TXN0018738,4.41,Online,IL,2024-07-14 04:30:00,0
TXN0018739,56.73,Transfer,NY,2024-07-14 04:45:00,0
TXN0018740,14.2,Transfer,TX,2024-07-14 05:00:00,0
TXN0018741,60.53,POS,NY,2024-07-14 05:15:00,0
TXN0018742,13.35,POS,WA,2024-07-14 05:30:00,0
TXN0018743,54.68,Transfer,IL,2024-07-14 05:45:00,0
TXN0018744,6.22,POS,IL,2024-07-14 06:00:00,0
TXN0018745,5.71,POS,IL,2024-07-14 06:15:00,0
TXN0018746,42.17,ATM,CA,2024-07-14 06:30:00,0
TXN0018747,10.91,Transfer,IL,2024-07-14 06:45:00,0
TXN0018748,73.1,ATM,WA,2024-07-14 07:00:00,0
TXN0018749,9.2,POS,CA,2024-07-14 07:15:00,0
TXN0018750,38.2,Transfer,CA,2024-07-14 07:30:00,0
TXN0018751,7.93,Transfer,IL,2024-07-14 07:45:00,0
TXN0018752,2.67,Online,TX,2024-07-14 08:00:00,0
TXN0018753,113.42,Transfer,NY,2024-07-14 08:15:00,0
TXN0018754,16.3,Transfer,FL,2024-07-14 08:30:00,0
TXN0018755,65.68,Transfer,FL,2024-07-14 08:45:00,0
TXN0018756,25.7,POS,IL,2024-07-14 09:00:00,0
TXN0018757,2.74,Online,WA,2024-07-14 09:15:00,0
TXN0018758,33.22,Transfer,CA,2024-07-14 09:30:00,0
TXN0018759,74.75,Transfer,NY,2024-07-14 09:45:00,0
TXN0018760,95.86,Online,FL,2024-07-14 10:00:00,0
TXN0018761,144.42,POS,FL,2024-07-14 10:15:00,0
TXN0018762,33.04,POS,TX,2024-07-14 10:30:00,1
TXN0018763,18.4,POS,WA,2024-07-14 10:45:00,0
TXN0018764,22.56,Online,CA,2024-07-14 11:00:00,0
TXN0018765,5.24,POS,WA,2024-07-14 11:15:00,0
TXN0018766,49.55,Transfer,WA,2024-07-14 11:30:00,0
TXN0018767,48.87,Transfer,FL,2024-07-14 11:45:00,0
TXN0018768,31.34,POS,CA,2024-07-14 12:00:00,0
TXN0018769,8.31,Transfer,TX,2024-07-14 12:15:00,0
TXN0018770,44.41,ATM,NY,2024-07-14 12:30:00,0
TXN0018771,10.8,Online,CA,2024-07-14 12:45:00,0
TXN0018772,90.6,Transfer,NY,2024-07-14 13:00:00,0
TXN0018773,10.09,ATM,CA,2024-07-14 13:15:00,0
TXN0018774,11.09,POS,WA,2024-07-14 13:30:00,0
TXN0018775,14.17,Transfer,CA,2024-07-14 13:45:00,0
TXN0018776,6.1,Online,FL,2024-07-14 14:00:00,0
TXN0018777,7.16,Transfer,TX,2024-07-14 14:15:00,0
TXN0018778,14.78,ATM,NY,2024-07-14 14:30:00,0
TXN0018779,1.12,Online,IL,2024-07-14 14:45:00,1
TXN0018780,220.23,ATM,CA,2024-07-14 15:00:00,1
TXN0018781,32.08,POS,FL,2024-07-14 15:15:00,0
TXN0018782,29.12,Online,FL,2024-07-14 15:30:00,0
TXN0018783,7.25,ATM,TX,2024-07-14 15:45:00,0
TXN0018784,25.84,ATM,IL,2024-07-14 16:00:00,0
TXN0018785,20.37,Online,WA,2024-07-14 16:15:00,0
TXN0018786,23.07,ATM,TX,2024-07-14 16:30:00,0
TXN0018787,3.56,Online,FL,2024-07-14 16:45:00,0
TXN0018788,17.87,Transfer,WA,2024-07-14 17:00:00,0
TXN0018789,2.19,ATM,IL,2024-07-14 17:15:00,0
TXN0018790,16.22,Online,NY,2024-07-14 17:30:00,0
TXN0018791,7.16,Online,FL,2024-07-14 17:45:00,0
TXN0018792,9.97,POS,NY,2024-07-14 18:00:00,0
TXN0018793,13.93,Online,IL,2024-07-14 18:15:00,0
TXN0018794,55.45,Online,IL,2024-07-14 18:30:00,0
TXN0018795,87.05,Online,WA,2024-07-14 18:45:00,0
TXN0018796,21.19,POS,WA,2024-07-14 19:00:00,0
TXN0018797,5.7,ATM,WA,2024-07-14 19:15:00,0
TXN0018798,119.15,POS,IL,2024-07-14 19:30:00,0
TXN0018799,3.86,Online,CA,2024-07-14 19:45:00,0
TXN0018800,10.61,Online,CA,2024-07-14 20:00:00,0
TXN0018801,15.82,Transfer,IL,2024-07-14 20:15:00,0
TXN0018802,8.5,Transfer,WA,2024-07-14 20:30:00,0
TXN0018803,99.19,POS,NY,2024-07-14 20:45:00,0
TXN0018804,32.88,Online,TX,2024-07-14 21:00:00,0
TXN0018805,73.17,Transfer,NY,2024-07-14 21:15:00,0
TXN0018806,14.32,ATM,FL,2024-07-14 21:30:00,0
TXN0018807,57.15,Online,WA,2024-07-14 21:45:00,0
TXN0018808,16.99,Online,CA,2024-07-14 22:00:00,0
TXN0018809,17.09,Online,WA,2024-07-14 22:15:00,0
TXN0018810,29.01,Online,FL,2024-07-14 22:30:00,1
TXN0018811,32.35,ATM,IL,2024-07-14 22:45:00,0
TXN0018812,40.06,ATM,WA,2024-07-14 23:00:00,0
TXN0018813,15.76,ATM,NY,2024-07-14 23:15:00,0
TXN0018814,3.41,Transfer,WA,2024-07-14 23:30:00,0
TXN0018815,13.9,Transfer,WA,2024-07-14 23:45:00,0
TXN0018816,0.84,ATM,NY,2024-07-15 00:00:00,0
TXN0018817,14.4,Online,FL,2024-07-15 00:15:00,0
TXN0018818,7.7,Online,WA,2024-07-15 00:30:00,0
TXN0018819,53.59,Transfer,FL,2024-07-15 00:45:00,0
TXN0018820,0.81,ATM,TX,2024-07-15 01:00:00,0
TXN0018821,218.23,Online,IL,2024-07-15 01:15:00,0
TXN0018822,13.42,ATM,IL,2024-07-15 01:30:00,0
TXN0018823,3.03,ATM,FL,2024-07-15 01:45:00,1
TXN0018824,33.35,ATM,WA,2024-07-15 02:00:00,0
TXN0018825,36.0,Online,WA,2024-07-15 02:15:00,0
TXN0018826,33.42,POS,WA,2024-07-15 02:30:00,0
TXN0018827,268.82,Transfer,WA,2024-07-15 02:45:00,1
TXN0018828,7.5,Online,FL,2024-07-15 03:00:00,0
TXN0018829,28.56,ATM,WA,2024-07-15 03:15:00,0
TXN0018830,24.05,POS,IL,2024-07-15 03:30:00,0
TXN0018831,8.96,POS,CA,2024-07-15 03:45:00,0
TXN0018832,28.42,Online,FL,2024-07-15 04:00:00,0
TXN0018833,90.0,ATM,WA,2024-07-15 04:15:00,0
TXN0018834,7.31,Online,CA,2024-07-15 04:30:00,0
TXN0018835,34.38,Transfer,CA,2024-07-15 04:45:00,0
TXN0018836,66.6,ATM,NY,2024-07-15 05:00:00,0
TXN0018837,43.74,ATM,NY,2024-07-15 05:15:00,0
TXN0018838,3.0,ATM,CA,2024-07-15 05:30:00,0
TXN0018839,28.17,POS,TX,2024-07-15 05:45:00,0
TXN0018840,12.7,POS,FL,2024-07-15 06:00:00,0
TXN0018841,86.44,ATM,NY,2024-07-15 06:15:00,0
TXN0018842,17.3,ATM,NY,2024-07-15 06:30:00,0
TXN0018843,207.86,Online,TX,2024-07-15 06:45:00,0
TXN0018844,4.65,POS,WA,2024-07-15 07:00:00,0
TXN0018845,36.46,POS,TX,2024-07-15 07:15:00,0
TXN0018846,7.1,ATM,FL,2024-07-15 07:30:00,0
TXN0018847,165.95,POS,NY,2024-07-15 07:45:00,0
TXN0018848,130.41,Online,WA,2024-07-15 08:00:00,0
TXN0018849,6.7,POS,NY,2024-07-15 08:15:00,0
TXN0018850,49.33,ATM,NY,2024-07-15 08:30:00,0
TXN0018851,19.14,Transfer,IL,2024-07-15 08:45:00,0
TXN0018852,2.91,Transfer,FL,2024-07-15 09:00:00,0
TXN0018853,5.81,ATM,FL,2024-07-15 09:15:00,0
TXN0018854,22.63,POS,CA,2024-07-15 09:30:00,1
TXN0018855,37.17,Transfer,TX,2024-07-15 09:45:00,0
TXN0018856,12.88,Transfer,NY,2024-07-15 10:00:00,0
TXN0018857,28.56,POS,IL,2024-07-15 10:15:00,0
TXN0018858,29.21,Transfer,CA,2024-07-15 10:30:00,0
TXN0018859,28.32,POS,CA,2024-07-15 10:45:00,0
TXN0018860,4.92,Online,IL,2024-07-15 11:00:00,0
TXN0018861,23.7,Transfer,NY,2024-07-15 11:15:00,0
TXN0018862,37.9,POS,WA,2024-07-15 11:30:00,0
TXN0018863,3.41,Transfer,IL,2024-07-15 11:45:00,0
TXN0018864,125.65,Online,WA,2024-07-15 12:00:00,0
TXN0018865,114.05,ATM,NY,2024-07-15 12:15:00,0
TXN0018866,24.42,POS,WA,2024-07-15 12:30:00,0
TXN0018867,241.57,POS,WA,2024-07-15 12:45:00,0
TXN0018868,7.74,ATM,TX,2024-07-15 13:00:00,0
TXN0018869,6.53,ATM,TX,2024-07-15 13:15:00,0
TXN0018870,9.59,Online,WA,2024-07-15 13:30:00,0
TXN0018871,8.59,Transfer,IL,2024-07-15 13:45:00,0
TXN0018872,181.01,Transfer,CA,2024-07-15 14:00:00,0
TXN0018873,21.33,ATM,IL,2024-07-15 14:15:00,0
TXN0018874,18.82,Online,CA,2024-07-15 14:30:00,0
TXN0018875,31.08,Transfer,FL,2024-07-15 14:45:00,1
TXN0018876,133.69,ATM,WA,2024-07-15 15:00:00,0
TXN0018877,24.61,ATM,CA,2024-07-15 15:15:00,0
TXN0018878,12.87,Transfer,CA,2024-07-15 15:30:00,0
TXN0018879,27.85,Online,FL,2024-07-15 15:45:00,0
TXN0018880,90.17,Transfer,TX,2024-07-15 16:00:00,0
TXN0018881,15.84,Online,CA,2024-07-15 16:15:00,0
TXN0018882,108.2,Transfer,NY,2024-07-15 16:30:00,0
TXN0018883,29.03,Online,CA,2024-07-15 16:45:00,0
TXN0018884,16.35,POS,TX,2024-07-15 17:00:00,0
TXN0018885,36.25,Transfer,FL,2024-07-15 17:15:00,0
TXN0018886,211.56,POS,FL,2024-07-15 17:30:00,0
TXN0018887,15.1,Online,CA,2024-07-15 17:45:00,0
TXN0018888,103.8,Transfer,IL,2024-07-15 18:00:00,0
TXN0018889,39.51,Transfer,WA,2024-07-15 18:15:00,0
TXN0018890,24.36,POS,CA,2024-07-15 18:30:00,0
TXN0018891,21.46,POS,CA,2024-07-15 18:45:00,0
TXN0018892,53.54,Transfer,FL,2024-07-15 19:00:00,0
TXN0018893,41.98,Transfer,TX,2024-07-15 19:15:00,0
TXN0018894,31.43,POS,CA,2024-07-15 19:30:00,0
TXN0018895,44.16,POS,TX,2024-07-15 19:45:00,0
TXN0018896,7.27,ATM,FL,2024-07-15 20:00:00,0
TXN0018897,9.31,Transfer,CA,2024-07-15 20:15:00,0
TXN0018898,6.16,POS,WA,2024-07-15 20:30:00,0
TXN0018899,13.42,Online,FL,2024-07-15 20:45:00,0
TXN0018900,15.73,ATM,TX,2024-07-15 21:00:00,0
TXN0018901,13.05,Online,NY,2024-07-15 21:15:00,0
TXN0018902,38.07,Transfer,CA,2024-07-15 21:30:00,0
TXN0018903,6.57,ATM,WA,2024-07-15 21:45:00,0
TXN0018904,15.15,Transfer,NY,2024-07-15 22:00:00,0
TXN0018905,56.47,Online,TX,2024-07-15 22:15:00,0
TXN0018906,148.92,POS,NY,2024-07-15 22:30:00,0
TXN0018907,21.54,POS,IL,2024-07-15 22:45:00,0
TXN0018908,83.89,ATM,NY,2024-07-15 23:00:00,0
TXN0018909,102.71,POS,CA,2024-07-15 23:15:00,1
TXN0018910,6.06,Online,CA,2024-07-15 23:30:00,0
TXN0018911,26.93,ATM,WA,2024-07-15 23:45:00,0
TXN0018912,5.84,Online,FL,2024-07-16 00:00:00,0
TXN0018913,12.76,ATM,NY,2024-07-16 00:15:00,0
TXN0018914,32.74,POS,CA,2024-07-16 00:30:00,0
TXN0018915,4.51,Transfer,TX,2024-07-16 00:45:00,0
TXN0018916,37.94,Transfer,CA,2024-07-16 01:00:00,0
TXN0018917,17.12,Online,WA,2024-07-16 01:15:00,0
TXN0018918,15.17,Online,NY,2024-07-16 01:30:00,0
TXN0018919,38.06,Transfer,CA,2024-07-16 01:45:00,0
TXN0018920,7.63,Online,IL,2024-07-16 02:00:00,0
TXN0018921,2.72,Online,FL,2024-07-16 02:15:00,0
TXN0018922,20.88,POS,TX,2024-07-16 02:30:00,0
TXN0018923,8.61,Online,IL,2024-07-16 02:45:00,0
TXN0018924,15.94,Transfer,FL,2024-07-16 03:00:00,0
TXN0018925,5.49,Online,FL,2024-07-16 03:15:00,0
TXN0018926,6.65,ATM,NY,2024-07-16 03:30:00,0
TXN0018927,5.97,POS,CA,2024-07-16 03:45:00,0
TXN0018928,4.43,Transfer,IL,2024-07-16 04:00:00,0
TXN0018929,7.68,ATM,NY,2024-07-16 04:15:00,0
TXN0018930,7.95,POS,NY,2024-07-16 04:30:00,0
TXN0018931,20.72,Online,CA,2024-07-16 04:45:00,0
TXN0018932,842.39,POS,CA,2024-07-16 05:00:00,0
TXN0018933,9.66,POS,FL,2024-07-16 05:15:00,0
TXN0018934,3.07,ATM,IL,2024-07-16 05:30:00,0
TXN0018935,39.64,Online,WA,2024-07-16 05:45:00,0
TXN0018936,4.66,Transfer,FL,2024-07-16 06:00:00,0
TXN0018937,6.98,Online,FL,2024-07-16 06:15:00,0
TXN0018938,13.32,POS,NY,2024-07-16 06:30:00,0
TXN0018939,20.96,ATM,FL,2024-07-16 06:45:00,0
TXN0018940,21.66,Online,WA,2024-07-16 07:00:00,0
TXN0018941,26.55,ATM,TX,2024-07-16 07:15:00,0
TXN0018942,17.33,Transfer,FL,2024-07-16 07:30:00,0
TXN0018943,73.39,Online,IL,2024-07-16 07:45:00,0
TXN0018944,53.52,Transfer,IL,2024-07-16 08:00:00,0
TXN0018945,10.48,POS,WA,2024-07-16 08:15:00,0
TXN0018946,15.44,POS,FL,2024-07-16 08:30:00,0
TXN0018947,4.02,Online,TX,2024-07-16 08:45:00,0
TXN0018948,43.21,Online,CA,2024-07-16 09:00:00,0
TXN0018949,15.55,POS,WA,2024-07-16 09:15:00,0
TXN0018950,186.92,POS,WA,2024-07-16 09:30:00,0
TXN0018951,8.91,Online,TX,2024-07-16 09:45:00,0
TXN0018952,118.29,Online,CA,2024-07-16 10:00:00,0
TXN0018953,6.72,Transfer,IL,2024-07-16 10:15:00,0
TXN0018954,2.74,POS,CA,2024-07-16 10:30:00,0
TXN0018955,7.22,Transfer,WA,2024-07-16 10:45:00,0
TXN0018956,29.6,POS,TX,2024-07-16 11:00:00,0
TXN0018957,65.48,POS,NY,2024-07-16 11:15:00,0
TXN0018958,7.07,Transfer,CA,2024-07-16 11:30:00,0
TXN0018959,61.68,POS,CA,2024-07-16 11:45:00,0
TXN0018960,10.69,Transfer,CA,2024-07-16 12:00:00,0
TXN0018961,10.8,Transfer,IL,2024-07-16 12:15:00,0
TXN0018962,13.85,Transfer,TX,2024-07-16 12:30:00,0
TXN0018963,137.62,POS,TX,2024-07-16 12:45:00,0
TXN0018964,24.44,Online,FL,2024-07-16 13:00:00,0
TXN0018965,28.25,Transfer,CA,2024-07-16 13:15:00,1
TXN0018966,3.34,ATM,FL,2024-07-16 13:30:00,0
TXN0018967,23.97,Transfer,NY,2024-07-16 13:45:00,0
TXN0018968,27.35,POS,CA,2024-07-16 14:00:00,0
TXN0018969,134.03,ATM,NY,2024-07-16 14:15:00,0
TXN0018970,7.09,ATM,FL,2024-07-16 14:30:00,0
TXN0018971,8.6,Online,TX,2024-07-16 14:45:00,0
TXN0018972,6.7,POS,CA,2024-07-16 15:00:00,0
TXN0018973,9.16,Transfer,IL,2024-07-16 15:15:00,0
TXN0018974,43.28,Transfer,FL,2024-07-16 15:30:00,0
TXN0018975,7.72,POS,TX,2024-07-16 15:45:00,0
TXN0018976,87.99,POS,TX,2024-07-16 16:00:00,0
TXN0018977,20.43,Online,CA,2024-07-16 16:15:00,0
TXN0018978,6.73,ATM,FL,2024-07-16 16:30:00,0
TXN0018979,9.13,POS,IL,2024-07-16 16:45:00,0
TXN0018980,3.91,ATM,TX,2024-07-16 17:00:00,0
TXN0018981,3.57,Online,CA,2024-07-16 17:15:00,0
TXN0018982,75.69,Transfer,WA,2024-07-16 17:30:00,0
TXN0018983,55.01,Online,TX,2024-07-16 17:45:00,0
TXN0018984,6.17,Online,FL,2024-07-16 18:00:00,0
TXN0018985,11.51,POS,CA,2024-07-16 18:15:00,0
TXN0018986,128.49,Online,WA,2024-07-16 18:30:00,0
TXN0018987,8.33,Online,CA,2024-07-16 18:45:00,0
TXN0018988,25.31,Online,TX,2024-07-16 19:00:00,0
TXN0018989,35.39,POS,NY,2024-07-16 19:15:00,0
TXN0018990,15.41,Transfer,NY,2024-07-16 19:30:00,0
TXN0018991,15.61,ATM,WA,2024-07-16 19:45:00,0
TXN0018992,13.08,Online,NY,2024-07-16 20:00:00,0
TXN0018993,22.34,ATM,NY,2024-07-16 20:15:00,0
TXN0018994,3.1,Transfer,IL,2024-07-16 20:30:00,0
TXN0018995,20.54,ATM,CA,2024-07-16 20:45:00,0
TXN0018996,24.02,POS,IL,2024-07-16 21:00:00,0
TXN0018997,4.09,Transfer,FL,2024-07-16 21:15:00,0
TXN0018998,32.94,POS,WA,2024-07-16 21:30:00,0
TXN0018999,6.49,POS,CA,2024-07-16 21:45:00,0
TXN0019000,0.89,POS,CA,2024-07-16 22:00:00,0
TXN0019001,1.98,ATM,WA,2024-07-16 22:15:00,0
TXN0019002,21.65,ATM,FL,2024-07-16 22:30:00,1
TXN0019003,37.35,POS,WA,2024-07-16 22:45:00,1
TXN0019004,11.67,POS,NY,2024-07-16 23:00:00,0
TXN0019005,3.5,ATM,CA,2024-07-16 23:15:00,0
TXN0019006,15.92,ATM,TX,2024-07-16 23:30:00,0
TXN0019007,56.56,ATM,WA,2024-07-16 23:45:00,0
TXN0019008,18.23,Transfer,WA,2024-07-17 00:00:00,0
TXN0019009,3.42,Online,IL,2024-07-17 00:15:00,1
TXN0019010,33.28,Online,NY,2024-07-17 00:30:00,0
TXN0019011,15.17,ATM,WA,2024-07-17 00:45:00,0
TXN0019012,15.65,Transfer,TX,2024-07-17 01:00:00,0
TXN0019013,20.62,POS,IL,2024-07-17 01:15:00,0
TXN0019014,37.1,Online,FL,2024-07-17 01:30:00,0
TXN0019015,16.89,Online,WA,2024-07-17 01:45:00,0
TXN0019016,6.19,ATM,TX,2024-07-17 02:00:00,0
TXN0019017,16.84,Transfer,WA,2024-07-17 02:15:00,0
TXN0019018,22.42,Transfer,TX,2024-07-17 02:30:00,0
TXN0019019,76.67,POS,WA,2024-07-17 02:45:00,1
TXN0019020,4.54,Online,FL,2024-07-17 03:00:00,0
TXN0019021,16.27,Online,CA,2024-07-17 03:15:00,0
TXN0019022,6.84,Online,IL,2024-07-17 03:30:00,0
TXN0019023,26.26,POS,TX,2024-07-17 03:45:00,0
TXN0019024,10.08,ATM,NY,2024-07-17 04:00:00,0
TXN0019025,0.51,POS,CA,2024-07-17 04:15:00,0
TXN0019026,58.58,Online,TX,2024-07-17 04:30:00,0
TXN0019027,8.78,ATM,CA,2024-07-17 04:45:00,0
TXN0019028,5.3,Online,FL,2024-07-17 05:00:00,0
TXN0019029,3.25,ATM,CA,2024-07-17 05:15:00,0
TXN0019030,5.45,Transfer,IL,2024-07-17 05:30:00,0
TXN0019031,4.16,POS,IL,2024-07-17 05:45:00,0
TXN0019032,16.1,Transfer,TX,2024-07-17 06:00:00,0
TXN0019033,22.64,ATM,NY,2024-07-17 06:15:00,0
TXN0019034,17.41,Online,WA,2024-07-17 06:30:00,0
TXN0019035,29.07,Transfer,NY,2024-07-17 06:45:00,0
TXN0019036,7.18,Transfer,NY,2024-07-17 07:00:00,0
TXN0019037,38.76,Transfer,IL,2024-07-17 07:15:00,0
TXN0019038,16.88,POS,NY,2024-07-17 07:30:00,0
TXN0019039,32.13,POS,NY,2024-07-17 07:45:00,0
TXN0019040,39.27,Transfer,FL,2024-07-17 08:00:00,0
TXN0019041,12.39,Transfer,IL,2024-07-17 08:15:00,0
TXN0019042,81.88,POS,FL,2024-07-17 08:30:00,0
TXN0019043,48.81,ATM,CA,2024-07-17 08:45:00,0
TXN0019044,11.82,Transfer,CA,2024-07-17 09:00:00,0
TXN0019045,150.75,POS,NY,2024-07-17 09:15:00,0
TXN0019046,135.01,ATM,NY,2024-07-17 09:30:00,0
TXN0019047,3.15,POS,NY,2024-07-17 09:45:00,0
TXN0019048,1.37,Transfer,WA,2024-07-17 10:00:00,0
TXN0019049,9.25,POS,FL,2024-07-17 10:15:00,0
TXN0019050,33.07,Transfer,TX,2024-07-17 10:30:00,0
TXN0019051,57.45,Online,NY,2024-07-17 10:45:00,0
TXN0019052,41.78,Online,NY,2024-07-17 11:00:00,0
TXN0019053,18.9,Online,CA,2024-07-17 11:15:00,0
TXN0019054,59.77,Transfer,TX,2024-07-17 11:30:00,0
TXN0019055,44.37,Online,CA,2024-07-17 11:45:00,0
TXN0019056,11.51,Transfer,FL,2024-07-17 12:00:00,0
TXN0019057,23.89,Online,WA,2024-07-17 12:15:00,0
TXN0019058,67.09,ATM,IL,2024-07-17 12:30:00,0
TXN0019059,9.12,ATM,WA,2024-07-17 12:45:00,0
TXN0019060,9.24,Transfer,WA,2024-07-17 13:00:00,0
TXN0019061,7.25,Online,FL,2024-07-17 13:15:00,0
TXN0019062,107.06,Transfer,TX,2024-07-17 13:30:00,0
TXN0019063,42.46,Transfer,CA,2024-07-17 13:45:00,0
TXN0019064,52.02,ATM,NY,2024-07-17 14:00:00,0
TXN0019065,12.51,Transfer,IL,2024-07-17 14:15:00,0
TXN0019066,18.75,POS,IL,2024-07-17 14:30:00,0
TXN0019067,80.38,Transfer,TX,2024-07-17 14:45:00,0
TXN0019068,13.98,POS,CA,2024-07-17 15:00:00,0
TXN0019069,77.55,Transfer,FL,2024-07-17 15:15:00,0
TXN0019070,18.95,POS,CA,2024-07-17 15:30:00,0
TXN0019071,18.89,ATM,TX,2024-07-17 15:45:00,0
TXN0019072,37.14,Online,FL,2024-07-17 16:00:00,0
TXN0019073,53.07,Online,TX,2024-07-17 16:15:00,0
TXN0019074,151.71,Transfer,TX,2024-07-17 16:30:00,0
TXN0019075,12.97,POS,FL,2024-07-17 16:45:00,0
TXN0019076,140.27,Transfer,TX,2024-07-17 17:00:00,0
TXN0019077,8.0,ATM,CA,2024-07-17 17:15:00,0
TXN0019078,7.13,Online,CA,2024-07-17 17:30:00,0
TXN0019079,1.43,Transfer,NY,2024-07-17 17:45:00,0
TXN0019080,52.18,ATM,FL,2024-07-17 18:00:00,0
TXN0019081,110.26,Transfer,NY,2024-07-17 18:15:00,0
TXN0019082,4.8,POS,NY,2024-07-17 18:30:00,0
TXN0019083,13.37,Transfer,TX,2024-07-17 18:45:00,0
TXN0019084,14.46,POS,CA,2024-07-17 19:00:00,0
TXN0019085,3.17,Online,IL,2024-07-17 19:15:00,0
TXN0019086,21.21,POS,FL,2024-07-17 19:30:00,0
TXN0019087,27.76,Transfer,WA,2024-07-17 19:45:00,0
TXN0019088,10.89,Online,WA,2024-07-17 20:00:00,0
TXN0019089,5.93,POS,IL,2024-07-17 20:15:00,1
TXN0019090,22.89,Online,IL,2024-07-17 20:30:00,0
TXN0019091,39.31,Online,TX,2024-07-17 20:45:00,0
TXN0019092,3.75,ATM,IL,2024-07-17 21:00:00,0
TXN0019093,17.43,Online,IL,2024-07-17 21:15:00,0
TXN0019094,37.74,Transfer,TX,2024-07-17 21:30:00,0
TXN0019095,0.74,Transfer,WA,2024-07-17 21:45:00,0
TXN0019096,28.6,ATM,NY,2024-07-17 22:00:00,0
TXN0019097,146.41,ATM,FL,2024-07-17 22:15:00,0
TXN0019098,4.36,Transfer,TX,2024-07-17 22:30:00,0
TXN0019099,90.57,Online,FL,2024-07-17 22:45:00,0
TXN0019100,13.9,POS,CA,2024-07-17 23:00:00,0
TXN0019101,39.85,ATM,TX,2024-07-17 23:15:00,0
TXN0019102,16.29,POS,CA,2024-07-17 23:30:00,0
TXN0019103,5.16,Transfer,TX,2024-07-17 23:45:00,0
TXN0019104,2.64,Online,CA,2024-07-18 00:00:00,0
TXN0019105,321.1,ATM,WA,2024-07-18 00:15:00,0
TXN0019106,4.1,Online,CA,2024-07-18 00:30:00,0
TXN0019107,14.31,POS,NY,2024-07-18 00:45:00,0
TXN0019108,104.55,Online,CA,2024-07-18 01:00:00,0
TXN0019109,28.09,POS,FL,2024-07-18 01:15:00,0
TXN0019110,24.15,Online,WA,2024-07-18 01:30:00,0
TXN0019111,1.86,Online,FL,2024-07-18 01:45:00,0
TXN0019112,9.54,ATM,NY,2024-07-18 02:00:00,0
TXN0019113,4.14,ATM,FL,2024-07-18 02:15:00,0
TXN0019114,2.41,Transfer,FL,2024-07-18 02:30:00,0
TXN0019115,30.15,ATM,IL,2024-07-18 02:45:00,0
TXN0019116,52.19,Transfer,TX,2024-07-18 03:00:00,0
TXN0019117,7.99,Transfer,CA,2024-07-18 03:15:00,0
TXN0019118,9.2,ATM,FL,2024-07-18 03:30:00,0
TXN0019119,32.66,POS,FL,2024-07-18 03:45:00,0
TXN0019120,55.34,POS,NY,2024-07-18 04:00:00,0
TXN0019121,5.72,Transfer,IL,2024-07-18 04:15:00,0
TXN0019122,77.82,POS,CA,2024-07-18 04:30:00,0
TXN0019123,59.22,Transfer,FL,2024-07-18 04:45:00,0
TXN0019124,19.83,Online,FL,2024-07-18 05:00:00,0
TXN0019125,5.36,POS,TX,2024-07-18 05:15:00,0
TXN0019126,38.38,Online,CA,2024-07-18 05:30:00,0
TXN0019127,44.36,ATM,TX,2024-07-18 05:45:00,0
TXN0019128,155.39,POS,CA,2024-07-18 06:00:00,0
TXN0019129,9.76,POS,FL,2024-07-18 06:15:00,0
TXN0019130,126.75,POS,IL,2024-07-18 06:30:00,0
TXN0019131,13.05,Transfer,NY,2024-07-18 06:45:00,0
TXN0019132,36.67,Transfer,FL,2024-07-18 07:00:00,0
TXN0019133,17.3,Online,WA,2024-07-18 07:15:00,0
TXN0019134,21.79,Transfer,WA,2024-07-18 07:30:00,0
TXN0019135,110.77,POS,TX,2024-07-18 07:45:00,0
TXN0019136,8.85,Online,TX,2024-07-18 08:00:00,0
TXN0019137,52.31,ATM,WA,2024-07-18 08:15:00,0
TXN0019138,14.41,POS,TX,2024-07-18 08:30:00,0
TXN0019139,18.93,Transfer,WA,2024-07-18 08:45:00,0
TXN0019140,8.52,Online,IL,2024-07-18 09:00:00,0
TXN0019141,24.99,Transfer,TX,2024-07-18 09:15:00,0
TXN0019142,1.9,POS,NY,2024-07-18 09:30:00,0
TXN0019143,14.58,ATM,CA,2024-07-18 09:45:00,0
TXN0019144,64.96,POS,IL,2024-07-18 10:00:00,0
TXN0019145,53.18,Transfer,WA,2024-07-18 10:15:00,0
TXN0019146,2.93,Transfer,WA,2024-07-18 10:30:00,0
TXN0019147,5.29,POS,WA,2024-07-18 10:45:00,0
TXN0019148,12.17,ATM,NY,2024-07-18 11:00:00,0
TXN0019149,179.35,Online,FL,2024-07-18 11:15:00,0
TXN0019150,11.97,ATM,TX,2024-07-18 11:30:00,0
TXN0019151,19.59,POS,FL,2024-07-18 11:45:00,0
TXN0019152,14.84,Online,NY,2024-07-18 12:00:00,0
TXN0019153,28.34,Online,IL,2024-07-18 12:15:00,0
TXN0019154,6.78,Transfer,TX,2024-07-18 12:30:00,0
TXN0019155,26.89,POS,FL,2024-07-18 12:45:00,0
TXN0019156,34.73,Online,NY,2024-07-18 13:00:00,0
TXN0019157,67.77,ATM,NY,2024-07-18 13:15:00,0
TXN0019158,7.02,Transfer,NY,2024-07-18 13:30:00,0
TXN0019159,57.49,POS,WA,2024-07-18 13:45:00,0
TXN0019160,191.56,Transfer,WA,2024-07-18 14:00:00,0
TXN0019161,50.41,POS,CA,2024-07-18 14:15:00,0
TXN0019162,44.58,Online,WA,2024-07-18 14:30:00,0
TXN0019163,1.11,ATM,WA,2024-07-18 14:45:00,0
TXN0019164,96.48,Transfer,FL,2024-07-18 15:00:00,0
TXN0019165,190.91,Transfer,FL,2024-07-18 15:15:00,0
TXN0019166,84.06,POS,WA,2024-07-18 15:30:00,0
TXN0019167,36.2,ATM,TX,2024-07-18 15:45:00,0
TXN0019168,53.1,Transfer,FL,2024-07-18 16:00:00,1
TXN0019169,692.17,Transfer,IL,2024-07-18 16:15:00,0
TXN0019170,8.6,Transfer,FL,2024-07-18 16:30:00,0
TXN0019171,12.38,ATM,FL,2024-07-18 16:45:00,0
TXN0019172,73.33,Online,IL,2024-07-18 17:00:00,0
TXN0019173,27.0,Transfer,NY,2024-07-18 17:15:00,0
TXN0019174,1.55,Online,CA,2024-07-18 17:30:00,0
TXN0019175,25.99,Transfer,IL,2024-07-18 17:45:00,0
TXN0019176,30.09,Online,WA,2024-07-18 18:00:00,0
TXN0019177,6.61,Transfer,WA,2024-07-18 18:15:00,0
TXN0019178,31.28,Online,TX,2024-07-18 18:30:00,0
TXN0019179,26.7,Online,CA,2024-07-18 18:45:00,0
TXN0019180,2.36,POS,WA,2024-07-18 19:00:00,0
TXN0019181,36.76,ATM,FL,2024-07-18 19:15:00,0
TXN0019182,255.45,ATM,IL,2024-07-18 19:30:00,0
TXN0019183,158.35,POS,NY,2024-07-18 19:45:00,0
TXN0019184,5.21,Online,CA,2024-07-18 20:00:00,0
TXN0019185,4.16,Online,CA,2024-07-18 20:15:00,0
TXN0019186,21.42,ATM,FL,2024-07-18 20:30:00,0
TXN0019187,27.85,Transfer,WA,2024-07-18 20:45:00,0
TXN0019188,4.08,Transfer,NY,2024-07-18 21:00:00,0
TXN0019189,8.28,ATM,IL,2024-07-18 21:15:00,0
TXN0019190,100.26,POS,TX,2024-07-18 21:30:00,0
TXN0019191,26.65,ATM,FL,2024-07-18 21:45:00,0
TXN0019192,68.46,Transfer,WA,2024-07-18 22:00:00,0
TXN0019193,19.21,Transfer,WA,2024-07-18 22:15:00,0
TXN0019194,67.56,Online,NY,2024-07-18 22:30:00,0
TXN0019195,10.62,POS,TX,2024-07-18 22:45:00,0
TXN0019196,10.78,Transfer,IL,2024-07-18 23:00:00,0
TXN0019197,6.45,Online,WA,2024-07-18 23:15:00,0
TXN0019198,2.04,ATM,TX,2024-07-18 23:30:00,0
TXN0019199,12.44,Online,CA,2024-07-18 23:45:00,0
TXN0019200,3.97,ATM,FL,2024-07-19 00:00:00,0
TXN0019201,11.4,Transfer,FL,2024-07-19 00:15:00,0
TXN0019202,23.59,Online,TX,2024-07-19 00:30:00,0
TXN0019203,24.44,ATM,FL,2024-07-19 00:45:00,0
TXN0019204,31.74,ATM,CA,2024-07-19 01:00:00,0
TXN0019205,12.43,Online,NY,2024-07-19 01:15:00,0
TXN0019206,18.55,Online,FL,2024-07-19 01:30:00,0
TXN0019207,78.65,Online,FL,2024-07-19 01:45:00,0
TXN0019208,16.53,ATM,NY,2024-07-19 02:00:00,0
TXN0019209,20.51,ATM,TX,2024-07-19 02:15:00,0
TXN0019210,1.07,ATM,FL,2024-07-19 02:30:00,0
TXN0019211,5.33,POS,WA,2024-07-19 02:45:00,0
TXN0019212,73.05,Online,FL,2024-07-19 03:00:00,0
TXN0019213,7.07,Online,CA,2024-07-19 03:15:00,0
TXN0019214,5.49,Transfer,NY,2024-07-19 03:30:00,0
TXN0019215,62.7,POS,CA,2024-07-19 03:45:00,0
TXN0019216,4.59,POS,WA,2024-07-19 04:00:00,0
TXN0019217,64.39,ATM,TX,2024-07-19 04:15:00,0
TXN0019218,17.54,POS,FL,2024-07-19 04:30:00,0
TXN0019219,9.35,Online,CA,2024-07-19 04:45:00,0
TXN0019220,1.71,Online,IL,2024-07-19 05:00:00,0
TXN0019221,95.94,ATM,FL,2024-07-19 05:15:00,0
TXN0019222,2.26,Transfer,WA,2024-07-19 05:30:00,0
TXN0019223,4.53,Transfer,WA,2024-07-19 05:45:00,0
TXN0019224,50.35,Transfer,NY,2024-07-19 06:00:00,0
TXN0019225,4.47,Online,WA,2024-07-19 06:15:00,0
TXN0019226,36.03,Online,IL,2024-07-19 06:30:00,0
TXN0019227,18.8,Transfer,IL,2024-07-19 06:45:00,0
TXN0019228,14.2,POS,TX,2024-07-19 07:00:00,0
TXN0019229,5.55,Online,WA,2024-07-19 07:15:00,0
TXN0019230,8.91,ATM,FL,2024-07-19 07:30:00,0
TXN0019231,27.24,ATM,WA,2024-07-19 07:45:00,0
TXN0019232,6.07,Transfer,IL,2024-07-19 08:00:00,0
TXN0019233,41.67,Transfer,IL,2024-07-19 08:15:00,0
TXN0019234,26.09,Transfer,WA,2024-07-19 08:30:00,0
TXN0019235,37.43,Online,NY,2024-07-19 08:45:00,0
TXN0019236,25.84,Transfer,NY,2024-07-19 09:00:00,0
TXN0019237,38.38,Transfer,TX,2024-07-19 09:15:00,0
TXN0019238,30.87,Online,CA,2024-07-19 09:30:00,0
TXN0019239,52.54,POS,TX,2024-07-19 09:45:00,0
TXN0019240,30.75,Transfer,FL,2024-07-19 10:00:00,0
TXN0019241,28.79,POS,CA,2024-07-19 10:15:00,0
TXN0019242,6.55,POS,NY,2024-07-19 10:30:00,0
TXN0019243,2.49,ATM,FL,2024-07-19 10:45:00,0
TXN0019244,20.81,Online,NY,2024-07-19 11:00:00,0
TXN0019245,61.53,Transfer,NY,2024-07-19 11:15:00,0
TXN0019246,6.45,POS,TX,2024-07-19 11:30:00,0
TXN0019247,2.94,Online,TX,2024-07-19 11:45:00,0
TXN0019248,10.18,Online,WA,2024-07-19 12:00:00,0
TXN0019249,30.07,Online,TX,2024-07-19 12:15:00,0
TXN0019250,54.28,Transfer,NY,2024-07-19 12:30:00,0
TXN0019251,13.32,ATM,IL,2024-07-19 12:45:00,0
TXN0019252,4.8,Online,FL,2024-07-19 13:00:00,0
TXN0019253,18.18,Online,WA,2024-07-19 13:15:00,0
TXN0019254,44.05,POS,TX,2024-07-19 13:30:00,0
TXN0019255,18.35,Online,NY,2024-07-19 13:45:00,0
TXN0019256,65.43,Transfer,CA,2024-07-19 14:00:00,0
TXN0019257,10.72,ATM,TX,2024-07-19 14:15:00,0
TXN0019258,55.33,ATM,WA,2024-07-19 14:30:00,0
TXN0019259,138.09,Transfer,WA,2024-07-19 14:45:00,0
TXN0019260,5.96,ATM,TX,2024-07-19 15:00:00,0
TXN0019261,6.93,Transfer,NY,2024-07-19 15:15:00,0
TXN0019262,42.48,Transfer,IL,2024-07-19 15:30:00,0
TXN0019263,811.61,Transfer,WA,2024-07-19 15:45:00,0
TXN0019264,35.84,ATM,CA,2024-07-19 16:00:00,0
TXN0019265,18.96,ATM,FL,2024-07-19 16:15:00,0
TXN0019266,93.39,Online,CA,2024-07-19 16:30:00,0
TXN0019267,17.1,ATM,CA,2024-07-19 16:45:00,0
TXN0019268,2.84,POS,WA,2024-07-19 17:00:00,0
TXN0019269,6.27,Online,TX,2024-07-19 17:15:00,0
TXN0019270,98.0,POS,TX,2024-07-19 17:30:00,0
TXN0019271,2.63,Transfer,FL,2024-07-19 17:45:00,0
TXN0019272,3.58,Online,NY,2024-07-19 18:00:00,0
TXN0019273,52.1,ATM,IL,2024-07-19 18:15:00,0
TXN0019274,23.38,Transfer,FL,2024-07-19 18:30:00,0
TXN0019275,82.98,Transfer,CA,2024-07-19 18:45:00,0
TXN0019276,5.52,Transfer,IL,2024-07-19 19:00:00,0
TXN0019277,8.14,ATM,IL,2024-07-19 19:15:00,0
TXN0019278,12.93,POS,IL,2024-07-19 19:30:00,0
TXN0019279,4.47,POS,TX,2024-07-19 19:45:00,0
TXN0019280,14.81,POS,NY,2024-07-19 20:00:00,0
TXN0019281,15.95,Transfer,CA,2024-07-19 20:15:00,0
TXN0019282,55.07,Online,FL,2024-07-19 20:30:00,0
TXN0019283,17.64,Online,TX,2024-07-19 20:45:00,0
TXN0019284,12.13,Online,TX,2024-07-19 21:00:00,0
TXN0019285,35.35,Transfer,IL,2024-07-19 21:15:00,0
TXN0019286,73.5,ATM,WA,2024-07-19 21:30:00,0
TXN0019287,67.81,ATM,CA,2024-07-19 21:45:00,0
TXN0019288,27.26,ATM,IL,2024-07-19 22:00:00,0
TXN0019289,12.43,Online,TX,2024-07-19 22:15:00,0
TXN0019290,11.13,Transfer,FL,2024-07-19 22:30:00,0
TXN0019291,4.1,Transfer,WA,2024-07-19 22:45:00,0
TXN0019292,21.23,Online,TX,2024-07-19 23:00:00,0
TXN0019293,19.01,Online,IL,2024-07-19 23:15:00,0
TXN0019294,140.2,Online,CA,2024-07-19 23:30:00,0
TXN0019295,25.4,Transfer,IL,2024-07-19 23:45:00,0
TXN0019296,47.78,POS,NY,2024-07-20 00:00:00,0
TXN0019297,93.51,POS,TX,2024-07-20 00:15:00,0
TXN0019298,2.1,Transfer,IL,2024-07-20 00:30:00,0
TXN0019299,9.05,POS,NY,2024-07-20 00:45:00,0
TXN0019300,14.77,POS,WA,2024-07-20 01:00:00,0
TXN0019301,22.6,POS,IL,2024-07-20 01:15:00,0
TXN0019302,5.04,ATM,IL,2024-07-20 01:30:00,0
TXN0019303,54.63,Online,CA,2024-07-20 01:45:00,0
TXN0019304,57.77,Transfer,WA,2024-07-20 02:00:00,0
TXN0019305,35.7,ATM,TX,2024-07-20 02:15:00,0
TXN0019306,44.19,POS,TX,2024-07-20 02:30:00,0
TXN0019307,5.27,POS,IL,2024-07-20 02:45:00,0
TXN0019308,76.16,Online,WA,2024-07-20 03:00:00,0
TXN0019309,9.43,ATM,IL,2024-07-20 03:15:00,0
TXN0019310,2.05,POS,IL,2024-07-20 03:30:00,0
TXN0019311,22.71,Online,IL,2024-07-20 03:45:00,0
TXN0019312,32.47,ATM,WA,2024-07-20 04:00:00,0
TXN0019313,8.65,Online,NY,2024-07-20 04:15:00,0
TXN0019314,2.7,POS,WA,2024-07-20 04:30:00,0
TXN0019315,4.95,POS,IL,2024-07-20 04:45:00,0
TXN0019316,16.33,Transfer,WA,2024-07-20 05:00:00,1
TXN0019317,0.94,Transfer,IL,2024-07-20 05:15:00,0
TXN0019318,66.85,ATM,WA,2024-07-20 05:30:00,0
TXN0019319,64.77,Online,TX,2024-07-20 05:45:00,0
TXN0019320,15.79,Online,FL,2024-07-20 06:00:00,0
TXN0019321,69.42,Online,NY,2024-07-20 06:15:00,0
TXN0019322,16.08,Online,FL,2024-07-20 06:30:00,0
TXN0019323,5.03,ATM,CA,2024-07-20 06:45:00,0
TXN0019324,41.7,POS,CA,2024-07-20 07:00:00,0
TXN0019325,38.27,ATM,CA,2024-07-20 07:15:00,0
TXN0019326,6.45,Online,FL,2024-07-20 07:30:00,1
TXN0019327,3.62,Transfer,WA,2024-07-20 07:45:00,0
TXN0019328,6.04,ATM,WA,2024-07-20 08:00:00,0
TXN0019329,79.17,Transfer,NY,2024-07-20 08:15:00,0
TXN0019330,13.6,ATM,WA,2024-07-20 08:30:00,0
TXN0019331,564.6,Transfer,IL,2024-07-20 08:45:00,0
TXN0019332,8.91,ATM,WA,2024-07-20 09:00:00,0
TXN0019333,40.33,ATM,WA,2024-07-20 09:15:00,0
TXN0019334,28.74,ATM,CA,2024-07-20 09:30:00,0
TXN0019335,14.97,ATM,TX,2024-07-20 09:45:00,0
TXN0019336,53.17,ATM,NY,2024-07-20 10:00:00,0
TXN0019337,7.01,Transfer,IL,2024-07-20 10:15:00,0
TXN0019338,18.3,Online,CA,2024-07-20 10:30:00,0
TXN0019339,4.8,ATM,CA,2024-07-20 10:45:00,1
TXN0019340,1.43,ATM,IL,2024-07-20 11:00:00,1
TXN0019341,21.24,ATM,FL,2024-07-20 11:15:00,0
TXN0019342,4.97,Online,IL,2024-07-20 11:30:00,0
TXN0019343,4.11,ATM,NY,2024-07-20 11:45:00,0
TXN0019344,39.24,Transfer,NY,2024-07-20 12:00:00,0
TXN0019345,16.09,ATM,NY,2024-07-20 12:15:00,0
TXN0019346,31.05,ATM,IL,2024-07-20 12:30:00,0
TXN0019347,155.14,Transfer,NY,2024-07-20 12:45:00,0
TXN0019348,24.27,POS,NY,2024-07-20 13:00:00,0
TXN0019349,33.66,ATM,IL,2024-07-20 13:15:00,0
TXN0019350,4.7,ATM,FL,2024-07-20 13:30:00,0
TXN0019351,53.34,POS,NY,2024-07-20 13:45:00,0
TXN0019352,54.34,ATM,FL,2024-07-20 14:00:00,0
TXN0019353,5.57,POS,TX,2024-07-20 14:15:00,0
TXN0019354,42.97,Online,TX,2024-07-20 14:30:00,0
TXN0019355,28.72,Transfer,CA,2024-07-20 14:45:00,0
TXN0019356,15.17,POS,NY,2024-07-20 15:00:00,0
TXN0019357,21.71,Transfer,NY,2024-07-20 15:15:00,0
TXN0019358,356.71,ATM,NY,2024-07-20 15:30:00,0
TXN0019359,9.04,Online,WA,2024-07-20 15:45:00,0
TXN0019360,13.15,POS,TX,2024-07-20 16:00:00,0
TXN0019361,22.16,Transfer,NY,2024-07-20 16:15:00,0
TXN0019362,15.8,POS,TX,2024-07-20 16:30:00,0
TXN0019363,2.2,POS,WA,2024-07-20 16:45:00,0
TXN0019364,42.65,POS,NY,2024-07-20 17:00:00,0
TXN0019365,59.2,Online,IL,2024-07-20 17:15:00,0
TXN0019366,156.21,POS,IL,2024-07-20 17:30:00,0
TXN0019367,9.99,Transfer,TX,2024-07-20 17:45:00,0
TXN0019368,4.33,ATM,NY,2024-07-20 18:00:00,0
TXN0019369,43.07,Transfer,FL,2024-07-20 18:15:00,0
TXN0019370,5.73,Online,WA,2024-07-20 18:30:00,0
TXN0019371,19.57,POS,WA,2024-07-20 18:45:00,0
TXN0019372,12.1,Online,TX,2024-07-20 19:00:00,1
TXN0019373,24.66,Transfer,CA,2024-07-20 19:15:00,0
TXN0019374,11.5,ATM,IL,2024-07-20 19:30:00,0
TXN0019375,45.42,ATM,FL,2024-07-20 19:45:00,0
TXN0019376,6.52,Online,FL,2024-07-20 20:00:00,0
TXN0019377,342.03,ATM,FL,2024-07-20 20:15:00,0
TXN0019378,50.08,Online,TX,2024-07-20 20:30:00,0
TXN0019379,9.28,POS,IL,2024-07-20 20:45:00,0
TXN0019380,6.18,Transfer,WA,2024-07-20 21:00:00,0
TXN0019381,15.71,ATM,CA,2024-07-20 21:15:00,0
TXN0019382,11.2,POS,NY,2024-07-20 21:30:00,0
TXN0019383,7.3,POS,NY,2024-07-20 21:45:00,0
TXN0019384,104.92,Online,NY,2024-07-20 22:00:00,0
TXN0019385,63.11,Online,FL,2024-07-20 22:15:00,0
TXN0019386,5.37,Transfer,FL,2024-07-20 22:30:00,0
TXN0019387,38.52,Transfer,FL,2024-07-20 22:45:00,0
TXN0019388,20.04,Transfer,NY,2024-07-20 23:00:00,0
TXN0019389,49.63,ATM,FL,2024-07-20 23:15:00,0
TXN0019390,8.92,ATM,IL,2024-07-20 23:30:00,0
TXN0019391,253.87,ATM,NY,2024-07-20 23:45:00,0
TXN0019392,21.64,POS,NY,2024-07-21 00:00:00,0
TXN0019393,216.06,Online,FL,2024-07-21 00:15:00,0
TXN0019394,11.19,ATM,IL,2024-07-21 00:30:00,0
TXN0019395,99.58,Transfer,TX,2024-07-21 00:45:00,0
TXN0019396,17.35,Transfer,IL,2024-07-21 01:00:00,0
TXN0019397,145.89,ATM,WA,2024-07-21 01:15:00,0
TXN0019398,15.9,Online,FL,2024-07-21 01:30:00,0
TXN0019399,5.5,POS,NY,2024-07-21 01:45:00,0
TXN0019400,5.45,POS,IL,2024-07-21 02:00:00,0
TXN0019401,9.23,POS,IL,2024-07-21 02:15:00,0
TXN0019402,40.87,ATM,WA,2024-07-21 02:30:00,0
TXN0019403,31.05,Transfer,IL,2024-07-21 02:45:00,0
TXN0019404,22.84,Online,TX,2024-07-21 03:00:00,0
TXN0019405,70.82,POS,WA,2024-07-21 03:15:00,0
TXN0019406,141.46,Online,NY,2024-07-21 03:30:00,0
TXN0019407,5.94,Transfer,FL,2024-07-21 03:45:00,0
TXN0019408,66.23,ATM,WA,2024-07-21 04:00:00,0
TXN0019409,318.59,POS,IL,2024-07-21 04:15:00,0
TXN0019410,9.45,Online,FL,2024-07-21 04:30:00,0
TXN0019411,10.07,Online,NY,2024-07-21 04:45:00,0
TXN0019412,32.27,Online,IL,2024-07-21 05:00:00,0
TXN0019413,26.17,ATM,TX,2024-07-21 05:15:00,0
TXN0019414,10.43,Transfer,FL,2024-07-21 05:30:00,0
TXN0019415,18.26,Transfer,CA,2024-07-21 05:45:00,0
TXN0019416,137.16,Transfer,CA,2024-07-21 06:00:00,0
TXN0019417,59.66,Transfer,CA,2024-07-21 06:15:00,0
TXN0019418,7.55,Online,FL,2024-07-21 06:30:00,0
TXN0019419,2.56,Online,TX,2024-07-21 06:45:00,0
TXN0019420,5.28,POS,FL,2024-07-21 07:00:00,0
TXN0019421,24.71,ATM,IL,2024-07-21 07:15:00,0
TXN0019422,7.76,ATM,TX,2024-07-21 07:30:00,0
TXN0019423,7.26,ATM,WA,2024-07-21 07:45:00,0
TXN0019424,47.32,Transfer,FL,2024-07-21 08:00:00,0
TXN0019425,14.17,POS,WA,2024-07-21 08:15:00,0
TXN0019426,12.6,Transfer,FL,2024-07-21 08:30:00,0
TXN0019427,25.79,Transfer,FL,2024-07-21 08:45:00,0
TXN0019428,113.62,Transfer,TX,2024-07-21 09:00:00,0
TXN0019429,28.82,Online,CA,2024-07-21 09:15:00,0
TXN0019430,45.65,POS,FL,2024-07-21 09:30:00,0
TXN0019431,22.01,ATM,WA,2024-07-21 09:45:00,0
TXN0019432,128.03,Online,FL,2024-07-21 10:00:00,0
TXN0019433,4.58,ATM,TX,2024-07-21 10:15:00,0
TXN0019434,5.2,Online,IL,2024-07-21 10:30:00,0
TXN0019435,10.85,POS,CA,2024-07-21 10:45:00,0
TXN0019436,227.09,POS,TX,2024-07-21 11:00:00,0
TXN0019437,127.29,Transfer,CA,2024-07-21 11:15:00,0
TXN0019438,5.34,Transfer,IL,2024-07-21 11:30:00,1
TXN0019439,11.53,Online,WA,2024-07-21 11:45:00,0
TXN0019440,38.65,POS,CA,2024-07-21 12:00:00,0
TXN0019441,21.73,Online,CA,2024-07-21 12:15:00,0
TXN0019442,57.96,Transfer,WA,2024-07-21 12:30:00,0
TXN0019443,11.09,ATM,CA,2024-07-21 12:45:00,0
TXN0019444,2.74,Transfer,TX,2024-07-21 13:00:00,0
TXN0019445,41.99,ATM,CA,2024-07-21 13:15:00,0
TXN0019446,89.74,Online,WA,2024-07-21 13:30:00,0
TXN0019447,3.17,ATM,FL,2024-07-21 13:45:00,0
TXN0019448,2.11,Transfer,IL,2024-07-21 14:00:00,0
TXN0019449,11.64,Transfer,TX,2024-07-21 14:15:00,0
TXN0019450,2.13,Online,WA,2024-07-21 14:30:00,0
TXN0019451,33.55,POS,CA,2024-07-21 14:45:00,0
TXN0019452,4.99,Online,CA,2024-07-21 15:00:00,0
TXN0019453,48.78,Transfer,IL,2024-07-21 15:15:00,0
TXN0019454,13.29,POS,WA,2024-07-21 15:30:00,0
TXN0019455,23.52,ATM,FL,2024-07-21 15:45:00,0
TXN0019456,44.36,ATM,TX,2024-07-21 16:00:00,0
TXN0019457,15.72,ATM,TX,2024-07-21 16:15:00,0
TXN0019458,5.94,POS,TX,2024-07-21 16:30:00,1
TXN0019459,60.15,ATM,NY,2024-07-21 16:45:00,0
TXN0019460,3.44,ATM,TX,2024-07-21 17:00:00,0
TXN0019461,108.61,POS,TX,2024-07-21 17:15:00,0
TXN0019462,9.67,ATM,CA,2024-07-21 17:30:00,0
TXN0019463,10.66,Online,NY,2024-07-21 17:45:00,0
TXN0019464,32.26,Transfer,WA,2024-07-21 18:00:00,0
TXN0019465,33.14,POS,IL,2024-07-21 18:15:00,0
TXN0019466,36.87,POS,IL,2024-07-21 18:30:00,0
TXN0019467,3.45,Online,CA,2024-07-21 18:45:00,0
TXN0019468,6.98,ATM,IL,2024-07-21 19:00:00,0
TXN0019469,30.29,Transfer,NY,2024-07-21 19:15:00,0
TXN0019470,31.38,Transfer,IL,2024-07-21 19:30:00,0
TXN0019471,17.98,POS,IL,2024-07-21 19:45:00,0
TXN0019472,94.92,POS,NY,2024-07-21 20:00:00,0
TXN0019473,16.26,Online,NY,2024-07-21 20:15:00,0
TXN0019474,62.15,Online,CA,2024-07-21 20:30:00,0
TXN0019475,73.9,Online,FL,2024-07-21 20:45:00,1
TXN0019476,30.52,Transfer,TX,2024-07-21 21:00:00,0
TXN0019477,15.96,Transfer,FL,2024-07-21 21:15:00,0
TXN0019478,48.87,ATM,FL,2024-07-21 21:30:00,0
TXN0019479,34.45,POS,FL,2024-07-21 21:45:00,0
TXN0019480,42.34,Online,IL,2024-07-21 22:00:00,0
TXN0019481,7.14,ATM,FL,2024-07-21 22:15:00,0
TXN0019482,35.27,Transfer,TX,2024-07-21 22:30:00,0
TXN0019483,136.22,Transfer,CA,2024-07-21 22:45:00,0
TXN0019484,14.37,POS,NY,2024-07-21 23:00:00,0
TXN0019485,23.82,Transfer,FL,2024-07-21 23:15:00,0
TXN0019486,15.17,ATM,CA,2024-07-21 23:30:00,0
TXN0019487,58.05,ATM,CA,2024-07-21 23:45:00,0
TXN0019488,1.71,POS,TX,2024-07-22 00:00:00,0
TXN0019489,136.9,Online,WA,2024-07-22 00:15:00,1
TXN0019490,37.33,Online,IL,2024-07-22 00:30:00,0
TXN0019491,15.42,ATM,WA,2024-07-22 00:45:00,0
TXN0019492,28.09,ATM,WA,2024-07-22 01:00:00,0
TXN0019493,78.03,Transfer,WA,2024-07-22 01:15:00,0
TXN0019494,31.58,ATM,IL,2024-07-22 01:30:00,0
TXN0019495,45.24,Online,NY,2024-07-22 01:45:00,0
TXN0019496,85.49,Online,TX,2024-07-22 02:00:00,0
TXN0019497,24.87,POS,NY,2024-07-22 02:15:00,0
TXN0019498,49.33,Online,FL,2024-07-22 02:30:00,0
TXN0019499,118.61,ATM,IL,2024-07-22 02:45:00,0
TXN0019500,39.85,ATM,FL,2024-07-22 03:00:00,0
TXN0019501,9.69,POS,IL,2024-07-22 03:15:00,0
TXN0019502,51.27,Online,WA,2024-07-22 03:30:00,0
TXN0019503,232.93,ATM,TX,2024-07-22 03:45:00,0
TXN0019504,13.93,Online,FL,2024-07-22 04:00:00,0
TXN0019505,35.07,Transfer,IL,2024-07-22 04:15:00,1
TXN0019506,34.05,POS,TX,2024-07-22 04:30:00,0
TXN0019507,58.71,POS,IL,2024-07-22 04:45:00,1
TXN0019508,12.51,ATM,CA,2024-07-22 05:00:00,0
TXN0019509,19.95,Online,CA,2024-07-22 05:15:00,0
TXN0019510,210.89,ATM,CA,2024-07-22 05:30:00,0
TXN0019511,46.74,Transfer,TX,2024-07-22 05:45:00,0
TXN0019512,9.78,Online,TX,2024-07-22 06:00:00,0
TXN0019513,52.46,Online,TX,2024-07-22 06:15:00,0
TXN0019514,22.06,POS,CA,2024-07-22 06:30:00,0
TXN0019515,128.22,Transfer,IL,2024-07-22 06:45:00,0
TXN0019516,2.99,POS,CA,2024-07-22 07:00:00,0
TXN0019517,23.07,POS,FL,2024-07-22 07:15:00,0
TXN0019518,66.04,POS,IL,2024-07-22 07:30:00,0
TXN0019519,4.52,Online,NY,2024-07-22 07:45:00,0
TXN0019520,8.42,Transfer,IL,2024-07-22 08:00:00,0
TXN0019521,36.14,Transfer,WA,2024-07-22 08:15:00,0
TXN0019522,21.43,Transfer,WA,2024-07-22 08:30:00,0
TXN0019523,14.3,POS,NY,2024-07-22 08:45:00,0
TXN0019524,29.56,POS,IL,2024-07-22 09:00:00,0
TXN0019525,3.92,POS,FL,2024-07-22 09:15:00,0
TXN0019526,7.55,ATM,TX,2024-07-22 09:30:00,0
TXN0019527,161.18,Online,TX,2024-07-22 09:45:00,0
TXN0019528,9.51,POS,FL,2024-07-22 10:00:00,0
TXN0019529,34.51,Transfer,WA,2024-07-22 10:15:00,0
TXN0019530,19.27,Online,WA,2024-07-22 10:30:00,0
TXN0019531,57.09,Transfer,TX,2024-07-22 10:45:00,0
TXN0019532,30.36,Transfer,NY,2024-07-22 11:00:00,0
TXN0019533,33.2,POS,IL,2024-07-22 11:15:00,0
TXN0019534,82.08,Transfer,WA,2024-07-22 11:30:00,0
TXN0019535,30.16,Online,TX,2024-07-22 11:45:00,0
TXN0019536,2.71,Transfer,NY,2024-07-22 12:00:00,0
TXN0019537,9.36,Transfer,TX,2024-07-22 12:15:00,0
TXN0019538,111.95,POS,TX,2024-07-22 12:30:00,0
TXN0019539,72.55,POS,WA,2024-07-22 12:45:00,0
TXN0019540,15.6,Transfer,WA,2024-07-22 13:00:00,0
TXN0019541,3.1,Transfer,WA,2024-07-22 13:15:00,0
TXN0019542,8.79,POS,FL,2024-07-22 13:30:00,0
TXN0019543,243.74,Online,NY,2024-07-22 13:45:00,0
TXN0019544,85.31,Online,TX,2024-07-22 14:00:00,0
TXN0019545,87.71,ATM,TX,2024-07-22 14:15:00,0
TXN0019546,3.02,POS,CA,2024-07-22 14:30:00,0
TXN0019547,4.1,POS,TX,2024-07-22 14:45:00,1
TXN0019548,10.18,POS,CA,2024-07-22 15:00:00,0
TXN0019549,4.1,POS,CA,2024-07-22 15:15:00,0
TXN0019550,23.44,Transfer,FL,2024-07-22 15:30:00,0
TXN0019551,5.61,Transfer,CA,2024-07-22 15:45:00,0
TXN0019552,36.01,Online,FL,2024-07-22 16:00:00,0
TXN0019553,15.74,Online,TX,2024-07-22 16:15:00,0
TXN0019554,10.54,POS,WA,2024-07-22 16:30:00,0
TXN0019555,44.47,POS,CA,2024-07-22 16:45:00,0
TXN0019556,34.89,ATM,FL,2024-07-22 17:00:00,0
TXN0019557,23.92,ATM,FL,2024-07-22 17:15:00,0
TXN0019558,13.29,Transfer,FL,2024-07-22 17:30:00,0
TXN0019559,19.31,Online,IL,2024-07-22 17:45:00,0
TXN0019560,2.08,Transfer,IL,2024-07-22 18:00:00,0
TXN0019561,2.0,Transfer,CA,2024-07-22 18:15:00,0
TXN0019562,9.17,Transfer,FL,2024-07-22 18:30:00,0
TXN0019563,24.11,Transfer,FL,2024-07-22 18:45:00,1
TXN0019564,165.44,Online,NY,2024-07-22 19:00:00,0
TXN0019565,32.75,Transfer,CA,2024-07-22 19:15:00,0
TXN0019566,6.34,Transfer,WA,2024-07-22 19:30:00,0
TXN0019567,11.49,Transfer,IL,2024-07-22 19:45:00,0
TXN0019568,4.57,POS,NY,2024-07-22 20:00:00,0
TXN0019569,19.4,ATM,IL,2024-07-22 20:15:00,0
TXN0019570,18.36,POS,IL,2024-07-22 20:30:00,0
TXN0019571,19.53,POS,CA,2024-07-22 20:45:00,0
TXN0019572,28.14,Transfer,WA,2024-07-22 21:00:00,0
TXN0019573,70.03,POS,FL,2024-07-22 21:15:00,1
TXN0019574,45.9,POS,CA,2024-07-22 21:30:00,0
TXN0019575,5.2,Online,TX,2024-07-22 21:45:00,0
TXN0019576,55.45,Online,TX,2024-07-22 22:00:00,0
TXN0019577,6.15,Online,IL,2024-07-22 22:15:00,0
TXN0019578,32.11,POS,CA,2024-07-22 22:30:00,0
TXN0019579,22.86,Online,TX,2024-07-22 22:45:00,0
TXN0019580,149.4,Online,IL,2024-07-22 23:00:00,0
TXN0019581,18.13,Online,FL,2024-07-22 23:15:00,0
TXN0019582,18.24,Online,CA,2024-07-22 23:30:00,0
TXN0019583,14.77,Online,NY,2024-07-22 23:45:00,0
TXN0019584,56.61,Transfer,WA,2024-07-23 00:00:00,0
TXN0019585,29.54,POS,FL,2024-07-23 00:15:00,1
TXN0019586,14.94,POS,WA,2024-07-23 00:30:00,0
TXN0019587,54.92,POS,IL,2024-07-23 00:45:00,0
TXN0019588,247.36,Online,TX,2024-07-23 01:00:00,0
TXN0019589,140.44,Online,FL,2024-07-23 01:15:00,0
TXN0019590,121.02,Transfer,TX,2024-07-23 01:30:00,0
TXN0019591,10.9,Transfer,FL,2024-07-23 01:45:00,0
TXN0019592,18.42,POS,WA,2024-07-23 02:00:00,0
TXN0019593,24.9,Online,FL,2024-07-23 02:15:00,0
TXN0019594,2.74,ATM,WA,2024-07-23 02:30:00,0
TXN0019595,157.41,POS,CA,2024-07-23 02:45:00,0
TXN0019596,3.76,POS,FL,2024-07-23 03:00:00,0
TXN0019597,33.07,ATM,WA,2024-07-23 03:15:00,0
TXN0019598,4.78,ATM,WA,2024-07-23 03:30:00,0
TXN0019599,23.9,Transfer,WA,2024-07-23 03:45:00,0
TXN0019600,54.75,Online,IL,2024-07-23 04:00:00,0
TXN0019601,38.22,ATM,TX,2024-07-23 04:15:00,0
TXN0019602,7.47,POS,CA,2024-07-23 04:30:00,0
TXN0019603,9.57,Transfer,WA,2024-07-23 04:45:00,0
TXN0019604,61.82,ATM,CA,2024-07-23 05:00:00,0
TXN0019605,19.13,ATM,FL,2024-07-23 05:15:00,0
TXN0019606,23.7,Transfer,IL,2024-07-23 05:30:00,0
TXN0019607,62.49,ATM,NY,2024-07-23 05:45:00,0
TXN0019608,1.06,Transfer,CA,2024-07-23 06:00:00,0
TXN0019609,27.94,Transfer,NY,2024-07-23 06:15:00,0
TXN0019610,91.77,Online,TX,2024-07-23 06:30:00,0
TXN0019611,169.89,ATM,CA,2024-07-23 06:45:00,0
TXN0019612,46.47,Online,TX,2024-07-23 07:00:00,0
TXN0019613,8.7,Transfer,NY,2024-07-23 07:15:00,0
TXN0019614,64.81,Online,NY,2024-07-23 07:30:00,0
TXN0019615,189.02,Online,NY,2024-07-23 07:45:00,0
TXN0019616,9.75,ATM,WA,2024-07-23 08:00:00,0
TXN0019617,8.84,POS,FL,2024-07-23 08:15:00,0
TXN0019618,17.36,Transfer,FL,2024-07-23 08:30:00,0
TXN0019619,12.75,POS,NY,2024-07-23 08:45:00,0
TXN0019620,1.87,Transfer,CA,2024-07-23 09:00:00,0
TXN0019621,1.27,Online,TX,2024-07-23 09:15:00,0
TXN0019622,4.42,Online,WA,2024-07-23 09:30:00,0
TXN0019623,9.83,ATM,WA,2024-07-23 09:45:00,0
TXN0019624,34.56,ATM,WA,2024-07-23 10:00:00,0
TXN0019625,11.11,Transfer,TX,2024-07-23 10:15:00,0
TXN0019626,25.51,POS,NY,2024-07-23 10:30:00,0
TXN0019627,103.85,ATM,FL,2024-07-23 10:45:00,0
TXN0019628,707.17,Online,CA,2024-07-23 11:00:00,0
TXN0019629,58.14,Transfer,CA,2024-07-23 11:15:00,0
TXN0019630,6.54,Online,FL,2024-07-23 11:30:00,0
TXN0019631,66.86,ATM,FL,2024-07-23 11:45:00,0
TXN0019632,20.61,Transfer,TX,2024-07-23 12:00:00,0
TXN0019633,30.98,ATM,CA,2024-07-23 12:15:00,0
TXN0019634,64.43,ATM,CA,2024-07-23 12:30:00,0
TXN0019635,51.54,Transfer,CA,2024-07-23 12:45:00,0
TXN0019636,4.4,POS,FL,2024-07-23 13:00:00,0
TXN0019637,5.38,Transfer,IL,2024-07-23 13:15:00,0
TXN0019638,28.3,Online,IL,2024-07-23 13:30:00,0
TXN0019639,47.39,POS,NY,2024-07-23 13:45:00,0
TXN0019640,247.42,Online,FL,2024-07-23 14:00:00,0
TXN0019641,41.92,ATM,WA,2024-07-23 14:15:00,0
TXN0019642,13.41,POS,FL,2024-07-23 14:30:00,0
TXN0019643,11.62,POS,FL,2024-07-23 14:45:00,0
TXN0019644,8.91,Online,NY,2024-07-23 15:00:00,0
TXN0019645,4.46,Online,FL,2024-07-23 15:15:00,0
TXN0019646,4.42,Transfer,TX,2024-07-23 15:30:00,0
TXN0019647,10.72,ATM,IL,2024-07-23 15:45:00,0
TXN0019648,23.04,Transfer,NY,2024-07-23 16:00:00,0
TXN0019649,8.31,Online,CA,2024-07-23 16:15:00,0
TXN0019650,20.88,Transfer,TX,2024-07-23 16:30:00,0
TXN0019651,14.75,Transfer,NY,2024-07-23 16:45:00,0
TXN0019652,15.68,POS,FL,2024-07-23 17:00:00,0
TXN0019653,12.29,POS,CA,2024-07-23 17:15:00,0
TXN0019654,28.83,ATM,IL,2024-07-23 17:30:00,0
TXN0019655,20.93,Online,TX,2024-07-23 17:45:00,0
TXN0019656,0.91,Online,WA,2024-07-23 18:00:00,0
TXN0019657,28.02,POS,TX,2024-07-23 18:15:00,0
TXN0019658,23.21,Online,WA,2024-07-23 18:30:00,0
TXN0019659,9.99,POS,WA,2024-07-23 18:45:00,0
TXN0019660,25.02,Online,TX,2024-07-23 19:00:00,0
TXN0019661,9.04,Online,CA,2024-07-23 19:15:00,0
TXN0019662,23.65,POS,NY,2024-07-23 19:30:00,0
TXN0019663,7.31,Transfer,NY,2024-07-23 19:45:00,0
TXN0019664,45.67,POS,CA,2024-07-23 20:00:00,0
TXN0019665,30.84,POS,CA,2024-07-23 20:15:00,0
TXN0019666,3.71,Online,NY,2024-07-23 20:30:00,0
TXN0019667,8.98,ATM,NY,2024-07-23 20:45:00,0
TXN0019668,46.75,ATM,IL,2024-07-23 21:00:00,0
TXN0019669,32.99,POS,TX,2024-07-23 21:15:00,0
TXN0019670,24.09,POS,IL,2024-07-23 21:30:00,0
TXN0019671,5.39,POS,TX,2024-07-23 21:45:00,0
TXN0019672,9.18,POS,NY,2024-07-23 22:00:00,0
TXN0019673,24.76,ATM,CA,2024-07-23 22:15:00,0
TXN0019674,28.93,Transfer,FL,2024-07-23 22:30:00,1
TXN0019675,20.05,Transfer,TX,2024-07-23 22:45:00,0
TXN0019676,7.68,Transfer,FL,2024-07-23 23:00:00,0
TXN0019677,15.59,POS,WA,2024-07-23 23:15:00,0
TXN0019678,11.4,ATM,WA,2024-07-23 23:30:00,0
TXN0019679,5.2,ATM,WA,2024-07-23 23:45:00,0
TXN0019680,5.6,ATM,NY,2024-07-24 00:00:00,0
TXN0019681,7.87,Online,TX,2024-07-24 00:15:00,0
TXN0019682,3.48,POS,CA,2024-07-24 00:30:00,0
TXN0019683,35.36,Transfer,IL,2024-07-24 00:45:00,0
TXN0019684,50.24,ATM,NY,2024-07-24 01:00:00,0
TXN0019685,57.64,ATM,CA,2024-07-24 01:15:00,0
TXN0019686,8.15,ATM,NY,2024-07-24 01:30:00,0
TXN0019687,8.4,POS,FL,2024-07-24 01:45:00,0
TXN0019688,27.2,Transfer,TX,2024-07-24 02:00:00,0
TXN0019689,11.72,Online,IL,2024-07-24 02:15:00,0
TXN0019690,14.06,Transfer,TX,2024-07-24 02:30:00,0
TXN0019691,14.05,Transfer,TX,2024-07-24 02:45:00,0
TXN0019692,3.06,Transfer,TX,2024-07-24 03:00:00,0
TXN0019693,89.81,Online,FL,2024-07-24 03:15:00,0
TXN0019694,3.76,Transfer,IL,2024-07-24 03:30:00,0
TXN0019695,3.19,POS,IL,2024-07-24 03:45:00,0
TXN0019696,52.03,ATM,CA,2024-07-24 04:00:00,0
TXN0019697,5.59,Online,CA,2024-07-24 04:15:00,0
TXN0019698,71.0,Online,NY,2024-07-24 04:30:00,0
TXN0019699,30.16,Online,NY,2024-07-24 04:45:00,0
TXN0019700,30.65,Transfer,TX,2024-07-24 05:00:00,0
TXN0019701,12.92,POS,IL,2024-07-24 05:15:00,0
TXN0019702,3.84,ATM,NY,2024-07-24 05:30:00,0
TXN0019703,5.02,POS,IL,2024-07-24 05:45:00,0
TXN0019704,22.73,ATM,CA,2024-07-24 06:00:00,0
TXN0019705,17.76,ATM,CA,2024-07-24 06:15:00,0
TXN0019706,4.9,Online,WA,2024-07-24 06:30:00,0
TXN0019707,5.29,Transfer,FL,2024-07-24 06:45:00,0
TXN0019708,7.29,ATM,NY,2024-07-24 07:00:00,0
TXN0019709,18.72,Online,TX,2024-07-24 07:15:00,0
TXN0019710,33.64,POS,WA,2024-07-24 07:30:00,0
TXN0019711,57.9,ATM,WA,2024-07-24 07:45:00,0
TXN0019712,13.02,Online,FL,2024-07-24 08:00:00,0
TXN0019713,107.63,POS,TX,2024-07-24 08:15:00,0
TXN0019714,46.62,Online,IL,2024-07-24 08:30:00,0
TXN0019715,113.21,Online,WA,2024-07-24 08:45:00,0
TXN0019716,7.22,ATM,WA,2024-07-24 09:00:00,0
TXN0019717,39.6,ATM,TX,2024-07-24 09:15:00,0
TXN0019718,71.74,Transfer,IL,2024-07-24 09:30:00,0
TXN0019719,2.54,Online,NY,2024-07-24 09:45:00,0
TXN0019720,59.13,POS,FL,2024-07-24 10:00:00,1
TXN0019721,32.6,ATM,TX,2024-07-24 10:15:00,0
TXN0019722,58.84,Online,NY,2024-07-24 10:30:00,0
TXN0019723,24.6,ATM,IL,2024-07-24 10:45:00,0
TXN0019724,76.68,Online,FL,2024-07-24 11:00:00,0
TXN0019725,12.29,ATM,NY,2024-07-24 11:15:00,0
TXN0019726,10.96,ATM,FL,2024-07-24 11:30:00,0
TXN0019727,46.55,POS,FL,2024-07-24 11:45:00,0
TXN0019728,46.76,POS,WA,2024-07-24 12:00:00,0
TXN0019729,4.19,Transfer,TX,2024-07-24 12:15:00,0
TXN0019730,81.71,ATM,NY,2024-07-24 12:30:00,0
TXN0019731,79.21,Online,FL,2024-07-24 12:45:00,0
TXN0019732,66.72,ATM,WA,2024-07-24 13:00:00,0
TXN0019733,8.61,Transfer,WA,2024-07-24 13:15:00,0
TXN0019734,87.52,Online,FL,2024-07-24 13:30:00,0
TXN0019735,36.77,ATM,TX,2024-07-24 13:45:00,0
TXN0019736,59.26,Transfer,CA,2024-07-24 14:00:00,0
TXN0019737,18.94,Transfer,FL,2024-07-24 14:15:00,0
TXN0019738,12.2,POS,IL,2024-07-24 14:30:00,0
TXN0019739,8.86,POS,CA,2024-07-24 14:45:00,0
TXN0019740,9.86,POS,TX,2024-07-24 15:00:00,0
TXN0019741,57.22,POS,IL,2024-07-24 15:15:00,0
TXN0019742,8.2,Transfer,TX,2024-07-24 15:30:00,0
TXN0019743,9.83,Online,IL,2024-07-24 15:45:00,0
TXN0019744,29.51,Transfer,NY,2024-07-24 16:00:00,0
TXN0019745,14.82,Online,WA,2024-07-24 16:15:00,0
TXN0019746,1.85,POS,NY,2024-07-24 16:30:00,0
TXN0019747,9.37,Online,IL,2024-07-24 16:45:00,0
TXN0019748,13.21,ATM,WA,2024-07-24 17:00:00,0
TXN0019749,130.91,POS,WA,2024-07-24 17:15:00,0
TXN0019750,43.66,Transfer,WA,2024-07-24 17:30:00,0
TXN0019751,6.3,ATM,WA,2024-07-24 17:45:00,0
TXN0019752,5.59,POS,FL,2024-07-24 18:00:00,0
TXN0019753,11.84,ATM,NY,2024-07-24 18:15:00,0
TXN0019754,26.17,Online,NY,2024-07-24 18:30:00,0
TXN0019755,8.12,Online,FL,2024-07-24 18:45:00,0
TXN0019756,33.36,POS,WA,2024-07-24 19:00:00,0
TXN0019757,3.93,POS,IL,2024-07-24 19:15:00,0
TXN0019758,29.48,Transfer,CA,2024-07-24 19:30:00,0
TXN0019759,80.25,Transfer,WA,2024-07-24 19:45:00,0
TXN0019760,0.91,Transfer,CA,2024-07-24 20:00:00,0
TXN0019761,19.44,Online,FL,2024-07-24 20:15:00,0
TXN0019762,26.99,POS,CA,2024-07-24 20:30:00,0
TXN0019763,33.89,Transfer,IL,2024-07-24 20:45:00,0
TXN0019764,22.58,ATM,NY,2024-07-24 21:00:00,0
TXN0019765,18.61,ATM,NY,2024-07-24 21:15:00,0
TXN0019766,27.93,ATM,TX,2024-07-24 21:30:00,0
TXN0019767,22.83,ATM,NY,2024-07-24 21:45:00,0
TXN0019768,22.33,ATM,TX,2024-07-24 22:00:00,0
TXN0019769,125.34,Transfer,IL,2024-07-24 22:15:00,0
TXN0019770,66.12,Online,TX,2024-07-24 22:30:00,0
TXN0019771,58.78,POS,WA,2024-07-24 22:45:00,0
TXN0019772,9.64,POS,WA,2024-07-24 23:00:00,0
TXN0019773,11.43,POS,CA,2024-07-24 23:15:00,0
TXN0019774,68.6,ATM,NY,2024-07-24 23:30:00,0
TXN0019775,5.95,ATM,CA,2024-07-24 23:45:00,0
TXN0019776,65.64,POS,IL,2024-07-25 00:00:00,0
TXN0019777,4.21,Transfer,TX,2024-07-25 00:15:00,0
TXN0019778,237.18,POS,WA,2024-07-25 00:30:00,0
TXN0019779,84.85,ATM,CA,2024-07-25 00:45:00,0
TXN0019780,10.63,Online,WA,2024-07-25 01:00:00,0
TXN0019781,11.76,Transfer,NY,2024-07-25 01:15:00,0
TXN0019782,1.88,ATM,FL,2024-07-25 01:30:00,0
TXN0019783,18.97,Online,IL,2024-07-25 01:45:00,0
TXN0019784,79.98,POS,WA,2024-07-25 02:00:00,0
TXN0019785,40.78,Online,FL,2024-07-25 02:15:00,0
TXN0019786,14.86,ATM,IL,2024-07-25 02:30:00,0
TXN0019787,216.4,Transfer,CA,2024-07-25 02:45:00,0
TXN0019788,38.19,Online,FL,2024-07-25 03:00:00,0
TXN0019789,32.43,Transfer,NY,2024-07-25 03:15:00,0
TXN0019790,14.24,Online,CA,2024-07-25 03:30:00,0
TXN0019791,39.51,Transfer,TX,2024-07-25 03:45:00,0
TXN0019792,420.04,POS,IL,2024-07-25 04:00:00,0
TXN0019793,33.88,ATM,CA,2024-07-25 04:15:00,0
TXN0019794,2.9,Transfer,IL,2024-07-25 04:30:00,0
TXN0019795,25.89,ATM,WA,2024-07-25 04:45:00,0
TXN0019796,185.03,ATM,IL,2024-07-25 05:00:00,0
TXN0019797,80.02,ATM,TX,2024-07-25 05:15:00,0
TXN0019798,11.05,ATM,FL,2024-07-25 05:30:00,0
TXN0019799,30.13,POS,TX,2024-07-25 05:45:00,0
TXN0019800,3.63,Transfer,TX,2024-07-25 06:00:00,0
TXN0019801,42.21,Online,CA,2024-07-25 06:15:00,0
TXN0019802,7.26,POS,IL,2024-07-25 06:30:00,0
TXN0019803,10.84,Transfer,NY,2024-07-25 06:45:00,0
TXN0019804,10.4,Transfer,IL,2024-07-25 07:00:00,0
TXN0019805,8.76,POS,IL,2024-07-25 07:15:00,0
TXN0019806,143.67,Online,IL,2024-07-25 07:30:00,0
TXN0019807,111.55,Online,CA,2024-07-25 07:45:00,0
TXN0019808,14.39,ATM,TX,2024-07-25 08:00:00,0
TXN0019809,22.46,Online,NY,2024-07-25 08:15:00,0
TXN0019810,141.92,POS,IL,2024-07-25 08:30:00,0
TXN0019811,14.4,Transfer,WA,2024-07-25 08:45:00,0
TXN0019812,11.98,POS,CA,2024-07-25 09:00:00,0
TXN0019813,7.51,ATM,TX,2024-07-25 09:15:00,0
TXN0019814,122.73,Transfer,WA,2024-07-25 09:30:00,0
TXN0019815,24.3,ATM,FL,2024-07-25 09:45:00,0
TXN0019816,20.3,POS,IL,2024-07-25 10:00:00,0
TXN0019817,12.3,POS,CA,2024-07-25 10:15:00,0
TXN0019818,6.98,POS,CA,2024-07-25 10:30:00,0
TXN0019819,60.7,POS,CA,2024-07-25 10:45:00,0
TXN0019820,8.17,Online,CA,2024-07-25 11:00:00,0
TXN0019821,10.95,Transfer,IL,2024-07-25 11:15:00,0
TXN0019822,2.85,Online,TX,2024-07-25 11:30:00,0
TXN0019823,5.59,ATM,WA,2024-07-25 11:45:00,0
TXN0019824,11.01,Transfer,WA,2024-07-25 12:00:00,0
TXN0019825,11.33,Online,NY,2024-07-25 12:15:00,0
TXN0019826,3.45,Online,FL,2024-07-25 12:30:00,0
TXN0019827,9.79,ATM,FL,2024-07-25 12:45:00,0
TXN0019828,17.01,Online,FL,2024-07-25 13:00:00,0
TXN0019829,0.95,ATM,CA,2024-07-25 13:15:00,0
TXN0019830,39.16,Online,TX,2024-07-25 13:30:00,0
TXN0019831,14.45,Online,IL,2024-07-25 13:45:00,0
TXN0019832,4.18,ATM,NY,2024-07-25 14:00:00,0
TXN0019833,14.47,ATM,TX,2024-07-25 14:15:00,0
TXN0019834,33.18,Online,NY,2024-07-25 14:30:00,0
TXN0019835,19.72,POS,CA,2024-07-25 14:45:00,0
TXN0019836,20.83,POS,WA,2024-07-25 15:00:00,0
TXN0019837,20.1,Transfer,TX,2024-07-25 15:15:00,0
TXN0019838,42.16,Transfer,CA,2024-07-25 15:30:00,0
TXN0019839,4.09,POS,CA,2024-07-25 15:45:00,0
TXN0019840,10.0,Transfer,WA,2024-07-25 16:00:00,0
TXN0019841,30.89,POS,WA,2024-07-25 16:15:00,0
TXN0019842,20.42,POS,TX,2024-07-25 16:30:00,0
TXN0019843,5.76,Transfer,NY,2024-07-25 16:45:00,0
TXN0019844,14.24,POS,FL,2024-07-25 17:00:00,0
TXN0019845,8.79,Transfer,FL,2024-07-25 17:15:00,0
TXN0019846,20.24,ATM,WA,2024-07-25 17:30:00,0
TXN0019847,2.88,Transfer,TX,2024-07-25 17:45:00,0
TXN0019848,3.0,POS,FL,2024-07-25 18:00:00,0
TXN0019849,3.7,Online,CA,2024-07-25 18:15:00,0
TXN0019850,16.86,ATM,NY,2024-07-25 18:30:00,0
TXN0019851,347.03,Transfer,CA,2024-07-25 18:45:00,0
TXN0019852,61.57,Online,CA,2024-07-25 19:00:00,0
TXN0019853,81.47,Online,FL,2024-07-25 19:15:00,0
TXN0019854,19.92,ATM,FL,2024-07-25 19:30:00,0
TXN0019855,124.89,ATM,FL,2024-07-25 19:45:00,0
TXN0019856,29.73,ATM,IL,2024-07-25 20:00:00,0
TXN0019857,21.27,Online,NY,2024-07-25 20:15:00,0
TXN0019858,69.31,POS,WA,2024-07-25 20:30:00,0
TXN0019859,4.8,ATM,WA,2024-07-25 20:45:00,0
TXN0019860,1.55,ATM,CA,2024-07-25 21:00:00,0
TXN0019861,4.93,POS,WA,2024-07-25 21:15:00,1
TXN0019862,100.56,ATM,WA,2024-07-25 21:30:00,0
TXN0019863,55.71,ATM,FL,2024-07-25 21:45:00,0
TXN0019864,24.42,ATM,IL,2024-07-25 22:00:00,0
TXN0019865,14.9,ATM,IL,2024-07-25 22:15:00,0
TXN0019866,16.08,Online,TX,2024-07-25 22:30:00,0
TXN0019867,30.82,Online,IL,2024-07-25 22:45:00,0
TXN0019868,7.2,ATM,IL,2024-07-25 23:00:00,0
TXN0019869,48.08,Online,CA,2024-07-25 23:15:00,0
TXN0019870,6.34,ATM,FL,2024-07-25 23:30:00,0
TXN0019871,93.55,Online,CA,2024-07-25 23:45:00,0
TXN0019872,13.25,ATM,NY,2024-07-26 00:00:00,0
TXN0019873,6.7,ATM,IL,2024-07-26 00:15:00,0
TXN0019874,14.03,ATM,TX,2024-07-26 00:30:00,0
TXN0019875,6.66,POS,FL,2024-07-26 00:45:00,0
TXN0019876,16.76,POS,NY,2024-07-26 01:00:00,0
TXN0019877,2.4,Transfer,WA,2024-07-26 01:15:00,0
TXN0019878,11.04,POS,TX,2024-07-26 01:30:00,1
TXN0019879,21.35,Transfer,CA,2024-07-26 01:45:00,0
TXN0019880,30.57,ATM,TX,2024-07-26 02:00:00,0
TXN0019881,12.42,POS,TX,2024-07-26 02:15:00,0
TXN0019882,79.92,POS,IL,2024-07-26 02:30:00,0
TXN0019883,2.73,Transfer,WA,2024-07-26 02:45:00,0
TXN0019884,15.14,Transfer,FL,2024-07-26 03:00:00,0
TXN0019885,11.09,ATM,TX,2024-07-26 03:15:00,0
TXN0019886,19.33,POS,TX,2024-07-26 03:30:00,0
TXN0019887,14.36,Online,FL,2024-07-26 03:45:00,0
TXN0019888,97.58,Online,FL,2024-07-26 04:00:00,0
TXN0019889,19.41,Online,FL,2024-07-26 04:15:00,0
TXN0019890,6.62,Transfer,NY,2024-07-26 04:30:00,0
TXN0019891,354.35,ATM,NY,2024-07-26 04:45:00,0
TXN0019892,20.39,POS,FL,2024-07-26 05:00:00,0
TXN0019893,16.15,POS,CA,2024-07-26 05:15:00,0
TXN0019894,54.67,POS,TX,2024-07-26 05:30:00,0
TXN0019895,9.72,Transfer,FL,2024-07-26 05:45:00,0
TXN0019896,14.98,Transfer,WA,2024-07-26 06:00:00,0
TXN0019897,53.25,ATM,FL,2024-07-26 06:15:00,0
TXN0019898,4.89,ATM,FL,2024-07-26 06:30:00,0
TXN0019899,11.48,Transfer,TX,2024-07-26 06:45:00,0
TXN0019900,58.32,Online,TX,2024-07-26 07:00:00,1
TXN0019901,158.36,Online,WA,2024-07-26 07:15:00,0
TXN0019902,17.73,ATM,TX,2024-07-26 07:30:00,0
TXN0019903,17.22,POS,TX,2024-07-26 07:45:00,0
TXN0019904,69.28,POS,FL,2024-07-26 08:00:00,0
TXN0019905,3.48,Transfer,WA,2024-07-26 08:15:00,0
TXN0019906,8.65,POS,IL,2024-07-26 08:30:00,0
TXN0019907,7.71,POS,TX,2024-07-26 08:45:00,0
TXN0019908,1.77,Online,NY,2024-07-26 09:00:00,0
TXN0019909,0.66,Online,WA,2024-07-26 09:15:00,0
TXN0019910,12.1,Transfer,WA,2024-07-26 09:30:00,0
TXN0019911,56.2,POS,IL,2024-07-26 09:45:00,0
TXN0019912,42.33,ATM,CA,2024-07-26 10:00:00,0
TXN0019913,85.14,Online,WA,2024-07-26 10:15:00,0
TXN0019914,0.8,ATM,WA,2024-07-26 10:30:00,0
TXN0019915,16.39,ATM,CA,2024-07-26 10:45:00,1
TXN0019916,92.36,Online,FL,2024-07-26 11:00:00,0
TXN0019917,7.05,Online,FL,2024-07-26 11:15:00,0
TXN0019918,4.25,ATM,WA,2024-07-26 11:30:00,0
TXN0019919,29.2,Online,CA,2024-07-26 11:45:00,0
TXN0019920,19.75,POS,NY,2024-07-26 12:00:00,0
TXN0019921,40.97,Online,NY,2024-07-26 12:15:00,0
TXN0019922,19.33,ATM,CA,2024-07-26 12:30:00,1
TXN0019923,83.15,Transfer,WA,2024-07-26 12:45:00,0
TXN0019924,43.82,Transfer,TX,2024-07-26 13:00:00,0
TXN0019925,26.29,POS,WA,2024-07-26 13:15:00,0
TXN0019926,12.55,Online,WA,2024-07-26 13:30:00,0
TXN0019927,44.53,ATM,FL,2024-07-26 13:45:00,0
TXN0019928,8.98,Transfer,IL,2024-07-26 14:00:00,0
TXN0019929,59.85,ATM,NY,2024-07-26 14:15:00,0
TXN0019930,74.94,ATM,TX,2024-07-26 14:30:00,0
TXN0019931,59.04,Online,WA,2024-07-26 14:45:00,0
TXN0019932,4.39,Transfer,CA,2024-07-26 15:00:00,0
TXN0019933,32.74,Online,NY,2024-07-26 15:15:00,0
TXN0019934,30.17,Online,IL,2024-07-26 15:30:00,0
TXN0019935,54.29,Online,NY,2024-07-26 15:45:00,0
TXN0019936,3.17,Online,TX,2024-07-26 16:00:00,0
TXN0019937,9.7,Transfer,CA,2024-07-26 16:15:00,0
TXN0019938,17.89,Transfer,NY,2024-07-26 16:30:00,0
TXN0019939,100.21,POS,CA,2024-07-26 16:45:00,0
TXN0019940,9.74,Online,NY,2024-07-26 17:00:00,0
TXN0019941,55.82,ATM,WA,2024-07-26 17:15:00,0
TXN0019942,23.3,ATM,WA,2024-07-26 17:30:00,0
TXN0019943,188.6,Online,WA,2024-07-26 17:45:00,0
TXN0019944,28.74,ATM,CA,2024-07-26 18:00:00,0
TXN0019945,2.97,Online,WA,2024-07-26 18:15:00,0
TXN0019946,14.18,Online,CA,2024-07-26 18:30:00,0
TXN0019947,26.51,ATM,IL,2024-07-26 18:45:00,0
TXN0019948,86.86,Online,WA,2024-07-26 19:00:00,0
TXN0019949,42.73,ATM,CA,2024-07-26 19:15:00,0
TXN0019950,14.12,Online,CA,2024-07-26 19:30:00,0
TXN0019951,4.46,ATM,FL,2024-07-26 19:45:00,0
TXN0019952,20.44,Online,WA,2024-07-26 20:00:00,0
TXN0019953,17.06,Online,TX,2024-07-26 20:15:00,0
TXN0019954,93.71,Online,NY,2024-07-26 20:30:00,0
TXN0019955,58.47,Transfer,NY,2024-07-26 20:45:00,0
TXN0019956,3.8,POS,NY,2024-07-26 21:00:00,0
TXN0019957,1.3,ATM,IL,2024-07-26 21:15:00,0
TXN0019958,12.12,Transfer,WA,2024-07-26 21:30:00,0
TXN0019959,27.05,POS,TX,2024-07-26 21:45:00,0
TXN0019960,6.3,POS,TX,2024-07-26 22:00:00,0
TXN0019961,10.73,ATM,CA,2024-07-26 22:15:00,0
TXN0019962,79.46,POS,IL,2024-07-26 22:30:00,0
TXN0019963,46.81,Transfer,CA,2024-07-26 22:45:00,0
TXN0019964,2.6,Online,WA,2024-07-26 23:00:00,0
TXN0019965,29.64,Online,IL,2024-07-26 23:15:00,0
TXN0019966,23.77,POS,TX,2024-07-26 23:30:00,0
TXN0019967,15.55,Online,FL,2024-07-26 23:45:00,0
TXN0019968,38.3,ATM,CA,2024-07-27 00:00:00,0
TXN0019969,39.25,Transfer,CA,2024-07-27 00:15:00,0
TXN0019970,366.39,ATM,CA,2024-07-27 00:30:00,0
TXN0019971,25.87,Transfer,TX,2024-07-27 00:45:00,0
TXN0019972,8.37,Transfer,IL,2024-07-27 01:00:00,0
TXN0019973,10.99,Transfer,CA,2024-07-27 01:15:00,0
TXN0019974,45.97,Transfer,NY,2024-07-27 01:30:00,0
TXN0019975,191.61,ATM,IL,2024-07-27 01:45:00,1
TXN0019976,40.38,Transfer,WA,2024-07-27 02:00:00,0
TXN0019977,37.2,Online,NY,2024-07-27 02:15:00,0
TXN0019978,27.11,POS,IL,2024-07-27 02:30:00,0
TXN0019979,11.73,Transfer,NY,2024-07-27 02:45:00,0
TXN0019980,21.64,ATM,NY,2024-07-27 03:00:00,0
TXN0019981,4.77,Transfer,CA,2024-07-27 03:15:00,0
TXN0019982,47.66,Online,FL,2024-07-27 03:30:00,0
TXN0019983,34.61,Online,TX,2024-07-27 03:45:00,0
TXN0019984,24.59,POS,FL,2024-07-27 04:00:00,1
TXN0019985,7.23,ATM,IL,2024-07-27 04:15:00,0
TXN0019986,14.58,Transfer,NY,2024-07-27 04:30:00,0
TXN0019987,10.12,ATM,CA,2024-07-27 04:45:00,0
TXN0019988,28.4,POS,IL,2024-07-27 05:00:00,0
TXN0019989,14.18,Online,TX,2024-07-27 05:15:00,0
TXN0019990,30.41,ATM,TX,2024-07-27 05:30:00,0
TXN0019991,59.4,POS,NY,2024-07-27 05:45:00,0
TXN0019992,88.33,Transfer,IL,2024-07-27 06:00:00,0
TXN0019993,5.97,POS,CA,2024-07-27 06:15:00,0
TXN0019994,13.43,POS,NY,2024-07-27 06:30:00,0
TXN0019995,5.5,Online,TX,2024-07-27 06:45:00,0
TXN0019996,86.38,ATM,NY,2024-07-27 07:00:00,0
TXN0019997,7.33,Online,TX,2024-07-27 07:15:00,0
TXN0019998,97.26,POS,TX,2024-07-27 07:30:00,0
TXN0019999,11.04,POS,NY,2024-07-27 07:45:00,0
