transaction_id,transaction_date,transaction_type,amount,location,customer_age,account_age_days,previous_transaction_count,is_fraud
TXN08760,2026-01-01 08:00:00,Transfer,157.44,Chennai,55,333,43,0
TXN03003,2026-01-01 08:06:00,Payment,345.33,Bengaluru,54,502,36,0
TXN00667,2026-01-01 08:08:00,Payment,200.04,Chennai,46,732,79,0
TXN01538,2026-01-01 08:08:00,Payment,1624.14,Delhi,20,503,65,0
TXN00540,2026-01-01 08:12:00,Payment,134.58,Chennai,46,299,67,0
TXN01623,2026-01-01 08:13:00,Withdrawal,94.96,Chennai,49,501,78,0
TXN04573,2026-01-01 08:16:00,Transfer,178.81,Delhi,68,1357,36,0
TXN05081,2026-01-01 08:17:00,Payment,42.21,Ahmedabad,48,1000,64,0
TXN04459,2026-01-01 08:18:00,Withdrawal,330.23,Pune,21,121,14,0
TXN06986,2026-01-01 08:30:00,Payment,901.16,Bengaluru,53,1012,49,0
TXN01570,2026-01-01 08:33:00,Payment,614.52,Kolkata,32,656,29,0
TXN07857,2026-01-01 08:41:00,Transfer,505.86,Jaipur,30,577,39,0
TXN09743,2026-01-01 08:44:00,Payment,65.09,Delhi,66,1430,18,0
TXN07430,2026-01-01 08:44:00,Payment,478.29,Ahmedabad,45,1690,18,0
TXN07771,2026-01-01 08:47:00,Payment,1086.23,Jaipur,55,302,15,0
TXN00699,2026-01-01 08:53:00,Payment,361.64,Hyderabad,50,1174,9,0
TXN01838,2026-01-01 08:56:00,Transfer,270.26,Bengaluru,48,1786,32,0
TXN00381,2026-01-01 08:57:00,Payment,162.87,Kolkata,46,324,58,0
TXN04382,2026-01-01 08:58:00,Payment,155.96,Delhi,50,152,57,0
TXN00980,2026-01-01 08:59:00,Payment,133.97,Chennai,24,1795,78,0
TXN06359,2026-01-01 09:01:00,Payment,77.16,Ahmedabad,44,1374,21,0
TXN03747,2026-01-01 09:03:00,Payment,277.4,Delhi,53,1514,35,0
TXN09798,2026-01-01 09:04:00,Withdrawal,234.21,Delhi,44,1115,42,0
TXN03419,2026-01-01 09:06:00,Payment,155.16,Pune,35,1185,84,0
TXN07700,2026-01-01 09:11:00,Payment,205.45,Hyderabad,18,1082,37,1
TXN01705,2026-01-01 09:12:00,Withdrawal,235.81,Jaipur,35,161,11,0
TXN03300,2026-01-01 09:16:00,Payment,169.02,Hyderabad,69,992,33,0
TXN03219,2026-01-01 09:26:00,Payment,162.98,Jaipur,38,1230,86,0
TXN04945,2026-01-01 09:26:00,Payment,224.53,Mumbai,58,262,88,0
TXN08074,2026-01-01 09:28:00,Transfer,511.11,Ahmedabad,19,651,5,0
TXN08379,2026-01-01 09:28:00,Payment,114.88,Jaipur,50,364,70,1
TXN08680,2026-01-01 09:31:00,Transfer,834.0,Mumbai,20,793,31,0
TXN02181,2026-01-01 09:32:00,Payment,1072.23,Bengaluru,28,985,33,0
TXN04418,2026-01-01 09:35:00,Transfer,115.26,Delhi,33,187,32,0
TXN06489,2026-01-01 09:35:00,Transfer,95.06,Pune,59,378,34,0
TXN05107,2026-01-01 09:36:00,Payment,34.05,Pune,48,2020,38,0
TXN05894,2026-01-01 09:39:00,Withdrawal,162.45,Bengaluru,29,595,43,0
TXN03606,2026-01-01 09:49:00,Payment,108.15,Delhi,69,1016,35,0
TXN06168,2026-01-01 09:49:00,Withdrawal,475.6,Mumbai,31,863,27,0
TXN08270,2026-01-01 09:52:00,Withdrawal,215.61,Chennai,22,219,16,0
TXN02868,2026-01-01 09:53:00,Transfer,29.98,Mumbai,25,1036,53,0
TXN06807,2026-01-01 09:53:00,Payment,360.48,Bengaluru,56,404,44,0
TXN08398,2026-01-01 09:59:00,Payment,393.55,Pune,51,654,32,0
TXN08968,2026-01-01 09:59:00,Transfer,269.08,Mumbai,41,507,33,0
TXN06646,2026-01-01 10:02:00,Withdrawal,178.94,Bengaluru,33,742,37,0
TXN08086,2026-01-01 10:09:00,Transfer,180.81,Pune,53,870,3,0
TXN02117,2026-01-01 10:09:00,Transfer,54.11,Jaipur,60,950,49,0
TXN05234,2026-01-01 10:10:00,Withdrawal,1970.43,Delhi,38,991,125,0
TXN01902,2026-01-01 10:14:00,Payment,72.56,Chennai,41,1140,95,0
TXN08848,2026-01-01 10:15:00,Transfer,390.02,Mumbai,48,597,34,0
TXN01746,2026-01-01 10:22:00,Transfer,184.25,Bengaluru,49,382,27,0
TXN09384,2026-01-01 10:24:00,Withdrawal,91.97,Hyderabad,38,136,57,0
TXN08726,2026-01-01 10:24:00,Transfer,439.58,Chennai,56,164,142,1
TXN06691,2026-01-01 10:25:00,Withdrawal,1036.21,Bengaluru,28,1064,179,0
TXN02863,2026-01-01 10:25:00,Payment,111.52,Hyderabad,18,554,26,0
TXN01045,2026-01-01 10:29:00,Transfer,385.4,Pune,51,1327,20,0
TXN04554,2026-01-01 10:34:00,Transfer,793.78,Chennai,37,781,19,0
TXN09300,2026-01-01 10:39:00,Transfer,187.39,Delhi,54,2137,45,0
TXN04603,2026-01-01 10:41:00,Payment,407.35,Chennai,42,471,27,0
TXN04803,2026-01-01 10:43:00,Payment,363.36,Pune,34,1973,46,0
TXN08991,2026-01-01 10:44:00,Payment,546.5,Mumbai,31,1050,41,0
TXN02044,2026-01-01 10:45:00,Payment,282.46,Delhi,61,384,52,0
TXN01057,2026-01-01 10:46:00,Payment,11.83,Chennai,33,1479,14,1
TXN02152,2026-01-01 10:48:00,Payment,124.8,Bengaluru,23,1076,48,0
TXN00818,2026-01-01 10:49:00,Transfer,387.91,Chennai,21,108,55,0
TXN08027,2026-01-01 10:50:00,Payment,277.74,Pune,40,3055,82,0
TXN07696,2026-01-01 10:50:00,Transfer,185.87,Bengaluru,34,1464,31,0
TXN08367,2026-01-01 10:54:00,Payment,368.58,Mumbai,53,1152,104,0
TXN04837,2026-01-01 10:59:00,Payment,155.13,Bengaluru,46,1421,65,0
TXN03101,2026-01-01 11:06:00,Transfer,12.51,Chennai,42,1410,143,0
TXN03438,2026-01-01 11:06:00,Payment,256.33,Mumbai,28,559,17,0
TXN02483,2026-01-01 11:07:00,Transfer,983.56,Delhi,25,1275,26,0
TXN03221,2026-01-01 11:09:00,Payment,234.2,Delhi,42,1702,26,0
TXN08210,2026-01-01 11:10:00,Transfer,273.96,Jaipur,52,1411,133,0
TXN01157,2026-01-01 11:12:00,Payment,825.08,Bengaluru,69,1526,49,0
TXN05700,2026-01-01 11:15:00,Payment,125.89,Hyderabad,28,2601,91,0
TXN07423,2026-01-01 11:16:00,Payment,96.46,Mumbai,23,1325,16,0
TXN04075,2026-01-01 11:19:00,Transfer,147.46,Bengaluru,65,953,23,0
TXN05053,2026-01-01 11:21:00,Withdrawal,430.82,Delhi,65,2738,77,0
TXN04926,2026-01-01 11:27:00,Transfer,615.01,Ahmedabad,49,613,11,0
TXN07864,2026-01-01 11:30:00,Payment,67.78,Pune,69,1303,117,0
TXN00555,2026-01-01 11:30:00,Payment,1012.86,Jaipur,49,242,38,0
TXN07237,2026-01-01 11:30:00,Payment,1463.35,Mumbai,25,696,11,0
TXN06599,2026-01-01 11:31:00,Payment,213.25,Ahmedabad,21,1041,40,0
TXN04125,2026-01-01 11:31:00,Payment,217.03,Mumbai,21,95,67,0
TXN06682,2026-01-01 11:33:00,Transfer,93.38,Mumbai,25,1188,127,0
TXN09423,2026-01-01 11:37:00,Withdrawal,487.33,Ahmedabad,20,1845,25,0
TXN01460,2026-01-01 11:49:00,Transfer,336.14,Hyderabad,45,2072,64,0
TXN04484,2026-01-01 11:51:00,Transfer,244.8,Delhi,68,330,11,0
TXN09539,2026-01-01 11:52:00,Payment,244.72,Delhi,22,984,69,0
TXN07093,2026-01-01 11:59:00,Payment,98.19,Pune,18,239,48,0
TXN03493,2026-01-01 12:00:00,Withdrawal,351.11,Kolkata,24,730,72,0
TXN06690,2026-01-01 12:01:00,Payment,2121.36,Pune,55,1691,160,0
TXN00003,2026-01-01 12:03:00,Payment,497.21,Bengaluru,19,1989,26,0
TXN09294,2026-01-01 12:09:00,Withdrawal,43.59,Kolkata,51,302,54,0
TXN09346,2026-01-01 12:11:00,Payment,35.7,Jaipur,38,152,56,0
TXN00696,2026-01-01 12:12:00,Transfer,378.45,Delhi,28,2228,22,0
TXN04403,2026-01-01 12:17:00,Payment,660.34,Delhi,62,2415,15,0
TXN01156,2026-01-01 12:19:00,Payment,73.28,Delhi,21,804,14,0
TXN09907,2026-01-01 12:21:00,Payment,154.81,Chennai,23,679,89,0
TXN07088,2026-01-01 12:26:00,Payment,140.14,Bengaluru,48,677,48,0
TXN09755,2026-01-01 12:32:00,Payment,569.91,Delhi,28,3824,77,0
TXN04072,2026-01-01 12:40:00,Payment,280.22,Ahmedabad,36,239,12,0
TXN07608,2026-01-01 12:47:00,Payment,472.35,Chennai,49,408,20,0
TXN09415,2026-01-01 12:51:00,Withdrawal,266.44,Bengaluru,69,751,21,0
TXN08918,2026-01-01 12:56:00,Transfer,404.27,Bengaluru,40,743,34,0
TXN08250,2026-01-01 12:58:00,Payment,348.82,Bengaluru,21,1267,22,0
TXN03896,2026-01-01 12:59:00,Payment,201.48,Jaipur,25,1610,42,0
TXN08562,2026-01-01 13:04:00,Withdrawal,19.7,Mumbai,18,1727,119,0
TXN01284,2026-01-01 13:07:00,Payment,792.45,Pune,38,354,18,1
TXN00502,2026-01-01 13:08:00,Transfer,90.69,Ahmedabad,69,1078,31,0
TXN09303,2026-01-01 13:08:00,Payment,50.82,Delhi,45,395,5,0
TXN00356,2026-01-01 13:08:00,Payment,99.69,Bengaluru,26,654,49,0
TXN07537,2026-01-01 13:09:00,Withdrawal,1627.41,Kolkata,53,1169,21,0
TXN03956,2026-01-01 13:14:00,Transfer,55.53,Pune,63,793,82,1
TXN03268,2026-01-01 13:21:00,Payment,128.54,Delhi,29,1365,36,0
TXN06773,2026-01-01 13:22:00,Payment,528.32,Kolkata,30,1749,15,0
TXN03669,2026-01-01 13:22:00,Transfer,452.79,Chennai,20,1678,19,0
TXN01915,2026-01-01 13:26:00,Payment,347.02,Chennai,58,661,24,1
TXN04024,2026-01-01 13:27:00,Withdrawal,182.33,Pune,57,115,31,0
TXN03386,2026-01-01 13:37:00,Payment,124.27,Bengaluru,27,444,55,0
TXN04367,2026-01-01 13:38:00,Payment,525.97,Jaipur,64,504,79,0
TXN07510,2026-01-01 13:44:00,Payment,646.11,Chennai,61,1253,16,0
TXN08089,2026-01-01 13:45:00,Payment,281.94,Bengaluru,33,538,152,0
TXN02858,2026-01-01 13:50:00,Transfer,1144.64,Delhi,62,951,37,0
TXN06084,2026-01-01 13:54:00,Payment,112.22,Ahmedabad,69,2163,101,0
TXN07480,2026-01-01 13:56:00,Withdrawal,1044.53,Pune,59,1545,59,0
TXN03538,2026-01-01 13:58:00,Payment,352.74,Pune,27,312,72,0
TXN01319,2026-01-01 13:59:00,Transfer,216.75,Hyderabad,26,1047,50,0
TXN05022,2026-01-01 14:05:00,Payment,112.78,Ahmedabad,23,392,6,0
TXN08116,2026-01-01 14:06:00,Payment,12.77,Pune,43,405,37,0
TXN08626,2026-01-01 14:06:00,Transfer,200.96,Kolkata,48,785,79,0
TXN07176,2026-01-01 14:09:00,Payment,156.86,Mumbai,44,177,93,0
TXN03095,2026-01-01 14:14:00,Payment,36.34,Bengaluru,64,622,24,0
TXN07737,2026-01-01 14:15:00,Withdrawal,24.21,Jaipur,22,223,29,0
TXN02367,2026-01-01 14:15:00,Withdrawal,83.38,Pune,25,323,20,0
TXN08901,2026-01-01 14:17:00,Transfer,313.16,Bengaluru,57,1153,61,0
TXN03453,2026-01-01 14:21:00,Withdrawal,103.79,Hyderabad,42,401,44,0
TXN02782,2026-01-01 14:23:00,Transfer,170.05,Pune,24,482,64,0
TXN08672,2026-01-01 14:23:00,Payment,48.72,Delhi,27,1097,20,0
TXN07905,2026-01-01 14:25:00,Payment,821.05,Delhi,30,1439,22,0
TXN05300,2026-01-01 14:27:00,Transfer,262.32,Bengaluru,55,954,54,0
TXN02507,2026-01-01 14:33:00,Transfer,265.91,Delhi,43,1454,4,0
TXN07013,2026-01-01 14:36:00,Transfer,1545.44,Pune,24,1955,53,0
TXN03323,2026-01-01 14:46:00,Transfer,370.32,Kolkata,49,363,122,0
TXN06583,2026-01-01 14:50:00,Transfer,188.56,Bengaluru,68,1533,34,0
TXN07687,2026-01-01 14:56:00,Transfer,112.83,Pune,24,109,97,0
TXN04967,2026-01-01 15:01:00,Payment,303.2,Bengaluru,60,1777,108,0
TXN02276,2026-01-01 15:01:00,Payment,48.44,Chennai,53,1496,27,0
TXN00869,2026-01-01 15:03:00,Transfer,551.95,Chennai,41,455,125,1
TXN08635,2026-01-01 15:05:00,Payment,686.38,Ahmedabad,67,395,30,0
TXN01008,2026-01-01 15:11:00,Payment,142.97,Ahmedabad,33,974,253,0
TXN07319,2026-01-01 15:14:00,Payment,166.81,Kolkata,44,654,23,0
TXN06805,2026-01-01 15:14:00,Transfer,75.52,Mumbai,21,923,17,0
TXN07108,2026-01-01 15:19:00,Payment,1139.7,Kolkata,22,1241,83,0
TXN07253,2026-01-01 15:20:00,Payment,109.48,Delhi,31,735,33,0
TXN07504,2026-01-01 15:20:00,Payment,191.0,Delhi,63,294,34,0
TXN02306,2026-01-01 15:26:00,Payment,523.05,Chennai,54,1872,14,0
TXN09816,2026-01-01 15:28:00,Payment,190.41,Pune,34,141,31,0
TXN00896,2026-01-01 15:32:00,Payment,486.6,Delhi,29,149,76,0
TXN09699,2026-01-01 15:34:00,Withdrawal,93.26,Hyderabad,27,527,19,0
TXN09547,2026-01-01 15:34:00,Transfer,419.77,Ahmedabad,54,453,56,0
TXN04586,2026-01-01 15:41:00,Payment,19.95,Delhi,51,1748,81,0
TXN04681,2026-01-01 15:41:00,Payment,318.69,Hyderabad,25,1440,52,0
TXN04769,2026-01-01 15:43:00,Payment,586.36,Kolkata,52,2156,70,0
TXN03381,2026-01-01 15:46:00,Transfer,323.76,Bengaluru,24,1025,88,0
TXN06921,2026-01-01 15:47:00,Withdrawal,482.24,Mumbai,18,712,52,0
TXN03790,2026-01-01 15:51:00,Payment,76.89,Mumbai,58,995,29,0
TXN01955,2026-01-01 15:56:00,Transfer,111.28,Hyderabad,56,1696,55,0
TXN02295,2026-01-01 15:59:00,Payment,83.4,Bengaluru,37,889,13,0
TXN01077,2026-01-01 16:02:00,Transfer,195.73,Ahmedabad,20,711,101,0
TXN05008,2026-01-01 16:03:00,Payment,241.89,Bengaluru,30,2420,22,0
TXN00982,2026-01-01 16:13:00,Transfer,114.22,Chennai,49,1093,66,0
TXN06938,2026-01-01 16:16:00,Withdrawal,158.61,Pune,28,513,16,0
TXN01201,2026-01-01 16:17:00,Payment,624.45,Pune,59,306,4,0
TXN07135,2026-01-01 16:19:00,Transfer,46.11,Bengaluru,36,390,24,0
TXN03748,2026-01-01 16:19:00,Withdrawal,2157.17,Jaipur,59,710,25,0
TXN04016,2026-01-01 16:22:00,Withdrawal,195.37,Chennai,58,654,76,0
TXN03324,2026-01-01 16:24:00,Transfer,465.63,Jaipur,63,340,45,0
TXN01446,2026-01-01 16:25:00,Payment,416.76,Chennai,66,954,46,0
TXN07360,2026-01-01 16:27:00,Payment,112.97,Hyderabad,37,2656,11,0
TXN01603,2026-01-01 16:30:00,Transfer,217.99,Mumbai,22,1534,11,0
TXN03976,2026-01-01 16:33:00,Payment,100.49,Bengaluru,26,998,55,0
TXN04514,2026-01-01 16:34:00,Payment,767.39,Kolkata,24,1326,73,0
TXN02963,2026-01-01 16:38:00,Payment,179.14,Ahmedabad,44,820,44,0
TXN05580,2026-01-01 16:38:00,Transfer,40.24,Jaipur,34,630,116,0
TXN09213,2026-01-01 16:39:00,Payment,121.95,Mumbai,58,1020,101,0
TXN02952,2026-01-01 16:41:00,Payment,206.06,Pune,42,1423,33,0
TXN04685,2026-01-01 16:43:00,Withdrawal,827.03,Delhi,55,227,56,0
TXN03309,2026-01-01 16:45:00,Payment,98.11,Pune,45,898,29,0
TXN05825,2026-01-01 16:54:00,Transfer,299.57,Jaipur,51,525,27,0
TXN06325,2026-01-01 16:54:00,Transfer,73.26,Bengaluru,51,1264,9,0
TXN03818,2026-01-01 16:56:00,Withdrawal,480.96,Bengaluru,41,622,9,0
TXN07089,2026-01-01 17:00:00,Payment,1050.19,Chennai,19,1292,34,0
TXN04870,2026-01-01 17:01:00,Payment,1860.23,Hyderabad,55,958,76,0
TXN05130,2026-01-01 17:03:00,Payment,261.7,Mumbai,33,943,28,0
TXN02311,2026-01-01 17:08:00,Withdrawal,36.87,Mumbai,54,546,37,0
TXN04073,2026-01-01 17:12:00,Payment,142.04,Kolkata,64,314,68,0
TXN07149,2026-01-01 17:12:00,Payment,162.23,Bengaluru,47,612,13,0
TXN07072,2026-01-01 17:14:00,Payment,850.47,Bengaluru,22,1753,34,0
TXN08470,2026-01-01 17:15:00,Payment,218.11,Jaipur,36,1964,87,0
TXN02335,2026-01-01 17:18:00,Payment,84.11,Delhi,63,895,47,0
TXN07882,2026-01-01 17:20:00,Withdrawal,275.23,Mumbai,20,861,35,0
TXN04384,2026-01-01 17:21:00,Payment,168.18,Pune,67,713,14,0
TXN02694,2026-01-01 17:24:00,Payment,261.97,Pune,41,1026,20,0
TXN08641,2026-01-01 17:24:00,Payment,217.98,Chennai,45,1212,20,0
TXN03965,2026-01-01 17:26:00,Payment,151.36,Jaipur,24,657,61,0
TXN08714,2026-01-01 17:26:00,Transfer,239.04,Jaipur,22,1188,17,0
TXN03423,2026-01-01 17:29:00,Payment,88.45,Chennai,24,943,80,0
TXN02094,2026-01-01 17:35:00,Withdrawal,69.25,Hyderabad,47,1038,56,0
TXN06465,2026-01-01 17:36:00,Payment,142.1,Bengaluru,23,990,31,0
TXN08002,2026-01-01 17:38:00,Payment,151.53,Jaipur,62,1491,26,0
TXN01549,2026-01-01 17:39:00,Payment,353.48,Bengaluru,28,768,12,0
TXN05627,2026-01-01 17:43:00,Payment,604.88,Chennai,54,1291,35,0
TXN07631,2026-01-01 17:49:00,Transfer,53.45,Mumbai,61,1541,17,0
TXN04153,2026-01-01 17:49:00,Payment,268.92,Delhi,64,593,38,0
TXN00107,2026-01-01 17:53:00,Transfer,4898.08,Chennai,56,202,83,0
TXN07370,2026-01-01 17:54:00,Payment,164.77,Delhi,65,836,34,0
TXN07534,2026-01-01 18:00:00,Transfer,85.78,Pune,40,1022,47,0
TXN00105,2026-01-01 18:02:00,Transfer,97.71,Mumbai,36,603,61,0
TXN03301,2026-01-01 18:05:00,Withdrawal,123.74,Mumbai,34,409,32,0
TXN05835,2026-01-01 18:05:00,Payment,17.23,Mumbai,28,1235,65,0
TXN04469,2026-01-01 18:06:00,Withdrawal,196.94,Hyderabad,68,832,32,0
TXN04759,2026-01-01 18:08:00,Payment,45.63,Chennai,39,1423,42,0
TXN06304,2026-01-01 18:10:00,Transfer,186.83,Bengaluru,30,990,23,0
TXN09608,2026-01-01 18:13:00,Payment,552.24,Delhi,48,435,33,0
TXN03828,2026-01-01 18:13:00,Withdrawal,824.58,Bengaluru,64,953,15,0
TXN06628,2026-01-01 18:15:00,Payment,304.6,Delhi,39,1756,76,0
TXN01195,2026-01-01 18:16:00,Payment,214.57,Pune,51,964,49,0
TXN07523,2026-01-01 18:20:00,Payment,42.04,Kolkata,57,106,98,0
TXN09312,2026-01-01 18:20:00,Payment,332.75,Hyderabad,68,1285,5,0
TXN00144,2026-01-01 18:23:00,Payment,165.79,Bengaluru,39,101,58,0
TXN08075,2026-01-01 18:24:00,Payment,82.12,Hyderabad,47,315,57,0
TXN02088,2026-01-01 18:26:00,Payment,123.48,Ahmedabad,57,1317,98,0
TXN04574,2026-01-01 18:30:00,Payment,162.75,Chennai,53,704,7,0
TXN00103,2026-01-01 18:30:00,Payment,35.73,Delhi,19,377,58,0
TXN06219,2026-01-01 18:31:00,Payment,288.69,Bengaluru,35,1526,39,0
TXN02153,2026-01-01 18:31:00,Withdrawal,172.0,Pune,69,357,22,0
TXN06148,2026-01-01 18:37:00,Payment,55.74,Kolkata,18,1278,15,1
TXN07946,2026-01-01 18:40:00,Transfer,691.26,Kolkata,52,309,10,0
TXN04906,2026-01-01 18:44:00,Transfer,195.35,Kolkata,43,1506,45,0
TXN03564,2026-01-01 18:46:00,Payment,194.09,Hyderabad,32,292,27,0
TXN03875,2026-01-01 18:49:00,Payment,226.72,Ahmedabad,28,334,43,0
TXN01552,2026-01-01 18:50:00,Payment,53.32,Bengaluru,47,1112,29,0
TXN07095,2026-01-01 18:51:00,Withdrawal,7454.4,Mumbai,50,999,53,0
TXN01587,2026-01-01 18:53:00,Payment,157.55,Kolkata,47,1810,57,0
TXN06408,2026-01-01 18:53:00,Payment,918.34,Chennai,55,727,52,0
TXN05273,2026-01-01 18:55:00,Transfer,31.22,Pune,52,271,43,0
TXN02869,2026-01-01 19:02:00,Payment,314.72,Hyderabad,65,1612,30,0
TXN07622,2026-01-01 19:04:00,Payment,319.34,Pune,32,904,60,0
TXN04100,2026-01-01 19:08:00,Payment,160.85,Bengaluru,61,1069,13,0
TXN06974,2026-01-01 19:12:00,Transfer,1501.55,Mumbai,56,1570,13,0
TXN01842,2026-01-01 19:13:00,Payment,85.32,Hyderabad,37,1195,134,0
TXN07343,2026-01-01 19:13:00,Payment,128.17,Ahmedabad,37,932,66,0
TXN00906,2026-01-01 19:13:00,Payment,67.53,Ahmedabad,28,1038,74,0
TXN04345,2026-01-01 19:16:00,Payment,33.59,Delhi,28,586,12,0
TXN05613,2026-01-01 19:17:00,Payment,474.69,Jaipur,23,528,14,0
TXN02796,2026-01-01 19:18:00,Transfer,45.83,Mumbai,53,829,72,0
TXN02237,2026-01-01 19:18:00,Payment,745.67,Ahmedabad,19,451,73,0
TXN08057,2026-01-01 19:19:00,Payment,214.88,Jaipur,19,204,42,0
TXN09622,2026-01-01 19:20:00,Transfer,618.69,Jaipur,69,2195,24,0
TXN02105,2026-01-01 19:22:00,Payment,53.8,Hyderabad,30,1302,61,0
TXN00852,2026-01-01 19:23:00,Payment,224.57,Pune,30,1185,39,0
TXN03642,2026-01-01 19:25:00,Payment,81.01,Kolkata,53,836,14,1
TXN07989,2026-01-01 19:26:00,Transfer,284.29,Delhi,49,277,31,0
TXN03208,2026-01-01 19:29:00,Payment,49.32,Jaipur,67,1432,69,0
TXN03507,2026-01-01 19:29:00,Transfer,532.04,Delhi,26,693,70,0
TXN05426,2026-01-01 19:31:00,Withdrawal,636.01,Chennai,67,293,31,0
TXN09693,2026-01-01 19:31:00,Transfer,563.72,Mumbai,25,748,43,1
TXN04145,2026-01-01 19:35:00,Transfer,278.7,Jaipur,24,1706,62,0
TXN01294,2026-01-01 19:39:00,Payment,370.59,Delhi,66,1223,25,0
TXN07293,2026-01-01 19:42:00,Transfer,231.59,Delhi,65,528,18,0
TXN06718,2026-01-01 19:42:00,Withdrawal,274.78,Bengaluru,21,884,19,0
TXN07661,2026-01-01 19:44:00,Withdrawal,311.99,Hyderabad,32,1434,29,0
TXN05678,2026-01-01 19:45:00,Withdrawal,210.4,Bengaluru,37,905,21,0
TXN03545,2026-01-01 19:47:00,Payment,108.56,Bengaluru,57,1087,65,0
TXN01023,2026-01-01 19:48:00,Payment,147.89,Pune,34,2248,56,0
TXN04289,2026-01-01 19:49:00,Payment,325.5,Pune,36,212,16,0
TXN04427,2026-01-01 19:53:00,Transfer,248.83,Chennai,55,402,23,0
TXN09702,2026-01-01 19:58:00,Payment,1957.42,Delhi,69,523,7,0
TXN09831,2026-01-01 19:58:00,Payment,263.22,Hyderabad,58,1299,44,0
TXN09502,2026-01-01 20:00:00,Payment,281.33,Delhi,59,822,46,0
TXN04208,2026-01-01 20:03:00,Payment,489.34,Bengaluru,64,606,22,0
TXN03222,2026-01-01 20:03:00,Payment,359.97,Hyderabad,67,868,138,0
TXN08131,2026-01-01 20:06:00,Transfer,523.54,Bengaluru,51,642,39,0
TXN07284,2026-01-01 20:07:00,Withdrawal,226.12,Chennai,23,437,58,0
TXN06880,2026-01-01 20:13:00,Payment,660.59,Delhi,67,3297,20,0
TXN04266,2026-01-01 20:13:00,Withdrawal,76.33,Ahmedabad,51,137,56,0
TXN02057,2026-01-01 20:22:00,Payment,194.05,Bengaluru,51,977,34,0
TXN01610,2026-01-01 20:26:00,Payment,129.72,Bengaluru,27,1666,62,0
TXN00019,2026-01-01 20:35:00,Payment,47.62,Delhi,23,818,21,0
TXN01711,2026-01-01 20:39:00,Transfer,148.18,Bengaluru,56,292,43,1
TXN06496,2026-01-01 20:39:00,Payment,1243.68,Delhi,50,1778,16,0
TXN09422,2026-01-01 20:53:00,Transfer,667.89,Kolkata,69,890,111,0
TXN02254,2026-01-01 20:57:00,Payment,1612.1,Jaipur,43,723,74,0
TXN01696,2026-01-01 20:58:00,Payment,104.93,Pune,38,1213,65,0
TXN07352,2026-01-01 20:59:00,Payment,336.84,Bengaluru,18,710,40,0
TXN05568,2026-01-01 21:01:00,Transfer,225.04,Bengaluru,64,1077,12,0
TXN06895,2026-01-01 21:03:00,Transfer,9.15,Mumbai,57,1063,18,0
TXN07813,2026-01-01 21:03:00,Payment,797.63,Delhi,51,882,175,0
TXN06222,2026-01-01 21:05:00,Payment,178.43,Chennai,60,1534,52,0
TXN08826,2026-01-01 21:09:00,Payment,36.42,Kolkata,69,754,55,0
TXN01670,2026-01-01 21:10:00,Payment,78.07,Kolkata,20,531,89,0
TXN01219,2026-01-01 21:10:00,Transfer,164.9,Chennai,29,751,38,0
TXN01214,2026-01-01 21:12:00,Withdrawal,143.04,Delhi,65,1289,12,0
TXN08428,2026-01-01 21:14:00,Transfer,66.26,Chennai,38,336,46,0
TXN01305,2026-01-01 21:25:00,Transfer,148.15,Jaipur,43,1079,18,0
TXN07793,2026-01-01 21:26:00,Transfer,24.81,Delhi,30,899,22,0
TXN07113,2026-01-01 21:27:00,Payment,578.92,Hyderabad,18,735,125,0
TXN08686,2026-01-01 21:28:00,Withdrawal,301.16,Pune,48,290,29,0
TXN06975,2026-01-01 21:30:00,Withdrawal,155.13,Mumbai,35,1195,79,0
TXN06662,2026-01-01 21:32:00,Transfer,175.12,Mumbai,59,840,75,0
TXN03008,2026-01-01 21:33:00,Payment,306.97,Kolkata,60,1131,38,0
TXN04023,2026-01-01 21:33:00,Payment,58.05,Bengaluru,25,143,54,1
TXN00709,2026-01-01 21:34:00,Payment,358.45,Delhi,43,1520,20,0
TXN01847,2026-01-01 21:39:00,Payment,296.09,Bengaluru,68,1463,35,0
TXN08397,2026-01-01 21:44:00,Payment,456.86,Delhi,41,561,20,1
TXN05641,2026-01-01 21:57:00,Payment,190.36,Bengaluru,61,811,10,0
TXN08314,2026-01-01 22:00:00,Payment,107.34,Chennai,50,2076,47,0
TXN01986,2026-01-01 22:05:00,Payment,83.46,Mumbai,59,637,92,0
TXN04166,2026-01-01 22:09:00,Payment,57.73,Ahmedabad,25,1334,20,0
TXN08561,2026-01-01 22:12:00,Payment,174.82,Jaipur,42,1081,56,0
TXN03444,2026-01-01 22:15:00,Payment,1281.15,Chennai,56,344,31,0
TXN03744,2026-01-01 22:17:00,Payment,281.89,Mumbai,57,1957,49,0
TXN09027,2026-01-01 22:20:00,Payment,175.62,Kolkata,29,754,106,0
TXN02096,2026-01-01 22:20:00,Payment,1075.19,Jaipur,22,1039,17,0
TXN03795,2026-01-01 22:22:00,Payment,87.93,Chennai,35,605,33,0
TXN02585,2026-01-01 22:23:00,Withdrawal,174.58,Hyderabad,55,784,33,0
TXN04566,2026-01-01 22:24:00,Payment,714.98,Chennai,61,703,24,0
TXN05622,2026-01-01 22:25:00,Payment,1171.87,Chennai,20,237,156,0
TXN09718,2026-01-01 22:30:00,Payment,174.5,Bengaluru,49,988,28,0
TXN09990,2026-01-01 22:30:00,Transfer,299.18,Hyderabad,43,316,57,0
TXN07910,2026-01-01 22:34:00,Payment,604.09,Bengaluru,55,627,70,0
TXN07229,2026-01-01 22:37:00,Payment,451.09,Pune,52,1233,12,0
TXN07502,2026-01-01 22:42:00,Payment,181.6,Mumbai,49,852,121,0
TXN09247,2026-01-01 22:45:00,Payment,76.2,Bengaluru,35,1364,17,0
TXN07209,2026-01-01 22:56:00,Payment,57.44,Hyderabad,56,901,79,0
TXN00592,2026-01-01 22:58:00,Payment,199.55,Delhi,43,438,33,0
TXN01815,2026-01-02 08:08:00,Withdrawal,1190.11,Chennai,32,1122,4,0
TXN01694,2026-01-02 08:09:00,Payment,113.62,Ahmedabad,43,2097,8,0
TXN04703,2026-01-02 08:11:00,Transfer,81.15,Ahmedabad,24,227,29,0
TXN02251,2026-01-02 08:19:00,Transfer,48.59,Pune,58,1104,46,0
TXN00007,2026-01-02 08:22:00,Transfer,153.37,Hyderabad,22,740,71,0
TXN02079,2026-01-02 08:23:00,Payment,662.18,Bengaluru,35,2109,35,0
TXN08889,2026-01-02 08:25:00,Payment,55.3,Mumbai,68,1473,61,0
TXN05671,2026-01-02 08:28:00,Payment,363.55,Bengaluru,26,227,25,0
TXN06455,2026-01-02 08:29:00,Payment,42.5,Jaipur,20,425,25,0
TXN08026,2026-01-02 08:32:00,Payment,128.31,Ahmedabad,64,1619,24,0
TXN00444,2026-01-02 08:34:00,Withdrawal,143.61,Bengaluru,43,2583,35,1
TXN03280,2026-01-02 08:39:00,Payment,274.33,Delhi,61,451,56,0
TXN09076,2026-01-02 08:40:00,Transfer,99.82,Bengaluru,63,721,30,0
TXN00738,2026-01-02 08:43:00,Payment,125.23,Kolkata,69,413,52,0
TXN08718,2026-01-02 08:44:00,Payment,191.45,Delhi,25,1170,4,0
TXN01753,2026-01-02 08:45:00,Payment,82.52,Delhi,19,1181,85,0
TXN05378,2026-01-02 08:48:00,Transfer,111.86,Chennai,51,1209,56,0
TXN05511,2026-01-02 08:50:00,Payment,331.28,Ahmedabad,41,1028,34,0
TXN02267,2026-01-02 08:51:00,Withdrawal,137.56,Delhi,51,591,38,0
TXN08180,2026-01-02 08:51:00,Transfer,175.11,Kolkata,30,947,107,0
TXN04363,2026-01-02 08:55:00,Transfer,89.06,Kolkata,57,507,18,0
TXN02661,2026-01-02 08:56:00,Withdrawal,381.17,Mumbai,18,825,109,0
TXN05375,2026-01-02 08:56:00,Withdrawal,160.6,Delhi,67,940,77,0
TXN02314,2026-01-02 08:58:00,Payment,149.4,Bengaluru,29,648,51,0
TXN03057,2026-01-02 08:59:00,Payment,50.78,Chennai,63,1795,88,0
TXN08560,2026-01-02 09:02:00,Transfer,456.22,Mumbai,58,846,25,0
TXN06611,2026-01-02 09:06:00,Payment,433.39,Mumbai,19,469,48,0
TXN02255,2026-01-02 09:06:00,Payment,139.16,Pune,47,1697,14,0
TXN00926,2026-01-02 09:09:00,Transfer,538.16,Kolkata,66,325,15,0
TXN01485,2026-01-02 09:20:00,Transfer,59.39,Delhi,31,993,36,0
TXN02678,2026-01-02 09:22:00,Payment,296.83,Delhi,18,1124,23,0
TXN04417,2026-01-02 09:24:00,Payment,7275.4,Hyderabad,24,2013,17,0
TXN08477,2026-01-02 09:26:00,Payment,615.81,Bengaluru,57,539,38,0
TXN09282,2026-01-02 09:26:00,Withdrawal,62.95,Jaipur,52,621,9,0
TXN09195,2026-01-02 09:30:00,Withdrawal,103.31,Hyderabad,37,2675,73,0
TXN06587,2026-01-02 09:37:00,Transfer,867.32,Hyderabad,27,990,26,0
TXN03609,2026-01-02 09:41:00,Payment,35.31,Hyderabad,19,1998,49,0
TXN05818,2026-01-02 09:44:00,Payment,182.62,Hyderabad,55,1563,25,0
TXN00821,2026-01-02 09:45:00,Payment,361.17,Hyderabad,62,1542,121,0
TXN00159,2026-01-02 09:47:00,Transfer,450.0,Chennai,19,2808,77,0
TXN00316,2026-01-02 09:51:00,Payment,54.76,Mumbai,39,1793,102,0
TXN03651,2026-01-02 09:55:00,Withdrawal,310.13,Bengaluru,62,1301,18,0
TXN10000,2026-01-02 09:57:00,Payment,256.97,Bengaluru,64,2206,100,0
TXN00736,2026-01-02 10:04:00,Payment,312.68,Mumbai,22,624,147,1
TXN00396,2026-01-02 10:13:00,Transfer,126.38,Jaipur,27,406,81,0
TXN04034,2026-01-02 10:15:00,Withdrawal,25.88,Bengaluru,32,586,60,0
TXN07041,2026-01-02 10:17:00,Payment,97.59,Chennai,54,69,65,0
TXN08044,2026-01-02 10:22:00,Withdrawal,149.45,Hyderabad,48,862,27,0
TXN02124,2026-01-02 10:24:00,Withdrawal,238.94,Hyderabad,61,806,66,0
TXN05716,2026-01-02 10:32:00,Payment,123.88,Mumbai,66,782,20,0
TXN06991,2026-01-02 10:35:00,Withdrawal,412.71,Mumbai,61,979,22,0
TXN03802,2026-01-02 10:42:00,Transfer,181.6,Mumbai,52,450,37,0
TXN08551,2026-01-02 10:44:00,Transfer,232.97,Chennai,36,1186,45,0
TXN09635,2026-01-02 10:44:00,Transfer,144.47,Jaipur,62,1351,93,0
TXN05598,2026-01-02 10:48:00,Payment,21.44,Chennai,34,2006,155,0
TXN05874,2026-01-02 10:48:00,Payment,100.76,Ahmedabad,62,389,20,0
TXN05959,2026-01-02 10:50:00,Transfer,197.77,Delhi,64,1824,22,0
TXN00784,2026-01-02 10:52:00,Transfer,35.12,Hyderabad,37,601,37,0
TXN02541,2026-01-02 10:59:00,Payment,35.5,Pune,58,914,6,0
TXN03169,2026-01-02 11:01:00,Withdrawal,547.51,Kolkata,55,1478,37,0
TXN06149,2026-01-02 11:03:00,Payment,952.2,Chennai,63,2033,80,0
TXN09411,2026-01-02 11:03:00,Payment,768.56,Bengaluru,25,1823,31,0
TXN09852,2026-01-02 11:04:00,Transfer,178.22,Bengaluru,32,3081,54,0
TXN03533,2026-01-02 11:04:00,Payment,5183.35,Mumbai,46,1488,82,0
TXN04972,2026-01-02 11:07:00,Payment,328.33,Mumbai,29,695,56,0
TXN08830,2026-01-02 11:08:00,Payment,173.67,Chennai,65,527,14,0
TXN01611,2026-01-02 11:13:00,Transfer,63.92,Mumbai,55,427,44,0
TXN00732,2026-01-02 11:13:00,Withdrawal,830.39,Ahmedabad,37,488,145,0
TXN08774,2026-01-02 11:13:00,Transfer,313.8,Hyderabad,27,560,46,0
TXN02768,2026-01-02 11:20:00,Transfer,11.93,Hyderabad,34,784,58,1
TXN08517,2026-01-02 11:21:00,Payment,184.95,Bengaluru,60,952,93,0
TXN01036,2026-01-02 11:23:00,Withdrawal,118.54,Hyderabad,48,1525,32,1
TXN08799,2026-01-02 11:24:00,Withdrawal,68.91,Delhi,24,1547,70,0
TXN02499,2026-01-02 11:27:00,Transfer,376.0,Bengaluru,45,654,63,0
TXN07562,2026-01-02 11:27:00,Payment,113.31,Kolkata,67,1323,34,0
TXN00589,2026-01-02 11:29:00,Payment,305.93,Kolkata,25,630,81,0
TXN07923,2026-01-02 11:31:00,Transfer,198.85,Delhi,63,401,35,0
TXN03304,2026-01-02 11:33:00,Transfer,278.62,Mumbai,69,1946,29,0
TXN08178,2026-01-02 11:33:00,Transfer,245.48,Kolkata,65,691,20,0
TXN01107,2026-01-02 11:34:00,Payment,309.55,Bengaluru,68,532,15,0
TXN01343,2026-01-02 11:36:00,Payment,25.75,Ahmedabad,52,1081,14,0
TXN03463,2026-01-02 11:39:00,Withdrawal,100.86,Mumbai,44,762,57,0
TXN04099,2026-01-02 11:42:00,Transfer,111.29,Kolkata,26,752,30,0
TXN02522,2026-01-02 11:43:00,Transfer,129.05,Pune,68,1348,164,0
TXN06832,2026-01-02 11:43:00,Withdrawal,381.17,Delhi,37,685,48,0
TXN08321,2026-01-02 11:43:00,Payment,74.83,Kolkata,69,1632,27,0
TXN02501,2026-01-02 11:55:00,Payment,1471.06,Bengaluru,30,522,15,0
TXN03372,2026-01-02 11:57:00,Payment,23.51,Kolkata,45,1922,81,0
TXN03442,2026-01-02 12:03:00,Transfer,160.09,Chennai,63,849,66,0
TXN08687,2026-01-02 12:09:00,Payment,60.77,Mumbai,49,514,108,0
TXN07792,2026-01-02 12:13:00,Transfer,269.45,Delhi,69,525,87,0
TXN02802,2026-01-02 12:20:00,Payment,842.98,Bengaluru,52,2117,40,0
TXN04725,2026-01-02 12:21:00,Transfer,226.51,Ahmedabad,66,384,105,0
TXN06402,2026-01-02 12:22:00,Payment,60.97,Jaipur,24,599,69,0
TXN05253,2026-01-02 12:24:00,Payment,78.32,Jaipur,67,710,42,0
TXN07808,2026-01-02 12:30:00,Payment,338.49,Hyderabad,32,2823,109,0
TXN00175,2026-01-02 12:30:00,Payment,232.63,Pune,46,314,41,1
TXN01480,2026-01-02 12:33:00,Withdrawal,180.67,Kolkata,31,1476,41,0
TXN08031,2026-01-02 12:34:00,Withdrawal,2053.64,Delhi,56,1073,54,0
TXN01715,2026-01-02 12:35:00,Payment,10.89,Delhi,26,495,46,0
TXN06929,2026-01-02 12:42:00,Transfer,27.24,Chennai,68,413,30,0
TXN08745,2026-01-02 12:42:00,Payment,12.61,Delhi,24,152,23,0
TXN00420,2026-01-02 12:46:00,Payment,44.59,Chennai,63,1946,25,0
TXN08739,2026-01-02 12:54:00,Payment,42.56,Bengaluru,64,991,34,1
TXN02431,2026-01-02 12:57:00,Transfer,333.56,Bengaluru,54,1570,42,0
TXN01656,2026-01-02 13:02:00,Transfer,39.24,Bengaluru,52,798,71,1
TXN04194,2026-01-02 13:04:00,Payment,42.96,Hyderabad,36,502,45,0
TXN02788,2026-01-02 13:04:00,Withdrawal,11.14,Hyderabad,32,761,12,0
TXN05055,2026-01-02 13:05:00,Transfer,46.76,Kolkata,29,2432,32,0
TXN06559,2026-01-02 13:05:00,Transfer,72.5,Mumbai,69,593,37,0
TXN01425,2026-01-02 13:07:00,Payment,330.76,Ahmedabad,23,416,106,0
TXN00529,2026-01-02 13:09:00,Transfer,113.19,Hyderabad,33,2575,20,0
TXN05647,2026-01-02 13:09:00,Payment,84.55,Mumbai,46,778,19,0
TXN06112,2026-01-02 13:10:00,Payment,242.03,Bengaluru,37,1130,29,0
TXN05342,2026-01-02 13:14:00,Payment,92.36,Bengaluru,32,358,11,0
TXN01024,2026-01-02 13:17:00,Payment,234.87,Kolkata,43,2100,156,0
TXN05374,2026-01-02 13:17:00,Withdrawal,269.32,Delhi,69,446,26,0
TXN07474,2026-01-02 13:23:00,Payment,305.45,Bengaluru,27,1115,43,0
TXN00543,2026-01-02 13:24:00,Transfer,189.79,Mumbai,21,778,47,0
TXN09576,2026-01-02 13:26:00,Payment,423.47,Pune,62,159,128,1
TXN08999,2026-01-02 13:27:00,Payment,698.17,Chennai,41,1289,19,0
TXN01016,2026-01-02 13:27:00,Payment,119.51,Mumbai,23,1395,57,0
TXN02791,2026-01-02 13:28:00,Payment,336.69,Hyderabad,53,455,43,0
TXN05051,2026-01-02 13:33:00,Payment,229.91,Mumbai,20,732,19,0
TXN09370,2026-01-02 13:34:00,Payment,469.8,Mumbai,19,2330,2,0
TXN05312,2026-01-02 13:35:00,Withdrawal,61.17,Bengaluru,50,1064,8,0
TXN06367,2026-01-02 13:35:00,Withdrawal,1195.7,Mumbai,65,1321,50,0
TXN02050,2026-01-02 13:36:00,Payment,2591.54,Hyderabad,30,1297,84,0
TXN07760,2026-01-02 13:37:00,Payment,147.23,Kolkata,46,775,12,0
TXN05981,2026-01-02 13:37:00,Payment,313.17,Bengaluru,52,181,76,0
TXN05142,2026-01-02 13:39:00,Transfer,150.39,Chennai,65,1354,37,0
TXN07082,2026-01-02 13:39:00,Transfer,171.46,Mumbai,46,223,82,0
TXN01112,2026-01-02 13:41:00,Withdrawal,1084.52,Bengaluru,62,1843,45,0
TXN03085,2026-01-02 13:48:00,Payment,57.71,Bengaluru,58,1537,42,0
TXN01301,2026-01-02 13:53:00,Payment,103.35,Mumbai,22,638,21,0
TXN03433,2026-01-02 13:54:00,Payment,383.32,Bengaluru,34,93,98,0
TXN00884,2026-01-02 13:58:00,Transfer,42.99,Jaipur,42,760,38,0
TXN01869,2026-01-02 13:59:00,Payment,195.0,Bengaluru,38,1642,37,1
TXN01055,2026-01-02 14:00:00,Transfer,283.26,Delhi,38,105,65,0
TXN05067,2026-01-02 14:01:00,Payment,97.46,Pune,39,1037,66,0
TXN09890,2026-01-02 14:02:00,Transfer,196.07,Jaipur,67,1422,79,0
TXN08373,2026-01-02 14:03:00,Payment,81.47,Mumbai,35,884,94,0
TXN08454,2026-01-02 14:04:00,Withdrawal,436.26,Jaipur,30,674,36,0
TXN05708,2026-01-02 14:04:00,Payment,787.9,Bengaluru,26,1524,40,0
TXN03637,2026-01-02 14:08:00,Transfer,63.21,Delhi,21,536,41,0
TXN05484,2026-01-02 14:08:00,Transfer,1059.24,Bengaluru,63,1903,26,0
TXN06966,2026-01-02 14:09:00,Transfer,384.97,Ahmedabad,53,1598,24,0
TXN07463,2026-01-02 14:10:00,Withdrawal,158.39,Bengaluru,24,1107,39,0
TXN06554,2026-01-02 14:10:00,Transfer,256.15,Ahmedabad,50,1213,61,0
TXN08995,2026-01-02 14:12:00,Transfer,178.8,Delhi,62,370,125,0
TXN06144,2026-01-02 14:14:00,Transfer,1343.75,Delhi,35,1105,70,0
TXN03558,2026-01-02 14:18:00,Transfer,169.48,Pune,50,1169,27,0
TXN06034,2026-01-02 14:19:00,Payment,93.7,Chennai,36,754,110,0
TXN09632,2026-01-02 14:20:00,Transfer,454.08,Chennai,48,174,18,0
TXN09214,2026-01-02 14:24:00,Payment,82.73,Mumbai,51,265,36,0
TXN08783,2026-01-02 14:26:00,Withdrawal,394.44,Delhi,51,1896,39,0
TXN08939,2026-01-02 14:28:00,Transfer,161.56,Bengaluru,40,1519,19,0
TXN04171,2026-01-02 14:30:00,Transfer,630.04,Chennai,66,473,104,0
TXN04762,2026-01-02 14:40:00,Withdrawal,366.19,Hyderabad,65,406,44,0
TXN08958,2026-01-02 14:42:00,Payment,37.56,Bengaluru,63,266,52,0
TXN03728,2026-01-02 14:46:00,Withdrawal,145.91,Chennai,21,2169,9,0
TXN09470,2026-01-02 14:47:00,Transfer,24.75,Bengaluru,18,1033,24,0
TXN02757,2026-01-02 14:47:00,Withdrawal,204.96,Pune,55,249,20,0
TXN05746,2026-01-02 14:51:00,Withdrawal,122.33,Jaipur,39,562,60,0
TXN00183,2026-01-02 14:57:00,Payment,125.04,Mumbai,26,1650,6,0
TXN04776,2026-01-02 14:59:00,Withdrawal,12.54,Mumbai,39,2159,73,0
TXN05127,2026-01-02 15:02:00,Payment,23.33,Chennai,28,1417,13,0
TXN08151,2026-01-02 15:05:00,Payment,1696.96,Kolkata,25,1018,56,0
TXN02151,2026-01-02 15:05:00,Payment,124.62,Hyderabad,60,805,38,0
TXN03683,2026-01-02 15:10:00,Payment,774.01,Mumbai,50,2173,11,0
TXN04045,2026-01-02 15:10:00,Payment,43.18,Bengaluru,57,676,66,0
TXN01598,2026-01-02 15:11:00,Withdrawal,166.31,Hyderabad,30,873,46,0
TXN08893,2026-01-02 15:13:00,Payment,124.28,Ahmedabad,44,4000,15,0
TXN05987,2026-01-02 15:13:00,Transfer,105.68,Pune,22,1154,97,0
TXN01716,2026-01-02 15:18:00,Payment,99.29,Chennai,55,774,82,0
TXN03713,2026-01-02 15:24:00,Payment,76.57,Delhi,30,1728,25,0
TXN00477,2026-01-02 15:25:00,Transfer,154.74,Chennai,55,812,83,0
TXN03519,2026-01-02 15:25:00,Payment,534.49,Ahmedabad,51,425,127,0
TXN00036,2026-01-02 15:26:00,Payment,117.92,Bengaluru,35,1059,52,0
TXN03831,2026-01-02 15:28:00,Transfer,135.61,Mumbai,55,1213,19,0
TXN07297,2026-01-02 15:33:00,Payment,92.95,Bengaluru,56,1863,13,0
TXN06246,2026-01-02 15:34:00,Withdrawal,228.56,Ahmedabad,45,247,8,0
TXN01831,2026-01-02 15:35:00,Payment,171.75,Chennai,49,671,6,0
TXN03378,2026-01-02 15:39:00,Transfer,90.65,Kolkata,30,454,50,0
TXN07825,2026-01-02 15:42:00,Withdrawal,77.43,Mumbai,49,744,50,0
TXN04258,2026-01-02 15:45:00,Payment,196.45,Mumbai,22,654,26,0
TXN03027,2026-01-02 15:46:00,Transfer,404.4,Jaipur,28,797,18,0
TXN07313,2026-01-02 15:52:00,Payment,151.58,Hyderabad,67,1502,20,0
TXN09972,2026-01-02 15:55:00,Transfer,26.42,Mumbai,56,107,103,1
TXN02369,2026-01-02 15:57:00,Payment,52.38,Bengaluru,18,1039,53,0
TXN02116,2026-01-02 15:57:00,Payment,149.79,Hyderabad,53,718,32,0
TXN02508,2026-01-02 15:57:00,Payment,590.02,Pune,51,1070,22,0
TXN00075,2026-01-02 15:58:00,Withdrawal,179.8,Chennai,48,537,58,0
TXN01080,2026-01-02 16:06:00,Transfer,27.86,Hyderabad,48,2215,81,0
TXN05158,2026-01-02 16:15:00,Transfer,50.18,Chennai,24,265,100,0
TXN07367,2026-01-02 16:17:00,Payment,64.39,Jaipur,42,317,13,0
TXN01755,2026-01-02 16:17:00,Payment,599.9,Chennai,49,1174,15,0
TXN03679,2026-01-02 16:19:00,Payment,108.58,Mumbai,68,561,59,1
TXN07798,2026-01-02 16:21:00,Transfer,515.28,Kolkata,44,689,32,0
TXN00184,2026-01-02 16:25:00,Payment,1607.87,Kolkata,27,368,71,0
TXN04826,2026-01-02 16:26:00,Transfer,54.0,Hyderabad,45,1127,66,0
TXN00783,2026-01-02 16:27:00,Transfer,81.36,Bengaluru,20,396,57,0
TXN01579,2026-01-02 16:29:00,Withdrawal,56.88,Mumbai,36,277,68,0
TXN06536,2026-01-02 16:33:00,Payment,278.33,Pune,38,1676,47,0
TXN00291,2026-01-02 16:33:00,Payment,3089.69,Hyderabad,30,1344,77,0
TXN06714,2026-01-02 16:35:00,Transfer,181.12,Jaipur,66,422,12,1
TXN06797,2026-01-02 16:40:00,Payment,131.91,Mumbai,48,839,44,0
TXN00092,2026-01-02 16:48:00,Withdrawal,189.47,Delhi,43,99,36,0
TXN08370,2026-01-02 16:49:00,Payment,417.39,Kolkata,63,812,70,0
TXN05822,2026-01-02 16:52:00,Payment,78.1,Delhi,26,295,61,0
TXN01217,2026-01-02 16:53:00,Withdrawal,38.93,Mumbai,37,1305,11,0
TXN08777,2026-01-02 16:59:00,Transfer,72.12,Jaipur,48,1266,38,1
TXN09565,2026-01-02 17:02:00,Payment,646.42,Delhi,40,1347,2,0
TXN08200,2026-01-02 17:05:00,Transfer,39.78,Chennai,62,771,46,0
TXN02272,2026-01-02 17:09:00,Transfer,70.57,Mumbai,19,1077,44,0
TXN01772,2026-01-02 17:19:00,Transfer,241.71,Ahmedabad,29,1222,44,0
TXN08978,2026-01-02 17:21:00,Payment,62.81,Hyderabad,46,1913,68,0
TXN04897,2026-01-02 17:23:00,Payment,393.13,Bengaluru,66,878,34,0
TXN01426,2026-01-02 17:31:00,Payment,40.82,Bengaluru,18,1992,55,0
TXN01400,2026-01-02 17:33:00,Transfer,347.48,Delhi,54,1271,66,0
TXN00623,2026-01-02 17:34:00,Transfer,204.01,Jaipur,62,1598,15,1
TXN00845,2026-01-02 17:36:00,Payment,349.78,Mumbai,61,1010,97,0
TXN01194,2026-01-02 17:36:00,Transfer,614.63,Ahmedabad,58,2489,35,0
TXN04565,2026-01-02 17:43:00,Payment,56.0,Mumbai,32,921,22,1
TXN00865,2026-01-02 17:44:00,Payment,411.86,Mumbai,20,792,60,0
TXN01445,2026-01-02 17:45:00,Payment,790.77,Pune,23,2056,39,0
TXN01083,2026-01-02 17:45:00,Transfer,218.76,Delhi,35,536,35,0
TXN05362,2026-01-02 17:47:00,Payment,73.76,Hyderabad,27,1575,24,0
TXN05967,2026-01-02 17:50:00,Payment,130.55,Hyderabad,24,939,70,0
TXN05311,2026-01-02 17:51:00,Payment,925.07,Bengaluru,29,907,16,0
TXN05403,2026-01-02 17:52:00,Transfer,349.53,Jaipur,61,287,9,0
TXN08395,2026-01-02 17:55:00,Payment,1866.48,Pune,51,385,16,0
TXN05146,2026-01-02 17:56:00,Transfer,312.67,Chennai,29,861,84,0
TXN01000,2026-01-02 17:58:00,Transfer,99.69,Pune,26,1402,83,0
TXN08135,2026-01-02 18:01:00,Transfer,55.41,Delhi,48,921,95,0
TXN03126,2026-01-02 18:02:00,Transfer,96.03,Hyderabad,22,831,14,0
TXN01022,2026-01-02 18:02:00,Transfer,399.35,Pune,39,504,113,0
TXN05990,2026-01-02 18:05:00,Transfer,217.19,Mumbai,45,2011,35,0
TXN01258,2026-01-02 18:06:00,Payment,145.01,Bengaluru,68,1371,21,0
TXN02150,2026-01-02 18:06:00,Payment,49.53,Chennai,36,1068,36,0
TXN09334,2026-01-02 18:07:00,Payment,821.46,Mumbai,50,974,37,0
TXN01605,2026-01-02 18:17:00,Payment,123.89,Hyderabad,42,1140,51,0
TXN01966,2026-01-02 18:27:00,Withdrawal,201.03,Hyderabad,47,888,19,0
TXN07379,2026-01-02 18:28:00,Transfer,117.32,Bengaluru,20,355,34,0
TXN00197,2026-01-02 18:32:00,Payment,1523.27,Hyderabad,69,1064,18,0
TXN03229,2026-01-02 18:40:00,Payment,26.42,Mumbai,61,373,36,0
TXN09832,2026-01-02 18:45:00,Payment,389.53,Hyderabad,64,1558,89,0
TXN06856,2026-01-02 18:50:00,Payment,65.91,Hyderabad,51,794,71,0
TXN06344,2026-01-02 18:53:00,Transfer,262.75,Hyderabad,32,463,25,0
TXN06384,2026-01-02 18:55:00,Payment,25.35,Mumbai,31,747,24,0
TXN06083,2026-01-02 18:57:00,Transfer,164.07,Bengaluru,53,354,12,1
TXN05673,2026-01-02 19:06:00,Withdrawal,74.28,Bengaluru,68,265,29,0
TXN04530,2026-01-02 19:15:00,Transfer,317.44,Bengaluru,31,286,37,0
TXN08836,2026-01-02 19:15:00,Payment,135.37,Hyderabad,33,512,33,0
TXN09557,2026-01-02 19:17:00,Payment,466.61,Chennai,42,871,48,0
TXN04903,2026-01-02 19:19:00,Transfer,225.89,Hyderabad,47,1481,22,0
TXN09574,2026-01-02 19:22:00,Payment,43.44,Bengaluru,27,719,71,0
TXN03105,2026-01-02 19:24:00,Withdrawal,139.86,Hyderabad,44,1992,59,0
TXN04731,2026-01-02 19:25:00,Payment,113.55,Bengaluru,41,1641,57,0
TXN06702,2026-01-02 19:26:00,Payment,1131.61,Chennai,61,561,10,0
TXN07059,2026-01-02 19:28:00,Payment,240.19,Delhi,25,1153,5,0
TXN03850,2026-01-02 19:38:00,Transfer,991.67,Hyderabad,55,1112,34,0
TXN06178,2026-01-02 19:43:00,Withdrawal,41.61,Mumbai,26,2510,81,0
TXN02380,2026-01-02 19:44:00,Payment,289.0,Hyderabad,25,1343,45,0
TXN04047,2026-01-02 19:44:00,Payment,183.61,Pune,51,1015,42,0
TXN02401,2026-01-02 19:49:00,Withdrawal,189.26,Bengaluru,66,815,107,0
TXN06667,2026-01-02 19:51:00,Payment,523.33,Delhi,33,180,69,0
TXN02394,2026-01-02 19:53:00,Transfer,376.86,Mumbai,37,484,4,0
TXN00037,2026-01-02 19:54:00,Payment,40.53,Jaipur,26,367,13,0
TXN09874,2026-01-02 19:56:00,Transfer,249.56,Kolkata,43,2013,22,0
TXN03526,2026-01-02 20:09:00,Payment,1127.52,Delhi,62,1196,33,0
TXN07262,2026-01-02 20:16:00,Payment,397.23,Chennai,42,303,94,0
TXN06115,2026-01-02 20:20:00,Withdrawal,186.62,Hyderabad,29,636,26,0
TXN01572,2026-01-02 20:25:00,Payment,658.29,Chennai,59,602,45,0
TXN07536,2026-01-02 20:30:00,Transfer,86.25,Pune,61,855,22,0
TXN04575,2026-01-02 20:32:00,Transfer,170.56,Mumbai,47,302,40,0
TXN09358,2026-01-02 20:33:00,Transfer,126.79,Ahmedabad,69,755,68,0
TXN03946,2026-01-02 20:39:00,Transfer,378.56,Chennai,23,572,25,1
TXN00359,2026-01-02 20:43:00,Withdrawal,190.78,Kolkata,65,540,26,0
TXN02954,2026-01-02 20:44:00,Withdrawal,160.93,Pune,67,1318,14,0
TXN02252,2026-01-02 20:47:00,Payment,513.04,Kolkata,22,1696,84,0
TXN05329,2026-01-02 20:47:00,Payment,826.14,Delhi,30,430,37,0
TXN08727,2026-01-02 20:48:00,Withdrawal,71.12,Chennai,41,991,33,0
TXN02354,2026-01-02 20:52:00,Transfer,140.18,Mumbai,58,584,65,1
TXN01930,2026-01-02 20:53:00,Payment,156.18,Bengaluru,69,1192,15,0
TXN00871,2026-01-02 20:54:00,Payment,101.24,Hyderabad,34,2068,45,1
TXN07107,2026-01-02 20:58:00,Withdrawal,177.06,Delhi,68,409,5,0
TXN06710,2026-01-02 21:03:00,Transfer,2556.52,Pune,62,1534,78,0
TXN09404,2026-01-02 21:06:00,Payment,95.96,Mumbai,18,3170,56,0
TXN04173,2026-01-02 21:06:00,Payment,440.92,Mumbai,65,1507,85,0
TXN01644,2026-01-02 21:08:00,Transfer,338.63,Pune,55,802,40,0
TXN09069,2026-01-02 21:08:00,Withdrawal,293.19,Hyderabad,21,1745,74,0
TXN03767,2026-01-02 21:10:00,Payment,2002.24,Mumbai,26,503,37,0
TXN01700,2026-01-02 21:13:00,Withdrawal,686.9,Hyderabad,20,457,63,0
TXN03530,2026-01-02 21:15:00,Transfer,61.61,Delhi,35,958,49,1
TXN00255,2026-01-02 21:21:00,Withdrawal,319.37,Mumbai,33,651,36,0
TXN01431,2026-01-02 21:22:00,Payment,311.41,Mumbai,23,1789,57,0
TXN03650,2026-01-02 21:27:00,Payment,1003.91,Bengaluru,19,882,25,0
TXN00220,2026-01-02 21:27:00,Payment,261.77,Jaipur,34,1557,88,0
TXN04462,2026-01-02 21:30:00,Payment,465.08,Hyderabad,48,2241,96,0
TXN08791,2026-01-02 21:31:00,Payment,457.43,Mumbai,65,2453,58,0
TXN02324,2026-01-02 21:32:00,Payment,208.3,Bengaluru,27,358,31,0
TXN05904,2026-01-02 21:39:00,Transfer,329.39,Chennai,28,1680,81,0
TXN07625,2026-01-02 21:39:00,Payment,38.23,Mumbai,24,1541,65,0
TXN08282,2026-01-02 21:44:00,Payment,235.63,Chennai,42,1629,58,0
TXN08883,2026-01-02 21:47:00,Payment,2335.0,Pune,65,351,7,0
TXN05320,2026-01-02 21:51:00,Payment,349.2,Delhi,46,1906,13,0
TXN02329,2026-01-02 21:51:00,Withdrawal,154.46,Pune,36,544,32,0
TXN03694,2026-01-02 21:56:00,Payment,1898.81,Mumbai,37,1463,34,0
TXN03001,2026-01-02 22:00:00,Withdrawal,87.3,Kolkata,18,1498,98,0
TXN09518,2026-01-02 22:03:00,Payment,110.4,Delhi,28,610,94,0
TXN05213,2026-01-02 22:04:00,Payment,48.86,Chennai,18,569,90,0
TXN02224,2026-01-02 22:04:00,Payment,542.14,Mumbai,63,1185,17,0
TXN05256,2026-01-02 22:09:00,Payment,778.24,Delhi,36,418,43,0
TXN03943,2026-01-02 22:11:00,Transfer,56.72,Kolkata,57,1640,17,1
TXN01817,2026-01-02 22:13:00,Transfer,482.12,Jaipur,56,623,49,1
TXN05050,2026-01-02 22:14:00,Payment,216.29,Bengaluru,69,1240,41,0
TXN04673,2026-01-02 22:16:00,Payment,344.82,Bengaluru,38,1325,86,0
TXN00604,2026-01-02 22:22:00,Payment,40.54,Delhi,35,153,77,0
TXN07660,2026-01-02 22:25:00,Transfer,72.66,Kolkata,46,1176,37,0
TXN06189,2026-01-02 22:30:00,Payment,175.98,Ahmedabad,50,1472,47,0
TXN06775,2026-01-02 22:30:00,Transfer,166.73,Bengaluru,21,1046,18,0
TXN04886,2026-01-02 22:35:00,Transfer,407.99,Kolkata,58,1166,37,0
TXN01395,2026-01-02 22:35:00,Payment,341.07,Chennai,54,1514,84,0
TXN07497,2026-01-02 22:36:00,Payment,46.74,Jaipur,35,487,50,0
TXN02460,2026-01-02 22:37:00,Payment,716.8,Ahmedabad,23,1825,80,0
TXN04150,2026-01-02 22:39:00,Payment,71.24,Jaipur,63,1420,26,0
TXN02674,2026-01-02 22:44:00,Payment,57.17,Delhi,44,723,75,0
TXN04481,2026-01-02 22:44:00,Transfer,135.16,Bengaluru,45,255,71,0
TXN03119,2026-01-02 22:46:00,Withdrawal,32.47,Pune,51,105,82,0
TXN07318,2026-01-02 22:46:00,Payment,271.46,Mumbai,50,1067,59,0
TXN07494,2026-01-02 22:49:00,Payment,328.83,Pune,69,461,18,0
TXN09191,2026-01-02 22:49:00,Withdrawal,180.56,Chennai,65,1457,34,0
TXN00374,2026-01-02 22:57:00,Transfer,149.16,Mumbai,56,691,19,0
TXN03848,2026-01-03 08:05:00,Withdrawal,64.74,Kolkata,28,189,108,0
TXN09165,2026-01-03 08:06:00,Payment,56.51,Jaipur,36,1998,14,0
TXN09841,2026-01-03 08:07:00,Transfer,98.47,Jaipur,19,1297,52,0
TXN01167,2026-01-03 08:12:00,Payment,282.96,Pune,24,663,69,0
TXN04399,2026-01-03 08:14:00,Transfer,183.49,Delhi,41,1411,68,1
TXN02907,2026-01-03 08:15:00,Payment,156.22,Bengaluru,60,1583,8,0
TXN07716,2026-01-03 08:21:00,Withdrawal,192.24,Ahmedabad,46,1109,68,0
TXN05827,2026-01-03 08:26:00,Transfer,64.95,Bengaluru,69,834,26,0
TXN07245,2026-01-03 08:30:00,Transfer,174.85,Pune,44,2842,55,0
TXN06969,2026-01-03 08:31:00,Transfer,129.8,Bengaluru,21,632,84,0
TXN07967,2026-01-03 08:36:00,Transfer,195.71,Pune,54,1928,44,0
TXN09943,2026-01-03 08:38:00,Transfer,397.18,Delhi,68,1636,49,0
TXN08534,2026-01-03 08:38:00,Transfer,42.25,Bengaluru,68,920,25,0
TXN08609,2026-01-03 08:40:00,Payment,227.11,Jaipur,32,572,25,0
TXN00694,2026-01-03 08:41:00,Payment,240.94,Jaipur,45,553,42,0
TXN01516,2026-01-03 08:43:00,Transfer,226.34,Bengaluru,61,562,29,0
TXN06317,2026-01-03 08:44:00,Payment,127.0,Kolkata,40,480,33,1
TXN03925,2026-01-03 08:45:00,Payment,371.22,Mumbai,26,713,4,0
TXN04148,2026-01-03 08:46:00,Transfer,690.08,Jaipur,25,617,7,0
TXN09946,2026-01-03 08:47:00,Payment,141.66,Bengaluru,39,410,63,0
TXN09014,2026-01-03 08:50:00,Transfer,148.79,Delhi,49,958,38,0
TXN08479,2026-01-03 08:52:00,Transfer,245.99,Bengaluru,46,1369,43,0
TXN05407,2026-01-03 08:53:00,Withdrawal,42.89,Bengaluru,67,820,92,0
TXN07116,2026-01-03 08:54:00,Payment,360.81,Mumbai,57,1082,12,0
TXN02781,2026-01-03 08:56:00,Payment,261.53,Bengaluru,65,1620,25,0
TXN07069,2026-01-03 08:56:00,Transfer,279.26,Pune,60,1367,120,0
TXN08529,2026-01-03 08:56:00,Withdrawal,282.85,Kolkata,55,534,19,0
TXN01337,2026-01-03 09:01:00,Payment,234.28,Hyderabad,48,1820,22,0
TXN08722,2026-01-03 09:04:00,Withdrawal,191.41,Kolkata,55,1459,11,0
TXN03926,2026-01-03 09:07:00,Payment,394.92,Hyderabad,22,593,5,0
TXN08169,2026-01-03 09:13:00,Payment,455.41,Kolkata,31,356,114,0
TXN06828,2026-01-03 09:16:00,Payment,140.85,Delhi,62,1893,47,0
TXN03250,2026-01-03 09:19:00,Payment,332.92,Chennai,68,1438,53,0
TXN03288,2026-01-03 09:19:00,Payment,171.5,Chennai,20,1248,11,0
TXN00915,2026-01-03 09:23:00,Transfer,250.44,Hyderabad,69,3024,18,0
TXN03440,2026-01-03 09:26:00,Payment,255.02,Delhi,23,932,31,0
TXN01662,2026-01-03 09:37:00,Payment,455.51,Pune,67,2864,176,0
TXN09135,2026-01-03 09:38:00,Transfer,91.58,Mumbai,67,917,55,0
TXN07369,2026-01-03 09:43:00,Payment,35.73,Delhi,62,681,105,0
TXN04696,2026-01-03 09:46:00,Payment,249.54,Chennai,18,113,47,0
TXN00953,2026-01-03 09:48:00,Transfer,95.56,Delhi,25,1182,125,1
TXN08545,2026-01-03 09:48:00,Withdrawal,51.55,Hyderabad,47,1327,33,0
TXN01541,2026-01-03 09:49:00,Payment,109.73,Mumbai,25,1525,73,0
TXN05235,2026-01-03 09:51:00,Payment,17.54,Bengaluru,49,1107,44,0
TXN07583,2026-01-03 09:52:00,Payment,366.36,Delhi,68,1405,44,0
TXN04214,2026-01-03 09:53:00,Transfer,360.96,Mumbai,53,771,9,0
TXN05595,2026-01-03 09:57:00,Transfer,26.19,Ahmedabad,42,834,35,0
TXN05481,2026-01-03 09:58:00,Withdrawal,12.06,Ahmedabad,21,606,28,0
TXN08814,2026-01-03 09:59:00,Payment,214.63,Mumbai,20,828,7,0
TXN08425,2026-01-03 09:59:00,Payment,444.19,Delhi,40,1445,23,0
TXN00962,2026-01-03 10:04:00,Transfer,146.08,Kolkata,29,1397,15,0
TXN05218,2026-01-03 10:04:00,Payment,217.88,Delhi,40,691,31,0
TXN05688,2026-01-03 10:05:00,Payment,202.84,Kolkata,34,977,6,0
TXN04635,2026-01-03 10:07:00,Transfer,82.91,Jaipur,28,603,115,0
TXN08905,2026-01-03 10:10:00,Transfer,54.9,Delhi,67,1193,71,0
TXN06841,2026-01-03 10:11:00,Transfer,372.49,Delhi,22,1798,30,1
TXN02621,2026-01-03 10:13:00,Payment,1797.5,Delhi,27,1056,28,0
TXN03541,2026-01-03 10:15:00,Transfer,75.36,Pune,29,661,166,0
TXN03847,2026-01-03 10:20:00,Payment,4508.13,Bengaluru,54,1280,40,0
TXN03099,2026-01-03 10:21:00,Payment,127.06,Hyderabad,38,1571,37,0
TXN00018,2026-01-03 10:22:00,Payment,1370.27,Delhi,51,236,34,1
TXN06996,2026-01-03 10:26:00,Payment,137.26,Kolkata,46,457,48,0
TXN06920,2026-01-03 10:27:00,Withdrawal,77.24,Delhi,29,730,30,0
TXN02388,2026-01-03 10:28:00,Transfer,895.73,Delhi,22,1256,32,1
TXN00442,2026-01-03 10:31:00,Withdrawal,124.96,Mumbai,40,1163,16,0
TXN01521,2026-01-03 10:33:00,Payment,64.12,Chennai,24,731,69,0
TXN08645,2026-01-03 10:35:00,Payment,1668.39,Kolkata,56,1358,27,0
TXN08860,2026-01-03 10:35:00,Transfer,67.91,Bengaluru,66,1614,26,0
TXN07138,2026-01-03 10:38:00,Payment,659.7,Pune,40,1683,4,0
TXN09828,2026-01-03 10:41:00,Withdrawal,217.26,Pune,51,1290,37,0
TXN03120,2026-01-03 10:45:00,Payment,321.79,Kolkata,24,996,89,0
TXN04590,2026-01-03 10:46:00,Payment,536.34,Bengaluru,35,1992,65,0
TXN06875,2026-01-03 10:48:00,Payment,106.61,Pune,35,510,55,0
TXN06751,2026-01-03 10:53:00,Withdrawal,571.62,Hyderabad,28,2035,61,0
TXN02719,2026-01-03 10:54:00,Transfer,172.41,Bengaluru,36,1153,16,0
TXN02985,2026-01-03 10:55:00,Payment,472.1,Pune,43,994,3,0
TXN09096,2026-01-03 10:56:00,Withdrawal,341.25,Hyderabad,51,731,74,0
TXN06405,2026-01-03 10:57:00,Payment,119.72,Chennai,64,352,34,0
TXN04362,2026-01-03 11:00:00,Transfer,166.79,Delhi,52,1133,93,0
TXN05737,2026-01-03 11:01:00,Transfer,828.56,Pune,60,561,33,0
TXN04213,2026-01-03 11:04:00,Transfer,573.11,Delhi,53,407,76,0
TXN09004,2026-01-03 11:05:00,Payment,218.07,Kolkata,36,493,94,1
TXN01643,2026-01-03 11:08:00,Payment,90.02,Bengaluru,24,2244,62,0
TXN00110,2026-01-03 11:10:00,Transfer,336.78,Hyderabad,42,410,22,0
TXN00503,2026-01-03 11:15:00,Transfer,3824.48,Kolkata,19,608,54,1
TXN03685,2026-01-03 11:17:00,Payment,74.97,Hyderabad,45,736,39,0
TXN05971,2026-01-03 11:19:00,Transfer,854.86,Bengaluru,61,1062,25,0
TXN07289,2026-01-03 11:19:00,Payment,592.5,Pune,40,349,46,0
TXN03586,2026-01-03 11:20:00,Transfer,461.9,Pune,32,478,97,0
TXN00311,2026-01-03 11:21:00,Payment,60.58,Delhi,25,1152,66,0
TXN02504,2026-01-03 11:21:00,Payment,382.93,Bengaluru,27,1289,74,0
TXN00778,2026-01-03 11:23:00,Transfer,57.33,Bengaluru,49,1669,22,1
TXN05099,2026-01-03 11:27:00,Payment,148.09,Delhi,68,1046,87,0
TXN08622,2026-01-03 11:28:00,Withdrawal,58.66,Bengaluru,41,755,54,0
TXN04751,2026-01-03 11:33:00,Transfer,274.62,Mumbai,61,858,117,0
TXN07906,2026-01-03 11:36:00,Withdrawal,536.08,Pune,50,803,16,0
TXN07122,2026-01-03 11:39:00,Withdrawal,767.82,Chennai,33,1450,35,0
TXN00573,2026-01-03 11:39:00,Payment,250.26,Kolkata,59,652,22,0
TXN00700,2026-01-03 11:39:00,Payment,259.98,Hyderabad,58,755,20,0
TXN03775,2026-01-03 11:40:00,Withdrawal,77.9,Mumbai,63,760,74,0
TXN04563,2026-01-03 11:42:00,Payment,97.5,Delhi,38,738,38,0
TXN07206,2026-01-03 11:45:00,Transfer,285.17,Ahmedabad,41,283,3,0
TXN07115,2026-01-03 11:46:00,Payment,167.5,Kolkata,36,753,67,0
TXN00376,2026-01-03 11:47:00,Payment,365.85,Kolkata,22,535,11,0
TXN05644,2026-01-03 11:50:00,Payment,835.5,Delhi,32,282,48,0
TXN06371,2026-01-03 11:53:00,Payment,304.23,Mumbai,34,804,59,0
TXN04782,2026-01-03 12:00:00,Transfer,110.87,Mumbai,60,266,35,0
TXN00811,2026-01-03 12:01:00,Payment,167.49,Pune,36,477,9,0
TXN09225,2026-01-03 12:09:00,Payment,509.09,Mumbai,45,530,57,0
TXN04159,2026-01-03 12:09:00,Withdrawal,464.51,Hyderabad,33,1565,16,0
TXN09237,2026-01-03 12:10:00,Payment,121.55,Bengaluru,67,941,35,0
TXN06391,2026-01-03 12:13:00,Transfer,159.65,Delhi,19,596,63,0
TXN04308,2026-01-03 12:13:00,Payment,75.01,Mumbai,34,1643,85,0
TXN03459,2026-01-03 12:13:00,Transfer,446.91,Bengaluru,38,393,42,0
TXN03628,2026-01-03 12:19:00,Payment,520.74,Mumbai,54,548,15,0
TXN08636,2026-01-03 12:23:00,Payment,39.39,Mumbai,23,263,30,0
TXN05110,2026-01-03 12:23:00,Transfer,319.57,Hyderabad,55,647,44,0
TXN01759,2026-01-03 12:25:00,Transfer,181.54,Chennai,31,181,44,0
TXN09746,2026-01-03 12:27:00,Payment,388.77,Hyderabad,60,540,21,0
TXN09642,2026-01-03 12:27:00,Payment,225.97,Kolkata,47,1419,57,0
TXN09969,2026-01-03 12:30:00,Payment,159.42,Jaipur,38,1151,6,0
TXN05744,2026-01-03 12:33:00,Transfer,8.15,Jaipur,38,1876,44,0
TXN04682,2026-01-03 12:36:00,Payment,311.23,Bengaluru,21,1900,87,0
TXN00774,2026-01-03 12:40:00,Transfer,281.42,Jaipur,30,196,69,0
TXN01206,2026-01-03 12:40:00,Transfer,208.33,Mumbai,44,280,17,0
TXN01920,2026-01-03 12:41:00,Withdrawal,515.79,Hyderabad,29,426,20,0
TXN03964,2026-01-03 12:42:00,Payment,91.38,Pune,29,353,69,0
TXN09864,2026-01-03 12:44:00,Transfer,85.36,Chennai,38,2655,75,0
TXN05268,2026-01-03 12:46:00,Payment,496.47,Mumbai,43,1331,51,0
TXN01333,2026-01-03 12:47:00,Payment,228.11,Delhi,50,2591,31,0
TXN06146,2026-01-03 12:52:00,Payment,688.12,Pune,29,857,11,0
TXN06156,2026-01-03 13:01:00,Transfer,77.39,Jaipur,19,989,47,0
TXN07694,2026-01-03 13:07:00,Withdrawal,155.21,Delhi,28,1015,64,0
TXN04130,2026-01-03 13:07:00,Payment,337.75,Kolkata,58,1137,74,0
TXN03699,2026-01-03 13:09:00,Withdrawal,595.9,Kolkata,51,373,104,0
TXN01310,2026-01-03 13:16:00,Transfer,46.01,Mumbai,65,915,70,0
TXN08944,2026-01-03 13:16:00,Payment,68.08,Mumbai,69,769,71,0
TXN03329,2026-01-03 13:17:00,Transfer,242.87,Hyderabad,29,574,55,0
TXN05900,2026-01-03 13:20:00,Payment,66.76,Ahmedabad,69,492,58,0
TXN01356,2026-01-03 13:21:00,Payment,46.03,Bengaluru,37,544,68,0
TXN08564,2026-01-03 13:26:00,Payment,123.35,Pune,39,422,44,0
TXN08244,2026-01-03 13:30:00,Payment,244.56,Chennai,34,563,76,0
TXN05968,2026-01-03 13:30:00,Payment,1085.3,Mumbai,44,671,3,0
TXN04834,2026-01-03 13:31:00,Transfer,59.54,Bengaluru,40,604,117,0
TXN05786,2026-01-03 13:34:00,Payment,134.02,Kolkata,63,806,73,0
TXN07901,2026-01-03 13:37:00,Withdrawal,582.39,Hyderabad,46,907,77,0
TXN01428,2026-01-03 13:42:00,Transfer,755.01,Bengaluru,65,2567,50,0
TXN03295,2026-01-03 13:47:00,Transfer,404.7,Bengaluru,52,1309,24,0
TXN01770,2026-01-03 13:51:00,Payment,173.61,Chennai,29,154,2,0
TXN02376,2026-01-03 13:51:00,Transfer,152.09,Bengaluru,57,471,50,1
TXN00053,2026-01-03 13:52:00,Withdrawal,73.31,Bengaluru,26,1612,25,0
TXN06376,2026-01-03 13:52:00,Payment,399.16,Chennai,52,783,80,0
TXN05926,2026-01-03 13:55:00,Payment,209.11,Pune,22,1050,11,0
TXN00630,2026-01-03 13:58:00,Payment,73.49,Ahmedabad,62,1716,40,0
TXN05741,2026-01-03 14:00:00,Payment,238.55,Kolkata,43,767,34,0
TXN00881,2026-01-03 14:00:00,Payment,93.02,Jaipur,40,242,18,0
TXN06729,2026-01-03 14:01:00,Payment,297.27,Mumbai,29,1018,70,0
TXN01053,2026-01-03 14:05:00,Payment,52.03,Jaipur,41,1513,90,0
TXN03608,2026-01-03 14:06:00,Payment,45.15,Mumbai,66,1091,58,0
TXN05806,2026-01-03 14:07:00,Withdrawal,618.09,Delhi,60,619,29,0
TXN09756,2026-01-03 14:07:00,Payment,200.91,Ahmedabad,46,490,28,0
TXN08735,2026-01-03 14:12:00,Payment,264.79,Mumbai,19,1451,15,0
TXN08657,2026-01-03 14:15:00,Payment,156.09,Delhi,44,1138,32,0
TXN06942,2026-01-03 14:17:00,Payment,52.67,Bengaluru,61,605,21,0
TXN03814,2026-01-03 14:18:00,Transfer,404.44,Mumbai,38,788,57,0
TXN02316,2026-01-03 14:26:00,Payment,42.23,Kolkata,48,1117,51,0
TXN02462,2026-01-03 14:27:00,Payment,131.26,Pune,48,721,15,0
TXN07493,2026-01-03 14:33:00,Withdrawal,237.91,Jaipur,61,1218,29,0
TXN08942,2026-01-03 14:33:00,Transfer,383.19,Chennai,29,587,47,0
TXN02668,2026-01-03 14:35:00,Payment,45.16,Mumbai,51,496,4,0
TXN00320,2026-01-03 14:35:00,Withdrawal,161.8,Kolkata,57,1243,94,0
TXN04025,2026-01-03 14:36:00,Payment,182.46,Pune,51,2275,92,1
TXN04963,2026-01-03 14:43:00,Withdrawal,396.98,Bengaluru,30,459,40,0
TXN09295,2026-01-03 14:44:00,Payment,85.85,Jaipur,26,1825,59,0
TXN02249,2026-01-03 14:45:00,Transfer,374.01,Chennai,62,866,25,0
TXN07187,2026-01-03 14:46:00,Transfer,270.09,Bengaluru,43,181,14,0
TXN00241,2026-01-03 14:48:00,Transfer,106.87,Kolkata,69,623,37,0
TXN09845,2026-01-03 14:49:00,Payment,289.6,Bengaluru,46,1322,32,1
TXN07234,2026-01-03 14:57:00,Transfer,966.01,Bengaluru,40,1901,35,0
TXN08312,2026-01-03 15:00:00,Withdrawal,51.19,Mumbai,34,1177,62,0
TXN00481,2026-01-03 15:06:00,Transfer,2039.63,Jaipur,49,906,37,0
TXN02716,2026-01-03 15:06:00,Transfer,99.75,Bengaluru,37,1291,59,1
TXN05731,2026-01-03 15:09:00,Payment,406.35,Bengaluru,30,1013,61,0
TXN05435,2026-01-03 15:09:00,Payment,817.48,Bengaluru,27,787,74,0
TXN07435,2026-01-03 15:16:00,Payment,65.27,Bengaluru,57,601,90,0
TXN08828,2026-01-03 15:18:00,Payment,966.41,Bengaluru,58,1518,126,0
TXN02439,2026-01-03 15:22:00,Withdrawal,44.11,Pune,35,134,37,0
TXN05046,2026-01-03 15:22:00,Payment,535.82,Mumbai,26,671,35,0
TXN01355,2026-01-03 15:22:00,Transfer,244.05,Bengaluru,52,430,49,0
TXN03398,2026-01-03 15:27:00,Withdrawal,195.19,Delhi,19,583,20,0
TXN08546,2026-01-03 15:27:00,Payment,275.09,Hyderabad,24,1153,55,0
TXN07846,2026-01-03 15:35:00,Transfer,477.55,Kolkata,23,1485,16,0
TXN00894,2026-01-03 15:35:00,Payment,504.27,Mumbai,57,1666,3,0
TXN03880,2026-01-03 15:35:00,Payment,80.17,Hyderabad,51,658,237,0
TXN01193,2026-01-03 15:38:00,Payment,117.43,Chennai,29,753,64,0
TXN02760,2026-01-03 15:38:00,Transfer,125.13,Kolkata,19,888,98,0
TXN02836,2026-01-03 15:40:00,Payment,51.88,Kolkata,35,1416,39,0
TXN01853,2026-01-03 15:40:00,Transfer,380.75,Jaipur,30,1021,115,0
TXN00244,2026-01-03 15:44:00,Payment,143.18,Hyderabad,63,1196,28,0
TXN01313,2026-01-03 15:48:00,Payment,458.8,Bengaluru,66,172,24,0
TXN03113,2026-01-03 15:50:00,Transfer,1460.46,Delhi,26,1172,105,1
TXN08586,2026-01-03 15:57:00,Payment,193.96,Mumbai,51,984,25,0
TXN01864,2026-01-03 15:59:00,Payment,246.21,Delhi,54,471,96,0
TXN02846,2026-01-03 16:01:00,Payment,362.24,Mumbai,54,285,76,0
TXN03415,2026-01-03 16:06:00,Payment,117.91,Delhi,53,1790,61,0
TXN01256,2026-01-03 16:08:00,Transfer,99.87,Delhi,57,1303,22,0
TXN07817,2026-01-03 16:08:00,Payment,112.41,Mumbai,63,1559,62,0
TXN00237,2026-01-03 16:08:00,Transfer,152.31,Bengaluru,39,865,13,0
TXN08835,2026-01-03 16:12:00,Payment,605.61,Mumbai,19,1114,36,0
TXN03232,2026-01-03 16:12:00,Withdrawal,459.82,Kolkata,53,337,15,0
TXN09682,2026-01-03 16:15:00,Payment,455.93,Mumbai,19,72,5,0
TXN00371,2026-01-03 16:19:00,Payment,145.86,Pune,59,1424,20,0
TXN04716,2026-01-03 16:24:00,Payment,119.02,Delhi,54,1535,6,0
TXN01664,2026-01-03 16:26:00,Payment,185.99,Hyderabad,41,638,29,0
TXN06615,2026-01-03 16:27:00,Payment,238.84,Chennai,34,824,39,0
TXN03749,2026-01-03 16:31:00,Withdrawal,293.79,Delhi,60,1191,72,0
TXN04084,2026-01-03 16:33:00,Transfer,60.68,Jaipur,30,1251,40,0
TXN01007,2026-01-03 16:34:00,Payment,249.13,Kolkata,67,454,5,0
TXN00701,2026-01-03 16:37:00,Transfer,139.23,Hyderabad,57,438,13,0
TXN03920,2026-01-03 16:37:00,Transfer,95.37,Jaipur,57,1570,55,0
TXN07834,2026-01-03 16:40:00,Payment,223.65,Bengaluru,31,564,42,0
TXN06102,2026-01-03 16:42:00,Transfer,54.34,Chennai,18,1317,101,0
TXN02594,2026-01-03 16:44:00,Payment,304.66,Bengaluru,29,311,84,0
TXN08505,2026-01-03 16:45:00,Payment,45.66,Mumbai,55,1606,152,0
TXN07180,2026-01-03 16:48:00,Transfer,204.36,Chennai,31,1074,16,0
TXN01354,2026-01-03 16:51:00,Transfer,528.27,Kolkata,37,796,73,0
TXN04657,2026-01-03 16:54:00,Transfer,173.9,Chennai,47,999,95,0
TXN00928,2026-01-03 16:58:00,Transfer,379.25,Mumbai,44,795,122,0
TXN01661,2026-01-03 17:00:00,Withdrawal,224.87,Pune,38,2773,109,0
TXN09575,2026-01-03 17:00:00,Transfer,93.85,Chennai,35,583,9,0
TXN07873,2026-01-03 17:02:00,Payment,265.73,Chennai,27,1880,33,0
TXN09418,2026-01-03 17:03:00,Payment,37.43,Delhi,40,1227,79,0
TXN05397,2026-01-03 17:05:00,Payment,90.82,Ahmedabad,31,467,79,0
TXN05226,2026-01-03 17:06:00,Transfer,208.29,Hyderabad,68,681,35,0
TXN09382,2026-01-03 17:07:00,Payment,251.57,Hyderabad,45,752,56,0
TXN00505,2026-01-03 17:13:00,Withdrawal,402.12,Chennai,35,1556,92,0
TXN07953,2026-01-03 17:13:00,Payment,654.76,Kolkata,43,1008,31,0
TXN05799,2026-01-03 17:14:00,Payment,90.72,Mumbai,66,1528,43,0
TXN09306,2026-01-03 17:16:00,Transfer,62.78,Jaipur,41,1204,46,0
TXN02170,2026-01-03 17:17:00,Payment,158.06,Hyderabad,21,578,40,0
TXN02707,2026-01-03 17:17:00,Transfer,179.32,Ahmedabad,19,433,32,0
TXN08511,2026-01-03 17:18:00,Payment,87.82,Jaipur,32,837,20,1
TXN03275,2026-01-03 17:19:00,Payment,64.34,Delhi,53,1281,76,0
TXN09656,2026-01-03 17:20:00,Payment,67.38,Delhi,20,876,99,0
TXN06963,2026-01-03 17:21:00,Payment,265.94,Chennai,24,1346,123,0
TXN09967,2026-01-03 17:21:00,Payment,1352.37,Ahmedabad,65,216,78,0
TXN01270,2026-01-03 17:24:00,Withdrawal,154.3,Chennai,68,1499,2,0
TXN08966,2026-01-03 17:25:00,Payment,67.86,Delhi,50,959,28,0
TXN05883,2026-01-03 17:26:00,Payment,11.31,Bengaluru,54,614,79,0
TXN01246,2026-01-03 17:27:00,Payment,73.04,Bengaluru,61,358,76,0
TXN03016,2026-01-03 17:29:00,Withdrawal,87.43,Bengaluru,25,1172,37,0
TXN06972,2026-01-03 17:30:00,Payment,23.77,Ahmedabad,37,476,50,0
TXN09436,2026-01-03 17:32:00,Payment,332.47,Kolkata,33,2011,55,0
TXN02870,2026-01-03 17:32:00,Payment,727.31,Kolkata,22,972,61,0
TXN07743,2026-01-03 17:34:00,Transfer,461.43,Chennai,50,984,56,0
TXN01502,2026-01-03 17:42:00,Payment,10.69,Hyderabad,54,1336,33,0
TXN09098,2026-01-03 17:47:00,Payment,899.19,Bengaluru,63,221,34,0
TXN07588,2026-01-03 17:48:00,Payment,2298.83,Chennai,25,341,191,0
TXN03704,2026-01-03 17:51:00,Payment,1440.86,Delhi,25,1043,55,0
TXN03570,2026-01-03 17:51:00,Transfer,83.04,Chennai,18,1388,34,0
TXN06562,2026-01-03 17:51:00,Withdrawal,43.19,Hyderabad,64,3884,21,0
TXN05250,2026-01-03 18:00:00,Withdrawal,329.11,Chennai,44,934,38,0
TXN01163,2026-01-03 18:00:00,Payment,134.41,Bengaluru,44,1978,55,0
TXN08865,2026-01-03 18:01:00,Payment,15.96,Delhi,25,292,40,0
TXN02142,2026-01-03 18:21:00,Withdrawal,498.03,Mumbai,18,1351,35,0
TXN02330,2026-01-03 18:22:00,Payment,662.24,Bengaluru,26,1393,87,0
TXN08773,2026-01-03 18:30:00,Payment,90.34,Mumbai,67,2208,123,0
TXN02271,2026-01-03 18:30:00,Payment,247.83,Bengaluru,51,583,38,0
TXN02865,2026-01-03 18:32:00,Transfer,639.22,Jaipur,38,1537,127,1
TXN00568,2026-01-03 18:36:00,Payment,782.28,Kolkata,54,955,72,0
TXN05551,2026-01-03 18:38:00,Transfer,89.03,Mumbai,33,838,37,0
TXN01511,2026-01-03 18:40:00,Transfer,155.66,Pune,67,573,15,0
TXN09234,2026-01-03 18:42:00,Transfer,256.46,Mumbai,41,719,77,0
TXN05431,2026-01-03 18:42:00,Payment,386.47,Mumbai,32,391,54,0
TXN03473,2026-01-03 18:46:00,Transfer,191.9,Delhi,30,874,54,0
TXN01130,2026-01-03 18:48:00,Transfer,326.19,Delhi,39,575,70,0
TXN08754,2026-01-03 18:49:00,Payment,193.51,Pune,23,1055,53,0
TXN04132,2026-01-03 18:53:00,Payment,12.37,Mumbai,31,910,16,0
TXN00600,2026-01-03 18:55:00,Transfer,79.53,Bengaluru,54,1195,15,0
TXN01243,2026-01-03 19:01:00,Payment,1168.11,Mumbai,53,1103,150,0
TXN03988,2026-01-03 19:02:00,Payment,163.3,Delhi,40,1200,39,0
TXN06792,2026-01-03 19:09:00,Payment,101.14,Mumbai,58,1017,15,0
TXN01699,2026-01-03 19:14:00,Payment,128.11,Hyderabad,30,457,75,0
TXN08781,2026-01-03 19:18:00,Transfer,524.04,Kolkata,41,1262,82,0
TXN04873,2026-01-03 19:25:00,Withdrawal,137.89,Chennai,43,1113,76,0
TXN05979,2026-01-03 19:25:00,Payment,250.44,Ahmedabad,65,884,63,0
TXN08166,2026-01-03 19:27:00,Withdrawal,163.42,Mumbai,58,1177,38,0
TXN04539,2026-01-03 19:28:00,Withdrawal,24.34,Chennai,64,2265,36,0
TXN08260,2026-01-03 19:28:00,Payment,1209.28,Kolkata,53,2250,7,0
TXN01105,2026-01-03 19:30:00,Transfer,175.55,Delhi,19,744,21,0
TXN02049,2026-01-03 19:31:00,Transfer,263.67,Chennai,47,646,114,0
TXN01556,2026-01-03 19:37:00,Withdrawal,139.24,Jaipur,47,730,38,0
TXN03514,2026-01-03 19:38:00,Withdrawal,370.19,Mumbai,59,82,15,0
TXN04246,2026-01-03 19:41:00,Transfer,107.96,Bengaluru,61,210,9,0
TXN02669,2026-01-03 19:42:00,Payment,53.76,Mumbai,55,328,43,0
TXN09529,2026-01-03 19:42:00,Payment,27.62,Mumbai,64,477,42,0
TXN00619,2026-01-03 19:44:00,Payment,166.93,Bengaluru,21,202,20,0
TXN01531,2026-01-03 19:48:00,Withdrawal,258.34,Mumbai,49,677,7,0
TXN03362,2026-01-03 19:51:00,Payment,322.55,Delhi,60,1046,83,0
TXN02758,2026-01-03 19:54:00,Payment,96.59,Bengaluru,32,1170,42,0
TXN03827,2026-01-03 19:57:00,Transfer,1149.77,Delhi,57,468,28,0
TXN04998,2026-01-03 20:05:00,Payment,51.9,Delhi,41,1116,12,0
TXN04571,2026-01-03 20:06:00,Payment,318.7,Chennai,20,362,26,0
TXN08430,2026-01-03 20:11:00,Transfer,1347.69,Delhi,42,1403,30,0
TXN03172,2026-01-03 20:13:00,Payment,967.86,Jaipur,23,2150,111,0
TXN04593,2026-01-03 20:29:00,Payment,67.07,Bengaluru,42,323,95,0
TXN08899,2026-01-03 20:33:00,Withdrawal,84.48,Delhi,36,417,57,0
TXN00165,2026-01-03 20:39:00,Transfer,322.58,Chennai,21,960,43,0
TXN05162,2026-01-03 20:42:00,Transfer,88.6,Mumbai,56,1146,15,0
TXN08788,2026-01-03 20:50:00,Payment,209.58,Hyderabad,25,2490,24,0
TXN02046,2026-01-03 20:55:00,Transfer,64.05,Mumbai,29,661,47,1
TXN01404,2026-01-03 20:57:00,Payment,159.62,Mumbai,19,1360,37,0
TXN08330,2026-01-03 20:57:00,Transfer,234.76,Bengaluru,58,833,130,0
TXN08658,2026-01-03 21:00:00,Payment,290.0,Ahmedabad,43,1281,9,0
TXN02887,2026-01-03 21:01:00,Payment,193.85,Pune,41,481,61,0
TXN06226,2026-01-03 21:05:00,Payment,380.98,Jaipur,68,852,23,0
TXN02370,2026-01-03 21:08:00,Payment,507.53,Delhi,49,842,20,0
TXN04794,2026-01-03 21:09:00,Transfer,421.38,Pune,26,1251,35,0
TXN07044,2026-01-03 21:12:00,Transfer,304.35,Bengaluru,47,1059,72,0
TXN02024,2026-01-03 21:12:00,Payment,135.27,Bengaluru,33,2001,14,0
TXN05552,2026-01-03 21:12:00,Withdrawal,1671.79,Bengaluru,54,1075,41,0
TXN07004,2026-01-03 21:16:00,Payment,118.28,Jaipur,68,1443,64,0
TXN01010,2026-01-03 21:17:00,Withdrawal,640.07,Bengaluru,20,595,38,0
TXN05331,2026-01-03 21:21:00,Transfer,298.36,Hyderabad,60,1248,67,0
TXN01125,2026-01-03 21:23:00,Payment,93.82,Hyderabad,49,1467,66,0
TXN06759,2026-01-03 21:28:00,Transfer,192.28,Delhi,69,363,45,0
TXN00656,2026-01-03 21:28:00,Payment,72.72,Kolkata,42,1377,67,0
TXN03472,2026-01-03 21:32:00,Payment,27.35,Hyderabad,51,350,48,0
TXN02228,2026-01-03 21:40:00,Payment,54.0,Kolkata,53,1044,18,0
TXN07564,2026-01-03 21:46:00,Payment,170.08,Hyderabad,41,444,15,0
TXN03616,2026-01-03 21:53:00,Payment,173.85,Bengaluru,44,906,57,0
TXN07804,2026-01-03 21:57:00,Payment,46.23,Chennai,64,684,44,0
TXN08806,2026-01-03 22:00:00,Payment,80.93,Hyderabad,53,1114,81,0
TXN06028,2026-01-03 22:06:00,Withdrawal,1156.1,Delhi,27,1502,42,0
TXN02042,2026-01-03 22:07:00,Transfer,71.74,Delhi,38,703,63,0
TXN03629,2026-01-03 22:09:00,Withdrawal,22.67,Chennai,65,2738,1,0
TXN03671,2026-01-03 22:10:00,Payment,31.08,Bengaluru,28,1060,22,0
TXN06023,2026-01-03 22:17:00,Payment,1861.93,Delhi,69,1250,62,0
TXN02278,2026-01-03 22:23:00,Payment,208.78,Bengaluru,46,1931,57,0
TXN06077,2026-01-03 22:30:00,Transfer,4801.98,Bengaluru,54,216,77,0
TXN05404,2026-01-03 22:30:00,Payment,71.93,Ahmedabad,27,417,59,0
TXN06500,2026-01-03 22:31:00,Withdrawal,72.95,Chennai,50,1191,71,0
TXN04087,2026-01-03 22:34:00,Payment,179.33,Kolkata,37,1124,73,0
TXN09087,2026-01-03 22:38:00,Transfer,53.26,Hyderabad,42,1216,36,0
TXN07461,2026-01-03 22:39:00,Transfer,150.75,Bengaluru,47,2043,30,0
TXN04491,2026-01-03 22:40:00,Transfer,174.31,Chennai,39,1038,2,0
TXN04809,2026-01-03 22:42:00,Payment,183.48,Jaipur,51,405,2,0
TXN06905,2026-01-03 22:47:00,Payment,46.47,Bengaluru,35,450,23,0
TXN05868,2026-01-03 22:48:00,Payment,164.07,Bengaluru,35,575,62,0
TXN00412,2026-01-03 22:51:00,Withdrawal,463.86,Pune,58,841,22,0
TXN07649,2026-01-03 22:53:00,Payment,108.44,Delhi,59,604,36,0
TXN04659,2026-01-03 22:54:00,Payment,45.67,Chennai,26,1236,81,0
TXN02327,2026-01-03 22:56:00,Transfer,184.16,Bengaluru,22,1447,113,0
TXN04239,2026-01-03 22:56:00,Transfer,313.61,Bengaluru,59,334,15,0
TXN05861,2026-01-03 22:57:00,Transfer,147.49,Jaipur,69,1837,128,0
TXN04411,2026-01-04 08:10:00,Payment,71.44,Mumbai,52,2082,21,0
TXN07341,2026-01-04 08:10:00,Payment,455.07,Kolkata,57,217,51,0
TXN05820,2026-01-04 08:17:00,Payment,190.34,Kolkata,36,687,22,0
TXN03639,2026-01-04 08:18:00,Payment,164.37,Chennai,33,386,9,0
TXN08006,2026-01-04 08:22:00,Transfer,202.74,Jaipur,67,1421,10,0
TXN02100,2026-01-04 08:28:00,Withdrawal,631.46,Ahmedabad,64,837,162,0
TXN07039,2026-01-04 08:29:00,Transfer,160.9,Mumbai,56,1308,61,0
TXN02584,2026-01-04 08:37:00,Transfer,351.64,Pune,32,1305,10,0
TXN01678,2026-01-04 08:39:00,Withdrawal,1026.52,Mumbai,51,595,22,0
TXN06698,2026-01-04 08:43:00,Payment,129.64,Ahmedabad,65,2108,30,0
TXN02871,2026-01-04 08:44:00,Payment,360.18,Jaipur,20,323,20,0
TXN07243,2026-01-04 08:48:00,Payment,191.03,Kolkata,41,1058,7,0
TXN06831,2026-01-04 08:49:00,Withdrawal,210.24,Chennai,62,2521,10,1
TXN06561,2026-01-04 08:49:00,Payment,659.5,Hyderabad,51,2283,36,0
TXN06401,2026-01-04 08:50:00,Payment,243.31,Bengaluru,25,1266,30,0
TXN09739,2026-01-04 08:57:00,Transfer,695.73,Mumbai,53,117,38,0
TXN08821,2026-01-04 09:01:00,Payment,188.68,Pune,33,1894,45,0
TXN03225,2026-01-04 09:05:00,Payment,22.97,Hyderabad,53,340,42,0
TXN08728,2026-01-04 09:05:00,Transfer,750.31,Mumbai,49,1249,102,0
TXN02563,2026-01-04 09:12:00,Payment,130.28,Delhi,19,784,81,0
TXN04597,2026-01-04 09:21:00,Payment,107.61,Ahmedabad,30,999,88,0
TXN07306,2026-01-04 09:26:00,Withdrawal,526.95,Bengaluru,28,692,6,0
TXN07415,2026-01-04 09:29:00,Payment,211.89,Hyderabad,23,1613,55,0
TXN05344,2026-01-04 09:30:00,Withdrawal,48.7,Jaipur,51,820,42,0
TXN00577,2026-01-04 09:32:00,Transfer,531.82,Bengaluru,33,1919,32,0
TXN06681,2026-01-04 09:37:00,Payment,509.72,Chennai,63,46,27,0
TXN08815,2026-01-04 09:43:00,Payment,493.24,Kolkata,68,986,56,0
TXN06214,2026-01-04 09:44:00,Transfer,218.66,Kolkata,34,2259,35,0
TXN01234,2026-01-04 09:48:00,Payment,109.07,Kolkata,41,1396,24,0
TXN02174,2026-01-04 09:49:00,Payment,121.83,Ahmedabad,35,758,43,0
TXN01730,2026-01-04 09:50:00,Payment,277.25,Chennai,56,871,66,0
TXN08030,2026-01-04 09:51:00,Payment,137.45,Kolkata,25,1911,12,0
TXN05096,2026-01-04 09:55:00,Payment,44.71,Mumbai,38,721,47,0
TXN05560,2026-01-04 09:55:00,Transfer,624.0,Mumbai,19,988,71,0
TXN06082,2026-01-04 09:56:00,Transfer,99.58,Hyderabad,56,999,4,0
TXN06085,2026-01-04 09:56:00,Transfer,442.71,Kolkata,37,1203,44,0
TXN06025,2026-01-04 09:57:00,Transfer,55.27,Jaipur,47,559,6,1
TXN05918,2026-01-04 09:59:00,Transfer,106.33,Bengaluru,44,1117,122,0
TXN05523,2026-01-04 10:04:00,Payment,129.05,Jaipur,40,2343,46,0
TXN09026,2026-01-04 10:04:00,Payment,208.76,Chennai,34,105,26,0
TXN02421,2026-01-04 10:05:00,Transfer,109.42,Ahmedabad,60,1014,106,0
TXN06308,2026-01-04 10:06:00,Payment,223.73,Chennai,24,978,89,0
TXN02697,2026-01-04 10:07:00,Withdrawal,53.88,Jaipur,48,3122,50,0
TXN03743,2026-01-04 10:08:00,Payment,1134.79,Pune,32,586,48,0
TXN00433,2026-01-04 10:11:00,Payment,108.81,Kolkata,36,1489,42,0
TXN02997,2026-01-04 10:14:00,Payment,286.07,Hyderabad,44,807,110,1
TXN04323,2026-01-04 10:15:00,Payment,31.44,Bengaluru,34,686,31,0
TXN08475,2026-01-04 10:16:00,Withdrawal,1093.33,Hyderabad,53,1239,119,0
TXN03494,2026-01-04 10:20:00,Transfer,98.31,Delhi,59,991,37,0
TXN00781,2026-01-04 10:23:00,Transfer,204.22,Jaipur,48,531,35,0
TXN05191,2026-01-04 10:25:00,Payment,67.45,Hyderabad,69,1499,27,0
TXN07866,2026-01-04 10:26:00,Payment,113.68,Chennai,65,1206,33,0
TXN00991,2026-01-04 10:31:00,Payment,114.68,Delhi,22,377,74,0
TXN00114,2026-01-04 10:38:00,Transfer,247.5,Hyderabad,48,727,50,0
TXN08809,2026-01-04 10:40:00,Payment,240.91,Pune,38,1097,58,0
TXN06743,2026-01-04 10:40:00,Payment,364.47,Hyderabad,62,65,58,0
TXN03662,2026-01-04 10:47:00,Transfer,230.84,Bengaluru,34,809,18,0
TXN00509,2026-01-04 10:48:00,Transfer,874.75,Mumbai,29,1775,59,0
TXN05043,2026-01-04 10:49:00,Payment,112.5,Ahmedabad,36,270,29,0
TXN03339,2026-01-04 10:51:00,Transfer,196.86,Bengaluru,39,547,59,0
TXN04813,2026-01-04 10:55:00,Payment,183.37,Hyderabad,46,199,67,0
TXN03574,2026-01-04 10:58:00,Payment,19.87,Mumbai,47,1697,46,0
TXN04353,2026-01-04 10:59:00,Transfer,197.1,Pune,55,1797,9,0
TXN01091,2026-01-04 11:01:00,Payment,64.65,Pune,26,1299,61,0
TXN06711,2026-01-04 11:06:00,Withdrawal,33.47,Mumbai,21,1100,23,0
TXN01834,2026-01-04 11:13:00,Transfer,194.96,Hyderabad,26,441,61,0
TXN03214,2026-01-04 11:27:00,Payment,302.62,Ahmedabad,39,1743,62,0
TXN08155,2026-01-04 11:28:00,Payment,686.71,Pune,53,2229,52,0
TXN07501,2026-01-04 11:31:00,Payment,455.18,Pune,18,3347,34,0
TXN08385,2026-01-04 11:32:00,Payment,147.43,Mumbai,61,1349,79,0
TXN02587,2026-01-04 11:34:00,Withdrawal,139.82,Bengaluru,35,1246,12,0
TXN05881,2026-01-04 11:39:00,Transfer,98.39,Kolkata,47,511,70,0
TXN02191,2026-01-04 11:40:00,Transfer,567.33,Pune,41,1182,73,0
TXN05682,2026-01-04 11:43:00,Payment,127.64,Chennai,57,1420,16,0
TXN06432,2026-01-04 11:45:00,Payment,121.79,Mumbai,58,352,105,0
TXN02087,2026-01-04 11:45:00,Transfer,87.16,Bengaluru,56,1590,12,0
TXN04917,2026-01-04 11:45:00,Payment,80.62,Jaipur,31,1040,73,0
TXN06303,2026-01-04 11:46:00,Transfer,1301.75,Ahmedabad,23,360,86,0
TXN05782,2026-01-04 11:53:00,Transfer,68.29,Delhi,46,1966,54,0
TXN03180,2026-01-04 11:54:00,Payment,8204.93,Mumbai,60,455,134,1
TXN02916,2026-01-04 11:59:00,Transfer,48.58,Jaipur,61,373,14,1
TXN05768,2026-01-04 12:08:00,Payment,479.09,Mumbai,48,1153,25,0
TXN00576,2026-01-04 12:08:00,Payment,278.3,Mumbai,69,788,31,0
TXN09696,2026-01-04 12:11:00,Payment,610.77,Kolkata,58,2220,25,0
TXN07529,2026-01-04 12:11:00,Payment,102.14,Delhi,30,911,72,0
TXN07460,2026-01-04 12:12:00,Payment,213.77,Hyderabad,33,679,97,0
TXN06732,2026-01-04 12:24:00,Payment,73.88,Hyderabad,34,2142,25,0
TXN01714,2026-01-04 12:28:00,Payment,169.1,Hyderabad,63,1017,15,0
TXN00206,2026-01-04 12:32:00,Transfer,154.11,Hyderabad,50,1182,51,0
TXN06578,2026-01-04 12:33:00,Payment,147.2,Delhi,56,1700,100,0
TXN02279,2026-01-04 12:34:00,Payment,67.93,Mumbai,23,1494,26,0
TXN02003,2026-01-04 12:36:00,Payment,94.35,Chennai,31,1817,35,0
TXN02519,2026-01-04 12:38:00,Payment,108.73,Bengaluru,51,473,56,0
TXN08175,2026-01-04 12:41:00,Payment,516.38,Kolkata,54,1105,76,0
TXN09042,2026-01-04 12:42:00,Transfer,317.33,Chennai,40,1318,17,1
TXN05128,2026-01-04 13:00:00,Payment,1335.48,Chennai,49,902,62,0
TXN03901,2026-01-04 13:01:00,Payment,45.82,Hyderabad,42,655,11,0
TXN01106,2026-01-04 13:05:00,Payment,113.53,Delhi,40,983,163,0
TXN06894,2026-01-04 13:07:00,Withdrawal,16.08,Chennai,18,307,14,0
TXN05713,2026-01-04 13:11:00,Transfer,333.43,Mumbai,26,682,35,0
TXN08068,2026-01-04 13:12:00,Payment,217.88,Jaipur,45,1820,105,0
TXN08863,2026-01-04 13:12:00,Transfer,90.18,Hyderabad,54,505,71,0
TXN09277,2026-01-04 13:15:00,Transfer,37.23,Delhi,47,1806,37,0
TXN06923,2026-01-04 13:16:00,Transfer,26.98,Pune,42,672,78,0
TXN05324,2026-01-04 13:21:00,Transfer,166.83,Pune,32,739,22,0
TXN08868,2026-01-04 13:22:00,Payment,370.16,Bengaluru,44,536,17,0
TXN06756,2026-01-04 13:23:00,Transfer,64.59,Hyderabad,19,2124,69,0
TXN04891,2026-01-04 13:27:00,Payment,41.85,Delhi,21,316,58,0
TXN06241,2026-01-04 13:31:00,Transfer,73.22,Mumbai,66,1097,22,0
TXN05211,2026-01-04 13:31:00,Payment,98.71,Kolkata,63,1295,158,0
TXN03320,2026-01-04 13:37:00,Payment,189.19,Hyderabad,30,1780,10,0
TXN07478,2026-01-04 13:38:00,Payment,497.1,Delhi,37,809,65,0
TXN08907,2026-01-04 13:38:00,Payment,176.5,Mumbai,49,1747,69,1
TXN02241,2026-01-04 13:41:00,Payment,575.83,Delhi,66,1137,38,0
TXN06086,2026-01-04 13:46:00,Transfer,28.17,Delhi,66,918,12,0
TXN09345,2026-01-04 13:52:00,Transfer,225.1,Pune,22,840,56,0
TXN03392,2026-01-04 13:58:00,Transfer,11.04,Kolkata,33,893,19,0
TXN09991,2026-01-04 14:02:00,Payment,493.63,Jaipur,30,2429,56,1
TXN03017,2026-01-04 14:05:00,Withdrawal,118.0,Mumbai,53,882,70,0
TXN04077,2026-01-04 14:17:00,Transfer,171.6,Bengaluru,41,1360,28,0
TXN03782,2026-01-04 14:18:00,Payment,60.19,Kolkata,54,1408,61,0
TXN01138,2026-01-04 14:28:00,Withdrawal,189.86,Bengaluru,52,1747,14,0
TXN01740,2026-01-04 14:29:00,Payment,37.3,Jaipur,46,3138,38,0
TXN00949,2026-01-04 14:32:00,Withdrawal,452.56,Delhi,64,685,85,0
TXN02924,2026-01-04 14:32:00,Withdrawal,1252.79,Kolkata,22,1193,97,0
TXN02516,2026-01-04 14:32:00,Transfer,121.16,Hyderabad,36,615,26,0
TXN09619,2026-01-04 14:38:00,Withdrawal,24.49,Kolkata,49,414,49,0
TXN06907,2026-01-04 14:40:00,Payment,123.89,Delhi,35,1668,43,0
TXN01530,2026-01-04 14:43:00,Payment,23.2,Bengaluru,67,1079,83,0
TXN05445,2026-01-04 14:46:00,Payment,498.84,Bengaluru,52,2358,43,0
TXN09669,2026-01-04 14:47:00,Payment,37.43,Delhi,29,1470,60,0
TXN02157,2026-01-04 14:48:00,Payment,218.87,Delhi,56,1213,14,0
TXN06410,2026-01-04 14:51:00,Payment,404.56,Ahmedabad,37,1098,31,0
TXN08335,2026-01-04 14:59:00,Transfer,33.8,Chennai,64,1081,53,0
TXN02902,2026-01-04 15:02:00,Withdrawal,199.86,Kolkata,41,1342,45,0
TXN04994,2026-01-04 15:10:00,Payment,233.48,Chennai,31,3066,65,0
TXN00154,2026-01-04 15:12:00,Withdrawal,566.34,Mumbai,26,1113,30,0
TXN09125,2026-01-04 15:13:00,Withdrawal,159.21,Chennai,68,682,41,0
TXN07582,2026-01-04 15:15:00,Payment,1142.03,Mumbai,43,2017,17,0
TXN05188,2026-01-04 15:17:00,Payment,237.07,Chennai,27,394,17,0
TXN01728,2026-01-04 15:19:00,Transfer,224.16,Pune,47,1066,64,0
TXN05014,2026-01-04 15:20:00,Transfer,221.21,Chennai,54,789,37,0
TXN08643,2026-01-04 15:29:00,Payment,555.16,Hyderabad,43,1929,49,0
TXN02746,2026-01-04 15:30:00,Transfer,1024.51,Delhi,29,395,21,0
TXN00295,2026-01-04 15:30:00,Payment,175.65,Mumbai,52,1542,49,0
TXN04922,2026-01-04 15:37:00,Transfer,377.43,Pune,53,429,71,0
TXN07183,2026-01-04 15:47:00,Payment,35.35,Mumbai,53,800,59,0
TXN02066,2026-01-04 15:53:00,Withdrawal,260.21,Pune,20,1066,50,0
TXN06155,2026-01-04 16:00:00,Transfer,443.69,Hyderabad,19,1007,54,0
TXN08962,2026-01-04 16:01:00,Transfer,1652.8,Bengaluru,57,789,26,0
TXN01906,2026-01-04 16:05:00,Transfer,438.05,Mumbai,33,396,81,0
TXN01254,2026-01-04 16:08:00,Withdrawal,24.69,Bengaluru,33,884,7,0
TXN02906,2026-01-04 16:11:00,Transfer,150.3,Kolkata,40,1672,42,0
TXN01798,2026-01-04 16:11:00,Withdrawal,371.5,Mumbai,51,1268,28,1
TXN09492,2026-01-04 16:12:00,Payment,45.81,Jaipur,21,1055,83,0
TXN07723,2026-01-04 16:14:00,Transfer,120.27,Bengaluru,69,303,16,0
TXN03807,2026-01-04 16:24:00,Payment,1507.56,Delhi,53,2171,54,0
TXN08201,2026-01-04 16:24:00,Payment,8.64,Ahmedabad,61,865,98,0
TXN07330,2026-01-04 16:28:00,Transfer,646.84,Chennai,43,786,15,1
TXN08652,2026-01-04 16:31:00,Payment,188.62,Delhi,24,1754,56,0
TXN09077,2026-01-04 16:33:00,Payment,189.84,Delhi,62,581,12,0
TXN05643,2026-01-04 16:34:00,Withdrawal,1916.21,Mumbai,50,2198,86,0
TXN04245,2026-01-04 16:35:00,Transfer,111.64,Bengaluru,32,810,97,0
TXN03183,2026-01-04 16:42:00,Transfer,569.92,Hyderabad,42,1950,51,0
TXN06295,2026-01-04 16:45:00,Payment,95.85,Jaipur,42,1308,9,0
TXN09917,2026-01-04 16:45:00,Transfer,351.18,Delhi,50,1149,46,0
TXN07200,2026-01-04 16:46:00,Withdrawal,266.49,Delhi,31,1464,109,0
TXN02545,2026-01-04 16:51:00,Payment,201.06,Delhi,19,1236,46,0
TXN04643,2026-01-04 16:51:00,Payment,350.16,Mumbai,66,1762,115,0
TXN05392,2026-01-04 16:52:00,Payment,796.4,Chennai,53,1302,83,0
TXN07224,2026-01-04 16:57:00,Payment,445.99,Hyderabad,66,365,43,0
TXN07775,2026-01-04 16:57:00,Payment,255.99,Mumbai,39,1046,56,0
TXN06799,2026-01-04 16:57:00,Payment,824.71,Hyderabad,69,1257,38,0
TXN04398,2026-01-04 16:58:00,Transfer,194.47,Ahmedabad,61,857,134,0
TXN02019,2026-01-04 17:00:00,Payment,174.72,Chennai,43,1029,41,0
TXN04825,2026-01-04 17:04:00,Payment,92.66,Bengaluru,66,1179,13,0
TXN06001,2026-01-04 17:04:00,Payment,36.59,Kolkata,40,2158,20,0
TXN06336,2026-01-04 17:05:00,Transfer,457.43,Chennai,27,756,63,0
TXN06747,2026-01-04 17:08:00,Payment,121.74,Jaipur,58,1009,22,0
TXN00471,2026-01-04 17:09:00,Transfer,26.71,Delhi,44,381,32,0
TXN00807,2026-01-04 17:10:00,Transfer,206.22,Delhi,65,2035,7,0
TXN07699,2026-01-04 17:12:00,Payment,101.7,Jaipur,65,1061,58,0
TXN09897,2026-01-04 17:16:00,Transfer,720.87,Pune,38,1234,119,0
TXN03414,2026-01-04 17:17:00,Payment,142.17,Bengaluru,49,1106,158,0
TXN06368,2026-01-04 17:24:00,Withdrawal,454.06,Pune,33,484,46,0
TXN01490,2026-01-04 17:32:00,Withdrawal,157.93,Chennai,50,1202,10,0
TXN09497,2026-01-04 17:34:00,Withdrawal,1183.89,Chennai,54,950,23,0
TXN02972,2026-01-04 17:35:00,Withdrawal,429.21,Hyderabad,30,1584,50,0
TXN02521,2026-01-04 17:35:00,Payment,45.54,Hyderabad,46,837,135,0
TXN06993,2026-01-04 17:37:00,Payment,154.19,Bengaluru,18,98,9,0
TXN00418,2026-01-04 17:50:00,Withdrawal,47.32,Chennai,64,1761,142,0
TXN05260,2026-01-04 17:52:00,Payment,155.8,Chennai,36,925,66,0
TXN03573,2026-01-04 17:55:00,Payment,169.06,Chennai,49,678,47,0
TXN04653,2026-01-04 17:59:00,Transfer,31.11,Pune,47,812,41,0
TXN07263,2026-01-04 18:00:00,Payment,99.24,Kolkata,30,1835,127,0
TXN05125,2026-01-04 18:01:00,Withdrawal,37.76,Mumbai,25,1746,68,1
TXN01779,2026-01-04 18:02:00,Payment,619.89,Kolkata,48,863,77,0
TXN09475,2026-01-04 18:06:00,Transfer,424.53,Hyderabad,69,2113,28,0
TXN08801,2026-01-04 18:11:00,Payment,138.79,Delhi,55,1330,64,0
TXN09273,2026-01-04 18:18:00,Payment,113.44,Delhi,53,374,121,0
TXN00318,2026-01-04 18:26:00,Payment,1099.21,Jaipur,27,2103,61,0
TXN04056,2026-01-04 18:28:00,Withdrawal,114.91,Ahmedabad,61,701,31,1
TXN06252,2026-01-04 18:29:00,Payment,50.16,Hyderabad,44,144,79,0
TXN05160,2026-01-04 18:32:00,Withdrawal,422.96,Delhi,49,1378,18,0
TXN08661,2026-01-04 18:32:00,Payment,14.02,Bengaluru,22,635,87,0
TXN01386,2026-01-04 18:37:00,Payment,931.56,Delhi,58,1069,15,0
TXN06488,2026-01-04 18:37:00,Transfer,656.31,Pune,21,843,58,0
TXN03521,2026-01-04 18:40:00,Transfer,219.2,Mumbai,56,1242,58,0
TXN01793,2026-01-04 18:40:00,Payment,200.51,Ahmedabad,59,742,25,0
TXN09553,2026-01-04 18:41:00,Withdrawal,21.5,Mumbai,28,1884,19,0
TXN07071,2026-01-04 18:46:00,Payment,700.24,Mumbai,42,2505,31,0
TXN09908,2026-01-04 18:46:00,Payment,528.94,Bengaluru,27,2035,77,0
TXN04982,2026-01-04 18:47:00,Transfer,97.85,Ahmedabad,68,250,31,1
TXN04743,2026-01-04 18:48:00,Transfer,2458.56,Delhi,18,1132,68,0
TXN03923,2026-01-04 18:48:00,Withdrawal,233.04,Hyderabad,43,1021,32,0
TXN08078,2026-01-04 18:49:00,Payment,44.83,Mumbai,44,739,24,0
TXN00653,2026-01-04 18:49:00,Payment,41.31,Bengaluru,37,419,24,0
TXN09039,2026-01-04 18:50:00,Payment,126.29,Pune,45,743,54,0
TXN08903,2026-01-04 18:52:00,Transfer,993.84,Hyderabad,53,1105,92,0
TXN09788,2026-01-04 18:52:00,Transfer,602.76,Mumbai,34,1191,17,1
TXN08689,2026-01-04 18:55:00,Withdrawal,166.96,Chennai,48,781,43,0
TXN08842,2026-01-04 18:56:00,Payment,110.58,Hyderabad,51,1697,21,0
TXN02427,2026-01-04 18:59:00,Payment,154.42,Delhi,65,661,13,0
TXN00353,2026-01-04 19:00:00,Transfer,34.98,Pune,63,1633,32,0
TXN08702,2026-01-04 19:01:00,Transfer,143.95,Pune,23,251,73,0
TXN00204,2026-01-04 19:01:00,Payment,187.55,Pune,25,463,151,0
TXN04646,2026-01-04 19:01:00,Transfer,2804.7,Kolkata,24,1277,29,0
TXN08662,2026-01-04 19:03:00,Withdrawal,459.4,Bengaluru,47,669,36,0
TXN09283,2026-01-04 19:03:00,Payment,49.8,Delhi,25,286,59,0
TXN07043,2026-01-04 19:04:00,Payment,487.36,Delhi,40,468,92,0
TXN02752,2026-01-04 19:05:00,Payment,145.26,Mumbai,60,240,26,0
TXN01886,2026-01-04 19:05:00,Transfer,646.27,Chennai,53,923,11,0
TXN06069,2026-01-04 19:06:00,Transfer,595.12,Delhi,27,1754,43,0
TXN08973,2026-01-04 19:08:00,Withdrawal,179.98,Hyderabad,23,1115,43,0
TXN09107,2026-01-04 19:13:00,Withdrawal,122.92,Hyderabad,45,1108,108,0
TXN06780,2026-01-04 19:15:00,Payment,3413.88,Chennai,33,1142,71,0
TXN04300,2026-01-04 19:19:00,Withdrawal,505.84,Bengaluru,36,1509,111,0
TXN00347,2026-01-04 19:21:00,Transfer,44.21,Chennai,53,1192,79,0
TXN05659,2026-01-04 19:23:00,Withdrawal,618.8,Bengaluru,30,1622,14,0
TXN00215,2026-01-04 19:23:00,Transfer,108.66,Jaipur,48,250,32,0
TXN03755,2026-01-04 19:24:00,Payment,5992.01,Mumbai,68,1178,91,0
TXN00327,2026-01-04 19:26:00,Payment,194.31,Hyderabad,43,2055,117,1
TXN01266,2026-01-04 19:27:00,Payment,1590.53,Pune,63,755,39,0
TXN01569,2026-01-04 19:34:00,Payment,15.99,Bengaluru,61,735,102,0
TXN04880,2026-01-04 19:37:00,Transfer,226.82,Pune,33,476,60,0
TXN04812,2026-01-04 19:38:00,Transfer,40.03,Bengaluru,52,134,30,0
TXN04544,2026-01-04 19:41:00,Transfer,325.77,Bengaluru,69,391,4,0
TXN01820,2026-01-04 19:42:00,Payment,153.73,Jaipur,69,1159,25,0
TXN06043,2026-01-04 19:46:00,Payment,15.47,Chennai,58,665,48,0
TXN07373,2026-01-04 19:48:00,Withdrawal,450.66,Delhi,27,2442,63,0
TXN07919,2026-01-04 19:50:00,Payment,258.57,Mumbai,50,2629,27,0
TXN03692,2026-01-04 19:53:00,Withdrawal,103.22,Pune,59,849,16,0
TXN06109,2026-01-04 19:54:00,Payment,135.93,Bengaluru,46,1615,62,0
TXN02886,2026-01-04 19:59:00,Payment,91.67,Ahmedabad,22,506,101,0
TXN03270,2026-01-04 20:01:00,Payment,33.68,Pune,28,843,106,0
TXN09372,2026-01-04 20:07:00,Transfer,101.12,Kolkata,61,417,17,0
TXN03515,2026-01-04 20:09:00,Withdrawal,230.99,Ahmedabad,39,479,24,0
TXN02325,2026-01-04 20:15:00,Payment,241.5,Delhi,25,1812,19,0
TXN09733,2026-01-04 20:16:00,Transfer,331.89,Hyderabad,64,2113,55,0
TXN01881,2026-01-04 20:16:00,Payment,351.51,Delhi,26,287,18,0
TXN07957,2026-01-04 20:23:00,Payment,954.6,Bengaluru,48,1025,24,0
TXN07406,2026-01-04 20:26:00,Payment,155.45,Mumbai,39,1534,22,0
TXN03631,2026-01-04 20:33:00,Withdrawal,295.63,Hyderabad,50,1475,113,0
TXN06527,2026-01-04 20:34:00,Payment,10.26,Ahmedabad,57,888,64,0
TXN04833,2026-01-04 20:35:00,Payment,118.5,Mumbai,31,2150,60,0
TXN00180,2026-01-04 20:35:00,Transfer,3.51,Pune,64,354,14,0
TXN06068,2026-01-04 20:39:00,Transfer,306.88,Hyderabad,22,651,125,0
TXN05185,2026-01-04 20:40:00,Payment,70.01,Bengaluru,49,1549,50,0
TXN08184,2026-01-04 20:43:00,Transfer,172.17,Chennai,62,967,52,0
TXN01070,2026-01-04 20:45:00,Payment,198.41,Mumbai,57,3194,59,0
TXN05650,2026-01-04 20:46:00,Payment,698.36,Hyderabad,42,412,28,0
TXN09493,2026-01-04 20:48:00,Payment,457.36,Chennai,29,592,42,0
TXN04254,2026-01-04 20:48:00,Payment,33.97,Chennai,18,2886,26,0
TXN00875,2026-01-04 20:49:00,Transfer,573.57,Mumbai,18,662,46,0
TXN03996,2026-01-04 20:50:00,Payment,3796.01,Pune,36,1491,17,0
TXN07714,2026-01-04 20:50:00,Transfer,51.39,Kolkata,52,1831,25,0
TXN08491,2026-01-04 20:53:00,Transfer,150.26,Mumbai,62,592,4,0
TXN01800,2026-01-04 20:53:00,Transfer,451.82,Chennai,57,675,17,0
TXN00853,2026-01-04 20:58:00,Payment,350.63,Bengaluru,47,1899,48,0
TXN04316,2026-01-04 21:01:00,Payment,106.08,Chennai,65,788,6,0
TXN03007,2026-01-04 21:03:00,Payment,3129.84,Bengaluru,38,1817,94,0
TXN05237,2026-01-04 21:10:00,Payment,857.47,Pune,44,1559,10,0
TXN02737,2026-01-04 21:10:00,Transfer,474.66,Bengaluru,26,921,101,0
TXN06882,2026-01-04 21:14:00,Payment,385.52,Pune,39,2404,51,0
TXN05381,2026-01-04 21:14:00,Payment,789.44,Bengaluru,49,83,30,0
TXN01182,2026-01-04 21:15:00,Payment,49.48,Mumbai,41,1387,133,0
TXN09776,2026-01-04 21:17:00,Transfer,322.57,Chennai,64,1679,23,0
TXN02553,2026-01-04 21:18:00,Payment,1002.29,Hyderabad,27,533,44,0
TXN04276,2026-01-04 21:23:00,Payment,82.22,Delhi,23,860,26,0
TXN05658,2026-01-04 21:25:00,Payment,21.48,Chennai,36,899,66,0
TXN06738,2026-01-04 21:34:00,Payment,691.02,Hyderabad,67,1240,104,0
TXN05483,2026-01-04 21:36:00,Transfer,77.48,Hyderabad,35,1065,29,0
TXN04610,2026-01-04 21:41:00,Withdrawal,3628.2,Delhi,38,1106,25,0
TXN07722,2026-01-04 21:45:00,Transfer,643.11,Jaipur,62,1036,82,0
TXN00472,2026-01-04 21:51:00,Transfer,69.87,Bengaluru,37,1188,40,0
TXN01706,2026-01-04 21:53:00,Payment,153.92,Chennai,40,893,22,0
TXN05707,2026-01-04 22:01:00,Payment,77.76,Hyderabad,28,653,25,0
TXN05248,2026-01-04 22:06:00,Payment,1241.95,Chennai,41,933,80,0
TXN06755,2026-01-04 22:07:00,Transfer,37.99,Bengaluru,54,554,233,0
TXN09410,2026-01-04 22:08:00,Transfer,292.3,Chennai,59,637,38,0
TXN06981,2026-01-04 22:16:00,Withdrawal,775.71,Ahmedabad,45,1087,27,0
TXN02123,2026-01-04 22:22:00,Withdrawal,18.22,Chennai,41,647,70,0
TXN09540,2026-01-04 22:22:00,Payment,95.84,Pune,52,1166,47,0
TXN04413,2026-01-04 22:24:00,Payment,85.93,Bengaluru,51,1228,57,1
TXN04195,2026-01-04 22:27:00,Payment,705.39,Bengaluru,50,1398,23,0
TXN09103,2026-01-04 22:28:00,Transfer,440.9,Delhi,53,532,82,0
TXN08700,2026-01-04 22:28:00,Payment,637.66,Mumbai,26,2144,71,0
TXN06607,2026-01-04 22:29:00,Transfer,78.09,Kolkata,69,307,4,0
TXN05007,2026-01-04 22:31:00,Payment,42.68,Mumbai,60,1845,31,0
TXN07565,2026-01-04 22:36:00,Payment,1413.49,Bengaluru,28,1440,35,0
TXN06079,2026-01-04 22:36:00,Payment,735.26,Jaipur,60,982,34,0
TXN02006,2026-01-04 22:43:00,Withdrawal,62.72,Bengaluru,54,828,21,0
TXN01542,2026-01-04 22:44:00,Payment,200.69,Ahmedabad,66,880,94,0
TXN07951,2026-01-04 22:45:00,Withdrawal,295.02,Delhi,50,1226,65,0
TXN01037,2026-01-04 22:46:00,Payment,2650.15,Delhi,65,373,41,0
TXN05266,2026-01-04 22:50:00,Payment,474.35,Kolkata,43,2151,18,0
TXN03013,2026-01-04 22:52:00,Withdrawal,249.96,Mumbai,48,605,30,0
TXN04694,2026-01-04 22:52:00,Transfer,398.11,Chennai,52,329,65,0
TXN02037,2026-01-04 22:53:00,Payment,534.51,Hyderabad,18,301,30,1
TXN09016,2026-01-05 08:03:00,Transfer,218.31,Mumbai,53,623,48,0
TXN09686,2026-01-05 08:08:00,Payment,341.74,Mumbai,68,732,62,0
TXN09242,2026-01-05 08:10:00,Transfer,118.44,Mumbai,57,1463,100,0
TXN05109,2026-01-05 08:15:00,Payment,27.4,Kolkata,19,1133,35,0
TXN00682,2026-01-05 08:18:00,Payment,102.04,Pune,64,718,9,0
TXN00222,2026-01-05 08:22:00,Withdrawal,390.77,Bengaluru,52,1873,9,0
TXN07153,2026-01-05 08:24:00,Transfer,326.95,Hyderabad,47,1792,18,0
TXN05200,2026-01-05 08:28:00,Transfer,143.04,Hyderabad,29,1501,40,0
TXN09199,2026-01-05 08:31:00,Payment,57.82,Kolkata,45,1443,24,0
TXN06572,2026-01-05 08:33:00,Transfer,685.77,Bengaluru,50,639,55,0
TXN00430,2026-01-05 08:33:00,Transfer,1385.42,Ahmedabad,19,982,27,0
TXN03843,2026-01-05 08:33:00,Payment,531.9,Pune,25,1206,59,0
TXN07904,2026-01-05 08:39:00,Withdrawal,617.44,Ahmedabad,19,255,77,0
TXN09719,2026-01-05 08:43:00,Payment,382.3,Kolkata,54,859,20,0
TXN01827,2026-01-05 08:46:00,Payment,64.19,Chennai,47,4000,41,0
TXN05439,2026-01-05 08:50:00,Transfer,124.51,Chennai,48,1397,132,0
TXN07279,2026-01-05 08:54:00,Transfer,256.08,Jaipur,57,1086,16,0
TXN00201,2026-01-05 08:55:00,Transfer,147.3,Delhi,56,2195,73,0
TXN08246,2026-01-05 08:56:00,Payment,59.99,Delhi,33,926,43,0
TXN08633,2026-01-05 08:56:00,Payment,47.97,Ahmedabad,63,1454,40,0
TXN07230,2026-01-05 09:00:00,Payment,380.96,Mumbai,25,1048,27,0
TXN06626,2026-01-05 09:00:00,Transfer,168.2,Chennai,61,835,13,0
TXN06386,2026-01-05 09:02:00,Payment,249.8,Chennai,21,552,28,0
TXN03227,2026-01-05 09:02:00,Transfer,187.57,Mumbai,55,2303,64,0
TXN04131,2026-01-05 09:03:00,Payment,99.02,Chennai,44,602,33,0
TXN06761,2026-01-05 09:05:00,Transfer,155.31,Hyderabad,28,2160,19,0
TXN02018,2026-01-05 09:06:00,Withdrawal,97.08,Jaipur,60,702,138,0
TXN01615,2026-01-05 09:07:00,Payment,15.17,Chennai,69,589,48,0
TXN04804,2026-01-05 09:08:00,Payment,86.4,Kolkata,67,701,43,1
TXN06680,2026-01-05 09:19:00,Withdrawal,411.93,Chennai,51,1120,21,0
TXN09435,2026-01-05 09:23:00,Transfer,39.97,Ahmedabad,55,1149,78,0
TXN04841,2026-01-05 09:26:00,Transfer,88.43,Mumbai,57,2484,30,0
TXN08829,2026-01-05 09:26:00,Payment,1922.75,Chennai,52,521,38,0
TXN08945,2026-01-05 09:27:00,Payment,989.66,Kolkata,35,856,14,0
TXN01335,2026-01-05 09:28:00,Transfer,283.35,Delhi,44,1613,56,0
TXN03479,2026-01-05 09:31:00,Transfer,503.46,Bengaluru,58,495,49,0
TXN08459,2026-01-05 09:33:00,Withdrawal,587.94,Hyderabad,30,865,12,0
TXN00340,2026-01-05 09:35:00,Payment,234.87,Kolkata,42,1599,65,0
TXN07659,2026-01-05 09:36:00,Transfer,681.34,Ahmedabad,53,1480,97,0
TXN08572,2026-01-05 09:37:00,Withdrawal,142.07,Delhi,28,266,23,0
TXN07192,2026-01-05 09:41:00,Payment,1017.59,Bengaluru,38,1152,31,0
TXN04407,2026-01-05 09:46:00,Transfer,474.63,Bengaluru,30,1359,36,0
TXN01189,2026-01-05 09:47:00,Payment,1177.0,Pune,69,629,45,0
TXN03921,2026-01-05 09:49:00,Transfer,351.6,Pune,29,1175,115,0
TXN02551,2026-01-05 09:50:00,Transfer,110.51,Jaipur,47,2072,6,0
TXN04429,2026-01-05 09:51:00,Withdrawal,162.55,Ahmedabad,68,979,41,0
TXN03127,2026-01-05 09:52:00,Payment,164.51,Jaipur,18,778,35,0
TXN02636,2026-01-05 09:57:00,Payment,62.96,Ahmedabad,63,610,42,0
TXN04867,2026-01-05 10:00:00,Withdrawal,2526.92,Mumbai,63,1145,57,0
TXN04981,2026-01-05 10:04:00,Transfer,14.7,Pune,45,1298,103,0
TXN07524,2026-01-05 10:06:00,Payment,116.78,Pune,62,650,25,0
TXN07483,2026-01-05 10:08:00,Payment,113.67,Delhi,63,872,77,0
TXN03691,2026-01-05 10:09:00,Payment,187.72,Delhi,33,895,78,0
TXN03527,2026-01-05 10:13:00,Payment,714.69,Pune,50,449,68,0
TXN07839,2026-01-05 10:15:00,Withdrawal,122.95,Bengaluru,48,1558,89,0
TXN02141,2026-01-05 10:15:00,Withdrawal,705.18,Jaipur,65,2156,107,1
TXN01475,2026-01-05 10:16:00,Withdrawal,30.06,Kolkata,67,1059,111,0
TXN05508,2026-01-05 10:22:00,Transfer,155.33,Bengaluru,22,1109,17,0
TXN09517,2026-01-05 10:26:00,Payment,125.41,Delhi,66,818,24,0
TXN09955,2026-01-05 10:26:00,Payment,427.77,Ahmedabad,31,851,80,0
TXN05750,2026-01-05 10:28:00,Transfer,239.21,Delhi,29,877,24,0
TXN03866,2026-01-05 10:29:00,Payment,36.57,Mumbai,48,491,37,0
TXN06321,2026-01-05 10:38:00,Payment,1246.52,Pune,52,652,58,0
TXN08921,2026-01-05 10:39:00,Transfer,49.99,Mumbai,45,1686,77,0
TXN09947,2026-01-05 10:41:00,Payment,168.12,Hyderabad,32,1462,152,0
TXN08694,2026-01-05 10:42:00,Withdrawal,26.41,Mumbai,69,758,44,0
TXN02798,2026-01-05 10:42:00,Transfer,135.62,Bengaluru,47,1461,20,0
TXN01852,2026-01-05 10:44:00,Transfer,82.83,Ahmedabad,53,946,57,1
TXN09796,2026-01-05 10:49:00,Payment,585.42,Mumbai,41,482,36,0
TXN04076,2026-01-05 10:49:00,Transfer,184.01,Delhi,52,914,83,0
TXN00971,2026-01-05 10:50:00,Transfer,268.97,Hyderabad,20,1316,53,0
TXN05620,2026-01-05 10:50:00,Payment,204.04,Delhi,64,3402,5,0
TXN06394,2026-01-05 10:51:00,Payment,61.38,Mumbai,51,1653,28,0
TXN09000,2026-01-05 10:55:00,Withdrawal,292.55,Jaipur,19,1903,12,0
TXN01961,2026-01-05 11:05:00,Payment,131.76,Delhi,56,737,101,0
TXN01698,2026-01-05 11:09:00,Withdrawal,631.0,Hyderabad,61,1342,14,0
TXN07750,2026-01-05 11:11:00,Withdrawal,142.39,Bengaluru,36,1219,31,0
TXN03090,2026-01-05 11:11:00,Transfer,221.97,Ahmedabad,29,1336,27,0
TXN01981,2026-01-05 11:12:00,Transfer,1237.63,Kolkata,44,371,17,0
TXN00830,2026-01-05 11:13:00,Transfer,474.98,Kolkata,38,1249,38,0
TXN08563,2026-01-05 11:14:00,Withdrawal,348.4,Hyderabad,26,2953,39,0
TXN05977,2026-01-05 11:16:00,Payment,105.83,Bengaluru,40,875,44,0
TXN02901,2026-01-05 11:24:00,Transfer,43.17,Chennai,27,147,98,0
TXN00276,2026-01-05 11:26:00,Payment,295.75,Chennai,61,344,30,0
TXN05309,2026-01-05 11:30:00,Withdrawal,375.05,Pune,32,723,25,0
TXN07110,2026-01-05 11:32:00,Withdrawal,41.3,Bengaluru,69,926,36,0
TXN06745,2026-01-05 11:34:00,Transfer,17.26,Pune,30,272,52,0
TXN05819,2026-01-05 11:36:00,Payment,303.33,Chennai,50,1924,54,0
TXN09499,2026-01-05 11:39:00,Transfer,911.77,Jaipur,47,669,24,0
TXN01454,2026-01-05 11:39:00,Withdrawal,141.83,Mumbai,67,1201,14,0
TXN05618,2026-01-05 11:39:00,Withdrawal,126.34,Bengaluru,65,996,110,0
TXN04224,2026-01-05 11:41:00,Payment,449.91,Mumbai,48,1754,55,0
TXN09180,2026-01-05 11:42:00,Transfer,148.02,Chennai,47,2649,47,0
TXN08118,2026-01-05 11:46:00,Payment,423.78,Delhi,30,515,5,0
TXN08433,2026-01-05 11:55:00,Withdrawal,412.78,Chennai,50,224,27,0
TXN05000,2026-01-05 11:55:00,Withdrawal,320.44,Delhi,52,276,74,0
TXN08715,2026-01-05 11:58:00,Transfer,37.22,Hyderabad,25,1815,18,0
TXN00538,2026-01-05 12:00:00,Payment,233.94,Chennai,63,1693,65,0
TXN05712,2026-01-05 12:01:00,Payment,976.72,Hyderabad,34,2510,53,0
TXN01413,2026-01-05 12:08:00,Payment,425.19,Mumbai,64,465,27,0
TXN01398,2026-01-05 12:10:00,Withdrawal,83.17,Mumbai,55,754,6,0
TXN07048,2026-01-05 12:16:00,Transfer,27.49,Pune,29,582,77,0
TXN01601,2026-01-05 12:18:00,Withdrawal,349.23,Hyderabad,28,607,31,0
TXN05553,2026-01-05 12:19:00,Transfer,211.57,Bengaluru,35,695,93,0
TXN06416,2026-01-05 12:20:00,Payment,72.14,Hyderabad,25,1125,51,0
TXN02712,2026-01-05 12:23:00,Payment,55.56,Ahmedabad,58,579,33,0
TXN01923,2026-01-05 12:24:00,Withdrawal,146.92,Jaipur,65,741,35,0
TXN09374,2026-01-05 12:26:00,Withdrawal,91.79,Mumbai,30,1071,52,0
TXN02567,2026-01-05 12:26:00,Payment,81.22,Ahmedabad,65,165,33,0
TXN04028,2026-01-05 12:29:00,Payment,115.37,Hyderabad,33,1641,69,0
TXN07417,2026-01-05 12:33:00,Transfer,475.12,Hyderabad,32,975,14,0
TXN07433,2026-01-05 12:34:00,Payment,338.0,Pune,19,2056,23,0
TXN02970,2026-01-05 12:43:00,Transfer,250.95,Chennai,40,653,31,0
TXN08766,2026-01-05 12:47:00,Transfer,645.48,Delhi,24,938,44,0
TXN01249,2026-01-05 12:53:00,Payment,557.83,Delhi,49,413,52,0
TXN07762,2026-01-05 12:57:00,Payment,85.63,Mumbai,41,802,10,0
TXN06341,2026-01-05 13:02:00,Payment,162.13,Bengaluru,43,1656,29,0
TXN07173,2026-01-05 13:11:00,Payment,1051.76,Mumbai,21,531,96,0
TXN03881,2026-01-05 13:15:00,Transfer,927.58,Mumbai,54,1391,45,0
TXN06360,2026-01-05 13:21:00,Withdrawal,761.46,Chennai,48,1549,37,0
TXN06362,2026-01-05 13:22:00,Payment,63.9,Ahmedabad,47,368,19,0
TXN08129,2026-01-05 13:22:00,Transfer,194.73,Chennai,55,1033,46,0
TXN01364,2026-01-05 13:24:00,Payment,110.34,Bengaluru,43,2272,96,0
TXN09823,2026-01-05 13:26:00,Payment,88.47,Hyderabad,36,1416,21,0
TXN00797,2026-01-05 13:29:00,Transfer,22.1,Pune,46,800,41,0
TXN07128,2026-01-05 13:33:00,Payment,55.04,Hyderabad,48,2092,62,0
TXN08212,2026-01-05 13:33:00,Transfer,28.73,Hyderabad,38,1335,7,0
TXN06487,2026-01-05 13:35:00,Transfer,557.01,Bengaluru,21,626,32,0
TXN08776,2026-01-05 13:35:00,Payment,159.86,Bengaluru,33,997,36,0
TXN04211,2026-01-05 13:37:00,Payment,16.64,Kolkata,45,366,87,0
TXN09153,2026-01-05 13:40:00,Transfer,33.68,Jaipur,19,1432,28,0
TXN00870,2026-01-05 13:42:00,Withdrawal,379.72,Hyderabad,24,438,96,0
TXN05280,2026-01-05 13:42:00,Payment,169.54,Bengaluru,67,633,63,1
TXN00997,2026-01-05 13:44:00,Withdrawal,373.25,Chennai,36,1422,11,0
TXN05174,2026-01-05 13:46:00,Transfer,193.21,Chennai,26,2056,9,0
TXN02386,2026-01-05 13:50:00,Transfer,1364.19,Hyderabad,54,1659,67,0
TXN00585,2026-01-05 13:50:00,Withdrawal,72.58,Pune,35,240,19,0
TXN00338,2026-01-05 13:54:00,Transfer,184.8,Jaipur,24,522,6,0
TXN00043,2026-01-05 13:58:00,Payment,336.83,Delhi,22,2791,66,0
TXN00714,2026-01-05 14:00:00,Payment,421.88,Mumbai,33,1254,90,0
TXN09533,2026-01-05 14:01:00,Withdrawal,332.47,Ahmedabad,47,510,29,0
TXN08424,2026-01-05 14:02:00,Payment,294.71,Ahmedabad,25,659,61,0
TXN04298,2026-01-05 14:02:00,Withdrawal,683.96,Mumbai,62,458,24,0
TXN09881,2026-01-05 14:06:00,Transfer,197.42,Mumbai,29,1050,78,0
TXN02220,2026-01-05 14:07:00,Payment,559.26,Delhi,28,622,28,1
TXN04115,2026-01-05 14:15:00,Transfer,1586.95,Mumbai,58,751,33,1
TXN06957,2026-01-05 14:20:00,Payment,142.37,Bengaluru,65,519,18,0
TXN02030,2026-01-05 14:20:00,Transfer,193.91,Hyderabad,38,781,9,0
TXN00494,2026-01-05 14:23:00,Transfer,92.1,Pune,43,1095,60,0
TXN01758,2026-01-05 14:24:00,Withdrawal,56.61,Bengaluru,29,2489,31,0
TXN00938,2026-01-05 14:24:00,Transfer,155.2,Bengaluru,18,1194,23,0
TXN05727,2026-01-05 14:25:00,Transfer,468.54,Bengaluru,51,572,76,0
TXN07881,2026-01-05 14:26:00,Payment,403.0,Mumbai,31,1188,47,0
TXN01222,2026-01-05 14:27:00,Payment,75.37,Hyderabad,65,397,33,0
TXN02940,2026-01-05 14:27:00,Withdrawal,1837.98,Bengaluru,32,495,57,1
TXN05270,2026-01-05 14:29:00,Withdrawal,134.11,Pune,32,1427,73,1
TXN09685,2026-01-05 14:34:00,Transfer,199.19,Bengaluru,18,691,112,0
TXN05473,2026-01-05 14:37:00,Payment,289.29,Pune,58,1850,6,0
TXN00987,2026-01-05 14:37:00,Withdrawal,45.53,Ahmedabad,65,864,54,0
TXN01628,2026-01-05 14:38:00,Transfer,34.53,Hyderabad,32,419,12,0
TXN04948,2026-01-05 14:38:00,Payment,413.79,Delhi,61,992,138,0
TXN06790,2026-01-05 14:39:00,Payment,496.24,Jaipur,61,1695,83,0
TXN00268,2026-01-05 14:48:00,Transfer,480.14,Hyderabad,64,1191,40,0
TXN09767,2026-01-05 14:49:00,Payment,129.91,Delhi,63,1237,22,0
TXN04999,2026-01-05 14:49:00,Withdrawal,142.58,Bengaluru,31,1389,125,0
TXN06373,2026-01-05 14:52:00,Payment,238.27,Delhi,46,1025,20,0
TXN00156,2026-01-05 14:54:00,Withdrawal,384.91,Chennai,67,1239,15,0
TXN01009,2026-01-05 14:58:00,Payment,62.64,Mumbai,33,1011,17,0
TXN08784,2026-01-05 15:18:00,Withdrawal,655.57,Chennai,39,1784,12,0
TXN07692,2026-01-05 15:18:00,Payment,108.92,Delhi,64,927,23,0
TXN00438,2026-01-05 15:18:00,Payment,466.84,Pune,48,512,246,0
TXN06395,2026-01-05 15:19:00,Payment,232.72,Delhi,19,712,62,0
TXN07628,2026-01-05 15:20:00,Transfer,142.14,Mumbai,66,486,45,0
TXN03611,2026-01-05 15:20:00,Transfer,422.73,Kolkata,52,340,21,0
TXN01409,2026-01-05 15:23:00,Payment,130.4,Delhi,53,2543,95,0
TXN08377,2026-01-05 15:25:00,Payment,81.01,Chennai,52,1094,54,0
TXN07348,2026-01-05 15:27:00,Payment,182.36,Bengaluru,67,1430,8,0
TXN05057,2026-01-05 15:33:00,Payment,787.11,Bengaluru,29,716,161,0
TXN01089,2026-01-05 15:41:00,Payment,52.49,Pune,64,836,114,0
TXN01019,2026-01-05 15:44:00,Payment,164.61,Pune,35,878,54,0
TXN05496,2026-01-05 15:48:00,Payment,206.69,Ahmedabad,45,735,32,0
TXN07489,2026-01-05 15:50:00,Transfer,148.9,Mumbai,52,981,18,0
TXN09147,2026-01-05 15:50:00,Transfer,32.11,Mumbai,69,865,56,0
TXN06081,2026-01-05 15:50:00,Transfer,1214.88,Ahmedabad,21,533,72,0
TXN08254,2026-01-05 15:52:00,Payment,217.77,Chennai,52,745,14,0
TXN03849,2026-01-05 15:58:00,Payment,795.75,Ahmedabad,32,482,50,0
TXN08827,2026-01-05 16:11:00,Payment,22.44,Bengaluru,57,815,42,0
TXN04791,2026-01-05 16:15:00,Transfer,392.0,Mumbai,66,568,20,0
TXN06116,2026-01-05 16:17:00,Payment,49.98,Ahmedabad,55,1238,15,0
TXN02264,2026-01-05 16:27:00,Transfer,53.08,Ahmedabad,67,1144,62,0
TXN03778,2026-01-05 16:29:00,Payment,201.74,Mumbai,20,761,64,0
TXN08248,2026-01-05 16:31:00,Payment,334.55,Bengaluru,36,129,74,0
TXN06414,2026-01-05 16:31:00,Transfer,37.27,Mumbai,33,1015,103,0
TXN07803,2026-01-05 16:42:00,Transfer,799.82,Delhi,39,573,27,0
TXN07789,2026-01-05 16:42:00,Withdrawal,335.11,Bengaluru,69,807,26,0
TXN01013,2026-01-05 16:43:00,Withdrawal,162.61,Kolkata,36,685,80,0
TXN08900,2026-01-05 16:51:00,Payment,116.98,Mumbai,58,399,55,0
TXN05358,2026-01-05 16:57:00,Withdrawal,154.0,Delhi,49,1240,78,0
TXN02589,2026-01-05 16:58:00,Payment,78.45,Hyderabad,38,919,70,0
TXN01871,2026-01-05 17:03:00,Payment,278.09,Ahmedabad,45,836,28,0
TXN05417,2026-01-05 17:04:00,Payment,25.07,Hyderabad,67,596,59,0
TXN07991,2026-01-05 17:05:00,Withdrawal,123.55,Hyderabad,68,948,92,0
TXN05858,2026-01-05 17:05:00,Payment,125.69,Mumbai,34,802,9,0
TXN00892,2026-01-05 17:06:00,Payment,24.02,Bengaluru,28,755,120,0
TXN04163,2026-01-05 17:09:00,Withdrawal,51.5,Bengaluru,26,420,67,0
TXN05909,2026-01-05 17:13:00,Payment,335.74,Mumbai,18,262,21,1
TXN03130,2026-01-05 17:15:00,Payment,313.82,Pune,27,3152,11,0
TXN00512,2026-01-05 17:16:00,Payment,97.35,Hyderabad,56,715,31,0
TXN01453,2026-01-05 17:23:00,Payment,79.73,Hyderabad,32,1185,15,0
TXN00013,2026-01-05 17:25:00,Payment,136.87,Hyderabad,54,938,17,0
TXN03248,2026-01-05 17:26:00,Payment,2464.41,Hyderabad,34,1502,52,0
TXN08670,2026-01-05 17:26:00,Payment,211.96,Pune,56,878,177,0
TXN01076,2026-01-05 17:29:00,Transfer,49.55,Chennai,23,540,33,0
TXN02494,2026-01-05 17:34:00,Transfer,392.38,Bengaluru,43,986,77,0
TXN00448,2026-01-05 17:41:00,Payment,1111.52,Ahmedabad,45,1603,42,0
TXN07400,2026-01-05 17:42:00,Payment,293.79,Chennai,67,1251,34,0
TXN01371,2026-01-05 17:44:00,Payment,48.73,Pune,58,950,7,0
TXN00972,2026-01-05 17:44:00,Payment,464.32,Hyderabad,67,515,15,0
TXN03829,2026-01-05 17:48:00,Payment,156.57,Chennai,65,402,78,0
TXN09090,2026-01-05 17:49:00,Payment,143.43,Hyderabad,19,52,41,0
TXN05696,2026-01-05 17:49:00,Payment,116.02,Chennai,67,1033,16,0
TXN06399,2026-01-05 17:53:00,Payment,126.0,Pune,59,927,12,0
TXN04626,2026-01-05 17:55:00,Payment,960.46,Jaipur,47,1026,39,0
TXN01208,2026-01-05 17:56:00,Payment,51.22,Mumbai,39,1080,96,0
TXN02212,2026-01-05 17:58:00,Transfer,53.44,Pune,51,394,25,0
TXN04752,2026-01-05 18:04:00,Transfer,50.79,Mumbai,32,1679,69,0
TXN05628,2026-01-05 18:07:00,Transfer,563.88,Hyderabad,22,1640,35,0
TXN01436,2026-01-05 18:07:00,Transfer,94.82,Bengaluru,52,1868,25,0
TXN05292,2026-01-05 18:11:00,Transfer,74.43,Kolkata,36,773,17,0
TXN01225,2026-01-05 18:14:00,Withdrawal,163.96,Ahmedabad,49,533,33,0
TXN06268,2026-01-05 18:15:00,Payment,19.37,Kolkata,42,792,20,0
TXN03211,2026-01-05 18:16:00,Transfer,264.5,Bengaluru,60,1194,11,0
TXN02819,2026-01-05 18:19:00,Transfer,309.31,Ahmedabad,52,1542,5,0
TXN02001,2026-01-05 18:22:00,Payment,61.36,Bengaluru,44,903,7,0
TXN01703,2026-01-05 18:23:00,Payment,87.6,Bengaluru,41,673,23,0
TXN04615,2026-01-05 18:23:00,Payment,32.93,Kolkata,62,606,28,0
TXN09519,2026-01-05 18:27:00,Withdrawal,165.2,Delhi,60,447,15,1
TXN01121,2026-01-05 18:28:00,Payment,172.12,Kolkata,28,721,41,0
TXN02797,2026-01-05 18:31:00,Payment,897.02,Bengaluru,62,2289,30,0
TXN09689,2026-01-05 18:34:00,Payment,134.98,Kolkata,23,1234,66,0
TXN03563,2026-01-05 18:39:00,Withdrawal,715.92,Hyderabad,60,1057,12,0
TXN03518,2026-01-05 18:42:00,Payment,71.6,Jaipur,27,593,13,0
TXN02456,2026-01-05 18:44:00,Payment,438.24,Hyderabad,24,395,45,0
TXN05176,2026-01-05 18:45:00,Payment,808.16,Bengaluru,67,1217,50,0
TXN01806,2026-01-05 18:46:00,Transfer,178.53,Hyderabad,39,1382,16,0
TXN04129,2026-01-05 18:47:00,Payment,37.14,Delhi,40,603,27,0
TXN03936,2026-01-05 18:49:00,Payment,194.4,Mumbai,33,1779,52,0
TXN05224,2026-01-05 18:54:00,Payment,27.5,Mumbai,26,1241,51,0
TXN01346,2026-01-05 19:02:00,Transfer,425.88,Chennai,58,871,92,0
TXN07557,2026-01-05 19:07:00,Transfer,71.08,Mumbai,30,1112,92,0
TXN07378,2026-01-05 19:10:00,Payment,80.79,Bengaluru,45,1254,31,1
TXN05409,2026-01-05 19:10:00,Payment,1629.06,Chennai,67,573,13,0
TXN06930,2026-01-05 19:11:00,Payment,438.59,Kolkata,26,105,45,0
TXN07943,2026-01-05 19:20:00,Payment,622.94,Bengaluru,38,297,75,0
TXN09655,2026-01-05 19:21:00,Payment,1162.91,Hyderabad,39,1165,62,0
TXN01736,2026-01-05 19:22:00,Payment,153.35,Hyderabad,25,1356,7,0
TXN02518,2026-01-05 19:22:00,Transfer,265.99,Hyderabad,45,703,19,0
TXN03734,2026-01-05 19:23:00,Withdrawal,134.85,Ahmedabad,62,768,15,0
TXN07552,2026-01-05 19:24:00,Withdrawal,573.14,Pune,52,672,24,0
TXN05548,2026-01-05 19:25:00,Transfer,104.68,Jaipur,50,1565,48,0
TXN01044,2026-01-05 19:26:00,Withdrawal,57.72,Chennai,65,1795,62,0
TXN06468,2026-01-05 19:27:00,Payment,247.77,Hyderabad,26,414,49,0
TXN05240,2026-01-05 19:29:00,Payment,695.07,Jaipur,56,281,67,0
TXN09503,2026-01-05 19:29:00,Payment,700.39,Mumbai,39,308,31,0
TXN04627,2026-01-05 19:29:00,Transfer,164.87,Delhi,48,484,8,0
TXN04474,2026-01-05 19:35:00,Payment,188.9,Pune,22,620,39,0
TXN03953,2026-01-05 19:39:00,Payment,292.27,Bengaluru,38,1626,49,0
TXN04360,2026-01-05 19:39:00,Transfer,1287.48,Bengaluru,36,3172,68,0
TXN02288,2026-01-05 19:41:00,Payment,310.58,Delhi,25,841,43,0
TXN09804,2026-01-05 19:42:00,Transfer,378.56,Jaipur,22,226,35,0
TXN07675,2026-01-05 19:44:00,Payment,90.46,Delhi,27,620,7,0
TXN07393,2026-01-05 19:47:00,Payment,214.28,Mumbai,19,2551,55,0
TXN04925,2026-01-05 19:49:00,Transfer,30.0,Chennai,22,669,130,0
TXN00473,2026-01-05 19:54:00,Payment,404.05,Mumbai,43,1591,52,0
TXN02957,2026-01-05 19:54:00,Transfer,135.66,Mumbai,34,374,38,0
TXN05208,2026-01-05 19:55:00,Payment,39.59,Delhi,62,2621,11,0
TXN06624,2026-01-05 19:56:00,Transfer,693.81,Chennai,32,581,30,0
TXN06299,2026-01-05 19:56:00,Transfer,87.28,Mumbai,28,888,31,0
TXN05882,2026-01-05 20:01:00,Payment,788.57,Bengaluru,49,541,90,0
TXN04942,2026-01-05 20:03:00,Payment,237.31,Jaipur,32,1552,21,0
TXN04702,2026-01-05 20:03:00,Payment,350.62,Mumbai,31,1634,61,0
TXN08937,2026-01-05 20:05:00,Withdrawal,73.93,Bengaluru,66,612,36,0
TXN05030,2026-01-05 20:06:00,Payment,147.44,Bengaluru,23,1204,36,0
TXN08498,2026-01-05 20:08:00,Transfer,75.55,Chennai,42,1345,4,1
TXN05308,2026-01-05 20:08:00,Withdrawal,321.74,Hyderabad,43,2396,59,0
TXN04504,2026-01-05 20:15:00,Withdrawal,240.82,Chennai,34,568,31,0
TXN08674,2026-01-05 20:21:00,Payment,306.77,Mumbai,23,134,51,0
TXN07556,2026-01-05 20:25:00,Payment,226.13,Bengaluru,28,503,35,0
TXN05767,2026-01-05 20:29:00,Payment,39.5,Delhi,61,359,75,0
TXN01551,2026-01-05 20:32:00,Payment,226.83,Ahmedabad,41,778,35,0
TXN09365,2026-01-05 20:32:00,Payment,419.27,Jaipur,44,581,91,0
TXN05546,2026-01-05 20:33:00,Payment,491.04,Bengaluru,22,957,41,0
TXN04667,2026-01-05 20:36:00,Transfer,21.74,Bengaluru,53,1049,8,0
TXN00743,2026-01-05 20:36:00,Withdrawal,799.14,Hyderabad,34,270,22,0
TXN06699,2026-01-05 20:45:00,Payment,334.35,Pune,34,455,6,0
TXN03478,2026-01-05 20:51:00,Payment,224.57,Bengaluru,24,529,57,0
TXN08187,2026-01-05 20:51:00,Payment,201.4,Delhi,67,561,42,0
TXN02658,2026-01-05 20:52:00,Transfer,147.29,Jaipur,48,1506,127,1
TXN03873,2026-01-05 20:54:00,Payment,49.15,Jaipur,20,742,71,0
TXN04879,2026-01-05 20:57:00,Withdrawal,225.15,Bengaluru,45,570,23,0
TXN08634,2026-01-05 21:01:00,Payment,136.66,Pune,43,541,25,0
TXN08526,2026-01-05 21:14:00,Payment,247.57,Jaipur,43,506,39,0
TXN02613,2026-01-05 21:28:00,Payment,99.05,Mumbai,44,407,63,0
TXN00537,2026-01-05 21:30:00,Withdrawal,101.6,Pune,63,1048,107,0
TXN02225,2026-01-05 21:34:00,Transfer,1158.92,Bengaluru,59,790,100,0
TXN05646,2026-01-05 21:34:00,Transfer,607.96,Mumbai,61,2834,3,0
TXN05763,2026-01-05 21:35:00,Transfer,154.81,Chennai,23,2886,27,0
TXN03464,2026-01-05 21:41:00,Payment,310.64,Kolkata,32,1896,18,0
TXN01360,2026-01-05 21:43:00,Transfer,92.39,Ahmedabad,22,448,51,0
TXN07505,2026-01-05 21:44:00,Payment,346.05,Mumbai,51,1143,56,0
TXN06574,2026-01-05 21:44:00,Transfer,216.44,Kolkata,56,1725,26,0
TXN09005,2026-01-05 21:45:00,Payment,88.66,Bengaluru,22,807,72,1
TXN00416,2026-01-05 21:46:00,Withdrawal,36.84,Mumbai,29,1891,9,0
TXN06286,2026-01-05 21:48:00,Transfer,257.51,Kolkata,49,1373,26,0
TXN00262,2026-01-05 21:49:00,Payment,52.75,Pune,67,362,52,0
TXN07990,2026-01-05 21:49:00,Payment,27.78,Kolkata,24,1516,50,0
TXN08983,2026-01-05 21:50:00,Payment,409.54,Bengaluru,32,738,15,0
TXN08856,2026-01-05 21:51:00,Transfer,175.4,Jaipur,60,1169,20,0
TXN08579,2026-01-05 21:54:00,Withdrawal,152.18,Jaipur,32,1473,53,0
TXN02683,2026-01-05 21:55:00,Payment,185.73,Delhi,54,565,38,0
TXN03758,2026-01-05 21:56:00,Payment,56.25,Bengaluru,43,1587,31,0
TXN06248,2026-01-05 21:59:00,Withdrawal,427.97,Chennai,20,1954,45,0
TXN06513,2026-01-05 22:06:00,Withdrawal,417.93,Pune,40,782,10,1
TXN02418,2026-01-05 22:10:00,Payment,306.88,Bengaluru,34,640,88,0
TXN09838,2026-01-05 22:11:00,Transfer,388.08,Chennai,32,3437,80,0
TXN03779,2026-01-05 22:13:00,Payment,376.66,Mumbai,35,469,54,0
TXN03660,2026-01-05 22:13:00,Transfer,65.54,Delhi,19,293,36,0
TXN01634,2026-01-05 22:13:00,Payment,70.56,Ahmedabad,58,732,28,0
TXN08617,2026-01-05 22:16:00,Payment,465.41,Hyderabad,25,926,20,0
TXN02892,2026-01-05 22:18:00,Transfer,801.95,Pune,51,1413,79,0
TXN05510,2026-01-05 22:21:00,Transfer,146.07,Ahmedabad,36,690,21,0
TXN04458,2026-01-05 22:21:00,Transfer,505.78,Bengaluru,35,560,44,0
TXN05946,2026-01-05 22:28:00,Transfer,227.33,Bengaluru,42,500,35,0
TXN05617,2026-01-05 22:30:00,Payment,120.29,Pune,33,1119,51,0
TXN07984,2026-01-05 22:31:00,Withdrawal,34.53,Delhi,23,1152,15,0
TXN07354,2026-01-05 22:36:00,Payment,200.81,Mumbai,55,658,115,0
TXN04473,2026-01-05 22:36:00,Payment,119.49,Jaipur,34,1403,32,0
TXN03332,2026-01-05 22:37:00,Payment,165.28,Kolkata,50,282,10,0
TXN04822,2026-01-05 22:43:00,Payment,106.43,Hyderabad,39,2040,40,0
TXN03486,2026-01-05 22:45:00,Payment,283.01,Bengaluru,54,1039,101,0
TXN07999,2026-01-05 22:49:00,Payment,88.96,Bengaluru,50,992,22,0
TXN07340,2026-01-05 22:54:00,Payment,322.81,Bengaluru,42,1101,41,0
TXN05632,2026-01-05 22:57:00,Transfer,225.72,Bengaluru,33,868,20,0
TXN06427,2026-01-05 22:59:00,Payment,342.17,Mumbai,28,779,95,0
TXN08620,2026-01-05 22:59:00,Transfer,25.27,Mumbai,32,983,37,1
TXN05032,2026-01-06 08:01:00,Withdrawal,182.12,Ahmedabad,42,1657,22,0
TXN09399,2026-01-06 08:01:00,Transfer,204.15,Mumbai,22,876,57,0
TXN05973,2026-01-06 08:02:00,Payment,171.14,Hyderabad,58,633,33,0
TXN08778,2026-01-06 08:04:00,Payment,46.56,Bengaluru,56,1809,54,0
TXN06724,2026-01-06 08:04:00,Payment,34.28,Bengaluru,21,1473,56,0
TXN08092,2026-01-06 08:06:00,Payment,229.35,Ahmedabad,34,629,26,0
TXN06705,2026-01-06 08:10:00,Withdrawal,77.51,Kolkata,44,3003,30,0
TXN08172,2026-01-06 08:10:00,Payment,59.19,Ahmedabad,51,533,47,0
TXN04601,2026-01-06 08:11:00,Transfer,294.42,Bengaluru,41,1408,46,0
TXN03218,2026-01-06 08:12:00,Payment,317.17,Bengaluru,21,637,6,0
TXN08667,2026-01-06 08:12:00,Payment,1548.34,Mumbai,48,1412,49,0
TXN08792,2026-01-06 08:18:00,Payment,35.81,Mumbai,49,1739,55,0
TXN00305,2026-01-06 08:20:00,Payment,574.43,Hyderabad,20,1003,23,0
TXN08846,2026-01-06 08:22:00,Withdrawal,227.38,Mumbai,54,1106,126,0
TXN01323,2026-01-06 08:24:00,Payment,596.81,Mumbai,41,356,36,0
TXN09677,2026-01-06 08:26:00,Payment,46.14,Hyderabad,68,467,165,0
TXN03900,2026-01-06 08:31:00,Payment,119.86,Chennai,52,337,50,0
TXN09446,2026-01-06 08:31:00,Payment,166.43,Jaipur,49,876,87,0
TXN05440,2026-01-06 08:34:00,Transfer,174.07,Ahmedabad,25,1839,36,0
TXN07123,2026-01-06 08:36:00,Withdrawal,50.54,Chennai,63,737,19,0
TXN09257,2026-01-06 08:37:00,Payment,76.89,Hyderabad,25,1701,37,0
TXN01829,2026-01-06 08:40:00,Transfer,549.79,Ahmedabad,49,1417,90,0
TXN08266,2026-01-06 08:43:00,Transfer,69.95,Kolkata,59,802,35,0
TXN04638,2026-01-06 08:45:00,Payment,133.83,Kolkata,18,530,157,0
TXN06560,2026-01-06 08:47:00,Transfer,66.88,Bengaluru,45,1445,50,0
TXN06803,2026-01-06 08:52:00,Payment,690.88,Pune,58,1002,35,0
TXN07147,2026-01-06 08:54:00,Withdrawal,589.56,Chennai,25,490,115,0
TXN05735,2026-01-06 08:55:00,Payment,325.68,Chennai,30,471,103,0
TXN07097,2026-01-06 09:00:00,Transfer,897.8,Chennai,36,226,28,0
TXN01464,2026-01-06 09:03:00,Transfer,424.22,Jaipur,51,377,28,0
TXN09786,2026-01-06 09:03:00,Payment,311.25,Hyderabad,55,597,24,0
TXN06474,2026-01-06 09:06:00,Payment,312.02,Chennai,44,863,7,0
TXN07240,2026-01-06 09:10:00,Transfer,73.51,Jaipur,20,374,188,0
TXN08794,2026-01-06 09:10:00,Transfer,68.38,Hyderabad,64,312,30,0
TXN09046,2026-01-06 09:15:00,Withdrawal,279.32,Chennai,69,1005,62,0
TXN00228,2026-01-06 09:19:00,Transfer,46.14,Mumbai,24,645,30,0
TXN05939,2026-01-06 09:20:00,Payment,2909.0,Bengaluru,36,1190,64,0
TXN02029,2026-01-06 09:24:00,Transfer,895.47,Kolkata,29,410,130,0
TXN06958,2026-01-06 09:25:00,Payment,695.07,Delhi,58,1204,2,0
TXN08181,2026-01-06 09:33:00,Transfer,518.72,Bengaluru,29,873,55,1
TXN09068,2026-01-06 09:38:00,Payment,203.34,Delhi,23,1758,80,0
TXN08852,2026-01-06 09:39:00,Payment,180.75,Delhi,52,2467,34,0
TXN08176,2026-01-06 09:45:00,Payment,151.35,Ahmedabad,41,1164,38,0
TXN00093,2026-01-06 09:50:00,Withdrawal,129.31,Jaipur,42,1252,127,0
TXN07633,2026-01-06 09:53:00,Payment,94.91,Delhi,49,1402,55,0
TXN00746,2026-01-06 09:55:00,Transfer,142.48,Kolkata,61,691,16,0
TXN08043,2026-01-06 09:56:00,Payment,456.56,Pune,54,2101,19,0
TXN04275,2026-01-06 10:05:00,Payment,196.56,Mumbai,66,1486,124,0
TXN06568,2026-01-06 10:06:00,Withdrawal,210.67,Delhi,61,73,25,0
TXN06644,2026-01-06 10:06:00,Payment,125.52,Bengaluru,61,779,37,0
TXN07184,2026-01-06 10:13:00,Payment,31.75,Hyderabad,58,1845,99,0
TXN08378,2026-01-06 10:14:00,Payment,860.74,Kolkata,19,1413,17,0
TXN03333,2026-01-06 10:17:00,Transfer,68.88,Bengaluru,49,429,8,0
TXN06228,2026-01-06 10:19:00,Payment,143.03,Chennai,52,2059,95,0
TXN00067,2026-01-06 10:20:00,Payment,190.87,Mumbai,45,3072,11,0
TXN08211,2026-01-06 10:20:00,Withdrawal,258.41,Mumbai,52,1248,32,1
TXN00511,2026-01-06 10:20:00,Payment,576.09,Delhi,63,378,46,0
TXN02274,2026-01-06 10:23:00,Transfer,129.97,Delhi,48,247,68,0
TXN02128,2026-01-06 10:27:00,Transfer,273.12,Mumbai,60,742,8,0
TXN06674,2026-01-06 10:30:00,Withdrawal,615.85,Hyderabad,32,1899,64,0
TXN02346,2026-01-06 10:32:00,Payment,304.02,Bengaluru,62,185,39,0
TXN06442,2026-01-06 10:34:00,Withdrawal,102.11,Hyderabad,50,777,60,0
TXN07772,2026-01-06 10:41:00,Payment,103.41,Kolkata,59,1430,35,0
TXN06658,2026-01-06 10:41:00,Transfer,408.25,Bengaluru,21,432,90,0
TXN09053,2026-01-06 10:45:00,Withdrawal,171.66,Bengaluru,64,485,19,0
TXN06604,2026-01-06 10:45:00,Payment,46.78,Hyderabad,35,1446,32,0
TXN09145,2026-01-06 10:46:00,Payment,66.16,Bengaluru,24,689,29,0
TXN03733,2026-01-06 10:49:00,Payment,149.48,Pune,67,1646,34,0
TXN07418,2026-01-06 10:51:00,Payment,555.34,Delhi,39,1804,62,0
TXN06553,2026-01-06 10:52:00,Transfer,39.17,Jaipur,37,1151,14,0
TXN01144,2026-01-06 10:53:00,Payment,434.12,Ahmedabad,67,1332,48,0
TXN07920,2026-01-06 10:55:00,Payment,2932.92,Chennai,36,1603,54,0
TXN08105,2026-01-06 10:57:00,Payment,212.84,Mumbai,18,432,73,0
TXN07161,2026-01-06 10:57:00,Transfer,125.32,Jaipur,39,2846,92,0
TXN02523,2026-01-06 11:01:00,Payment,1178.12,Hyderabad,45,1741,26,0
TXN00804,2026-01-06 11:01:00,Transfer,1950.94,Bengaluru,31,139,56,0
TXN01153,2026-01-06 11:03:00,Withdrawal,85.97,Bengaluru,32,1561,48,0
TXN05705,2026-01-06 11:05:00,Payment,54.4,Hyderabad,21,382,21,1
TXN07868,2026-01-06 11:07:00,Transfer,116.9,Bengaluru,52,1095,6,0
TXN01164,2026-01-06 11:07:00,Withdrawal,393.86,Ahmedabad,19,1049,33,0
TXN08915,2026-01-06 11:07:00,Payment,49.4,Bengaluru,65,2160,43,0
TXN07703,2026-01-06 11:18:00,Payment,56.35,Kolkata,49,872,71,0
TXN09915,2026-01-06 11:21:00,Payment,43.24,Mumbai,67,915,47,1
TXN00998,2026-01-06 11:24:00,Transfer,87.11,Ahmedabad,23,577,38,1
TXN01471,2026-01-06 11:28:00,Transfer,225.58,Delhi,53,969,51,0
TXN03420,2026-01-06 11:29:00,Transfer,348.87,Jaipur,62,258,18,0
TXN05606,2026-01-06 11:30:00,Payment,261.89,Jaipur,45,2104,69,0
TXN09732,2026-01-06 11:32:00,Transfer,82.28,Pune,43,863,32,0
TXN00332,2026-01-06 11:36:00,Transfer,601.02,Bengaluru,20,51,38,0
TXN02943,2026-01-06 11:37:00,Payment,177.48,Hyderabad,36,890,67,0
TXN00989,2026-01-06 11:39:00,Payment,166.17,Bengaluru,69,1226,71,0
TXN03047,2026-01-06 11:41:00,Withdrawal,38.86,Mumbai,24,592,70,0
TXN07078,2026-01-06 11:51:00,Transfer,296.13,Bengaluru,19,1304,57,0
TXN02803,2026-01-06 11:53:00,Payment,346.13,Hyderabad,30,1374,25,0
TXN09040,2026-01-06 11:59:00,Transfer,52.18,Bengaluru,34,1800,80,0
TXN08066,2026-01-06 11:59:00,Transfer,596.52,Hyderabad,50,2216,79,1
TXN03049,2026-01-06 12:02:00,Payment,77.45,Bengaluru,57,1574,38,0
TXN04592,2026-01-06 12:07:00,Transfer,24.15,Ahmedabad,37,2562,43,0
TXN02842,2026-01-06 12:11:00,Payment,58.88,Pune,21,1122,18,0
TXN03675,2026-01-06 12:14:00,Payment,1365.72,Mumbai,64,861,15,0
TXN08566,2026-01-06 12:15:00,Transfer,404.87,Pune,52,2603,36,0
TXN06934,2026-01-06 12:24:00,Payment,82.54,Kolkata,27,350,57,0
TXN09856,2026-01-06 12:25:00,Payment,412.14,Bengaluru,65,1270,74,0
TXN04402,2026-01-06 12:26:00,Payment,869.34,Jaipur,19,998,13,0
TXN01566,2026-01-06 12:27:00,Transfer,40.49,Jaipur,62,694,66,0
TXN04680,2026-01-06 12:30:00,Payment,75.3,Bengaluru,32,674,63,0
TXN02814,2026-01-06 12:33:00,Payment,35.67,Chennai,32,605,44,0
TXN00135,2026-01-06 12:33:00,Payment,700.92,Hyderabad,31,2069,16,0
TXN01064,2026-01-06 12:33:00,Payment,260.96,Jaipur,63,459,91,0
TXN05785,2026-01-06 12:36:00,Payment,689.7,Delhi,20,552,42,0
TXN04848,2026-01-06 12:36:00,Payment,74.64,Bengaluru,60,463,51,0
TXN06057,2026-01-06 12:37:00,Withdrawal,406.48,Mumbai,22,1964,25,0
TXN09591,2026-01-06 12:39:00,Payment,420.27,Kolkata,30,1246,49,0
TXN03589,2026-01-06 12:40:00,Payment,163.0,Pune,47,928,63,0
TXN08692,2026-01-06 12:46:00,Payment,272.87,Chennai,38,2147,13,0
TXN05761,2026-01-06 12:46:00,Payment,274.88,Chennai,43,2133,40,0
TXN04192,2026-01-06 12:47:00,Payment,347.79,Chennai,69,814,52,0
TXN09245,2026-01-06 12:47:00,Withdrawal,129.87,Hyderabad,48,591,42,0
TXN06157,2026-01-06 12:52:00,Payment,181.63,Bengaluru,37,673,32,0
TXN08998,2026-01-06 12:54:00,Payment,34.2,Delhi,46,1022,60,0
TXN04862,2026-01-06 12:56:00,Payment,338.95,Delhi,31,147,94,0
TXN02002,2026-01-06 13:01:00,Payment,721.26,Ahmedabad,59,1275,11,0
TXN03426,2026-01-06 13:04:00,Withdrawal,11.0,Hyderabad,45,1236,24,0
TXN04297,2026-01-06 13:05:00,Payment,118.4,Jaipur,31,559,1,0
TXN05865,2026-01-06 13:12:00,Payment,101.26,Bengaluru,58,720,49,1
TXN08992,2026-01-06 13:13:00,Payment,559.63,Hyderabad,28,1325,79,0
TXN03136,2026-01-06 13:21:00,Transfer,134.48,Chennai,22,2031,28,1
TXN05636,2026-01-06 13:21:00,Payment,75.92,Jaipur,37,966,46,0
TXN05804,2026-01-06 13:22:00,Withdrawal,824.06,Mumbai,28,702,33,0
TXN02381,2026-01-06 13:22:00,Payment,121.86,Delhi,63,834,26,0
TXN09405,2026-01-06 13:26:00,Transfer,72.93,Pune,50,338,55,0
TXN03147,2026-01-06 13:29:00,Transfer,200.16,Jaipur,40,882,95,0
TXN05777,2026-01-06 13:30:00,Transfer,84.18,Mumbai,58,2969,25,0
TXN05247,2026-01-06 13:34:00,Transfer,170.3,Pune,24,3073,80,0
TXN04017,2026-01-06 13:36:00,Transfer,36.21,Hyderabad,53,2666,18,1
TXN02622,2026-01-06 13:39:00,Transfer,209.65,Hyderabad,63,2017,86,0
TXN04531,2026-01-06 13:39:00,Payment,1115.56,Chennai,33,71,31,0
TXN03736,2026-01-06 13:48:00,Payment,48.48,Pune,43,288,65,0
TXN05157,2026-01-06 13:48:00,Withdrawal,9.82,Jaipur,49,1422,60,0
TXN08535,2026-01-06 13:54:00,Transfer,200.71,Hyderabad,40,888,27,0
TXN00689,2026-01-06 13:56:00,Payment,422.98,Ahmedabad,30,814,16,0
TXN01228,2026-01-06 13:57:00,Transfer,150.35,Delhi,53,655,51,0
TXN08521,2026-01-06 14:01:00,Transfer,40.13,Delhi,38,408,140,0
TXN02077,2026-01-06 14:02:00,Payment,230.54,Mumbai,41,815,11,0
TXN03987,2026-01-06 14:05:00,Payment,1006.68,Mumbai,58,521,86,0
TXN03307,2026-01-06 14:05:00,Transfer,241.23,Delhi,46,1683,79,0
TXN03741,2026-01-06 14:08:00,Withdrawal,418.61,Chennai,45,1425,154,0
TXN06984,2026-01-06 14:16:00,Withdrawal,114.42,Chennai,65,513,85,0
TXN08147,2026-01-06 14:18:00,Payment,171.42,Bengaluru,68,539,29,0
TXN09993,2026-01-06 14:18:00,Payment,108.51,Bengaluru,21,1995,34,0
TXN00431,2026-01-06 14:19:00,Withdrawal,71.44,Bengaluru,23,3385,223,0
TXN05519,2026-01-06 14:22:00,Payment,1307.63,Kolkata,34,1099,40,0
TXN09349,2026-01-06 14:30:00,Payment,233.3,Pune,41,1948,78,1
TXN00986,2026-01-06 14:35:00,Payment,131.62,Bengaluru,57,1355,16,0
TXN04464,2026-01-06 14:41:00,Withdrawal,64.66,Pune,30,1011,65,0
TXN02679,2026-01-06 14:45:00,Transfer,166.4,Delhi,59,324,4,0
TXN08871,2026-01-06 14:47:00,Transfer,722.51,Chennai,44,1644,68,0
TXN06358,2026-01-06 14:49:00,Transfer,746.59,Bengaluru,29,129,22,0
TXN05720,2026-01-06 14:50:00,Payment,224.63,Chennai,69,468,49,0
TXN05150,2026-01-06 14:53:00,Payment,494.28,Bengaluru,46,748,56,0
TXN09806,2026-01-06 14:53:00,Payment,267.72,Bengaluru,30,563,18,0
TXN05677,2026-01-06 15:03:00,Payment,135.55,Pune,41,1109,25,0
TXN02539,2026-01-06 15:03:00,Withdrawal,141.97,Kolkata,35,1871,1,0
TXN07963,2026-01-06 15:05:00,Transfer,76.67,Bengaluru,21,939,62,0
TXN01011,2026-01-06 15:05:00,Payment,71.56,Delhi,57,582,52,0
TXN03913,2026-01-06 15:08:00,Payment,241.35,Hyderabad,69,256,67,0
TXN09952,2026-01-06 15:08:00,Withdrawal,281.93,Pune,64,1385,103,0
TXN08630,2026-01-06 15:09:00,Payment,229.59,Mumbai,50,1728,17,0
TXN03144,2026-01-06 15:09:00,Withdrawal,181.83,Bengaluru,64,290,40,0
TXN05173,2026-01-06 15:10:00,Payment,1176.9,Hyderabad,19,1243,40,0
TXN06233,2026-01-06 15:11:00,Payment,71.18,Mumbai,33,1097,39,0
TXN01940,2026-01-06 15:11:00,Payment,168.8,Mumbai,37,894,53,0
TXN05972,2026-01-06 15:15:00,Transfer,42.78,Bengaluru,27,461,9,0
TXN00410,2026-01-06 15:24:00,Payment,45.7,Delhi,58,111,25,0
TXN07317,2026-01-06 15:25:00,Withdrawal,40.03,Ahmedabad,66,1168,42,0
TXN00903,2026-01-06 15:27:00,Withdrawal,23.46,Bengaluru,32,1488,85,0
TXN09198,2026-01-06 15:29:00,Transfer,373.57,Bengaluru,66,1031,51,0
TXN09463,2026-01-06 15:33:00,Payment,62.99,Pune,52,1243,34,0
TXN09202,2026-01-06 15:38:00,Transfer,39.11,Kolkata,57,883,5,0
TXN05401,2026-01-06 15:41:00,Transfer,41.27,Hyderabad,63,436,9,0
TXN08616,2026-01-06 15:42:00,Transfer,128.15,Jaipur,32,1252,24,0
TXN03454,2026-01-06 15:45:00,Payment,639.85,Bengaluru,44,1125,59,0
TXN01123,2026-01-06 15:45:00,Transfer,28.14,Kolkata,49,565,95,0
TXN05666,2026-01-06 15:48:00,Payment,135.25,Bengaluru,69,1265,34,0
TXN09244,2026-01-06 15:51:00,Payment,211.02,Delhi,48,724,32,0
TXN07080,2026-01-06 15:51:00,Payment,52.46,Hyderabad,44,675,16,0
TXN02625,2026-01-06 15:56:00,Transfer,153.63,Ahmedabad,27,679,17,0
TXN06052,2026-01-06 15:58:00,Payment,599.0,Mumbai,59,204,32,0
TXN04088,2026-01-06 15:58:00,Transfer,454.87,Ahmedabad,20,662,66,0
TXN01302,2026-01-06 16:00:00,Payment,53.57,Delhi,60,982,19,0
TXN06768,2026-01-06 16:00:00,Transfer,105.11,Mumbai,44,139,48,0
TXN06605,2026-01-06 16:11:00,Transfer,319.74,Mumbai,53,1852,47,0
TXN08996,2026-01-06 16:14:00,Payment,26.54,Pune,63,1454,45,0
TXN06962,2026-01-06 16:15:00,Withdrawal,76.7,Bengaluru,38,2143,14,0
TXN08140,2026-01-06 16:16:00,Withdrawal,926.97,Mumbai,41,876,71,0
TXN00112,2026-01-06 16:17:00,Transfer,407.37,Delhi,53,2285,26,0
TXN07301,2026-01-06 16:19:00,Payment,48.06,Hyderabad,35,1249,32,0
TXN05326,2026-01-06 16:27:00,Payment,94.98,Chennai,35,596,4,0
TXN01441,2026-01-06 16:31:00,Transfer,220.01,Mumbai,56,872,45,0
TXN09784,2026-01-06 16:35:00,Payment,94.94,Chennai,20,2219,83,0
TXN00314,2026-01-06 16:36:00,Withdrawal,30.4,Chennai,59,651,77,0
TXN02026,2026-01-06 16:44:00,Withdrawal,97.86,Mumbai,37,2523,32,1
TXN06493,2026-01-06 16:46:00,Payment,244.13,Pune,67,465,19,0
TXN07850,2026-01-06 16:47:00,Transfer,106.17,Pune,28,697,87,0
TXN09945,2026-01-06 16:47:00,Transfer,766.21,Jaipur,63,475,15,0
TXN09106,2026-01-06 16:52:00,Payment,1180.46,Hyderabad,44,1234,46,0
TXN09388,2026-01-06 16:54:00,Payment,65.51,Bengaluru,55,673,7,0
TXN00447,2026-01-06 16:54:00,Transfer,1277.8,Bengaluru,66,513,7,0
TXN05587,2026-01-06 16:59:00,Transfer,522.94,Kolkata,50,474,66,0
TXN05102,2026-01-06 17:01:00,Withdrawal,499.15,Jaipur,44,1216,65,0
TXN06903,2026-01-06 17:08:00,Payment,61.99,Ahmedabad,58,1050,8,1
TXN09121,2026-01-06 17:12:00,Payment,543.29,Delhi,54,863,41,0
TXN03695,2026-01-06 17:14:00,Transfer,120.99,Bengaluru,25,725,8,1
TXN05862,2026-01-06 17:15:00,Payment,203.22,Pune,58,581,19,0
TXN02913,2026-01-06 17:16:00,Payment,179.43,Bengaluru,46,739,34,0
TXN04708,2026-01-06 17:20:00,Transfer,419.93,Hyderabad,58,1219,43,0
TXN00014,2026-01-06 17:26:00,Transfer,640.03,Bengaluru,65,615,29,0
TXN06829,2026-01-06 17:27:00,Transfer,54.65,Bengaluru,68,630,171,1
TXN00068,2026-01-06 17:31:00,Transfer,920.69,Jaipur,49,2219,28,0
TXN04851,2026-01-06 17:34:00,Transfer,1000.82,Bengaluru,19,589,64,0
TXN00233,2026-01-06 17:35:00,Payment,82.2,Delhi,39,1676,68,0
TXN08318,2026-01-06 17:41:00,Withdrawal,479.6,Chennai,42,1165,27,0
TXN01078,2026-01-06 17:42:00,Transfer,122.07,Pune,55,1599,35,0
TXN09552,2026-01-06 17:44:00,Withdrawal,1121.32,Hyderabad,31,501,63,0
TXN06038,2026-01-06 17:44:00,Withdrawal,146.51,Bengaluru,56,1318,52,1
TXN01892,2026-01-06 17:50:00,Payment,237.08,Kolkata,29,437,131,0
TXN03364,2026-01-06 17:53:00,Transfer,162.32,Delhi,40,547,35,0
TXN01052,2026-01-06 17:53:00,Withdrawal,406.01,Bengaluru,53,972,25,0
TXN09307,2026-01-06 17:57:00,Payment,119.95,Mumbai,20,1489,10,0
TXN04649,2026-01-06 17:57:00,Transfer,82.15,Hyderabad,60,1495,17,0
TXN06326,2026-01-06 17:59:00,Withdrawal,645.85,Mumbai,43,1016,80,0
TXN07997,2026-01-06 18:00:00,Payment,361.4,Hyderabad,51,941,15,0
TXN03354,2026-01-06 18:03:00,Payment,120.63,Mumbai,31,1088,43,0
TXN03916,2026-01-06 18:08:00,Transfer,394.2,Bengaluru,54,442,101,1
TXN08565,2026-01-06 18:09:00,Payment,547.85,Pune,35,902,49,1
TXN08833,2026-01-06 18:10:00,Transfer,52.35,Bengaluru,57,645,194,0
TXN00664,2026-01-06 18:20:00,Payment,45.34,Pune,63,1163,44,0
TXN03835,2026-01-06 18:27:00,Payment,44.75,Delhi,37,1042,103,0
TXN00170,2026-01-06 18:29:00,Withdrawal,153.23,Chennai,18,1345,11,0
TXN09036,2026-01-06 18:36:00,Payment,251.26,Ahmedabad,62,784,40,0
TXN06931,2026-01-06 18:36:00,Payment,100.68,Ahmedabad,55,487,16,0
TXN02620,2026-01-06 18:36:00,Transfer,6419.33,Pune,34,395,20,1
TXN03059,2026-01-06 18:39:00,Withdrawal,365.51,Ahmedabad,29,206,59,0
TXN02879,2026-01-06 18:44:00,Transfer,581.2,Hyderabad,64,1845,35,0
TXN06415,2026-01-06 18:44:00,Payment,162.15,Chennai,19,882,62,0
TXN09230,2026-01-06 18:45:00,Transfer,228.26,Chennai,22,374,44,0
TXN07499,2026-01-06 18:46:00,Withdrawal,380.64,Kolkata,34,565,28,0
TXN02644,2026-01-06 18:47:00,Payment,133.81,Mumbai,65,1958,17,0
TXN04250,2026-01-06 18:48:00,Payment,206.72,Hyderabad,41,1396,33,0
TXN06342,2026-01-06 18:48:00,Transfer,65.89,Pune,30,296,72,0
TXN08796,2026-01-06 18:56:00,Withdrawal,1547.08,Pune,49,474,22,0
TXN02816,2026-01-06 18:56:00,Transfer,215.2,Hyderabad,32,662,30,0
TXN09830,2026-01-06 18:56:00,Payment,161.71,Bengaluru,53,1804,48,0
TXN04910,2026-01-06 18:58:00,Payment,73.86,Chennai,35,2089,22,0
TXN05272,2026-01-06 18:58:00,Payment,562.93,Chennai,38,581,60,0
TXN04988,2026-01-06 19:03:00,Transfer,259.2,Pune,69,175,8,0
TXN00337,2026-01-06 19:11:00,Payment,554.45,Ahmedabad,47,576,64,0
TXN00760,2026-01-06 19:12:00,Payment,130.49,Pune,52,2094,21,0
TXN06746,2026-01-06 19:17:00,Payment,1371.09,Kolkata,38,745,25,0
TXN06497,2026-01-06 19:21:00,Payment,196.9,Jaipur,55,363,47,0
TXN07526,2026-01-06 19:26:00,Payment,29.3,Chennai,64,937,142,0
TXN06891,2026-01-06 19:27:00,Payment,62.49,Kolkata,54,1135,32,0
TXN09490,2026-01-06 19:31:00,Transfer,76.45,Delhi,59,1161,80,0
TXN06555,2026-01-06 19:37:00,Payment,114.6,Hyderabad,26,408,99,0
TXN09779,2026-01-06 19:40:00,Payment,719.8,Mumbai,32,707,3,0
TXN09748,2026-01-06 19:43:00,Transfer,66.87,Chennai,40,300,10,0
TXN07248,2026-01-06 19:48:00,Payment,974.83,Hyderabad,65,1346,25,0
TXN05558,2026-01-06 19:50:00,Payment,94.73,Pune,41,303,108,0
TXN03648,2026-01-06 19:58:00,Transfer,235.53,Delhi,36,1280,55,0
TXN02777,2026-01-06 19:59:00,Payment,47.92,Kolkata,49,833,80,0
TXN04449,2026-01-06 20:07:00,Payment,58.24,Hyderabad,54,1713,65,0
TXN03708,2026-01-06 20:10:00,Withdrawal,134.69,Jaipur,38,1641,8,0
TXN01686,2026-01-06 20:16:00,Transfer,99.89,Delhi,21,824,30,0
TXN07978,2026-01-06 20:19:00,Payment,116.11,Hyderabad,46,1550,24,0
TXN09912,2026-01-06 20:20:00,Payment,59.02,Kolkata,21,512,61,0
TXN04916,2026-01-06 20:20:00,Transfer,92.52,Delhi,31,626,30,0
TXN07215,2026-01-06 20:22:00,Payment,794.61,Bengaluru,56,1977,25,0
TXN02666,2026-01-06 20:23:00,Transfer,190.79,Mumbai,66,1551,35,0
TXN03071,2026-01-06 20:30:00,Withdrawal,178.72,Jaipur,64,603,58,0
TXN03980,2026-01-06 20:37:00,Transfer,130.74,Hyderabad,21,607,50,0
TXN05937,2026-01-06 20:44:00,Transfer,104.88,Jaipur,33,1552,39,0
TXN01825,2026-01-06 20:55:00,Transfer,110.35,Bengaluru,51,594,33,0
TXN04728,2026-01-06 20:57:00,Transfer,82.93,Kolkata,66,2206,66,0
TXN03865,2026-01-06 20:58:00,Payment,33.64,Mumbai,61,945,25,0
TXN05608,2026-01-06 20:58:00,Withdrawal,183.64,Bengaluru,26,2841,23,0
TXN04578,2026-01-06 21:01:00,Payment,79.44,Delhi,55,832,66,0
TXN00942,2026-01-06 21:11:00,Payment,200.57,Jaipur,38,1104,64,0
TXN09417,2026-01-06 21:15:00,Transfer,71.02,Kolkata,25,1118,14,0
TXN04570,2026-01-06 21:17:00,Payment,8.38,Mumbai,53,992,108,0
TXN02987,2026-01-06 21:17:00,Payment,200.09,Chennai,67,712,24,0
TXN09898,2026-01-06 21:18:00,Withdrawal,365.14,Chennai,45,1385,50,0
TXN08418,2026-01-06 21:19:00,Payment,72.02,Kolkata,54,945,50,0
TXN02248,2026-01-06 21:22:00,Transfer,1422.36,Ahmedabad,28,343,47,1
TXN03587,2026-01-06 21:22:00,Payment,425.87,Jaipur,58,1153,46,0
TXN04428,2026-01-06 21:27:00,Payment,1299.56,Mumbai,25,2669,58,0
TXN05286,2026-01-06 21:28:00,Transfer,430.95,Bengaluru,46,552,16,0
TXN09563,2026-01-06 21:28:00,Payment,136.95,Mumbai,43,1371,52,0
TXN08640,2026-01-06 21:34:00,Transfer,80.15,Pune,41,770,17,0
TXN04777,2026-01-06 21:34:00,Withdrawal,33.97,Hyderabad,51,997,38,0
TXN07568,2026-01-06 21:35:00,Payment,319.85,Hyderabad,21,1025,74,0
TXN04624,2026-01-06 21:35:00,Payment,478.57,Bengaluru,46,1446,34,0
TXN08964,2026-01-06 21:39:00,Payment,152.17,Bengaluru,44,826,36,0
TXN05810,2026-01-06 21:42:00,Payment,659.78,Mumbai,61,678,57,0
TXN06100,2026-01-06 21:43:00,Transfer,866.45,Bengaluru,35,776,46,1
TXN05328,2026-01-06 21:46:00,Transfer,827.52,Jaipur,24,1383,35,1
TXN04048,2026-01-06 21:47:00,Payment,70.92,Chennai,26,1122,22,0
TXN01303,2026-01-06 21:47:00,Payment,201.23,Jaipur,42,290,85,0
TXN06890,2026-01-06 21:47:00,Transfer,234.99,Bengaluru,20,738,38,0
TXN01581,2026-01-06 21:54:00,Payment,406.27,Bengaluru,44,1019,16,0
TXN02771,2026-01-06 21:56:00,Payment,320.95,Bengaluru,67,1232,30,0
TXN09837,2026-01-06 22:01:00,Payment,1163.22,Mumbai,31,1373,58,0
TXN00261,2026-01-06 22:08:00,Payment,404.55,Bengaluru,27,1368,6,0
TXN02552,2026-01-06 22:10:00,Payment,149.73,Mumbai,55,1099,38,0
TXN01503,2026-01-06 22:11:00,Withdrawal,53.65,Ahmedabad,38,801,49,0
TXN01893,2026-01-06 22:14:00,Withdrawal,599.97,Bengaluru,22,923,36,0
TXN07066,2026-01-06 22:14:00,Withdrawal,804.69,Pune,51,2067,10,0
TXN04692,2026-01-06 22:15:00,Transfer,153.91,Jaipur,39,905,58,0
TXN09175,2026-01-06 22:18:00,Payment,2350.45,Chennai,46,907,24,0
TXN00777,2026-01-06 22:20:00,Transfer,1359.02,Pune,45,651,21,1
TXN05905,2026-01-06 22:20:00,Payment,77.03,Delhi,20,1312,35,0
TXN02040,2026-01-06 22:22:00,Withdrawal,55.16,Mumbai,67,1317,82,0
TXN08685,2026-01-06 22:24:00,Transfer,14.54,Bengaluru,66,1221,55,0
TXN09163,2026-01-06 22:38:00,Payment,103.95,Mumbai,37,917,65,0
TXN07542,2026-01-06 22:39:00,Payment,74.83,Kolkata,62,1568,124,0
TXN03698,2026-01-06 22:39:00,Payment,511.63,Delhi,54,290,74,0
TXN08046,2026-01-06 22:39:00,Payment,358.8,Ahmedabad,49,843,184,0
TXN08273,2026-01-06 22:41:00,Payment,305.85,Chennai,58,976,88,0
TXN00860,2026-01-06 22:42:00,Transfer,99.11,Hyderabad,63,594,16,0
TXN00571,2026-01-06 22:46:00,Payment,68.3,Bengaluru,68,3025,51,0
TXN05721,2026-01-06 22:46:00,Transfer,91.69,Mumbai,41,2634,59,0
TXN05506,2026-01-06 22:48:00,Transfer,211.59,Pune,55,295,18,0
TXN07832,2026-01-06 22:48:00,Payment,193.45,Hyderabad,59,818,23,0
TXN09584,2026-01-06 22:56:00,Payment,659.55,Bengaluru,26,2790,13,0
TXN02458,2026-01-06 22:59:00,Payment,102.18,Chennai,57,852,16,0
TXN00400,2026-01-07 08:03:00,Transfer,346.07,Hyderabad,36,1084,47,0
TXN02710,2026-01-07 08:07:00,Withdrawal,2594.76,Chennai,31,723,28,0
TXN08056,2026-01-07 08:07:00,Transfer,1702.5,Chennai,68,1155,45,0
TXN07467,2026-01-07 08:09:00,Transfer,99.08,Delhi,26,2308,53,0
TXN06277,2026-01-07 08:12:00,Transfer,388.76,Pune,21,2239,49,0
TXN08264,2026-01-07 08:18:00,Payment,44.92,Pune,35,208,31,0
TXN05798,2026-01-07 08:22:00,Withdrawal,390.83,Bengaluru,27,482,58,0
TXN07715,2026-01-07 08:26:00,Payment,90.04,Mumbai,59,632,10,0
TXN01450,2026-01-07 08:27:00,Payment,710.18,Pune,57,490,3,0
TXN01629,2026-01-07 08:27:00,Payment,284.57,Jaipur,38,1381,6,0
TXN06014,2026-01-07 08:29:00,Payment,929.85,Kolkata,65,1019,13,0
TXN05616,2026-01-07 08:34:00,Withdrawal,55.7,Pune,58,729,19,0
TXN08253,2026-01-07 08:36:00,Transfer,147.31,Mumbai,56,1128,34,0
TXN06378,2026-01-07 08:37:00,Transfer,320.02,Delhi,60,1005,197,0
TXN08149,2026-01-07 08:39:00,Payment,301.67,Chennai,53,517,47,0
TXN00306,2026-01-07 08:41:00,Payment,111.48,Kolkata,48,907,39,0
TXN04274,2026-01-07 08:41:00,Payment,172.41,Pune,46,1189,44,0
TXN07488,2026-01-07 08:43:00,Payment,26.47,Mumbai,28,226,7,0
TXN05714,2026-01-07 08:43:00,Payment,182.75,Mumbai,26,782,67,0
TXN06978,2026-01-07 08:44:00,Transfer,102.49,Chennai,58,156,45,1
TXN09858,2026-01-07 08:48:00,Payment,830.85,Hyderabad,57,1751,23,0
TXN01198,2026-01-07 08:50:00,Payment,235.79,Pune,66,655,49,0
TXN09123,2026-01-07 08:52:00,Payment,140.18,Chennai,38,937,47,0
TXN04516,2026-01-07 08:53:00,Payment,207.65,Bengaluru,39,665,25,0
TXN07142,2026-01-07 08:56:00,Payment,116.46,Chennai,55,990,49,0
TXN06153,2026-01-07 08:58:00,Payment,140.3,Hyderabad,32,807,60,1
TXN05355,2026-01-07 08:59:00,Payment,824.52,Mumbai,40,681,33,0
TXN08548,2026-01-07 09:05:00,Payment,547.14,Chennai,62,779,16,0
TXN06911,2026-01-07 09:08:00,Payment,196.4,Chennai,58,685,120,0
TXN08549,2026-01-07 09:26:00,Payment,1499.56,Bengaluru,65,752,57,0
TXN04899,2026-01-07 09:27:00,Transfer,40.3,Bengaluru,48,510,61,1
TXN09977,2026-01-07 09:32:00,Transfer,108.28,Chennai,41,396,10,0
TXN01049,2026-01-07 09:34:00,Payment,582.97,Chennai,31,661,32,0
TXN02597,2026-01-07 09:37:00,Payment,8.56,Bengaluru,64,880,86,0
TXN05921,2026-01-07 09:39:00,Transfer,137.24,Bengaluru,59,661,30,0
TXN06726,2026-01-07 09:44:00,Payment,21.27,Jaipur,61,476,9,0
TXN08946,2026-01-07 09:44:00,Transfer,116.23,Mumbai,62,609,94,0
TXN03825,2026-01-07 09:52:00,Payment,161.35,Pune,58,1262,13,0
TXN00773,2026-01-07 09:53:00,Transfer,143.53,Delhi,50,332,64,1
TXN08000,2026-01-07 09:53:00,Transfer,66.6,Mumbai,20,523,176,0
TXN00437,2026-01-07 09:59:00,Payment,4261.41,Ahmedabad,41,293,68,0
TXN08874,2026-01-07 10:03:00,Payment,97.99,Bengaluru,41,1693,52,0
TXN00918,2026-01-07 10:06:00,Payment,168.53,Bengaluru,29,1460,60,0
TXN00388,2026-01-07 10:12:00,Withdrawal,487.57,Hyderabad,48,934,35,1
TXN01021,2026-01-07 10:12:00,Transfer,81.13,Jaipur,29,1335,35,0
TXN03365,2026-01-07 10:14:00,Payment,81.64,Bengaluru,53,802,14,0
TXN06753,2026-01-07 10:15:00,Withdrawal,244.55,Pune,26,2275,97,0
TXN07051,2026-01-07 10:16:00,Withdrawal,98.65,Delhi,62,814,83,0
TXN00531,2026-01-07 10:32:00,Payment,76.61,Ahmedabad,60,1423,14,0
TXN09958,2026-01-07 10:33:00,Withdrawal,370.26,Kolkata,61,506,13,0
TXN06960,2026-01-07 10:35:00,Payment,2228.43,Hyderabad,34,1498,165,0
TXN07844,2026-01-07 10:38:00,Transfer,156.02,Delhi,55,2757,41,0
TXN00236,2026-01-07 10:39:00,Transfer,226.99,Hyderabad,46,368,21,0
TXN09387,2026-01-07 10:39:00,Transfer,643.54,Delhi,58,2023,48,0
TXN09332,2026-01-07 10:43:00,Payment,28.23,Chennai,23,934,91,0
TXN01681,2026-01-07 10:43:00,Withdrawal,439.7,Delhi,57,1206,195,0
TXN06597,2026-01-07 10:51:00,Payment,235.16,Delhi,57,971,101,0
TXN08336,2026-01-07 10:53:00,Payment,16.82,Mumbai,55,1153,15,0
TXN05245,2026-01-07 10:54:00,Payment,820.95,Bengaluru,18,3864,30,0
TXN01210,2026-01-07 10:58:00,Transfer,20.34,Chennai,60,1060,13,0
TXN07357,2026-01-07 11:00:00,Payment,151.49,Hyderabad,20,1050,58,0
TXN02914,2026-01-07 11:13:00,Payment,452.59,Pune,37,678,74,0
TXN08252,2026-01-07 11:21:00,Payment,58.76,Chennai,55,929,30,0
TXN02762,2026-01-07 11:22:00,Withdrawal,219.2,Chennai,39,963,15,0
TXN03116,2026-01-07 11:28:00,Payment,659.73,Pune,30,420,12,0
TXN09800,2026-01-07 11:30:00,Payment,22.35,Mumbai,59,317,69,0
TXN02609,2026-01-07 11:36:00,Payment,67.05,Chennai,52,1193,6,0
TXN08506,2026-01-07 11:37:00,Transfer,39.72,Mumbai,24,1896,50,0
TXN07746,2026-01-07 11:38:00,Payment,55.59,Chennai,19,927,54,0
TXN01380,2026-01-07 11:43:00,Withdrawal,273.41,Bengaluru,65,1003,89,0
TXN03263,2026-01-07 11:43:00,Payment,205.36,Chennai,41,2058,40,0
TXN07491,2026-01-07 11:45:00,Payment,57.4,Delhi,21,596,40,0
TXN07304,2026-01-07 11:46:00,Payment,1936.94,Delhi,56,659,94,0
TXN01712,2026-01-07 11:48:00,Payment,295.89,Delhi,47,731,19,0
TXN02695,2026-01-07 11:49:00,Payment,89.2,Pune,46,761,52,0
TXN02867,2026-01-07 11:50:00,Payment,228.3,Chennai,45,1480,16,0
TXN07934,2026-01-07 11:50:00,Payment,1316.74,Delhi,69,1775,36,0
TXN05505,2026-01-07 11:54:00,Payment,186.41,Mumbai,24,519,55,0
TXN03434,2026-01-07 11:57:00,Withdrawal,137.56,Delhi,59,1263,82,0
TXN01608,2026-01-07 11:57:00,Transfer,391.56,Ahmedabad,38,2251,19,0
TXN03947,2026-01-07 11:59:00,Payment,66.64,Bengaluru,60,1500,51,0
TXN07027,2026-01-07 12:06:00,Payment,1184.68,Pune,20,341,7,0
TXN04424,2026-01-07 12:09:00,Payment,1009.45,Chennai,25,474,63,0
TXN06369,2026-01-07 12:10:00,Payment,99.84,Jaipur,34,1031,79,0
TXN09567,2026-01-07 12:11:00,Transfer,58.56,Hyderabad,59,1408,41,0
TXN04984,2026-01-07 12:11:00,Payment,159.77,Ahmedabad,27,1889,116,0
TXN04670,2026-01-07 12:12:00,Transfer,80.72,Mumbai,69,1239,59,0
TXN00873,2026-01-07 12:13:00,Payment,458.25,Jaipur,65,1142,124,0
TXN08143,2026-01-07 12:16:00,Payment,1723.92,Jaipur,24,944,29,0
TXN02464,2026-01-07 12:21:00,Payment,77.39,Kolkata,67,546,19,0
TXN04799,2026-01-07 12:21:00,Payment,388.17,Bengaluru,42,460,150,0
TXN09543,2026-01-07 12:29:00,Withdrawal,450.72,Pune,32,697,14,0
TXN01561,2026-01-07 12:34:00,Transfer,62.46,Delhi,46,872,27,0
TXN03812,2026-01-07 12:40:00,Payment,48.22,Delhi,54,608,29,0
TXN03806,2026-01-07 12:40:00,Withdrawal,77.21,Delhi,67,575,18,0
TXN00607,2026-01-07 12:40:00,Payment,451.29,Delhi,56,1290,24,0
TXN03391,2026-01-07 12:44:00,Payment,316.9,Hyderabad,63,456,104,0
TXN04006,2026-01-07 12:46:00,Payment,63.25,Kolkata,28,662,143,0
TXN06473,2026-01-07 12:47:00,Payment,56.87,Bengaluru,49,329,69,0
TXN08268,2026-01-07 12:50:00,Transfer,111.73,Bengaluru,45,483,47,0
TXN06849,2026-01-07 12:51:00,Transfer,31.66,Bengaluru,25,730,38,0
TXN00891,2026-01-07 12:51:00,Payment,278.46,Chennai,63,1157,129,0
TXN09616,2026-01-07 12:52:00,Payment,233.19,Jaipur,67,567,22,0
TXN09279,2026-01-07 12:59:00,Payment,395.97,Bengaluru,20,625,66,0
TXN04614,2026-01-07 13:08:00,Transfer,979.41,Hyderabad,51,559,44,0
TXN08001,2026-01-07 13:12:00,Payment,22.27,Mumbai,29,1389,86,0
TXN01563,2026-01-07 13:14:00,Withdrawal,521.63,Chennai,66,953,51,0
TXN05463,2026-01-07 13:15:00,Transfer,375.07,Mumbai,61,2155,58,1
TXN02343,2026-01-07 13:20:00,Payment,1081.63,Mumbai,48,2115,82,0
TXN05550,2026-01-07 13:23:00,Withdrawal,119.46,Ahmedabad,38,416,17,0
TXN00618,2026-01-07 13:26:00,Transfer,199.96,Delhi,41,1208,44,0
TXN09288,2026-01-07 13:30:00,Transfer,173.07,Bengaluru,34,495,12,0
TXN07861,2026-01-07 13:31:00,Payment,22.4,Delhi,20,1226,81,0
TXN01682,2026-01-07 13:37:00,Payment,325.12,Kolkata,48,1601,79,0
TXN02897,2026-01-07 13:40:00,Payment,212.64,Chennai,26,973,33,0
TXN04021,2026-01-07 13:47:00,Payment,503.0,Chennai,34,740,43,0
TXN08363,2026-01-07 13:49:00,Payment,110.83,Delhi,67,946,11,0
TXN09886,2026-01-07 13:55:00,Transfer,53.11,Jaipur,32,1131,34,0
TXN09722,2026-01-07 14:03:00,Payment,38.16,Hyderabad,48,165,13,0
TXN09998,2026-01-07 14:04:00,Withdrawal,160.19,Kolkata,51,295,33,0
TXN02416,2026-01-07 14:12:00,Transfer,412.96,Hyderabad,56,1449,32,0
TXN05800,2026-01-07 14:19:00,Transfer,498.37,Hyderabad,39,383,63,0
TXN04292,2026-01-07 14:21:00,Transfer,66.03,Chennai,64,1525,52,0
TXN09133,2026-01-07 14:29:00,Withdrawal,18.74,Pune,44,198,45,0
TXN07000,2026-01-07 14:32:00,Transfer,422.65,Chennai,42,358,31,0
TXN04637,2026-01-07 14:36:00,Transfer,56.73,Chennai,48,812,36,0
TXN09872,2026-01-07 14:39:00,Withdrawal,54.8,Mumbai,28,1097,21,0
TXN09971,2026-01-07 14:42:00,Withdrawal,513.74,Ahmedabad,64,557,60,0
TXN07434,2026-01-07 14:44:00,Transfer,57.2,Pune,34,577,10,0
TXN08437,2026-01-07 14:49:00,Payment,67.56,Kolkata,25,898,38,0
TXN00063,2026-01-07 14:49:00,Payment,241.08,Chennai,66,748,81,0
TXN05889,2026-01-07 14:50:00,Transfer,920.27,Mumbai,35,869,49,0
TXN00009,2026-01-07 14:53:00,Payment,151.62,Mumbai,51,561,70,0
TXN06130,2026-01-07 15:03:00,Payment,978.66,Chennai,43,1897,36,0
TXN07756,2026-01-07 15:07:00,Payment,2408.89,Mumbai,37,1677,122,0
TXN07120,2026-01-07 15:09:00,Transfer,80.85,Jaipur,58,1680,89,0
TXN09923,2026-01-07 15:09:00,Payment,160.82,Jaipur,29,224,23,0
TXN04296,2026-01-07 15:13:00,Transfer,596.46,Kolkata,69,2075,15,0
TXN01101,2026-01-07 15:16:00,Payment,45.62,Delhi,19,1629,16,0
TXN00181,2026-01-07 15:19:00,Payment,160.72,Pune,33,1677,39,0
TXN08854,2026-01-07 15:20:00,Transfer,556.24,Hyderabad,42,1451,19,0
TXN07465,2026-01-07 15:20:00,Withdrawal,168.33,Bengaluru,35,322,70,0
TXN03310,2026-01-07 15:24:00,Transfer,66.92,Chennai,27,792,82,0
TXN07389,2026-01-07 15:28:00,Transfer,166.57,Chennai,56,744,17,0
TXN01778,2026-01-07 15:29:00,Payment,379.36,Chennai,55,1369,10,0
TXN06600,2026-01-07 15:37:00,Transfer,788.36,Chennai,34,323,69,0
TXN09118,2026-01-07 15:38:00,Transfer,35.58,Delhi,23,1359,48,0
TXN05448,2026-01-07 15:39:00,Transfer,318.11,Pune,21,1980,85,0
TXN00087,2026-01-07 15:43:00,Transfer,87.79,Bengaluru,23,1432,22,0
TXN02146,2026-01-07 15:46:00,Payment,131.17,Pune,27,1062,42,0
TXN01954,2026-01-07 15:49:00,Payment,198.07,Delhi,68,1059,32,0
TXN07770,2026-01-07 15:51:00,Transfer,754.2,Pune,56,1039,59,0
TXN04421,2026-01-07 15:56:00,Withdrawal,44.25,Hyderabad,40,1311,47,0
TXN05388,2026-01-07 15:58:00,Withdrawal,473.14,Hyderabad,62,171,89,0
TXN07691,2026-01-07 15:59:00,Payment,243.33,Chennai,37,1519,145,0
TXN07365,2026-01-07 16:01:00,Payment,192.73,Chennai,30,771,28,0
TXN04718,2026-01-07 16:02:00,Transfer,407.01,Kolkata,57,1595,25,0
TXN07092,2026-01-07 16:07:00,Transfer,219.15,Mumbai,49,1654,165,0
TXN08108,2026-01-07 16:07:00,Transfer,308.36,Hyderabad,52,1212,105,0
TXN09392,2026-01-07 16:07:00,Payment,438.6,Chennai,56,1170,5,0
TXN06870,2026-01-07 16:08:00,Payment,148.79,Bengaluru,66,1155,39,0
TXN06654,2026-01-07 16:11:00,Payment,191.18,Bengaluru,31,699,29,0
TXN06188,2026-01-07 16:14:00,Payment,30.16,Pune,21,2016,97,0
TXN08741,2026-01-07 16:17:00,Transfer,36.89,Delhi,53,1104,8,0
TXN06363,2026-01-07 16:34:00,Transfer,1056.94,Kolkata,56,223,38,0
TXN08914,2026-01-07 16:34:00,Payment,1443.36,Pune,53,1597,46,0
TXN03294,2026-01-07 16:35:00,Transfer,425.64,Chennai,34,3786,28,0
TXN06437,2026-01-07 16:41:00,Transfer,847.44,Mumbai,45,159,118,0
TXN09381,2026-01-07 16:42:00,Payment,857.4,Jaipur,47,1474,5,1
TXN00782,2026-01-07 16:42:00,Payment,56.53,Delhi,57,1945,18,0
TXN00868,2026-01-07 16:49:00,Withdrawal,134.43,Mumbai,66,309,55,0
TXN01422,2026-01-07 16:50:00,Payment,575.96,Mumbai,22,191,12,0
TXN09437,2026-01-07 16:50:00,Withdrawal,579.35,Mumbai,31,854,94,0
TXN02767,2026-01-07 16:51:00,Transfer,403.4,Hyderabad,44,1323,80,0
TXN06016,2026-01-07 16:51:00,Transfer,49.74,Delhi,34,816,24,0
TXN08402,2026-01-07 16:57:00,Payment,34.08,Delhi,59,1526,44,0
TXN06951,2026-01-07 16:57:00,Payment,221.79,Hyderabad,19,1367,49,0
TXN06834,2026-01-07 17:00:00,Transfer,49.93,Mumbai,32,2743,34,0
TXN01836,2026-01-07 17:02:00,Payment,877.75,Mumbai,62,1248,96,0
TXN04203,2026-01-07 17:04:00,Payment,249.52,Pune,58,514,45,0
TXN09330,2026-01-07 17:11:00,Transfer,86.65,Ahmedabad,27,288,14,0
TXN04734,2026-01-07 17:14:00,Payment,163.78,Hyderabad,26,36,44,0
TXN04498,2026-01-07 17:17:00,Payment,109.3,Pune,27,322,34,0
TXN04710,2026-01-07 17:21:00,Payment,210.89,Pune,56,297,55,0
TXN01941,2026-01-07 17:26:00,Payment,60.56,Mumbai,27,516,42,0
TXN03785,2026-01-07 17:27:00,Payment,17.85,Jaipur,27,355,101,0
TXN04609,2026-01-07 17:27:00,Payment,133.98,Bengaluru,42,285,25,0
TXN09057,2026-01-07 17:28:00,Payment,122.14,Ahmedabad,39,870,73,0
TXN04112,2026-01-07 17:28:00,Payment,282.0,Kolkata,25,1200,30,0
TXN01341,2026-01-07 17:32:00,Transfer,309.42,Jaipur,61,2672,66,0
TXN02759,2026-01-07 17:38:00,Payment,194.41,Pune,41,281,48,0
TXN04377,2026-01-07 17:45:00,Withdrawal,193.77,Chennai,35,723,117,0
TXN00737,2026-01-07 17:46:00,Transfer,194.59,Delhi,33,770,7,0
TXN02166,2026-01-07 17:48:00,Withdrawal,4.06,Delhi,46,221,135,0
TXN01314,2026-01-07 17:51:00,Payment,376.13,Chennai,65,304,6,1
TXN03882,2026-01-07 17:53:00,Transfer,334.98,Delhi,41,1110,91,1
TXN04500,2026-01-07 17:53:00,Transfer,1604.39,Chennai,58,558,17,1
TXN02430,2026-01-07 17:56:00,Transfer,315.91,Chennai,21,1544,34,0
TXN05704,2026-01-07 18:01:00,Payment,111.42,Pune,33,521,72,0
TXN02188,2026-01-07 18:04:00,Withdrawal,422.47,Jaipur,33,451,98,0
TXN05084,2026-01-07 18:10:00,Transfer,1167.44,Delhi,54,471,11,0
TXN04672,2026-01-07 18:15:00,Payment,1316.05,Mumbai,49,406,16,0
TXN04611,2026-01-07 18:16:00,Transfer,263.52,Kolkata,31,262,52,0
TXN02233,2026-01-07 18:18:00,Withdrawal,438.84,Mumbai,18,1465,140,0
TXN08451,2026-01-07 18:21:00,Payment,10.28,Bengaluru,39,178,107,0
TXN05949,2026-01-07 18:23:00,Payment,781.45,Chennai,61,730,2,1
TXN05252,2026-01-07 18:26:00,Payment,112.1,Pune,33,393,65,0
TXN01060,2026-01-07 18:27:00,Payment,280.55,Pune,66,1872,159,0
TXN02882,2026-01-07 18:33:00,Withdrawal,96.44,Bengaluru,20,1787,100,0
TXN04222,2026-01-07 18:34:00,Payment,47.11,Delhi,52,653,14,0
TXN00879,2026-01-07 18:34:00,Transfer,172.19,Bengaluru,29,1554,16,0
TXN05669,2026-01-07 18:37:00,Withdrawal,2841.82,Chennai,27,984,144,0
TXN09880,2026-01-07 18:39:00,Payment,135.04,Pune,35,507,15,0
TXN01281,2026-01-07 18:46:00,Payment,160.82,Chennai,19,3476,34,0
TXN07940,2026-01-07 18:46:00,Transfer,36.45,Kolkata,50,1203,71,0
TXN02206,2026-01-07 18:46:00,Transfer,290.09,Ahmedabad,35,1031,57,0
TXN08099,2026-01-07 18:48:00,Transfer,199.16,Chennai,22,434,13,0
TXN03797,2026-01-07 18:48:00,Transfer,308.49,Bengaluru,24,905,58,0
TXN05385,2026-01-07 18:57:00,Withdrawal,1287.77,Chennai,56,1198,25,0
TXN05832,2026-01-07 18:58:00,Withdrawal,66.05,Pune,42,203,17,0
TXN04456,2026-01-07 18:59:00,Transfer,27.8,Jaipur,40,777,93,0
TXN03176,2026-01-07 19:01:00,Withdrawal,438.79,Bengaluru,35,856,28,0
TXN00968,2026-01-07 19:02:00,Payment,43.21,Bengaluru,43,2124,5,0
TXN03834,2026-01-07 19:02:00,Payment,643.95,Delhi,30,1208,91,0
TXN00258,2026-01-07 19:13:00,Payment,11.19,Jaipur,42,1591,64,0
TXN05018,2026-01-07 19:14:00,Payment,231.35,Ahmedabad,25,1033,28,0
TXN04562,2026-01-07 19:18:00,Payment,156.53,Kolkata,19,1816,64,0
TXN09260,2026-01-07 19:21:00,Transfer,201.96,Jaipur,68,1405,7,0
TXN01872,2026-01-07 19:22:00,Payment,634.07,Chennai,55,1690,24,0
TXN07623,2026-01-07 19:25:00,Transfer,666.21,Bengaluru,45,1062,43,0
TXN03915,2026-01-07 19:35:00,Transfer,2226.17,Bengaluru,50,710,18,0
TXN03091,2026-01-07 19:38:00,Payment,280.82,Ahmedabad,51,639,40,0
TXN07584,2026-01-07 19:41:00,Payment,843.26,Bengaluru,32,1628,46,0
TXN04256,2026-01-07 19:45:00,Withdrawal,113.84,Kolkata,55,483,127,0
TXN06619,2026-01-07 19:46:00,Payment,25.46,Mumbai,26,511,173,0
TXN01048,2026-01-07 19:46:00,Withdrawal,204.84,Pune,48,512,83,0
TXN08446,2026-01-07 19:49:00,Transfer,467.85,Mumbai,64,2638,20,0
TXN06872,2026-01-07 19:55:00,Payment,130.42,Bengaluru,32,114,54,0
TXN07599,2026-01-07 20:01:00,Withdrawal,120.58,Mumbai,18,606,26,0
TXN02960,2026-01-07 20:01:00,Withdrawal,96.17,Chennai,21,1128,22,0
TXN00832,2026-01-07 20:04:00,Payment,122.77,Bengaluru,19,953,32,0
TXN04581,2026-01-07 20:10:00,Transfer,1044.98,Bengaluru,43,178,126,0
TXN07992,2026-01-07 20:11:00,Transfer,205.13,Pune,53,427,14,0
TXN02114,2026-01-07 20:15:00,Payment,172.87,Bengaluru,52,2731,34,0
TXN01046,2026-01-07 20:19:00,Transfer,152.92,Delhi,66,449,60,0
TXN07281,2026-01-07 20:25:00,Transfer,156.8,Delhi,35,2804,49,1
TXN02391,2026-01-07 20:28:00,Withdrawal,107.96,Delhi,26,1020,81,1
TXN04168,2026-01-07 20:29:00,Payment,266.8,Hyderabad,19,290,65,0
TXN02334,2026-01-07 20:34:00,Payment,251.45,Mumbai,35,818,33,0
TXN09850,2026-01-07 20:40:00,Payment,205.34,Bengaluru,37,440,63,0
TXN03723,2026-01-07 20:41:00,Payment,279.15,Pune,51,492,63,0
TXN08326,2026-01-07 20:44:00,Payment,212.8,Mumbai,45,2134,29,0
TXN07299,2026-01-07 20:48:00,Transfer,147.01,Pune,27,920,24,0
TXN05859,2026-01-07 20:53:00,Transfer,497.12,Mumbai,29,454,32,0
TXN03645,2026-01-07 20:57:00,Payment,204.82,Pune,43,1407,31,0
TXN03277,2026-01-07 21:05:00,Transfer,1223.89,Chennai,49,459,14,0
TXN01257,2026-01-07 21:15:00,Payment,59.39,Bengaluru,21,155,29,1
TXN09582,2026-01-07 21:27:00,Payment,1102.82,Pune,45,2149,33,0
TXN05851,2026-01-07 21:29:00,Payment,139.31,Bengaluru,18,792,91,0
TXN06107,2026-01-07 21:31:00,Transfer,8.12,Pune,65,915,24,0
TXN09826,2026-01-07 21:40:00,Payment,225.29,Delhi,34,1018,26,0
TXN07103,2026-01-07 21:41:00,Payment,4034.26,Kolkata,45,380,82,0
TXN05609,2026-01-07 21:45:00,Transfer,132.86,Bengaluru,51,455,27,0
TXN03817,2026-01-07 21:46:00,Payment,239.98,Bengaluru,50,611,15,0
TXN03682,2026-01-07 21:46:00,Payment,246.17,Kolkata,38,233,61,0
TXN09820,2026-01-07 22:03:00,Withdrawal,34.67,Hyderabad,53,607,50,1
TXN00450,2026-01-07 22:03:00,Payment,2503.38,Kolkata,39,1180,31,0
TXN02106,2026-01-07 22:04:00,Payment,718.74,Bengaluru,64,300,60,0
TXN05692,2026-01-07 22:06:00,Payment,1505.0,Hyderabad,33,705,56,0
TXN01632,2026-01-07 22:07:00,Transfer,445.87,Kolkata,25,512,80,0
TXN09056,2026-01-07 22:13:00,Payment,169.24,Chennai,45,673,43,0
TXN01539,2026-01-07 22:23:00,Withdrawal,186.3,Chennai,28,1190,7,0
TXN00234,2026-01-07 22:24:00,Transfer,160.54,Delhi,22,1009,12,0
TXN09343,2026-01-07 22:25:00,Withdrawal,105.94,Pune,53,1810,31,0
TXN01910,2026-01-07 22:25:00,Payment,64.53,Pune,39,1056,64,0
TXN04634,2026-01-07 22:27:00,Payment,499.74,Kolkata,44,1196,42,0
TXN00857,2026-01-07 22:27:00,Payment,101.24,Kolkata,20,1345,48,0
TXN02007,2026-01-07 22:31:00,Payment,461.17,Jaipur,25,1746,34,0
TXN00670,2026-01-07 22:32:00,Transfer,1103.23,Bengaluru,54,311,140,0
TXN09109,2026-01-07 22:34:00,Transfer,70.82,Bengaluru,63,1125,38,0
TXN02890,2026-01-07 22:37:00,Payment,271.34,Mumbai,52,685,75,0
TXN08447,2026-01-07 22:38:00,Payment,181.2,Mumbai,38,806,34,0
TXN02017,2026-01-07 22:44:00,Payment,110.42,Delhi,18,1610,19,0
TXN03551,2026-01-07 22:44:00,Transfer,126.04,Jaipur,58,1073,125,0
TXN08148,2026-01-07 22:47:00,Payment,120.3,Chennai,65,833,12,0
TXN02877,2026-01-07 22:47:00,Transfer,32.2,Kolkata,69,297,93,0
TXN09724,2026-01-07 22:53:00,Transfer,437.23,Pune,53,958,34,0
TXN00071,2026-01-07 22:54:00,Payment,115.26,Bengaluru,42,1326,32,0
TXN00932,2026-01-07 22:57:00,Payment,63.89,Jaipur,24,564,53,1
TXN01173,2026-01-08 08:02:00,Payment,768.05,Delhi,63,192,64,0
TXN03044,2026-01-08 08:05:00,Payment,240.7,Kolkata,20,453,90,0
TXN09835,2026-01-08 08:05:00,Transfer,100.39,Hyderabad,64,1310,50,0
TXN00399,2026-01-08 08:10:00,Payment,376.09,Hyderabad,69,494,59,0
TXN04892,2026-01-08 08:14:00,Payment,50.73,Delhi,41,450,19,0
TXN04133,2026-01-08 08:14:00,Payment,161.41,Delhi,28,860,73,0
TXN04339,2026-01-08 08:16:00,Payment,136.05,Hyderabad,25,713,38,0
TXN02671,2026-01-08 08:20:00,Transfer,301.48,Kolkata,42,1008,4,0
TXN09505,2026-01-08 08:20:00,Payment,654.08,Mumbai,48,1749,11,0
TXN08834,2026-01-08 08:25:00,Payment,141.18,Ahmedabad,50,997,99,0
TXN07228,2026-01-08 08:30:00,Payment,2039.22,Pune,65,914,17,0
TXN00351,2026-01-08 08:31:00,Payment,372.18,Ahmedabad,47,1211,36,0
TXN07516,2026-01-08 08:31:00,Transfer,155.49,Bengaluru,30,603,117,0
TXN03513,2026-01-08 08:34:00,Payment,219.39,Jaipur,61,1068,19,0
TXN04855,2026-01-08 08:37:00,Payment,42.96,Hyderabad,56,1232,53,0
TXN00011,2026-01-08 08:38:00,Payment,274.48,Hyderabad,61,358,21,0
TXN06080,2026-01-08 08:38:00,Payment,137.49,Kolkata,58,802,27,0
TXN01002,2026-01-08 08:39:00,Payment,49.73,Mumbai,63,469,31,0
TXN00826,2026-01-08 08:41:00,Transfer,277.52,Chennai,65,1303,113,0
TXN08490,2026-01-08 08:47:00,Withdrawal,66.22,Kolkata,43,500,55,0
TXN09326,2026-01-08 08:51:00,Transfer,384.78,Ahmedabad,62,702,47,1
TXN01543,2026-01-08 08:52:00,Withdrawal,354.8,Mumbai,28,942,10,0
TXN09407,2026-01-08 08:53:00,Payment,201.15,Bengaluru,67,965,59,0
TXN09709,2026-01-08 08:54:00,Payment,129.09,Delhi,47,1037,13,0
TXN07344,2026-01-08 08:56:00,Payment,253.35,Hyderabad,24,2973,69,0
TXN00377,2026-01-08 09:08:00,Transfer,162.58,Bengaluru,29,1511,105,0
TXN01522,2026-01-08 09:13:00,Transfer,219.86,Bengaluru,64,587,16,0
TXN09815,2026-01-08 09:13:00,Payment,628.6,Ahmedabad,50,826,24,0
TXN03407,2026-01-08 09:18:00,Payment,25.79,Mumbai,31,585,37,0
TXN08522,2026-01-08 09:23:00,Payment,397.59,Chennai,25,646,5,0
TXN04964,2026-01-08 09:23:00,Payment,56.58,Mumbai,24,448,14,0
TXN05887,2026-01-08 09:24:00,Payment,90.19,Kolkata,19,598,22,0
TXN03986,2026-01-08 09:25:00,Payment,519.32,Mumbai,46,702,54,0
TXN00642,2026-01-08 09:25:00,Payment,26.35,Mumbai,61,124,57,0
TXN02562,2026-01-08 09:26:00,Payment,285.6,Chennai,67,780,29,0
TXN08935,2026-01-08 09:29:00,Transfer,604.19,Hyderabad,30,1019,25,0
TXN01633,2026-01-08 09:35:00,Payment,1082.92,Hyderabad,59,688,59,0
TXN08940,2026-01-08 09:36:00,Payment,132.09,Chennai,55,515,27,0
TXN02923,2026-01-08 09:40:00,Payment,366.99,Pune,60,774,159,0
TXN04780,2026-01-08 09:42:00,Payment,163.23,Mumbai,34,1419,54,0
TXN02583,2026-01-08 09:46:00,Payment,116.99,Mumbai,44,1602,43,0
TXN07658,2026-01-08 09:51:00,Transfer,393.17,Chennai,33,574,46,1
TXN01991,2026-01-08 09:57:00,Transfer,372.29,Jaipur,58,1522,36,0
TXN05076,2026-01-08 09:58:00,Payment,71.71,Delhi,62,1151,130,0
TXN00730,2026-01-08 10:04:00,Payment,107.95,Kolkata,66,756,66,0
TXN09218,2026-01-08 10:05:00,Transfer,12.95,Hyderabad,61,1223,61,0
TXN06348,2026-01-08 10:05:00,Transfer,196.62,Bengaluru,40,1196,11,0
TXN03673,2026-01-08 10:06:00,Transfer,50.29,Jaipur,41,831,68,0
TXN01097,2026-01-08 10:07:00,Payment,869.51,Hyderabad,69,1016,94,0
TXN02573,2026-01-08 10:08:00,Transfer,234.68,Delhi,37,1048,48,0
TXN00214,2026-01-08 10:09:00,Payment,1998.84,Delhi,49,942,55,0
TXN04517,2026-01-08 10:10:00,Transfer,64.39,Jaipur,28,843,17,0
TXN02270,2026-01-08 10:14:00,Transfer,134.01,Ahmedabad,69,1002,58,1
TXN09717,2026-01-08 10:15:00,Payment,171.62,Bengaluru,24,1052,76,0
TXN02964,2026-01-08 10:17:00,Transfer,678.65,Mumbai,18,470,57,0
TXN05228,2026-01-08 10:25:00,Payment,606.33,Ahmedabad,20,1986,16,0
TXN06032,2026-01-08 10:29:00,Withdrawal,107.85,Chennai,31,171,65,0
TXN08981,2026-01-08 10:30:00,Payment,66.37,Hyderabad,55,1565,27,0
TXN00624,2026-01-08 10:31:00,Payment,220.13,Delhi,61,1442,62,0
TXN06293,2026-01-08 10:32:00,Payment,70.1,Mumbai,47,1426,62,0
TXN09251,2026-01-08 10:33:00,Payment,52.67,Bengaluru,48,1267,22,0
TXN00066,2026-01-08 10:45:00,Payment,150.31,Bengaluru,59,523,92,0
TXN05216,2026-01-08 10:49:00,Payment,100.9,Delhi,47,355,60,0
TXN01719,2026-01-08 10:54:00,Transfer,306.12,Jaipur,57,1130,67,0
TXN01781,2026-01-08 10:57:00,Withdrawal,241.37,Kolkata,43,391,87,0
TXN00616,2026-01-08 11:01:00,Transfer,55.49,Chennai,38,1442,49,0
TXN09659,2026-01-08 11:03:00,Transfer,62.71,Hyderabad,19,820,30,0
TXN00988,2026-01-08 11:05:00,Payment,287.47,Hyderabad,54,776,23,0
TXN05849,2026-01-08 11:10:00,Transfer,166.22,Pune,30,1893,120,0
TXN07521,2026-01-08 11:11:00,Transfer,132.3,Delhi,55,1119,20,0
TXN06181,2026-01-08 11:12:00,Payment,713.93,Hyderabad,60,365,85,0
TXN07100,2026-01-08 11:12:00,Payment,135.39,Mumbai,26,198,81,0
TXN02976,2026-01-08 11:15:00,Transfer,378.29,Delhi,67,1144,42,0
TXN06781,2026-01-08 11:17:00,Transfer,30.57,Delhi,35,450,16,1
TXN00601,2026-01-08 11:23:00,Payment,706.3,Chennai,66,981,16,0
TXN02862,2026-01-08 11:32:00,Transfer,225.14,Chennai,19,1283,78,0
TXN04055,2026-01-08 11:37:00,Transfer,3083.29,Jaipur,61,1994,7,0
TXN00731,2026-01-08 11:38:00,Transfer,19.48,Hyderabad,47,1267,42,0
TXN09995,2026-01-08 11:38:00,Transfer,155.56,Chennai,21,339,25,0
TXN00158,2026-01-08 11:42:00,Transfer,47.84,Hyderabad,19,1636,69,0
TXN00552,2026-01-08 11:42:00,Transfer,104.31,Mumbai,48,1369,19,0
TXN01491,2026-01-08 11:43:00,Withdrawal,180.93,Delhi,51,1997,13,0
TXN05584,2026-01-08 11:57:00,Transfer,57.71,Chennai,40,289,9,0
TXN01449,2026-01-08 12:01:00,Payment,234.12,Bengaluru,26,1920,82,0
TXN06242,2026-01-08 12:05:00,Payment,83.89,Chennai,37,1706,29,0
TXN06036,2026-01-08 12:08:00,Payment,42.74,Bengaluru,53,1816,69,0
TXN08855,2026-01-08 12:08:00,Transfer,182.13,Bengaluru,63,361,36,0
TXN06848,2026-01-08 12:12:00,Payment,158.46,Pune,66,92,118,0
TXN09737,2026-01-08 12:15:00,Transfer,378.62,Hyderabad,55,1461,128,0
TXN06852,2026-01-08 12:21:00,Transfer,118.1,Kolkata,52,1860,61,0
TXN04540,2026-01-08 12:21:00,Transfer,122.4,Mumbai,55,1168,75,0
TXN06245,2026-01-08 12:22:00,Transfer,105.01,Chennai,40,547,79,1
TXN05079,2026-01-08 12:25:00,Transfer,169.28,Bengaluru,59,423,17,0
TXN02810,2026-01-08 12:30:00,Withdrawal,185.45,Hyderabad,42,377,84,0
TXN08199,2026-01-08 12:34:00,Payment,730.43,Ahmedabad,29,1057,111,0
TXN04783,2026-01-08 12:35:00,Payment,174.39,Mumbai,23,1089,7,0
TXN07670,2026-01-08 12:37:00,Withdrawal,1691.53,Hyderabad,51,1308,95,0
TXN01591,2026-01-08 12:41:00,Payment,458.44,Pune,36,1818,8,0
TXN04096,2026-01-08 12:50:00,Withdrawal,81.15,Kolkata,46,345,28,0
TXN06533,2026-01-08 12:53:00,Payment,197.71,Ahmedabad,44,639,20,0
TXN00992,2026-01-08 12:58:00,Payment,244.16,Chennai,59,116,43,0
TXN08249,2026-01-08 13:01:00,Payment,298.83,Jaipur,25,444,9,0
TXN06825,2026-01-08 13:01:00,Payment,77.48,Hyderabad,63,1612,19,0
TXN08406,2026-01-08 13:03:00,Payment,236.93,Mumbai,31,1003,23,0
TXN06531,2026-01-08 13:05:00,Withdrawal,329.73,Bengaluru,61,624,45,0
TXN06766,2026-01-08 13:07:00,Payment,2623.92,Hyderabad,29,494,18,0
TXN09248,2026-01-08 13:07:00,Payment,812.71,Chennai,27,484,23,0
TXN04739,2026-01-08 13:08:00,Transfer,53.83,Mumbai,36,1196,8,0
TXN09321,2026-01-08 13:12:00,Transfer,181.41,Chennai,62,1194,60,0
TXN01653,2026-01-08 13:15:00,Payment,243.0,Bengaluru,44,873,63,0
TXN09876,2026-01-08 13:18:00,Transfer,81.44,Kolkata,59,617,48,0
TXN01534,2026-01-08 13:20:00,Payment,77.35,Delhi,30,1001,71,0
TXN07096,2026-01-08 13:24:00,Payment,805.52,Mumbai,38,395,1,1
TXN08019,2026-01-08 13:26:00,Payment,101.48,Jaipur,46,1408,17,0
TXN04567,2026-01-08 13:27:00,Payment,311.43,Hyderabad,29,303,67,0
TXN00528,2026-01-08 13:31:00,Payment,102.85,Mumbai,58,137,80,0
TXN00673,2026-01-08 13:34:00,Withdrawal,374.09,Mumbai,62,2368,12,0
TXN06471,2026-01-08 13:36:00,Withdrawal,162.07,Jaipur,28,512,63,1
TXN02217,2026-01-08 13:38:00,Withdrawal,226.7,Kolkata,41,757,34,0
TXN06846,2026-01-08 13:38:00,Payment,113.21,Delhi,50,447,63,0
TXN00578,2026-01-08 13:40:00,Payment,345.64,Jaipur,45,1954,7,0
TXN08759,2026-01-08 13:50:00,Payment,344.42,Ahmedabad,60,1015,67,0
TXN02548,2026-01-08 13:55:00,Payment,30.32,Delhi,39,1786,51,0
TXN08858,2026-01-08 14:00:00,Payment,575.4,Delhi,58,446,10,0
TXN00121,2026-01-08 14:04:00,Payment,431.34,Kolkata,63,1288,16,0
TXN05341,2026-01-08 14:11:00,Payment,814.5,Jaipur,57,432,79,0
TXN06649,2026-01-08 14:12:00,Transfer,87.9,Chennai,29,757,23,0
TXN01073,2026-01-08 14:14:00,Transfer,69.68,Hyderabad,31,1109,7,0
TXN05215,2026-01-08 14:22:00,Transfer,277.28,Ahmedabad,68,1107,44,0
TXN07397,2026-01-08 14:23:00,Payment,328.4,Bengaluru,28,838,77,0
TXN03816,2026-01-08 14:37:00,Transfer,120.96,Kolkata,48,1667,52,0
TXN09749,2026-01-08 14:38:00,Withdrawal,427.7,Delhi,43,1100,25,0
TXN02611,2026-01-08 14:41:00,Payment,99.7,Mumbai,65,558,24,0
TXN02898,2026-01-08 14:43:00,Payment,550.22,Bengaluru,66,2415,39,0
TXN03088,2026-01-08 14:47:00,Payment,2246.32,Mumbai,55,782,12,0
TXN05791,2026-01-08 14:53:00,Transfer,514.98,Pune,40,345,61,0
TXN05393,2026-01-08 14:54:00,Payment,117.7,Delhi,65,163,41,0
TXN00440,2026-01-08 14:58:00,Payment,103.21,Delhi,27,1171,7,0
TXN09297,2026-01-08 15:02:00,Payment,942.55,Jaipur,59,38,25,0
TXN04756,2026-01-08 15:09:00,Withdrawal,436.78,Bengaluru,57,2547,22,0
TXN07065,2026-01-08 15:10:00,Transfer,1018.12,Ahmedabad,61,796,40,0
TXN05400,2026-01-08 15:16:00,Payment,162.98,Mumbai,21,1296,7,0
TXN02942,2026-01-08 15:19:00,Payment,66.44,Bengaluru,48,203,37,0
TXN07246,2026-01-08 15:21:00,Withdrawal,526.84,Hyderabad,60,848,39,0
TXN09311,2026-01-08 15:24:00,Transfer,1849.52,Pune,61,1038,17,0
TXN02268,2026-01-08 15:31:00,Transfer,98.86,Delhi,59,856,19,0
TXN04235,2026-01-08 15:33:00,Withdrawal,790.97,Chennai,61,3326,22,0
TXN04354,2026-01-08 15:35:00,Payment,276.78,Ahmedabad,56,419,63,1
TXN02297,2026-01-08 15:37:00,Payment,187.56,Pune,60,1021,6,0
TXN05734,2026-01-08 15:38:00,Withdrawal,198.21,Bengaluru,54,2850,40,0
TXN04437,2026-01-08 15:43:00,Withdrawal,218.05,Kolkata,25,472,33,0
TXN03437,2026-01-08 15:48:00,Payment,421.73,Delhi,38,1323,27,0
TXN09899,2026-01-08 15:48:00,Transfer,279.86,Kolkata,40,191,9,0
TXN00145,2026-01-08 15:50:00,Transfer,28.12,Delhi,27,1123,65,0
TXN03933,2026-01-08 15:51:00,Transfer,642.58,Pune,50,232,19,0
TXN03326,2026-01-08 15:51:00,Payment,1290.03,Chennai,46,1026,49,0
TXN07948,2026-01-08 15:52:00,Transfer,277.82,Bengaluru,67,839,41,0
TXN01472,2026-01-08 15:53:00,Payment,3105.25,Mumbai,39,146,8,0
TXN09954,2026-01-08 15:59:00,Payment,55.6,Jaipur,39,2122,7,0
TXN06013,2026-01-08 16:00:00,Withdrawal,51.94,Pune,67,2165,51,0
TXN03499,2026-01-08 16:04:00,Transfer,360.82,Chennai,38,1083,30,0
TXN07745,2026-01-08 16:05:00,Withdrawal,550.57,Chennai,28,1136,77,0
TXN01082,2026-01-08 16:07:00,Transfer,546.09,Delhi,48,547,43,0
TXN08884,2026-01-08 16:08:00,Transfer,260.36,Ahmedabad,27,599,62,0
TXN07650,2026-01-08 16:16:00,Payment,108.3,Mumbai,27,1559,31,0
TXN09598,2026-01-08 16:19:00,Payment,159.99,Mumbai,52,605,15,0
TXN01290,2026-01-08 16:24:00,Payment,138.86,Chennai,29,1000,20,0
TXN01749,2026-01-08 16:33:00,Payment,104.93,Ahmedabad,18,477,54,1
TXN03701,2026-01-08 16:36:00,Payment,896.27,Mumbai,34,901,46,0
TXN03327,2026-01-08 16:36:00,Transfer,530.79,Hyderabad,30,307,77,0
TXN04927,2026-01-08 16:38:00,Transfer,133.56,Hyderabad,41,565,35,0
TXN09425,2026-01-08 16:46:00,Payment,404.39,Bengaluru,60,616,91,0
TXN06576,2026-01-08 16:47:00,Payment,279.73,Chennai,40,534,52,0
TXN08073,2026-01-08 16:49:00,Payment,100.22,Bengaluru,38,596,11,0
TXN04485,2026-01-08 16:50:00,Transfer,110.38,Ahmedabad,23,1643,140,1
TXN05892,2026-01-08 16:52:00,Payment,227.49,Kolkata,33,519,29,0
TXN00272,2026-01-08 16:52:00,Transfer,104.67,Hyderabad,51,2018,85,0
TXN05732,2026-01-08 16:55:00,Payment,108.89,Bengaluru,38,207,19,0
TXN00669,2026-01-08 16:55:00,Payment,201.89,Delhi,44,767,16,0
TXN00476,2026-01-08 17:03:00,Payment,198.26,Bengaluru,53,1026,85,0
TXN00763,2026-01-08 17:03:00,Payment,92.66,Bengaluru,26,367,17,0
TXN08047,2026-01-08 17:03:00,Payment,1902.17,Bengaluru,26,686,102,0
TXN01455,2026-01-08 17:05:00,Payment,313.12,Chennai,39,1691,29,0
TXN07392,2026-01-08 17:13:00,Payment,242.25,Delhi,68,1671,76,0
TXN02729,2026-01-08 17:13:00,Payment,133.07,Mumbai,22,797,23,0
TXN03622,2026-01-08 17:14:00,Payment,323.14,Mumbai,66,2139,51,0
TXN08979,2026-01-08 17:16:00,Transfer,75.12,Mumbai,67,822,56,0
TXN05085,2026-01-08 17:16:00,Payment,271.89,Delhi,43,935,40,0
TXN02688,2026-01-08 17:24:00,Payment,432.11,Delhi,41,1499,63,0
TXN06176,2026-01-08 17:26:00,Withdrawal,242.75,Kolkata,65,1104,72,0
TXN07159,2026-01-08 17:26:00,Transfer,168.95,Pune,20,327,63,1
TXN03123,2026-01-08 17:27:00,Payment,72.94,Mumbai,28,1508,56,0
TXN09024,2026-01-08 17:28:00,Payment,207.49,Kolkata,36,1120,35,0
TXN03995,2026-01-08 17:29:00,Payment,1239.53,Delhi,61,742,18,0
TXN09063,2026-01-08 17:31:00,Transfer,106.13,Bengaluru,56,551,107,1
TXN02792,2026-01-08 17:33:00,Withdrawal,161.54,Hyderabad,55,667,54,0
TXN01782,2026-01-08 17:34:00,Withdrawal,44.71,Chennai,41,3639,17,0
TXN01810,2026-01-08 17:39:00,Transfer,702.08,Chennai,22,2686,145,0
TXN06575,2026-01-08 17:44:00,Payment,1982.54,Ahmedabad,29,1134,14,0
TXN05577,2026-01-08 17:45:00,Transfer,85.1,Delhi,34,390,79,0
TXN04447,2026-01-08 17:45:00,Transfer,915.41,Bengaluru,28,1483,17,0
TXN07896,2026-01-08 17:50:00,Payment,100.38,Chennai,40,635,84,0
TXN01071,2026-01-08 17:50:00,Transfer,125.5,Bengaluru,23,886,18,0
TXN06145,2026-01-08 17:52:00,Withdrawal,321.72,Delhi,64,661,43,0
TXN04272,2026-01-08 17:53:00,Transfer,244.53,Jaipur,39,1022,115,0
TXN08887,2026-01-08 17:53:00,Payment,265.49,Hyderabad,69,602,25,0
TXN06697,2026-01-08 18:03:00,Transfer,723.41,Pune,19,101,85,0
TXN04923,2026-01-08 18:04:00,Payment,20.23,Bengaluru,65,225,24,1
TXN03024,2026-01-08 18:04:00,Payment,60.15,Chennai,66,2244,48,0
TXN08381,2026-01-08 18:08:00,Payment,72.38,Kolkata,66,198,41,0
TXN02038,2026-01-08 18:09:00,Withdrawal,487.47,Chennai,53,1272,40,0
TXN07421,2026-01-08 18:10:00,Payment,118.66,Mumbai,30,392,58,0
TXN02322,2026-01-08 18:12:00,Withdrawal,202.44,Pune,33,968,59,0
TXN03815,2026-01-08 18:13:00,Transfer,278.16,Pune,43,512,31,0
TXN07683,2026-01-08 18:19:00,Withdrawal,754.71,Kolkata,68,357,10,0
TXN07645,2026-01-08 18:20:00,Transfer,256.44,Bengaluru,39,354,59,1
TXN05924,2026-01-08 18:24:00,Payment,160.58,Delhi,38,1263,21,0
TXN02844,2026-01-08 18:25:00,Payment,322.68,Jaipur,42,377,13,0
TXN01900,2026-01-08 18:28:00,Transfer,665.79,Kolkata,31,832,52,0
TXN09868,2026-01-08 18:30:00,Transfer,163.0,Kolkata,59,1038,56,0
TXN05135,2026-01-08 18:31:00,Payment,202.2,Delhi,31,1026,9,0
TXN09464,2026-01-08 18:33:00,Transfer,338.18,Mumbai,19,2049,72,0
TXN06347,2026-01-08 18:33:00,Withdrawal,257.21,Delhi,39,1086,41,0
TXN03374,2026-01-08 18:36:00,Withdrawal,1108.55,Mumbai,60,1097,4,1
TXN00820,2026-01-08 18:38:00,Payment,1230.8,Kolkata,56,621,10,0
TXN01132,2026-01-08 18:40:00,Payment,526.15,Pune,43,413,36,0
TXN02908,2026-01-08 18:42:00,Payment,235.3,Mumbai,28,813,74,0
TXN03990,2026-01-08 18:42:00,Payment,251.14,Hyderabad,34,1138,29,0
TXN08417,2026-01-08 18:47:00,Transfer,223.15,Pune,35,315,51,0
TXN08334,2026-01-08 18:48:00,Transfer,410.87,Jaipur,66,574,49,0
TXN04425,2026-01-08 18:48:00,Transfer,294.86,Ahmedabad,26,1341,61,0
TXN05639,2026-01-08 18:50:00,Payment,100.6,Ahmedabad,44,619,25,0
TXN04969,2026-01-08 18:51:00,Payment,116.65,Chennai,45,543,96,0
TXN08208,2026-01-08 18:52:00,Withdrawal,620.28,Chennai,62,1533,77,0
TXN03765,2026-01-08 18:54:00,Payment,666.52,Chennai,31,755,62,0
TXN09802,2026-01-08 18:55:00,Payment,303.08,Delhi,68,1609,27,0
TXN06062,2026-01-08 18:56:00,Transfer,434.54,Pune,61,611,48,0
TXN02676,2026-01-08 19:00:00,Payment,158.92,Delhi,44,191,49,0
TXN01131,2026-01-08 19:01:00,Payment,155.59,Ahmedabad,55,410,118,0
TXN03348,2026-01-08 19:02:00,Transfer,241.76,Bengaluru,26,1688,29,1
TXN08723,2026-01-08 19:02:00,Payment,99.29,Hyderabad,64,459,99,0
TXN07877,2026-01-08 19:04:00,Payment,303.99,Bengaluru,47,1558,78,0
TXN04049,2026-01-08 19:10:00,Withdrawal,71.06,Bengaluru,25,104,5,1
TXN00530,2026-01-08 19:15:00,Payment,123.6,Bengaluru,51,705,100,0
TXN06695,2026-01-08 19:21:00,Payment,201.66,Bengaluru,43,1004,62,0
TXN00446,2026-01-08 19:24:00,Payment,210.75,Ahmedabad,51,1966,89,0
TXN02725,2026-01-08 19:30:00,Payment,439.62,Hyderabad,19,197,42,0
TXN01126,2026-01-08 19:31:00,Transfer,66.87,Hyderabad,30,501,67,0
TXN08081,2026-01-08 19:33:00,Transfer,645.36,Hyderabad,23,1917,52,0
TXN05914,2026-01-08 19:36:00,Transfer,929.26,Mumbai,43,666,75,0
TXN06495,2026-01-08 19:37:00,Transfer,67.23,Pune,58,649,30,0
TXN04723,2026-01-08 19:38:00,Withdrawal,241.08,Delhi,69,1229,16,0
TXN05602,2026-01-08 19:38:00,Transfer,91.34,Bengaluru,55,328,91,0
TXN00887,2026-01-08 19:41:00,Payment,214.53,Mumbai,22,180,61,0
TXN07448,2026-01-08 19:42:00,Withdrawal,311.73,Mumbai,22,356,101,1
TXN03246,2026-01-08 19:43:00,Payment,791.8,Bengaluru,21,851,116,0
TXN09149,2026-01-08 19:44:00,Payment,178.03,Delhi,37,486,32,1
TXN09925,2026-01-08 19:45:00,Payment,89.07,Pune,67,833,76,0
TXN04946,2026-01-08 19:49:00,Payment,36.62,Ahmedabad,37,758,39,0
TXN00945,2026-01-08 19:55:00,Payment,1948.15,Chennai,58,908,73,0
TXN01509,2026-01-08 19:56:00,Transfer,235.29,Hyderabad,50,819,52,0
TXN08023,2026-01-08 19:57:00,Transfer,21.98,Chennai,49,1295,87,0
TXN04900,2026-01-08 19:58:00,Payment,183.65,Mumbai,30,486,17,0
TXN08448,2026-01-08 19:59:00,Transfer,131.83,Pune,38,2589,10,0
TXN08977,2026-01-08 20:00:00,Payment,3404.71,Pune,68,633,112,0
TXN08684,2026-01-08 20:02:00,Payment,94.0,Hyderabad,52,2013,47,0
TXN01567,2026-01-08 20:08:00,Payment,21.52,Pune,66,905,15,0
TXN08730,2026-01-08 20:08:00,Transfer,434.31,Pune,64,535,54,1
TXN08198,2026-01-08 20:10:00,Transfer,2407.74,Hyderabad,60,712,43,0
TXN04265,2026-01-08 20:10:00,Transfer,345.31,Pune,66,944,40,0
TXN06806,2026-01-08 20:10:00,Payment,101.83,Kolkata,45,1073,11,0
TXN07472,2026-01-08 20:12:00,Payment,122.57,Bengaluru,33,2351,67,0
TXN00441,2026-01-08 20:14:00,Payment,519.51,Mumbai,25,1093,31,0
TXN09658,2026-01-08 20:26:00,Payment,112.91,Mumbai,60,821,40,0
TXN06847,2026-01-08 20:39:00,Payment,1775.6,Delhi,39,1179,61,0
TXN04196,2026-01-08 20:39:00,Withdrawal,98.91,Mumbai,27,1835,52,0
TXN09342,2026-01-08 20:40:00,Payment,95.48,Mumbai,31,474,81,0
TXN01061,2026-01-08 20:40:00,Payment,303.87,Pune,22,1221,34,1
TXN05655,2026-01-08 20:40:00,Payment,1061.47,Chennai,44,565,91,0
TXN01405,2026-01-08 20:46:00,Transfer,55.22,Delhi,65,689,54,0
TXN04596,2026-01-08 20:47:00,Payment,431.44,Chennai,56,1108,64,0
TXN08003,2026-01-08 20:49:00,Transfer,6016.48,Chennai,47,386,89,1
TXN03167,2026-01-08 20:58:00,Withdrawal,159.5,Mumbai,65,385,17,0
TXN03516,2026-01-08 20:59:00,Payment,342.97,Mumbai,42,2228,32,0
TXN09174,2026-01-08 21:01:00,Payment,683.96,Delhi,26,703,39,0
TXN08508,2026-01-08 21:14:00,Payment,415.28,Kolkata,23,1475,73,0
TXN07993,2026-01-08 21:14:00,Payment,318.48,Hyderabad,50,536,44,0
TXN05873,2026-01-08 21:14:00,Transfer,557.09,Hyderabad,33,1778,37,0
TXN06482,2026-01-08 21:19:00,Transfer,66.15,Hyderabad,34,966,36,0
TXN05936,2026-01-08 21:25:00,Payment,249.91,Delhi,64,873,46,0
TXN08604,2026-01-08 21:26:00,Payment,101.11,Jaipur,24,485,38,1
TXN05346,2026-01-08 21:28:00,Transfer,56.95,Pune,44,1391,47,0
TXN03858,2026-01-08 21:30:00,Payment,62.63,Bengaluru,48,543,82,1
TXN06205,2026-01-08 21:32:00,Payment,2290.13,Ahmedabad,35,1300,30,0
TXN02107,2026-01-08 21:38:00,Payment,225.03,Kolkata,32,711,73,0
TXN02259,2026-01-08 21:43:00,Payment,204.75,Mumbai,60,534,30,0
TXN07801,2026-01-08 21:44:00,Payment,257.44,Chennai,21,150,81,0
TXN02371,2026-01-08 21:45:00,Payment,225.4,Mumbai,33,1008,27,0
TXN00226,2026-01-08 21:46:00,Withdrawal,316.65,Mumbai,52,943,14,0
TXN00562,2026-01-08 21:46:00,Payment,159.91,Chennai,57,170,47,0
TXN00984,2026-01-08 21:47:00,Withdrawal,125.21,Bengaluru,45,785,106,0
TXN03370,2026-01-08 21:48:00,Payment,3579.98,Pune,30,622,117,0
TXN02437,2026-01-08 21:48:00,Payment,2147.13,Mumbai,66,865,67,0
TXN06288,2026-01-08 22:01:00,Payment,444.42,Kolkata,43,447,27,0
TXN00650,2026-01-08 22:04:00,Payment,430.84,Bengaluru,44,548,195,0
TXN01389,2026-01-08 22:05:00,Transfer,73.14,Hyderabad,32,154,41,0
TXN03325,2026-01-08 22:05:00,Payment,57.56,Jaipur,62,550,114,0
TXN09001,2026-01-08 22:06:00,Payment,625.24,Delhi,39,3072,60,0
TXN03891,2026-01-08 22:07:00,Payment,185.19,Mumbai,36,2068,12,0
TXN06982,2026-01-08 22:08:00,Payment,565.74,Pune,61,887,62,0
TXN02590,2026-01-08 22:12:00,Payment,368.76,Pune,49,1218,31,0
TXN02373,2026-01-08 22:13:00,Transfer,119.59,Mumbai,59,1288,32,0
TXN00277,2026-01-08 22:19:00,Payment,201.04,Mumbai,65,476,112,0
TXN06426,2026-01-08 22:19:00,Transfer,201.4,Chennai,45,817,43,0
TXN00282,2026-01-08 22:19:00,Transfer,261.25,Ahmedabad,49,270,59,0
TXN02866,2026-01-08 22:26:00,Payment,429.72,Hyderabad,52,1854,3,0
TXN02353,2026-01-08 22:29:00,Payment,770.93,Kolkata,33,1093,72,0
TXN00959,2026-01-08 22:29:00,Transfer,217.01,Delhi,43,451,110,0
TXN00842,2026-01-08 22:34:00,Transfer,105.41,Mumbai,18,410,23,0
TXN01221,2026-01-08 22:36:00,Payment,137.47,Mumbai,27,935,39,0
TXN08570,2026-01-08 22:37:00,Payment,190.55,Pune,23,747,96,0
TXN00454,2026-01-08 22:43:00,Transfer,152.13,Chennai,47,517,36,0
TXN08153,2026-01-08 22:47:00,Withdrawal,354.72,Chennai,69,1831,56,0
TXN06046,2026-01-08 22:49:00,Transfer,899.56,Chennai,33,694,57,0
TXN08394,2026-01-08 22:50:00,Withdrawal,148.49,Pune,27,468,27,0
TXN03356,2026-01-08 22:53:00,Payment,213.35,Bengaluru,47,1130,23,0
TXN03360,2026-01-08 22:54:00,Withdrawal,49.47,Bengaluru,33,1266,74,0
TXN05885,2026-01-08 22:55:00,Transfer,631.53,Chennai,68,2194,21,0
TXN02121,2026-01-08 22:55:00,Transfer,69.84,Jaipur,55,718,59,0
TXN00230,2026-01-09 08:00:00,Transfer,130.2,Mumbai,32,807,22,0
TXN07050,2026-01-09 08:00:00,Withdrawal,32.54,Kolkata,34,870,55,0
TXN06234,2026-01-09 08:01:00,Withdrawal,93.78,Pune,47,288,60,0
TXN09088,2026-01-09 08:02:00,Withdrawal,423.43,Delhi,23,754,70,0
TXN00976,2026-01-09 08:03:00,Withdrawal,505.95,Delhi,43,2272,3,0
TXN09754,2026-01-09 08:05:00,Payment,127.03,Delhi,54,1250,11,0
TXN02809,2026-01-09 08:08:00,Transfer,671.18,Bengaluru,68,1707,3,0
TXN01860,2026-01-09 08:08:00,Payment,102.74,Kolkata,40,1932,61,0
TXN07498,2026-01-09 08:08:00,Payment,23.91,Pune,42,194,124,0
TXN06197,2026-01-09 08:11:00,Withdrawal,629.98,Kolkata,67,236,47,0
TXN05115,2026-01-09 08:13:00,Payment,92.17,Jaipur,37,452,26,0
TXN08559,2026-01-09 08:19:00,Transfer,79.94,Bengaluru,33,224,99,0
TXN02232,2026-01-09 08:19:00,Payment,155.86,Bengaluru,35,1127,62,0
TXN00859,2026-01-09 08:21:00,Withdrawal,89.97,Chennai,27,713,44,0
TXN01459,2026-01-09 08:23:00,Transfer,2095.84,Kolkata,31,663,76,0
TXN04913,2026-01-09 08:24:00,Payment,743.71,Delhi,60,282,66,0
TXN09188,2026-01-09 08:25:00,Transfer,75.45,Chennai,42,585,14,1
TXN09478,2026-01-09 08:25:00,Payment,477.83,Kolkata,23,1044,13,0
TXN04460,2026-01-09 08:30:00,Transfer,418.66,Bengaluru,29,1161,110,0
TXN00931,2026-01-09 08:32:00,Withdrawal,11382.2,Jaipur,62,757,10,1
TXN02234,2026-01-09 08:34:00,Payment,1498.07,Bengaluru,25,81,32,0
TXN06537,2026-01-09 08:42:00,Transfer,493.38,Bengaluru,19,1451,10,0
TXN07774,2026-01-09 08:46:00,Transfer,124.18,Delhi,46,2060,21,0
TXN01689,2026-01-09 08:46:00,Transfer,57.67,Bengaluru,23,2353,8,0
TXN01359,2026-01-09 08:48:00,Payment,361.61,Chennai,69,634,80,0
TXN08587,2026-01-09 08:50:00,Transfer,622.25,Delhi,22,336,38,0
TXN07924,2026-01-09 08:53:00,Payment,82.2,Bengaluru,55,1377,131,0
TXN07238,2026-01-09 09:00:00,Transfer,2308.59,Kolkata,28,846,51,0
TXN04234,2026-01-09 09:00:00,Payment,35.61,Kolkata,20,264,24,0
TXN07970,2026-01-09 09:01:00,Transfer,592.04,Chennai,42,810,9,0
TXN00030,2026-01-09 09:02:00,Payment,61.63,Delhi,44,412,82,0
TXN06971,2026-01-09 09:09:00,Payment,269.85,Chennai,27,851,54,0
TXN08058,2026-01-09 09:11:00,Payment,85.31,Chennai,31,1425,49,0
TXN09663,2026-01-09 09:13:00,Payment,24.83,Hyderabad,56,719,25,0
TXN00741,2026-01-09 09:18:00,Transfer,56.13,Hyderabad,63,411,9,0
TXN08235,2026-01-09 09:19:00,Withdrawal,283.27,Delhi,28,75,35,1
TXN03554,2026-01-09 09:19:00,Transfer,4049.21,Chennai,50,784,129,0
TXN02399,2026-01-09 09:20:00,Transfer,352.95,Bengaluru,60,1139,5,0
TXN06985,2026-01-09 09:24:00,Withdrawal,297.57,Mumbai,62,892,20,0
TXN00546,2026-01-09 09:26:00,Payment,535.46,Kolkata,69,1437,48,0
TXN04595,2026-01-09 09:29:00,Withdrawal,842.53,Chennai,30,380,7,0
TXN02988,2026-01-09 09:35:00,Withdrawal,584.16,Delhi,60,856,111,0
TXN04698,2026-01-09 09:37:00,Payment,51.53,Bengaluru,36,1134,70,0
TXN04687,2026-01-09 09:43:00,Payment,33.61,Mumbai,42,1318,32,0
TXN06439,2026-01-09 09:45:00,Transfer,460.87,Hyderabad,42,1055,99,0
TXN08045,2026-01-09 09:45:00,Payment,27.67,Chennai,35,1652,52,0
TXN04686,2026-01-09 09:50:00,Payment,100.05,Mumbai,20,1344,72,0
TXN09711,2026-01-09 09:54:00,Transfer,142.09,Jaipur,47,989,86,0
TXN08782,2026-01-09 09:55:00,Transfer,1160.13,Pune,35,251,50,0
TXN00536,2026-01-09 10:07:00,Payment,1383.04,Hyderabad,18,2719,99,0
TXN05681,2026-01-09 10:07:00,Transfer,19.35,Pune,27,468,26,0
TXN03989,2026-01-09 10:12:00,Payment,128.31,Hyderabad,54,1191,73,0
TXN05586,2026-01-09 10:25:00,Transfer,96.82,Bengaluru,57,1587,61,0
TXN03451,2026-01-09 10:36:00,Transfer,844.46,Bengaluru,49,1168,83,0
TXN04875,2026-01-09 10:38:00,Transfer,482.11,Bengaluru,45,1161,82,0
TXN00632,2026-01-09 10:38:00,Payment,186.38,Mumbai,28,1868,58,0
TXN00439,2026-01-09 10:41:00,Payment,719.95,Hyderabad,59,247,28,0
TXN01292,2026-01-09 10:42:00,Payment,465.45,Mumbai,48,1807,37,0
TXN01396,2026-01-09 10:46:00,Payment,34.03,Mumbai,45,1193,50,0
TXN06021,2026-01-09 10:48:00,Withdrawal,108.99,Chennai,36,244,5,0
TXN08663,2026-01-09 10:52:00,Payment,66.29,Kolkata,55,1048,31,0
TXN07137,2026-01-09 10:58:00,Payment,165.21,Bengaluru,25,1038,51,0
TXN07878,2026-01-09 11:00:00,Payment,102.29,Delhi,32,1486,20,0
TXN08813,2026-01-09 11:02:00,Transfer,308.37,Mumbai,22,1810,46,0
TXN08951,2026-01-09 11:03:00,Transfer,20.54,Chennai,30,1269,35,0
TXN08732,2026-01-09 11:03:00,Payment,36.56,Chennai,23,425,86,0
TXN04369,2026-01-09 11:08:00,Transfer,283.86,Ahmedabad,64,391,4,0
TXN09019,2026-01-09 11:16:00,Payment,768.38,Pune,54,786,114,0
TXN08941,2026-01-09 11:16:00,Payment,97.92,Mumbai,50,1268,23,0
TXN08343,2026-01-09 11:19:00,Withdrawal,446.46,Ahmedabad,58,532,37,0
TXN08082,2026-01-09 11:20:00,Payment,21.54,Mumbai,44,2482,43,1
TXN07667,2026-01-09 11:26:00,Transfer,135.83,Ahmedabad,31,450,30,0
TXN05948,2026-01-09 11:27:00,Payment,70.75,Hyderabad,50,154,36,0
TXN01494,2026-01-09 11:27:00,Payment,123.71,Jaipur,61,848,63,0
TXN02704,2026-01-09 11:37:00,Withdrawal,261.64,Pune,31,2261,128,0
TXN06128,2026-01-09 11:38:00,Payment,124.38,Jaipur,30,640,102,0
TXN00196,2026-01-09 11:42:00,Payment,1367.99,Mumbai,65,261,63,0
TXN05153,2026-01-09 11:44:00,Transfer,61.18,Delhi,20,642,26,0
TXN09653,2026-01-09 11:49:00,Transfer,1126.05,Chennai,47,775,27,1
TXN04261,2026-01-09 11:55:00,Payment,642.31,Jaipur,53,1349,5,0
TXN08837,2026-01-09 12:04:00,Withdrawal,189.68,Delhi,21,596,63,0
TXN02129,2026-01-09 12:05:00,Payment,611.19,Hyderabad,18,1527,83,0
TXN01162,2026-01-09 12:09:00,Transfer,448.22,Bengaluru,53,891,68,0
TXN03186,2026-01-09 12:11:00,Transfer,126.51,Chennai,27,456,158,0
TXN02604,2026-01-09 12:13:00,Payment,72.79,Jaipur,67,1077,27,0
TXN09625,2026-01-09 12:14:00,Payment,51.18,Delhi,27,807,13,0
TXN05491,2026-01-09 12:25:00,Payment,485.04,Delhi,26,1477,61,0
TXN06909,2026-01-09 12:28:00,Transfer,363.09,Chennai,36,928,37,0
TXN06980,2026-01-09 12:34:00,Withdrawal,62.24,Mumbai,26,627,66,0
TXN02218,2026-01-09 12:35:00,Transfer,276.4,Mumbai,48,2161,52,0
TXN08575,2026-01-09 12:36:00,Transfer,258.89,Delhi,69,1137,55,0
TXN02230,2026-01-09 12:38:00,Transfer,260.16,Mumbai,55,731,62,0
TXN02566,2026-01-09 12:41:00,Transfer,622.69,Hyderabad,57,1604,16,0
TXN02434,2026-01-09 12:43:00,Transfer,260.1,Bengaluru,22,106,90,0
TXN02905,2026-01-09 12:48:00,Transfer,391.01,Ahmedabad,61,127,55,0
TXN04705,2026-01-09 12:50:00,Transfer,333.74,Jaipur,42,318,33,0
TXN05836,2026-01-09 12:54:00,Payment,213.25,Hyderabad,63,2062,3,0
TXN04931,2026-01-09 13:01:00,Payment,558.55,Bengaluru,20,895,62,0
TXN09240,2026-01-09 13:01:00,Transfer,200.31,Chennai,51,324,58,0
TXN03646,2026-01-09 13:03:00,Payment,353.12,Kolkata,41,65,48,0
TXN06652,2026-01-09 13:06:00,Payment,307.47,Jaipur,43,817,3,0
TXN02027,2026-01-09 13:08:00,Payment,46.94,Jaipur,57,360,36,0
TXN04454,2026-01-09 13:11:00,Payment,378.08,Jaipur,66,1341,8,0
TXN03383,2026-01-09 13:14:00,Withdrawal,484.17,Delhi,39,398,9,0
TXN07698,2026-01-09 13:22:00,Withdrawal,120.89,Delhi,48,1620,85,0
TXN04356,2026-01-09 13:23:00,Payment,62.1,Hyderabad,65,489,58,0
TXN06382,2026-01-09 13:24:00,Payment,123.25,Kolkata,59,727,11,0
TXN07872,2026-01-09 13:25:00,Payment,28.73,Mumbai,37,995,36,0
TXN09033,2026-01-09 13:35:00,Payment,429.74,Chennai,39,890,70,0
TXN04495,2026-01-09 13:35:00,Payment,71.31,Jaipur,20,283,26,0
TXN04158,2026-01-09 13:35:00,Payment,1034.55,Bengaluru,67,763,65,0
TXN03966,2026-01-09 13:42:00,Payment,385.41,Delhi,38,349,50,0
TXN03678,2026-01-09 13:49:00,Payment,138.48,Delhi,48,439,37,0
TXN07119,2026-01-09 13:52:00,Payment,105.23,Chennai,43,719,59,0
TXN04388,2026-01-09 13:53:00,Payment,46.28,Hyderabad,42,1726,90,0
TXN06433,2026-01-09 13:56:00,Payment,35.19,Hyderabad,56,1224,28,0
TXN03595,2026-01-09 13:58:00,Payment,221.21,Bengaluru,69,1217,108,0
TXN07656,2026-01-09 14:01:00,Payment,600.81,Mumbai,55,1011,63,0
TXN02109,2026-01-09 14:03:00,Withdrawal,176.68,Delhi,33,455,11,0
TXN02579,2026-01-09 14:05:00,Transfer,64.14,Pune,37,685,3,0
TXN03525,2026-01-09 14:05:00,Payment,827.21,Chennai,67,627,32,0
TXN00088,2026-01-09 14:07:00,Payment,594.85,Jaipur,54,1803,68,1
TXN06826,2026-01-09 14:10:00,Payment,2023.5,Pune,22,743,19,0
TXN09571,2026-01-09 14:10:00,Payment,637.9,Jaipur,34,445,48,0
TXN09504,2026-01-09 14:13:00,Withdrawal,119.29,Mumbai,30,400,88,0
TXN04911,2026-01-09 14:13:00,Withdrawal,463.06,Hyderabad,38,753,89,0
TXN03895,2026-01-09 14:14:00,Transfer,233.94,Kolkata,42,589,49,1
TXN04840,2026-01-09 14:18:00,Withdrawal,410.56,Bengaluru,34,346,18,0
TXN06029,2026-01-09 14:19:00,Payment,449.59,Bengaluru,39,976,40,0
TXN09570,2026-01-09 14:19:00,Payment,808.89,Delhi,45,1263,21,0
TXN00648,2026-01-09 14:24:00,Payment,67.32,Ahmedabad,54,721,46,0
TXN02872,2026-01-09 14:31:00,Payment,315.42,Hyderabad,24,102,144,0
TXN09500,2026-01-09 14:40:00,Payment,49.38,Pune,61,782,87,0
TXN06158,2026-01-09 14:40:00,Transfer,183.41,Mumbai,36,647,62,0
TXN04373,2026-01-09 14:41:00,Payment,291.81,Hyderabad,19,1295,18,0
TXN00115,2026-01-09 14:44:00,Payment,410.52,Bengaluru,66,822,48,0
TXN02361,2026-01-09 14:44:00,Transfer,12.6,Delhi,61,1084,28,0
TXN05702,2026-01-09 14:46:00,Payment,27.58,Pune,40,918,49,0
TXN09062,2026-01-09 14:47:00,Transfer,198.91,Mumbai,53,3295,18,1
TXN04433,2026-01-09 14:50:00,Payment,18.2,Kolkata,53,1790,42,0
TXN03146,2026-01-09 14:50:00,Transfer,293.88,Mumbai,28,954,20,0
TXN06948,2026-01-09 14:57:00,Payment,105.95,Chennai,33,1193,68,0
TXN06725,2026-01-09 14:58:00,Payment,238.79,Bengaluru,42,202,1,0
TXN07242,2026-01-09 15:00:00,Payment,19.01,Pune,47,2459,47,0
TXN08112,2026-01-09 15:05:00,Transfer,222.82,Bengaluru,34,1175,14,0
TXN01185,2026-01-09 15:05:00,Transfer,244.07,Mumbai,34,529,79,0
TXN00767,2026-01-09 15:09:00,Payment,26.69,Mumbai,24,1694,25,0
TXN07112,2026-01-09 15:10:00,Transfer,81.8,Kolkata,59,208,16,1
TXN08655,2026-01-09 15:10:00,Withdrawal,384.09,Pune,36,1307,39,0
TXN03073,2026-01-09 15:12:00,Withdrawal,1198.58,Pune,53,584,34,0
TXN01438,2026-01-09 15:14:00,Withdrawal,279.98,Mumbai,54,2081,4,0
TXN05855,2026-01-09 15:17:00,Payment,608.05,Pune,68,1202,38,0
TXN01439,2026-01-09 15:18:00,Transfer,210.99,Delhi,40,1203,37,0
TXN09359,2026-01-09 15:18:00,Withdrawal,186.08,Ahmedabad,51,889,46,0
TXN08380,2026-01-09 15:20:00,Transfer,353.26,Hyderabad,54,403,93,0
TXN08411,2026-01-09 15:22:00,Payment,114.57,Mumbai,21,1449,7,0
TXN03731,2026-01-09 15:24:00,Payment,736.14,Bengaluru,62,345,56,0
TXN02832,2026-01-09 15:25:00,Payment,732.14,Mumbai,27,859,98,0
TXN00219,2026-01-09 15:28:00,Transfer,48.14,Pune,67,360,30,0
TXN07081,2026-01-09 15:38:00,Payment,276.15,Hyderabad,55,804,68,0
TXN08987,2026-01-09 15:39:00,Payment,261.44,Bengaluru,53,984,30,0
TXN07449,2026-01-09 15:54:00,Payment,176.49,Chennai,19,1182,32,0
TXN05536,2026-01-09 15:54:00,Withdrawal,2451.17,Pune,19,589,8,0
TXN07222,2026-01-09 15:54:00,Payment,63.85,Delhi,49,1180,66,0
TXN07087,2026-01-09 15:58:00,Payment,560.18,Bengaluru,39,986,15,0
TXN01929,2026-01-09 16:05:00,Payment,299.83,Ahmedabad,51,467,54,0
TXN03205,2026-01-09 16:06:00,Payment,77.62,Ahmedabad,39,1670,15,0
TXN01761,2026-01-09 16:12:00,Payment,349.76,Chennai,25,1650,47,0
TXN05842,2026-01-09 16:13:00,Transfer,491.15,Bengaluru,38,126,74,0
TXN08445,2026-01-09 16:14:00,Withdrawal,65.99,Mumbai,41,215,70,0
TXN06329,2026-01-09 16:19:00,Payment,105.11,Chennai,68,1659,90,0
TXN06648,2026-01-09 16:20:00,Payment,318.22,Kolkata,43,1483,74,0
TXN02780,2026-01-09 16:21:00,Payment,131.03,Mumbai,50,2954,42,0
TXN09544,2026-01-09 16:24:00,Transfer,122.93,Mumbai,48,1719,14,0
TXN04868,2026-01-09 16:26:00,Transfer,100.43,Bengaluru,49,420,42,1
TXN09782,2026-01-09 16:26:00,Transfer,158.29,Hyderabad,32,1377,11,0
TXN00038,2026-01-09 16:31:00,Payment,94.72,Pune,32,409,40,0
TXN00912,2026-01-09 16:35:00,Payment,100.0,Mumbai,24,2412,30,0
TXN01975,2026-01-09 16:36:00,Transfer,461.18,Mumbai,66,845,14,0
TXN04754,2026-01-09 16:42:00,Payment,182.82,Delhi,35,1395,64,0
TXN00801,2026-01-09 16:43:00,Payment,144.36,Pune,63,235,33,0
TXN00016,2026-01-09 16:45:00,Payment,303.41,Delhi,27,506,47,0
TXN05332,2026-01-09 16:46:00,Payment,334.16,Mumbai,33,1958,83,1
TXN00166,2026-01-09 16:47:00,Payment,1176.88,Jaipur,43,1030,24,0
TXN01934,2026-01-09 16:48:00,Transfer,373.79,Jaipur,44,1666,41,1
TXN05848,2026-01-09 16:49:00,Transfer,89.88,Delhi,53,399,43,0
TXN00580,2026-01-09 16:50:00,Payment,338.27,Mumbai,58,4000,57,0
TXN02817,2026-01-09 16:52:00,Payment,795.82,Chennai,26,219,70,0
TXN00091,2026-01-09 16:53:00,Withdrawal,31.67,Pune,46,566,79,0
TXN00109,2026-01-09 16:57:00,Payment,214.19,Bengaluru,62,575,32,0
TXN08048,2026-01-09 17:00:00,Payment,286.67,Hyderabad,62,1485,28,0
TXN00344,2026-01-09 17:01:00,Withdrawal,15.86,Mumbai,35,908,18,0
TXN00671,2026-01-09 17:02:00,Payment,316.53,Kolkata,61,1618,60,0
TXN03182,2026-01-09 17:05:00,Withdrawal,184.31,Chennai,45,1405,22,0
TXN03870,2026-01-09 17:06:00,Payment,274.01,Delhi,33,916,40,0
TXN02650,2026-01-09 17:17:00,Transfer,62.96,Chennai,66,2159,51,0
TXN02243,2026-01-09 17:20:00,Payment,138.41,Bengaluru,21,738,22,0
TXN08574,2026-01-09 17:22:00,Payment,2119.51,Kolkata,51,820,81,0
TXN00025,2026-01-09 17:22:00,Payment,57.25,Kolkata,32,1138,37,0
TXN07515,2026-01-09 17:22:00,Payment,320.42,Delhi,27,466,28,0
TXN06005,2026-01-09 17:25:00,Payment,81.22,Bengaluru,44,1142,29,0
TXN09626,2026-01-09 17:26:00,Payment,304.97,Delhi,51,1082,26,0
TXN07738,2026-01-09 17:31:00,Payment,204.09,Bengaluru,62,549,70,0
TXN03157,2026-01-09 17:32:00,Payment,249.2,Mumbai,40,772,23,0
TXN02459,2026-01-09 17:42:00,Transfer,255.21,Bengaluru,61,931,14,0
TXN08283,2026-01-09 17:42:00,Payment,679.5,Chennai,56,822,43,0
TXN05398,2026-01-09 17:43:00,Payment,20.88,Kolkata,43,133,81,0
TXN04135,2026-01-09 17:48:00,Withdrawal,69.66,Pune,53,1728,19,0
TXN01776,2026-01-09 17:50:00,Withdrawal,150.9,Chennai,37,702,60,0
TXN05347,2026-01-09 17:51:00,Transfer,133.12,Bengaluru,38,1691,38,0
TXN02598,2026-01-09 17:57:00,Payment,283.61,Bengaluru,52,755,48,0
TXN07477,2026-01-09 17:59:00,Transfer,99.69,Bengaluru,29,1320,52,0
TXN03978,2026-01-09 18:00:00,Payment,205.12,Pune,30,255,92,0
TXN05289,2026-01-09 18:05:00,Payment,138.43,Bengaluru,24,273,155,0
TXN03842,2026-01-09 18:05:00,Payment,50.42,Hyderabad,61,796,99,0
TXN06886,2026-01-09 18:07:00,Payment,197.06,Mumbai,22,778,73,0
TXN09556,2026-01-09 18:07:00,Payment,275.74,Chennai,65,1077,32,0
TXN04760,2026-01-09 18:19:00,Payment,173.79,Kolkata,54,943,43,0
TXN05271,2026-01-09 18:19:00,Withdrawal,48.25,Pune,30,1237,33,0
TXN08478,2026-01-09 18:25:00,Transfer,527.43,Mumbai,38,2128,14,0
TXN08716,2026-01-09 18:26:00,Payment,448.72,Pune,60,1875,123,0
TXN00094,2026-01-09 18:27:00,Payment,447.75,Jaipur,48,1141,124,0
TXN05624,2026-01-09 18:30:00,Transfer,47.91,Ahmedabad,62,2003,33,0
TXN05451,2026-01-09 18:37:00,Transfer,1273.07,Chennai,33,898,27,0
TXN02060,2026-01-09 18:39:00,Transfer,290.25,Chennai,54,748,37,0
TXN04628,2026-01-09 18:43:00,Payment,229.46,Jaipur,43,570,20,0
TXN05492,2026-01-09 18:46:00,Payment,263.87,Jaipur,29,630,19,0
TXN01709,2026-01-09 18:46:00,Payment,192.52,Mumbai,69,953,23,0
TXN05852,2026-01-09 18:48:00,Transfer,27.78,Chennai,60,1034,50,0
TXN03443,2026-01-09 18:49:00,Transfer,591.08,Delhi,18,2286,3,0
TXN07208,2026-01-09 18:52:00,Transfer,272.07,Hyderabad,48,578,14,0
TXN05165,2026-01-09 18:54:00,Payment,364.44,Bengaluru,45,588,5,0
TXN01733,2026-01-09 18:57:00,Payment,616.52,Chennai,51,373,15,0
TXN01654,2026-01-09 18:58:00,Payment,123.93,Delhi,36,905,21,0
TXN09181,2026-01-09 19:07:00,Payment,79.16,Ahmedabad,28,973,41,0
TXN08838,2026-01-09 19:12:00,Transfer,601.15,Bengaluru,26,361,25,1
TXN04525,2026-01-09 19:25:00,Payment,539.11,Delhi,27,392,24,0
TXN06008,2026-01-09 19:26:00,Transfer,81.91,Delhi,31,1323,62,0
TXN02139,2026-01-09 19:28:00,Payment,70.64,Mumbai,51,1467,17,0
TXN02774,2026-01-09 19:29:00,Payment,319.91,Mumbai,31,1022,46,0
TXN09259,2026-01-09 19:32:00,Transfer,988.29,Mumbai,51,1303,26,0
TXN01887,2026-01-09 19:34:00,Transfer,90.19,Hyderabad,28,697,33,0
TXN00756,2026-01-09 19:44:00,Transfer,415.08,Bengaluru,36,1769,8,0
TXN05837,2026-01-09 19:51:00,Transfer,635.94,Pune,62,1086,101,0
TXN08431,2026-01-09 19:58:00,Withdrawal,164.1,Bengaluru,35,614,32,0
TXN01748,2026-01-09 19:59:00,Withdrawal,80.32,Pune,22,207,132,0
TXN06141,2026-01-09 20:02:00,Payment,555.64,Hyderabad,24,623,25,0
TXN09166,2026-01-09 20:03:00,Payment,205.03,Mumbai,67,1306,40,0
TXN02637,2026-01-09 20:03:00,Withdrawal,239.32,Bengaluru,45,191,30,0
TXN03063,2026-01-09 20:05:00,Payment,44.94,Bengaluru,18,519,33,0
TXN06952,2026-01-09 20:11:00,Transfer,435.81,Kolkata,28,809,36,0
TXN05340,2026-01-09 20:13:00,Payment,428.01,Ahmedabad,31,539,41,0
TXN03012,2026-01-09 20:14:00,Transfer,24.45,Ahmedabad,21,324,30,0
TXN08186,2026-01-09 20:15:00,Transfer,132.69,Mumbai,37,449,12,0
TXN09651,2026-01-09 20:26:00,Payment,89.15,Ahmedabad,36,2117,53,0
TXN02665,2026-01-09 20:27:00,Transfer,33.25,Ahmedabad,20,609,31,0
TXN04249,2026-01-09 20:28:00,Transfer,385.84,Hyderabad,65,397,96,0
TXN07759,2026-01-09 20:30:00,Payment,272.68,Bengaluru,59,117,7,0
TXN01307,2026-01-09 20:35:00,Transfer,279.55,Mumbai,60,560,18,0
TXN04488,2026-01-09 20:37:00,Payment,125.27,Jaipur,68,1594,18,0
TXN05794,2026-01-09 20:38:00,Payment,18.71,Bengaluru,20,1004,90,0
TXN09233,2026-01-09 20:39:00,Payment,1328.3,Pune,50,1817,176,0
TXN00757,2026-01-09 20:42:00,Transfer,1644.63,Chennai,60,239,11,0
TXN04928,2026-01-09 20:46:00,Withdrawal,323.15,Hyderabad,56,841,17,0
TXN09185,2026-01-09 20:47:00,Transfer,698.22,Kolkata,20,1194,40,0
TXN08453,2026-01-09 20:49:00,Payment,458.57,Delhi,32,2059,96,0
TXN02786,2026-01-09 20:49:00,Withdrawal,222.53,Chennai,20,454,65,0
TXN07249,2026-01-09 20:53:00,Withdrawal,91.26,Bengaluru,47,1887,32,0
TXN07033,2026-01-09 20:56:00,Payment,910.06,Chennai,40,1216,28,0
TXN09232,2026-01-09 20:56:00,Transfer,61.97,Hyderabad,44,1309,14,0
TXN03289,2026-01-09 21:00:00,Withdrawal,26.19,Chennai,23,959,13,1
TXN03971,2026-01-09 21:03:00,Withdrawal,217.79,Mumbai,41,1224,37,0
TXN04446,2026-01-09 21:06:00,Withdrawal,375.29,Ahmedabad,65,410,17,0
TXN02365,2026-01-09 21:07:00,Withdrawal,120.57,Mumbai,24,1279,80,0
TXN01978,2026-01-09 21:09:00,Transfer,131.0,Bengaluru,67,1078,20,0
TXN07364,2026-01-09 21:11:00,Payment,523.9,Kolkata,44,656,46,0
TXN08328,2026-01-09 21:12:00,Payment,189.76,Bengaluru,41,220,36,0
TXN04543,2026-01-09 21:22:00,Payment,90.24,Ahmedabad,66,862,40,0
TXN00727,2026-01-09 21:23:00,Transfer,46.48,Mumbai,61,1742,26,0
TXN05610,2026-01-09 21:28:00,Payment,359.13,Hyderabad,19,1586,28,0
TXN01484,2026-01-09 21:28:00,Payment,205.95,Pune,37,999,96,0
TXN02986,2026-01-09 21:31:00,Transfer,757.54,Bengaluru,62,2160,93,0
TXN05013,2026-01-09 21:33:00,Transfer,435.96,Delhi,36,904,134,0
TXN00157,2026-01-09 21:35:00,Payment,525.74,Hyderabad,32,846,54,0
TXN00786,2026-01-09 21:42:00,Transfer,534.04,Hyderabad,49,1454,101,0
TXN07236,2026-01-09 21:44:00,Transfer,341.74,Kolkata,69,262,65,0
TXN07079,2026-01-09 21:53:00,Transfer,99.64,Mumbai,61,1620,7,0
TXN01050,2026-01-09 21:54:00,Payment,505.66,Mumbai,36,335,62,0
TXN07838,2026-01-09 21:56:00,Payment,43.94,Mumbai,33,2455,56,0
TXN06950,2026-01-09 21:57:00,Withdrawal,1500.37,Chennai,67,840,27,0
TXN02564,2026-01-09 21:57:00,Transfer,241.9,Hyderabad,51,546,138,0
TXN06787,2026-01-09 22:03:00,Payment,280.85,Delhi,41,581,19,0
TXN03152,2026-01-09 22:03:00,Withdrawal,904.74,Jaipur,33,566,44,0
TXN01250,2026-01-09 22:05:00,Transfer,59.48,Delhi,56,544,40,0
TXN01912,2026-01-09 22:09:00,Transfer,98.09,Mumbai,22,718,31,0
TXN03337,2026-01-09 22:10:00,Withdrawal,88.85,Mumbai,33,699,13,0
TXN02089,2026-01-09 22:11:00,Withdrawal,1966.01,Jaipur,28,1309,27,0
TXN01481,2026-01-09 22:12:00,Payment,92.95,Delhi,26,1334,23,0
TXN07875,2026-01-09 22:13:00,Transfer,18.81,Ahmedabad,46,662,112,0
TXN00134,2026-01-09 22:19:00,Payment,34.17,Chennai,21,981,32,0
TXN07587,2026-01-09 22:19:00,Payment,84.91,Pune,69,441,80,0
TXN09889,2026-01-09 22:21:00,Payment,37.35,Chennai,55,1688,44,0
TXN07203,2026-01-09 22:23:00,Payment,325.51,Mumbai,20,1083,30,0
TXN01110,2026-01-09 22:26:00,Payment,137.57,Mumbai,49,734,30,0
TXN05539,2026-01-09 22:27:00,Withdrawal,71.88,Bengaluru,34,291,44,0
TXN02783,2026-01-09 22:32:00,Payment,128.32,Hyderabad,53,1000,95,0
TXN07690,2026-01-09 22:33:00,Payment,188.43,Pune,46,538,29,0
TXN05830,2026-01-09 22:40:00,Transfer,73.76,Chennai,48,1545,26,0
TXN01814,2026-01-09 22:40:00,Payment,169.92,Delhi,22,1363,34,0
TXN04041,2026-01-09 22:49:00,Payment,332.32,Mumbai,18,716,84,0
TXN04683,2026-01-09 22:50:00,Payment,60.97,Pune,68,638,36,0
TXN00695,2026-01-09 22:51:00,Payment,17.17,Mumbai,47,1200,38,0
TXN09289,2026-01-09 22:54:00,Payment,773.91,Bengaluru,69,291,158,0
TXN01620,2026-01-09 22:55:00,Withdrawal,337.28,Pune,69,985,85,0
TXN01498,2026-01-09 22:58:00,Payment,717.61,Chennai,45,1105,23,0
TXN01324,2026-01-10 08:03:00,Transfer,507.44,Bengaluru,53,1127,33,0
TXN07883,2026-01-10 08:04:00,Payment,111.22,Kolkata,39,790,49,0
TXN06250,2026-01-10 08:05:00,Payment,518.82,Bengaluru,69,1247,57,0
TXN01330,2026-01-10 08:11:00,Payment,347.45,Pune,69,758,38,0
TXN06760,2026-01-10 08:11:00,Transfer,52.85,Delhi,43,999,34,0
TXN08440,2026-01-10 08:12:00,Payment,513.88,Mumbai,26,1545,40,0
TXN02575,2026-01-10 08:20:00,Transfer,44.93,Mumbai,68,1518,59,0
TXN01962,2026-01-10 08:21:00,Transfer,274.78,Mumbai,64,1044,16,0
TXN01300,2026-01-10 08:24:00,Payment,28.36,Kolkata,24,250,41,0
TXN03772,2026-01-10 08:26:00,Transfer,351.05,Delhi,53,1392,105,0
TXN04001,2026-01-10 08:26:00,Withdrawal,65.64,Bengaluru,39,115,16,0
TXN05296,2026-01-10 08:30:00,Transfer,571.23,Delhi,39,624,38,0
TXN07601,2026-01-10 08:31:00,Payment,1048.17,Kolkata,25,507,76,0
TXN09075,2026-01-10 08:34:00,Payment,671.86,Hyderabad,64,1449,36,0
TXN07986,2026-01-10 08:35:00,Payment,30.66,Kolkata,36,922,24,0
TXN02347,2026-01-10 08:35:00,Withdrawal,128.18,Mumbai,55,146,104,0
TXN06556,2026-01-10 08:35:00,Payment,241.02,Mumbai,27,1187,10,0
TXN00613,2026-01-10 08:38:00,Payment,1501.34,Kolkata,20,1380,15,0
TXN08240,2026-01-10 08:38:00,Payment,242.95,Pune,21,2321,57,0
TXN00772,2026-01-10 08:44:00,Withdrawal,207.99,Chennai,33,1449,4,0
TXN09293,2026-01-10 08:46:00,Payment,101.98,Hyderabad,29,1311,41,0
TXN09113,2026-01-10 08:50:00,Payment,847.01,Ahmedabad,37,2401,66,0
TXN08372,2026-01-10 08:56:00,Withdrawal,71.67,Bengaluru,26,463,96,0
TXN09865,2026-01-10 09:00:00,Payment,202.43,Jaipur,63,247,42,0
TXN02064,2026-01-10 09:04:00,Withdrawal,268.11,Bengaluru,49,1022,93,0
TXN03791,2026-01-10 09:09:00,Payment,191.57,Jaipur,57,1748,27,0
TXN05339,2026-01-10 09:10:00,Transfer,94.34,Kolkata,65,1112,77,0
TXN00916,2026-01-10 09:17:00,Withdrawal,1777.88,Hyderabad,56,622,25,0
TXN06294,2026-01-10 09:19:00,Payment,206.29,Mumbai,40,1107,48,0
TXN01913,2026-01-10 09:21:00,Withdrawal,28.56,Jaipur,51,621,74,0
TXN06259,2026-01-10 09:30:00,Transfer,51.17,Chennai,54,1478,94,1
TXN05943,2026-01-10 09:30:00,Payment,226.9,Bengaluru,43,330,141,0
TXN06239,2026-01-10 09:37:00,Payment,585.77,Mumbai,20,1152,16,0
TXN02054,2026-01-10 09:47:00,Payment,67.65,Chennai,51,315,178,0
TXN08157,2026-01-10 09:51:00,Payment,234.38,Bengaluru,22,1750,106,0
TXN00499,2026-01-10 09:53:00,Payment,131.77,Chennai,30,2689,92,0
TXN06215,2026-01-10 10:02:00,Payment,343.11,Jaipur,46,1840,49,0
TXN06243,2026-01-10 10:03:00,Withdrawal,172.65,Hyderabad,66,634,32,0
TXN08119,2026-01-10 10:04:00,Transfer,192.99,Kolkata,48,962,97,0
TXN07420,2026-01-10 10:05:00,Payment,187.91,Pune,48,1264,101,0
TXN04594,2026-01-10 10:10:00,Payment,479.21,Bengaluru,61,611,15,1
TXN00040,2026-01-10 10:10:00,Payment,129.71,Ahmedabad,29,643,62,0
TXN00020,2026-01-10 10:20:00,Transfer,156.75,Mumbai,33,2333,78,0
TXN05988,2026-01-10 10:23:00,Payment,61.95,Kolkata,65,811,15,0
TXN04009,2026-01-10 10:23:00,Payment,965.71,Kolkata,65,553,42,0
TXN00611,2026-01-10 10:27:00,Transfer,232.36,Chennai,32,1479,46,0
TXN04126,2026-01-10 10:29:00,Payment,207.33,Kolkata,62,934,11,0
TXN00643,2026-01-10 10:32:00,Transfer,1159.09,Bengaluru,56,880,74,0
TXN03413,2026-01-10 10:34:00,Payment,501.54,Pune,22,1636,113,0
TXN06632,2026-01-10 10:37:00,Transfer,7262.49,Bengaluru,60,162,25,1
TXN05060,2026-01-10 10:39:00,Payment,1492.26,Delhi,24,1030,60,0
TXN03154,2026-01-10 10:45:00,Payment,176.82,Delhi,49,1257,69,0
TXN09474,2026-01-10 10:46:00,Transfer,1847.96,Mumbai,19,365,90,0
TXN04557,2026-01-10 10:46:00,Payment,308.27,Delhi,27,1302,82,1
TXN00754,2026-01-10 10:48:00,Payment,388.07,Chennai,64,1045,13,0
TXN02730,2026-01-10 10:55:00,Payment,28.46,Kolkata,50,806,68,0
TXN09652,2026-01-10 11:00:00,Payment,675.85,Chennai,27,336,21,0
TXN01418,2026-01-10 11:03:00,Payment,17.93,Bengaluru,44,428,40,0
TXN06687,2026-01-10 11:10:00,Payment,2654.21,Hyderabad,46,601,42,0
TXN03617,2026-01-10 11:15:00,Withdrawal,42.46,Pune,62,589,38,0
TXN05955,2026-01-10 11:16:00,Transfer,31.0,Pune,27,540,80,0
TXN08222,2026-01-10 11:17:00,Withdrawal,425.75,Mumbai,41,494,62,0
TXN05985,2026-01-10 11:18:00,Payment,70.89,Mumbai,23,416,62,1
TXN09203,2026-01-10 11:18:00,Payment,48.66,Bengaluru,45,844,32,0
TXN07090,2026-01-10 11:24:00,Payment,56.91,Delhi,65,305,60,0
TXN05361,2026-01-10 11:30:00,Payment,310.78,Kolkata,63,601,17,0
TXN08185,2026-01-10 11:30:00,Payment,234.72,Delhi,51,1047,34,0
TXN04097,2026-01-10 11:32:00,Payment,608.76,Pune,64,560,22,0
TXN06063,2026-01-10 11:35:00,Transfer,38.77,Mumbai,25,1467,4,0
TXN01612,2026-01-10 11:37:00,Payment,103.85,Hyderabad,40,61,110,0
TXN09687,2026-01-10 11:38:00,Withdrawal,179.68,Kolkata,51,1199,4,0
TXN07944,2026-01-10 11:38:00,Withdrawal,48.33,Hyderabad,48,970,137,0
TXN07914,2026-01-10 11:40:00,Payment,135.26,Pune,62,81,32,0
TXN01926,2026-01-10 11:48:00,Transfer,585.05,Pune,20,1676,49,0
TXN07427,2026-01-10 11:50:00,Transfer,127.92,Hyderabad,55,1495,69,0
TXN09112,2026-01-10 11:50:00,Withdrawal,1270.39,Mumbai,24,399,7,0
TXN01430,2026-01-10 11:54:00,Payment,92.59,Bengaluru,19,930,63,0
TXN03985,2026-01-10 11:57:00,Transfer,67.77,Jaipur,22,263,51,0
TXN02930,2026-01-10 12:04:00,Transfer,360.71,Ahmedabad,59,1552,40,0
TXN02845,2026-01-10 12:05:00,Payment,119.98,Ahmedabad,33,615,10,0
TXN03112,2026-01-10 12:06:00,Payment,34.69,Hyderabad,20,1686,37,0
TXN06657,2026-01-10 12:13:00,Payment,82.93,Chennai,52,876,13,0
TXN03484,2026-01-10 12:14:00,Payment,90.68,Bengaluru,57,1526,25,0
TXN04644,2026-01-10 12:14:00,Withdrawal,54.04,Ahmedabad,21,1757,24,0
TXN03967,2026-01-10 12:18:00,Payment,520.69,Delhi,54,326,88,0
TXN09554,2026-01-10 12:18:00,Transfer,225.61,Pune,50,2611,89,0
TXN05912,2026-01-10 12:22:00,Transfer,728.03,Pune,31,896,85,0
TXN04618,2026-01-10 12:23:00,Transfer,497.03,Kolkata,32,789,53,0
TXN00397,2026-01-10 12:23:00,Transfer,170.41,Chennai,62,1538,8,0
TXN03548,2026-01-10 12:27:00,Payment,499.24,Mumbai,25,483,38,0
TXN04104,2026-01-10 12:27:00,Payment,15.76,Pune,48,2035,10,0
TXN01729,2026-01-10 12:31:00,Payment,613.79,Delhi,31,648,84,0
TXN04080,2026-01-10 12:32:00,Withdrawal,155.09,Kolkata,50,231,26,0
TXN01959,2026-01-10 12:34:00,Transfer,133.35,Chennai,25,628,37,0
TXN03038,2026-01-10 12:35:00,Payment,297.77,Bengaluru,21,2032,9,0
TXN06454,2026-01-10 12:36:00,Transfer,149.96,Chennai,33,217,44,0
TXN02490,2026-01-10 12:38:00,Payment,145.74,Pune,65,407,84,0
TXN08583,2026-01-10 12:39:00,Payment,498.41,Chennai,34,1237,22,0
TXN04086,2026-01-10 12:40:00,Payment,71.46,Jaipur,36,645,56,0
TXN07186,2026-01-10 12:41:00,Withdrawal,38.66,Delhi,55,757,35,0
TXN02918,2026-01-10 12:41:00,Payment,589.66,Pune,40,1604,74,0
TXN03924,2026-01-10 12:42:00,Payment,272.19,Delhi,55,1489,46,0
TXN01970,2026-01-10 12:43:00,Withdrawal,147.29,Chennai,31,1124,64,0
TXN04550,2026-01-10 12:43:00,Payment,175.88,Kolkata,69,332,162,0
TXN05047,2026-01-10 12:43:00,Transfer,109.37,Hyderabad,23,303,41,0
TXN01592,2026-01-10 12:44:00,Transfer,525.34,Bengaluru,56,1326,63,1
TXN08676,2026-01-10 12:53:00,Payment,376.29,Bengaluru,26,1736,37,0
TXN01723,2026-01-10 12:59:00,Payment,37.7,Hyderabad,67,865,16,1
TXN02410,2026-01-10 13:03:00,Payment,67.49,Jaipur,29,546,35,0
TXN05460,2026-01-10 13:08:00,Transfer,174.51,Ahmedabad,39,563,22,0
TXN06940,2026-01-10 13:13:00,Payment,1792.55,Jaipur,24,1396,1,0
TXN07179,2026-01-10 13:18:00,Transfer,44.37,Delhi,38,1191,75,0
TXN03455,2026-01-10 13:20:00,Transfer,45.32,Hyderabad,21,1549,46,0
TXN03062,2026-01-10 13:21:00,Payment,416.74,Mumbai,39,200,61,1
TXN03352,2026-01-10 13:23:00,Payment,1124.63,Hyderabad,38,405,51,0
TXN01625,2026-01-10 13:23:00,Transfer,43.38,Chennai,27,1034,81,0
TXN09105,2026-01-10 13:24:00,Transfer,48.39,Hyderabad,33,477,87,1
TXN08028,2026-01-10 13:24:00,Withdrawal,209.79,Bengaluru,53,428,79,0
TXN07328,2026-01-10 13:26:00,Transfer,182.56,Bengaluru,36,665,156,0
TXN03171,2026-01-10 13:26:00,Transfer,1733.69,Jaipur,19,505,46,0
TXN09960,2026-01-10 13:29:00,Payment,114.07,Chennai,46,928,61,0
TXN03864,2026-01-10 13:30:00,Withdrawal,105.89,Hyderabad,37,607,93,0
TXN05141,2026-01-10 13:36:00,Payment,462.18,Bengaluru,21,187,46,0
TXN02640,2026-01-10 13:36:00,Payment,788.55,Bengaluru,66,3594,78,0
TXN08812,2026-01-10 13:37:00,Withdrawal,860.33,Chennai,20,421,160,0
TXN05871,2026-01-10 13:43:00,Withdrawal,1046.01,Bengaluru,30,298,39,0
TXN05021,2026-01-10 13:44:00,Payment,328.6,Jaipur,23,550,79,0
TXN00631,2026-01-10 13:45:00,Payment,232.92,Delhi,28,1619,95,0
TXN03941,2026-01-10 13:48:00,Transfer,181.3,Delhi,27,2315,79,0
TXN08985,2026-01-10 13:48:00,Payment,215.55,Chennai,35,437,62,0
TXN00208,2026-01-10 13:51:00,Transfer,87.64,Hyderabad,38,814,18,0
TXN07981,2026-01-10 13:51:00,Withdrawal,67.08,Pune,29,329,114,0
TXN02612,2026-01-10 13:52:00,Payment,612.75,Mumbai,67,966,14,0
TXN06573,2026-01-10 14:01:00,Transfer,39.51,Mumbai,38,1186,35,0
TXN01985,2026-01-10 14:04:00,Withdrawal,683.28,Delhi,61,865,21,1
TXN07075,2026-01-10 14:05:00,Withdrawal,254.81,Mumbai,32,552,23,0
TXN05231,2026-01-10 14:08:00,Withdrawal,266.2,Delhi,29,1981,13,0
TXN03658,2026-01-10 14:09:00,Payment,694.54,Mumbai,37,1168,61,0
TXN08322,2026-01-10 14:13:00,Payment,489.17,Bengaluru,45,1221,28,0
TXN05458,2026-01-10 14:17:00,Payment,64.62,Chennai,28,259,69,0
TXN02826,2026-01-10 14:23:00,Withdrawal,230.85,Hyderabad,20,543,104,0
TXN06520,2026-01-10 14:24:00,Payment,80.18,Delhi,69,904,131,0
TXN06704,2026-01-10 14:24:00,Withdrawal,289.13,Bengaluru,41,874,64,0
TXN08432,2026-01-10 14:24:00,Payment,425.6,Kolkata,20,543,27,0
TXN05974,2026-01-10 14:25:00,Transfer,779.14,Delhi,39,1694,58,0
TXN05565,2026-01-10 14:28:00,Transfer,114.14,Kolkata,38,242,40,0
TXN06686,2026-01-10 14:29:00,Transfer,230.38,Jaipur,45,646,70,0
TXN04492,2026-01-10 14:29:00,Transfer,495.94,Hyderabad,34,486,64,0
TXN00130,2026-01-10 14:33:00,Payment,46.15,Kolkata,65,710,88,0
TXN00049,2026-01-10 14:36:00,Payment,80.2,Chennai,42,2002,31,0
TXN05148,2026-01-10 14:36:00,Transfer,116.33,Pune,18,1253,45,0
TXN02215,2026-01-10 14:42:00,Payment,235.32,Mumbai,31,1906,12,0
TXN06563,2026-01-10 14:44:00,Payment,311.62,Kolkata,39,168,56,0
TXN05269,2026-01-10 14:46:00,Payment,210.1,Kolkata,40,328,13,0
TXN08412,2026-01-10 14:59:00,Payment,25.83,Mumbai,38,540,50,0
TXN00274,2026-01-10 15:03:00,Transfer,203.27,Mumbai,55,690,61,0
TXN05928,2026-01-10 15:13:00,Payment,65.77,Delhi,49,857,36,0
TXN07735,2026-01-10 15:16:00,Transfer,36.98,Mumbai,54,1863,5,0
TXN02438,2026-01-10 15:18:00,Withdrawal,51.43,Bengaluru,64,677,34,0
TXN07374,2026-01-10 15:18:00,Payment,28.45,Bengaluru,51,1040,49,0
TXN07945,2026-01-10 15:21:00,Payment,116.47,Delhi,33,703,56,0
TXN08083,2026-01-10 15:21:00,Payment,380.36,Mumbai,60,1269,103,0
TXN03252,2026-01-10 15:21:00,Payment,327.66,Jaipur,50,572,29,0
TXN00391,2026-01-10 15:34:00,Payment,100.49,Ahmedabad,19,1078,9,0
TXN09356,2026-01-10 15:37:00,Payment,225.51,Mumbai,31,566,55,0
TXN07711,2026-01-10 15:38:00,Withdrawal,237.83,Chennai,43,1125,33,0
TXN05579,2026-01-10 15:46:00,Payment,675.39,Kolkata,60,1397,35,0
TXN08421,2026-01-10 15:48:00,Payment,242.76,Pune,19,1658,74,0
TXN07145,2026-01-10 15:49:00,Payment,84.65,Chennai,66,786,29,0
TXN02235,2026-01-10 15:56:00,Payment,174.57,Kolkata,55,1057,37,0
TXN06220,2026-01-10 15:56:00,Payment,42.02,Delhi,33,617,74,0
TXN04397,2026-01-10 16:00:00,Payment,924.31,Chennai,63,1523,38,0
TXN01925,2026-01-10 16:00:00,Payment,38.36,Hyderabad,64,1199,20,0
TXN08271,2026-01-10 16:02:00,Transfer,300.8,Jaipur,38,2538,20,0
TXN07207,2026-01-10 16:18:00,Withdrawal,104.44,Mumbai,54,973,117,0
TXN02246,2026-01-10 16:20:00,Withdrawal,74.05,Pune,65,474,41,0
TXN01361,2026-01-10 16:22:00,Payment,82.61,Delhi,36,487,78,0
TXN08749,2026-01-10 16:25:00,Transfer,111.31,Mumbai,43,750,16,0
TXN03177,2026-01-10 16:26:00,Payment,107.99,Hyderabad,51,489,45,0
TXN03111,2026-01-10 16:29:00,Payment,77.38,Chennai,63,393,41,0
TXN06289,2026-01-10 16:29:00,Withdrawal,45.82,Delhi,37,1084,33,0
TXN02529,2026-01-10 16:30:00,Transfer,288.2,Jaipur,48,578,9,0
TXN01040,2026-01-10 16:31:00,Payment,38.19,Pune,23,1418,26,0
TXN02461,2026-01-10 16:37:00,Payment,199.43,Delhi,25,1289,45,0
TXN09769,2026-01-10 16:42:00,Transfer,785.1,Mumbai,43,742,11,0
TXN02980,2026-01-10 16:44:00,Payment,29.02,Bengaluru,41,2414,29,0
TXN03560,2026-01-10 16:52:00,Payment,142.97,Kolkata,30,803,66,0
TXN01757,2026-01-10 16:57:00,Payment,294.41,Chennai,45,1266,39,0
TXN09137,2026-01-10 16:57:00,Payment,53.3,Chennai,43,2347,24,0
TXN02172,2026-01-10 17:03:00,Payment,135.17,Hyderabad,49,1052,6,0
TXN07007,2026-01-10 17:04:00,Withdrawal,706.0,Delhi,49,1470,28,0
TXN05631,2026-01-10 17:06:00,Payment,243.2,Bengaluru,35,646,45,0
TXN00551,2026-01-10 17:10:00,Withdrawal,97.82,Bengaluru,47,1206,34,0
TXN02789,2026-01-10 17:15:00,Payment,38.15,Chennai,53,1616,100,0
TXN04322,2026-01-10 17:22:00,Transfer,33.61,Hyderabad,44,1589,131,0
TXN03200,2026-01-10 17:24:00,Payment,389.41,Bengaluru,42,496,22,0
TXN02104,2026-01-10 17:27:00,Transfer,187.18,Chennai,36,2034,71,0
TXN00141,2026-01-10 17:28:00,Transfer,1165.92,Bengaluru,37,1371,37,0
TXN04434,2026-01-10 17:30:00,Payment,1116.53,Chennai,58,1081,30,1
TXN07162,2026-01-10 17:30:00,Payment,865.93,Mumbai,68,496,55,0
TXN09050,2026-01-10 17:31:00,Payment,87.22,Bengaluru,62,582,79,0
TXN03681,2026-01-10 17:34:00,Transfer,1822.13,Bengaluru,21,2364,53,0
TXN07567,2026-01-10 17:35:00,Payment,666.31,Delhi,56,420,110,0
TXN04114,2026-01-10 17:40:00,Payment,736.69,Ahmedabad,57,2450,16,0
TXN00096,2026-01-10 17:43:00,Transfer,258.48,Mumbai,27,1520,69,0
TXN07674,2026-01-10 17:50:00,Payment,131.85,Kolkata,38,1465,58,0
TXN04202,2026-01-10 17:52:00,Payment,99.87,Pune,37,388,42,0
TXN01879,2026-01-10 17:54:00,Payment,520.72,Mumbai,52,1319,32,0
TXN08697,2026-01-10 17:56:00,Payment,33.91,Delhi,21,405,43,0
TXN09727,2026-01-10 18:00:00,Payment,901.14,Mumbai,46,1442,102,0
TXN05369,2026-01-10 18:04:00,Payment,191.61,Pune,32,328,67,1
TXN03371,2026-01-10 18:06:00,Payment,1058.96,Kolkata,23,135,41,0
TXN09453,2026-01-10 18:07:00,Payment,239.75,Bengaluru,62,656,69,0
TXN05257,2026-01-10 18:08:00,Payment,262.57,Bengaluru,64,1224,47,0
TXN08010,2026-01-10 18:16:00,Payment,656.08,Pune,58,1570,27,0
TXN03306,2026-01-10 18:17:00,Transfer,537.02,Ahmedabad,54,1548,70,0
TXN00692,2026-01-10 18:17:00,Transfer,124.23,Mumbai,45,2406,10,0
TXN04039,2026-01-10 18:20:00,Transfer,17.49,Pune,43,280,31,0
TXN08769,2026-01-10 18:23:00,Payment,388.94,Pune,26,664,103,0
TXN05867,2026-01-10 18:28:00,Transfer,63.68,Mumbai,62,1573,51,0
TXN09126,2026-01-10 18:29:00,Payment,89.61,Pune,18,1473,47,0
TXN02873,2026-01-10 18:35:00,Withdrawal,77.72,Hyderabad,40,1413,64,0
TXN03905,2026-01-10 18:47:00,Transfer,2955.78,Chennai,61,450,46,0
TXN04918,2026-01-10 18:47:00,Payment,61.89,Jaipur,34,407,62,0
TXN01065,2026-01-10 18:48:00,Payment,50.63,Jaipur,58,1476,63,0
TXN07024,2026-01-10 18:54:00,Transfer,750.37,Bengaluru,46,2155,42,1
TXN04549,2026-01-10 18:54:00,Transfer,128.81,Delhi,68,909,18,0
TXN07836,2026-01-10 18:56:00,Payment,384.97,Mumbai,31,1017,25,0
TXN00532,2026-01-10 18:59:00,Payment,48.97,Hyderabad,28,561,100,1
TXN05357,2026-01-10 19:05:00,Payment,156.57,Hyderabad,22,1331,13,0
TXN05787,2026-01-10 19:05:00,Payment,299.68,Pune,18,599,33,0
TXN03019,2026-01-10 19:07:00,Withdrawal,66.02,Delhi,21,543,41,0
TXN07607,2026-01-10 19:11:00,Transfer,367.13,Hyderabad,62,695,67,0
TXN04312,2026-01-10 19:11:00,Payment,150.82,Delhi,22,1100,29,0
TXN03285,2026-01-10 19:17:00,Transfer,1656.77,Ahmedabad,50,1898,5,0
TXN01939,2026-01-10 19:17:00,Payment,529.67,Kolkata,37,349,34,0
TXN06844,2026-01-10 19:22:00,Transfer,412.22,Jaipur,68,1700,29,0
TXN01102,2026-01-10 19:26:00,Transfer,229.32,Bengaluru,63,788,40,0
TXN00334,2026-01-10 19:30:00,Payment,697.76,Hyderabad,68,222,38,0
TXN04255,2026-01-10 19:36:00,Payment,410.07,Bengaluru,61,887,17,0
TXN02733,2026-01-10 19:40:00,Payment,1171.49,Jaipur,21,607,12,0
TXN02469,2026-01-10 19:40:00,Withdrawal,17.17,Hyderabad,52,187,32,0
TXN08361,2026-01-10 19:40:00,Transfer,154.15,Chennai,28,488,85,0
TXN02689,2026-01-10 19:45:00,Withdrawal,80.7,Mumbai,29,1054,120,0
TXN00047,2026-01-10 19:46:00,Payment,545.6,Chennai,61,1082,44,0
TXN03566,2026-01-10 19:46:00,Transfer,457.5,Mumbai,42,170,16,0
TXN07898,2026-01-10 19:50:00,Transfer,29.0,Pune,34,876,62,0
TXN04379,2026-01-10 19:50:00,Payment,157.75,Mumbai,35,827,39,0
TXN07888,2026-01-10 19:52:00,Transfer,315.65,Bengaluru,38,1026,28,0
TXN02451,2026-01-10 19:58:00,Transfer,244.44,Ahmedabad,69,443,37,1
TXN08063,2026-01-10 19:58:00,Payment,111.32,Kolkata,55,359,2,0
TXN02240,2026-01-10 19:59:00,Payment,118.74,Delhi,54,373,97,0
TXN01188,2026-01-10 19:59:00,Transfer,879.76,Mumbai,28,938,6,0
TXN06354,2026-01-10 20:03:00,Withdrawal,290.39,Bengaluru,50,852,19,0
TXN06898,2026-01-10 20:04:00,Transfer,632.83,Hyderabad,31,783,40,1
TXN01032,2026-01-10 20:06:00,Transfer,71.13,Bengaluru,69,371,44,0
TXN02009,2026-01-10 20:06:00,Transfer,320.29,Pune,43,1004,42,0
TXN05295,2026-01-10 20:08:00,Payment,358.03,Chennai,32,459,98,1
TXN04170,2026-01-10 20:09:00,Payment,9088.03,Jaipur,46,995,59,1
TXN07261,2026-01-10 20:09:00,Withdrawal,521.15,Mumbai,66,845,196,1
TXN08080,2026-01-10 20:10:00,Withdrawal,52.46,Chennai,32,1111,45,0
TXN09630,2026-01-10 20:13:00,Transfer,43.5,Jaipur,58,343,24,0
TXN04386,2026-01-10 20:15:00,Payment,178.96,Mumbai,68,530,39,0
TXN07863,2026-01-10 20:16:00,Payment,463.94,Chennai,55,1298,31,0
TXN01992,2026-01-10 20:16:00,Transfer,2006.12,Chennai,49,1327,123,1
TXN00393,2026-01-10 20:21:00,Payment,385.17,Kolkata,38,2781,29,0
TXN02718,2026-01-10 20:29:00,Transfer,270.01,Pune,58,458,61,0
TXN01808,2026-01-10 20:30:00,Payment,146.88,Chennai,37,479,31,0
TXN04623,2026-01-10 20:34:00,Payment,91.43,Delhi,47,489,48,0
TXN04014,2026-01-10 20:35:00,Withdrawal,472.55,Bengaluru,40,861,47,0
TXN09706,2026-01-10 20:35:00,Transfer,172.94,Kolkata,44,2307,84,1
TXN00086,2026-01-10 20:37:00,Payment,743.81,Ahmedabad,31,710,35,0
TXN05461,2026-01-10 20:41:00,Payment,210.43,Mumbai,34,2486,42,0
TXN07927,2026-01-10 20:42:00,Withdrawal,111.99,Jaipur,61,522,39,0
TXN04885,2026-01-10 20:49:00,Transfer,199.65,Bengaluru,28,494,33,0
TXN08316,2026-01-10 20:57:00,Transfer,146.41,Pune,50,695,44,0
TXN09701,2026-01-10 20:57:00,Payment,207.53,Bengaluru,61,714,81,0
TXN00462,2026-01-10 20:58:00,Payment,499.5,Pune,18,2155,23,1
TXN05541,2026-01-10 21:01:00,Withdrawal,61.47,Chennai,29,1626,28,0
TXN00545,2026-01-10 21:02:00,Payment,43.04,Delhi,44,1289,36,0
TXN04396,2026-01-10 21:03:00,Transfer,99.09,Delhi,56,1842,80,0
TXN06033,2026-01-10 21:04:00,Payment,553.74,Mumbai,50,356,72,1
TXN09111,2026-01-10 21:09:00,Payment,42.92,Hyderabad,22,826,60,0
TXN04827,2026-01-10 21:11:00,Transfer,128.46,Hyderabad,62,96,101,0
TXN05318,2026-01-10 21:15:00,Withdrawal,154.91,Pune,66,862,98,0
TXN04329,2026-01-10 21:17:00,Withdrawal,280.64,Chennai,67,722,0,0
TXN06763,2026-01-10 21:18:00,Withdrawal,78.92,Mumbai,57,1183,160,0
TXN01722,2026-01-10 21:23:00,Transfer,1101.16,Chennai,51,339,39,0
TXN09822,2026-01-10 21:31:00,Payment,203.54,Kolkata,52,1247,15,0
TXN04996,2026-01-10 21:32:00,Payment,268.8,Bengaluru,67,2392,55,0
TXN08025,2026-01-10 21:35:00,Withdrawal,704.4,Hyderabad,62,823,60,0
TXN08024,2026-01-10 21:38:00,Payment,112.16,Hyderabad,60,1040,15,0
TXN05597,2026-01-10 21:40:00,Payment,124.49,Delhi,36,1096,71,0
TXN08414,2026-01-10 21:41:00,Payment,133.42,Jaipur,59,538,21,0
TXN08042,2026-01-10 21:42:00,Payment,513.15,Bengaluru,46,287,87,0
TXN04059,2026-01-10 21:44:00,Payment,3904.04,Hyderabad,21,1269,30,0
TXN00298,2026-01-10 21:44:00,Withdrawal,61.04,Chennai,23,422,87,0
TXN03078,2026-01-10 21:45:00,Withdrawal,23.8,Hyderabad,50,1296,20,0
TXN06400,2026-01-10 21:51:00,Transfer,28.38,Chennai,21,600,8,1
TXN09667,2026-01-10 21:52:00,Payment,391.88,Pune,49,489,19,0
TXN03959,2026-01-10 21:54:00,Payment,1200.45,Mumbai,20,1019,28,0
TXN09893,2026-01-10 21:57:00,Withdrawal,222.15,Mumbai,56,473,131,0
TXN07678,2026-01-10 21:58:00,Payment,390.55,Pune,24,503,76,0
TXN02511,2026-01-10 22:07:00,Transfer,614.54,Jaipur,32,1280,88,0
TXN08573,2026-01-10 22:11:00,Payment,297.93,Mumbai,41,1375,79,0
TXN08400,2026-01-10 22:11:00,Transfer,680.76,Delhi,21,156,42,1
TXN08399,2026-01-10 22:13:00,Payment,331.7,Bengaluru,21,2299,12,0
TXN05281,2026-01-10 22:14:00,Transfer,80.57,Jaipur,47,1572,36,0
TXN00521,2026-01-10 22:22:00,Payment,268.74,Delhi,21,626,21,0
TXN07132,2026-01-10 22:28:00,Payment,180.61,Bengaluru,36,445,21,0
TXN04790,2026-01-10 22:28:00,Withdrawal,181.15,Chennai,54,453,50,0
TXN02570,2026-01-10 22:29:00,Transfer,79.67,Bengaluru,58,787,86,0
TXN07845,2026-01-10 22:30:00,Payment,89.95,Pune,67,1900,71,0
TXN02156,2026-01-10 22:37:00,Payment,135.29,Delhi,18,1863,28,0
TXN06629,2026-01-10 22:40:00,Withdrawal,121.71,Mumbai,27,383,51,0
TXN05104,2026-01-10 22:43:00,Payment,93.38,Chennai,46,922,37,0
TXN02800,2026-01-10 22:46:00,Withdrawal,1106.18,Ahmedabad,60,524,25,0
TXN03984,2026-01-10 22:47:00,Payment,737.94,Bengaluru,21,691,57,0
TXN02480,2026-01-10 22:50:00,Payment,124.38,Mumbai,48,1400,64,0
TXN02482,2026-01-10 22:50:00,Transfer,871.63,Chennai,58,1673,28,0
TXN05279,2026-01-10 22:54:00,Payment,927.68,Jaipur,69,708,24,0
TXN02691,2026-01-10 22:56:00,Payment,962.09,Delhi,59,849,48,0
TXN05175,2026-01-11 08:03:00,Payment,282.2,Pune,32,523,52,0
TXN09950,2026-01-11 08:08:00,Payment,87.67,Mumbai,58,423,155,1
TXN05722,2026-01-11 08:14:00,Transfer,319.39,Mumbai,23,1895,19,0
TXN07710,2026-01-11 08:26:00,Withdrawal,265.9,Hyderabad,37,873,61,0
TXN01482,2026-01-11 08:26:00,Payment,140.76,Pune,60,1097,28,0
TXN00793,2026-01-11 08:27:00,Payment,161.61,Bengaluru,25,411,45,0
TXN07399,2026-01-11 08:28:00,Payment,151.2,Mumbai,26,1666,7,0
TXN00849,2026-01-11 08:28:00,Payment,217.31,Ahmedabad,64,979,17,0
TXN07941,2026-01-11 08:29:00,Payment,424.74,Chennai,18,836,26,1
TXN03195,2026-01-11 08:33:00,Payment,206.73,Chennai,50,955,26,0
TXN09136,2026-01-11 08:35:00,Transfer,375.59,Bengaluru,40,499,64,0
TXN02569,2026-01-11 08:35:00,Transfer,375.39,Hyderabad,49,1388,122,1
TXN00812,2026-01-11 08:36:00,Payment,1215.42,Pune,52,408,84,0
TXN05243,2026-01-11 08:37:00,Payment,183.95,Bengaluru,53,1729,116,0
TXN06272,2026-01-11 08:39:00,Payment,40.95,Bengaluru,18,1355,36,0
TXN00349,2026-01-11 08:44:00,Payment,738.32,Kolkata,19,555,115,0
TXN06331,2026-01-11 08:50:00,Payment,214.75,Hyderabad,69,320,57,0
TXN08159,2026-01-11 08:58:00,Withdrawal,246.43,Hyderabad,20,717,52,0
TXN06138,2026-01-11 09:03:00,Transfer,329.5,Chennai,67,365,44,0
TXN00182,2026-01-11 09:07:00,Transfer,206.9,Delhi,65,2234,10,0
TXN01282,2026-01-11 09:09:00,Payment,98.16,Kolkata,60,1709,78,0
TXN00885,2026-01-11 09:11:00,Transfer,119.03,Bengaluru,49,1686,10,0
TXN04633,2026-01-11 09:15:00,Withdrawal,3141.34,Kolkata,53,970,24,0
TXN01127,2026-01-11 09:15:00,Transfer,142.84,Bengaluru,43,1318,27,0
TXN06613,2026-01-11 09:16:00,Payment,178.57,Jaipur,38,92,40,0
TXN02736,2026-01-11 09:24:00,Payment,108.87,Mumbai,24,1491,63,0
TXN03605,2026-01-11 09:26:00,Withdrawal,178.83,Chennai,29,1869,35,1
TXN05204,2026-01-11 09:28:00,Payment,80.58,Bengaluru,53,227,88,0
TXN00307,2026-01-11 09:28:00,Payment,816.63,Pune,32,2534,18,0
TXN06206,2026-01-11 09:31:00,Payment,203.87,Chennai,61,821,61,0
TXN08277,2026-01-11 09:32:00,Transfer,121.43,Jaipur,44,1588,77,0
TXN03752,2026-01-11 09:33:00,Payment,608.23,Pune,18,1184,69,0
TXN07621,2026-01-11 09:43:00,Transfer,1490.04,Delhi,62,885,48,0
TXN06431,2026-01-11 09:44:00,Withdrawal,338.38,Delhi,20,487,115,0
TXN00032,2026-01-11 09:47:00,Withdrawal,596.87,Chennai,60,976,17,0
TXN04260,2026-01-11 09:53:00,Withdrawal,187.16,Jaipur,26,680,58,0
TXN05685,2026-01-11 09:57:00,Withdrawal,207.5,Hyderabad,32,569,84,0
TXN07124,2026-01-11 10:00:00,Payment,237.94,Delhi,28,1275,122,0
TXN07725,2026-01-11 10:00:00,Withdrawal,73.46,Mumbai,54,773,74,0
TXN00523,2026-01-11 10:07:00,Payment,57.39,Ahmedabad,62,420,46,0
TXN06072,2026-01-11 10:15:00,Transfer,61.27,Bengaluru,56,576,53,1
TXN04054,2026-01-11 10:17:00,Transfer,229.72,Chennai,19,1192,61,0
TXN03343,2026-01-11 10:28:00,Payment,155.63,Jaipur,41,969,112,0
TXN00168,2026-01-11 10:29:00,Withdrawal,387.62,Mumbai,22,1388,54,0
TXN09797,2026-01-11 10:31:00,Withdrawal,158.29,Chennai,36,341,23,0
TXN07644,2026-01-11 10:33:00,Payment,12.23,Delhi,37,410,19,0
TXN02257,2026-01-11 10:33:00,Payment,127.41,Pune,50,1467,19,0
TXN07329,2026-01-11 10:34:00,Payment,778.9,Delhi,49,1118,64,0
TXN08152,2026-01-11 10:35:00,Payment,95.01,Jaipur,29,790,89,0
TXN02341,2026-01-11 10:36:00,Withdrawal,46.72,Jaipur,49,1743,24,0
TXN03286,2026-01-11 10:37:00,Transfer,3190.41,Mumbai,50,892,23,0
TXN01457,2026-01-11 10:38:00,Payment,126.54,Ahmedabad,22,625,25,0
TXN08724,2026-01-11 10:40:00,Payment,597.93,Jaipur,38,717,112,0
TXN00218,2026-01-11 10:42:00,Withdrawal,1640.49,Mumbai,50,1584,9,0
TXN05776,2026-01-11 10:43:00,Payment,252.08,Mumbai,67,670,30,0
TXN09416,2026-01-11 10:44:00,Payment,195.18,Bengaluru,54,1059,14,0
TXN00634,2026-01-11 10:51:00,Payment,141.31,Chennai,38,1108,34,0
TXN08651,2026-01-11 10:55:00,Withdrawal,201.93,Kolkata,51,460,31,0
TXN04668,2026-01-11 10:55:00,Transfer,520.46,Delhi,65,1453,106,0
TXN04889,2026-01-11 10:56:00,Payment,96.81,Mumbai,64,1122,9,0
TXN08898,2026-01-11 10:57:00,Transfer,290.99,Pune,53,293,25,0
TXN00685,2026-01-11 11:03:00,Payment,152.01,Bengaluru,60,272,41,0
TXN09772,2026-01-11 11:05:00,Withdrawal,233.29,Jaipur,46,724,28,0
TXN05276,2026-01-11 11:09:00,Withdrawal,78.99,Ahmedabad,28,652,41,0
TXN07550,2026-01-11 11:09:00,Payment,312.38,Kolkata,43,875,44,0
TXN03654,2026-01-11 11:10:00,Transfer,9.87,Chennai,47,1834,64,0
TXN03581,2026-01-11 11:14:00,Payment,564.89,Jaipur,43,1163,45,0
TXN01412,2026-01-11 11:18:00,Payment,55.79,Hyderabad,31,1658,7,0
TXN06247,2026-01-11 11:19:00,Withdrawal,153.45,Delhi,54,1195,92,0
TXN00185,2026-01-11 11:20:00,Payment,79.33,Chennai,31,2949,22,0
TXN01287,2026-01-11 11:23:00,Payment,578.19,Mumbai,57,1226,14,0
TXN06979,2026-01-11 11:25:00,Withdrawal,147.1,Jaipur,65,604,59,0
TXN01226,2026-01-11 11:25:00,Payment,694.25,Bengaluru,59,2173,166,0
TXN00866,2026-01-11 11:33:00,Payment,220.23,Kolkata,22,1793,56,0
TXN05333,2026-01-11 11:47:00,Transfer,84.36,Mumbai,36,378,143,0
TXN04501,2026-01-11 11:48:00,Transfer,1474.86,Jaipur,50,853,28,0
TXN02517,2026-01-11 11:50:00,Payment,326.94,Chennai,64,715,73,0
TXN09588,2026-01-11 11:55:00,Payment,473.42,Hyderabad,28,536,81,0
TXN07821,2026-01-11 11:56:00,Withdrawal,71.45,Delhi,31,2640,86,0
TXN04676,2026-01-11 11:58:00,Payment,33.23,Ahmedabad,18,1371,33,0
TXN01957,2026-01-11 11:58:00,Transfer,292.15,Chennai,69,1642,25,0
TXN09522,2026-01-11 11:58:00,Transfer,220.53,Delhi,33,488,19,0
TXN08623,2026-01-11 12:00:00,Payment,153.99,Delhi,65,2325,35,0
TXN08434,2026-01-11 12:02:00,Payment,115.65,Hyderabad,24,2934,48,0
TXN00300,2026-01-11 12:03:00,Transfer,1715.12,Mumbai,31,360,31,0
TXN09871,2026-01-11 12:08:00,Transfer,219.59,Hyderabad,34,972,46,1
TXN04344,2026-01-11 12:09:00,Transfer,36.3,Bengaluru,57,1095,59,0
TXN03274,2026-01-11 12:12:00,Payment,274.98,Ahmedabad,58,1458,33,0
TXN02616,2026-01-11 12:20:00,Transfer,1479.82,Jaipur,24,791,32,1
TXN01370,2026-01-11 12:25:00,Payment,66.23,Chennai,46,542,11,0
TXN02472,2026-01-11 12:25:00,Transfer,168.38,Delhi,30,925,45,0
TXN00464,2026-01-11 12:26:00,Payment,280.25,Kolkata,28,846,8,0
TXN01658,2026-01-11 12:29:00,Transfer,216.8,Hyderabad,64,270,24,0
TXN01402,2026-01-11 12:44:00,Payment,135.41,Kolkata,37,720,59,0
TXN03721,2026-01-11 12:48:00,Payment,207.57,Jaipur,32,991,50,0
TXN05745,2026-01-11 12:51:00,Payment,98.65,Jaipur,63,458,40,0
TXN02498,2026-01-11 12:54:00,Transfer,444.53,Mumbai,36,867,31,0
TXN04584,2026-01-11 12:55:00,Withdrawal,30.6,Jaipur,34,862,40,0
TXN07553,2026-01-11 13:00:00,Withdrawal,355.09,Bengaluru,66,854,44,1
TXN06249,2026-01-11 13:00:00,Payment,85.19,Hyderabad,26,1679,64,0
TXN04749,2026-01-11 13:06:00,Withdrawal,84.68,Bengaluru,40,576,79,0
TXN08360,2026-01-11 13:08:00,Withdrawal,27.66,Delhi,25,2484,29,0
TXN02317,2026-01-11 13:10:00,Payment,342.91,Jaipur,69,737,38,0
TXN05775,2026-01-11 13:11:00,Payment,191.0,Chennai,28,1268,69,0
TXN09546,2026-01-11 13:13:00,Payment,6.99,Mumbai,69,1351,31,0
TXN05843,2026-01-11 13:14:00,Payment,16.86,Ahmedabad,58,498,17,0
TXN00199,2026-01-11 13:14:00,Payment,337.65,Hyderabad,57,1961,58,0
TXN04648,2026-01-11 13:15:00,Payment,491.33,Bengaluru,20,1425,85,0
TXN03184,2026-01-11 13:16:00,Payment,469.86,Chennai,41,645,13,0
TXN08315,2026-01-11 13:19:00,Payment,1240.27,Bengaluru,32,747,34,0
TXN03960,2026-01-11 13:21:00,Payment,98.74,Chennai,27,1016,77,0
TXN06731,2026-01-11 13:21:00,Withdrawal,765.9,Bengaluru,21,1007,57,0
TXN05554,2026-01-11 13:22:00,Payment,291.64,Ahmedabad,64,202,45,0
TXN07508,2026-01-11 13:22:00,Transfer,218.34,Jaipur,61,890,24,0
TXN04733,2026-01-11 13:25:00,Payment,114.35,Mumbai,30,181,50,0
TXN05662,2026-01-11 13:27:00,Payment,40.67,Kolkata,28,991,28,0
TXN02883,2026-01-11 13:28:00,Payment,424.88,Bengaluru,41,284,23,0
TXN08209,2026-01-11 13:29:00,Withdrawal,437.64,Mumbai,52,954,18,0
TXN01103,2026-01-11 13:29:00,Payment,236.7,Jaipur,19,1432,91,0
TXN07595,2026-01-11 13:29:00,Payment,96.45,Jaipur,63,668,33,0
TXN02292,2026-01-11 13:31:00,Withdrawal,219.02,Delhi,54,1488,18,0
TXN00095,2026-01-11 13:32:00,Payment,53.12,Delhi,50,306,27,0
TXN02860,2026-01-11 13:33:00,Payment,94.94,Mumbai,64,334,48,0
TXN06314,2026-01-11 13:38:00,Payment,33.27,Bengaluru,52,935,8,0
TXN06339,2026-01-11 13:42:00,Payment,483.67,Mumbai,20,995,126,0
TXN02721,2026-01-11 13:43:00,Payment,140.49,Ahmedabad,44,351,108,0
TXN00596,2026-01-11 13:45:00,Payment,371.79,Bengaluru,24,1142,59,0
TXN02711,2026-01-11 13:46:00,Payment,391.88,Delhi,64,1599,7,0
TXN01325,2026-01-11 13:46:00,Payment,1989.88,Pune,51,548,84,0
TXN06878,2026-01-11 13:48:00,Transfer,333.88,Mumbai,55,129,34,0
TXN06435,2026-01-11 13:49:00,Transfer,1155.95,Bengaluru,60,503,112,0
TXN02355,2026-01-11 13:51:00,Payment,90.74,Bengaluru,25,1341,51,0
TXN05869,2026-01-11 13:52:00,Payment,549.09,Hyderabad,32,618,97,0
TXN02280,2026-01-11 13:52:00,Withdrawal,2211.29,Chennai,33,2087,26,0
TXN06802,2026-01-11 13:53:00,Payment,348.05,Jaipur,51,418,74,0
TXN05147,2026-01-11 13:58:00,Payment,137.9,Bengaluru,36,2071,39,0
TXN00017,2026-01-11 14:02:00,Payment,98.75,Chennai,62,397,14,1
TXN09167,2026-01-11 14:03:00,Payment,75.29,Kolkata,55,1465,38,0
TXN03911,2026-01-11 14:05:00,Payment,1042.32,Bengaluru,47,771,89,0
TXN05999,2026-01-11 14:05:00,Payment,122.37,Chennai,50,541,55,0
TXN05503,2026-01-11 14:06:00,Payment,674.96,Hyderabad,41,803,26,0
TXN03929,2026-01-11 14:09:00,Transfer,15.08,Mumbai,19,1077,17,1
TXN08841,2026-01-11 14:09:00,Withdrawal,20.99,Jaipur,68,734,41,0
TXN06549,2026-01-11 14:10:00,Payment,517.7,Kolkata,22,1405,37,0
TXN02034,2026-01-11 14:10:00,Payment,441.17,Ahmedabad,50,611,32,0
TXN03155,2026-01-11 14:10:00,Transfer,364.97,Hyderabad,30,1396,16,0
TXN08473,2026-01-11 14:10:00,Payment,50.97,Kolkata,37,536,12,0
TXN07545,2026-01-11 14:16:00,Withdrawal,255.26,Chennai,68,844,60,0
TXN09369,2026-01-11 14:24:00,Transfer,202.25,Pune,27,2490,121,0
TXN07605,2026-01-11 14:25:00,Transfer,439.55,Mumbai,26,298,132,0
TXN09538,2026-01-11 14:28:00,Transfer,52.09,Pune,56,1140,64,0
TXN00202,2026-01-11 14:30:00,Withdrawal,54.07,Ahmedabad,60,828,57,0
TXN01951,2026-01-11 14:30:00,Payment,28.92,Hyderabad,50,1080,121,0
TXN08693,2026-01-11 14:32:00,Payment,80.12,Mumbai,25,489,10,0
TXN08293,2026-01-11 14:38:00,Transfer,717.03,Mumbai,44,593,72,0
TXN03495,2026-01-11 14:39:00,Payment,69.91,Chennai,23,295,90,0
TXN02020,2026-01-11 14:44:00,Transfer,105.22,Delhi,18,146,81,0
TXN06175,2026-01-11 14:45:00,Payment,763.62,Kolkata,32,119,29,1
TXN05759,2026-01-11 14:45:00,Transfer,200.36,Jaipur,41,2087,26,0
TXN02207,2026-01-11 14:46:00,Payment,105.95,Hyderabad,34,691,26,0
TXN04706,2026-01-11 14:46:00,Payment,29.19,Hyderabad,43,409,20,0
TXN04613,2026-01-11 14:49:00,Withdrawal,68.41,Pune,42,1762,39,0
TXN00256,2026-01-11 14:52:00,Transfer,40.64,Bengaluru,60,1216,102,0
TXN05070,2026-01-11 14:53:00,Payment,564.27,Bengaluru,48,528,13,0
TXN09301,2026-01-11 14:54:00,Transfer,1175.99,Delhi,21,933,84,0
TXN02404,2026-01-11 14:57:00,Transfer,145.16,Hyderabad,41,197,63,0
TXN02067,2026-01-11 14:58:00,Transfer,358.85,Delhi,30,1298,7,0
TXN07040,2026-01-11 14:58:00,Transfer,50.08,Kolkata,39,676,6,1
TXN00973,2026-01-11 15:00:00,Transfer,800.13,Delhi,67,781,66,0
TXN00317,2026-01-11 15:01:00,Payment,92.3,Kolkata,24,452,14,0
TXN08862,2026-01-11 15:03:00,Payment,166.19,Pune,60,1245,90,0
TXN09581,2026-01-11 15:07:00,Payment,449.5,Chennai,67,1017,85,0
TXN03054,2026-01-11 15:08:00,Withdrawal,129.1,Jaipur,34,397,119,0
TXN01152,2026-01-11 15:10:00,Payment,145.51,Mumbai,30,535,99,0
TXN07859,2026-01-11 15:18:00,Transfer,235.64,Ahmedabad,35,357,17,0
TXN00081,2026-01-11 15:24:00,Payment,29.26,Hyderabad,39,1560,27,0
TXN05351,2026-01-11 15:29:00,Withdrawal,699.97,Bengaluru,66,1301,100,0
TXN03174,2026-01-11 15:32:00,Payment,64.51,Bengaluru,51,955,48,0
TXN09879,2026-01-11 15:32:00,Payment,90.03,Chennai,69,825,63,0
TXN09129,2026-01-11 15:33:00,Transfer,312.39,Chennai,22,404,39,0
TXN07210,2026-01-11 15:33:00,Payment,420.16,Delhi,39,1209,9,0
TXN02715,2026-01-11 15:34:00,Withdrawal,105.17,Jaipur,19,327,44,0
TXN02285,2026-01-11 15:36:00,Transfer,412.08,Mumbai,31,1299,112,0
TXN04037,2026-01-11 15:37:00,Transfer,1883.27,Bengaluru,42,1336,100,0
TXN01557,2026-01-11 15:42:00,Withdrawal,142.09,Pune,41,1875,3,0
TXN03618,2026-01-11 15:42:00,Transfer,350.4,Mumbai,31,404,86,0
TXN08844,2026-01-11 15:46:00,Payment,313.98,Hyderabad,65,658,41,0
TXN04938,2026-01-11 15:48:00,Payment,940.67,Chennai,32,422,45,0
TXN06897,2026-01-11 15:58:00,Payment,29.67,Delhi,63,880,18,0
TXN07558,2026-01-11 16:00:00,Payment,64.74,Bengaluru,37,577,34,0
TXN05814,2026-01-11 16:02:00,Payment,125.25,Chennai,18,683,151,0
TXN09072,2026-01-11 16:03:00,Withdrawal,329.41,Delhi,62,747,27,0
TXN05405,2026-01-11 16:04:00,Payment,97.52,Delhi,45,1007,26,0
TXN07336,2026-01-11 16:08:00,Payment,71.61,Bengaluru,69,1612,28,0
TXN08584,2026-01-11 16:09:00,Payment,45.85,Chennai,58,667,56,0
TXN00620,2026-01-11 16:10:00,Transfer,168.56,Chennai,20,1512,39,0
TXN02748,2026-01-11 16:11:00,Payment,676.5,Ahmedabad,50,1242,56,0
TXN07810,2026-01-11 16:12:00,Transfer,590.86,Jaipur,26,2160,19,0
TXN07298,2026-01-11 16:15:00,Transfer,330.47,Hyderabad,66,870,45,0
TXN09996,2026-01-11 16:23:00,Payment,156.06,Jaipur,69,730,30,0
TXN02646,2026-01-11 16:23:00,Payment,556.01,Hyderabad,27,283,27,0
TXN08569,2026-01-11 16:24:00,Payment,85.22,Hyderabad,39,417,11,0
TXN09385,2026-01-11 16:27:00,Withdrawal,38.77,Jaipur,36,1784,16,0
TXN01479,2026-01-11 16:28:00,Payment,840.42,Mumbai,53,333,69,0
TXN01186,2026-01-11 16:32:00,Withdrawal,221.13,Chennai,68,262,32,0
TXN08415,2026-01-11 16:34:00,Transfer,226.11,Chennai,35,864,62,0
TXN06186,2026-01-11 16:35:00,Transfer,173.99,Delhi,35,1053,75,0
TXN01843,2026-01-11 16:36:00,Payment,704.65,Kolkata,56,504,25,0
TXN08504,2026-01-11 16:37:00,Withdrawal,81.33,Pune,69,1106,39,0
TXN01704,2026-01-11 16:37:00,Payment,369.83,Hyderabad,68,258,19,0
TXN05063,2026-01-11 16:44:00,Transfer,86.27,Hyderabad,56,863,23,0
TXN04197,2026-01-11 16:45:00,Payment,78.51,Ahmedabad,39,397,73,0
TXN03528,2026-01-11 16:45:00,Payment,193.21,Jaipur,24,1408,32,0
TXN02787,2026-01-11 16:47:00,Transfer,644.36,Kolkata,20,103,71,0
TXN06041,2026-01-11 16:50:00,Transfer,366.18,Jaipur,36,1177,53,0
TXN04993,2026-01-11 16:57:00,Payment,148.01,Chennai,21,543,58,1
TXN07001,2026-01-11 17:00:00,Payment,476.66,Kolkata,63,803,39,0
TXN08461,2026-01-11 17:00:00,Payment,391.04,Ahmedabad,62,538,61,0
TXN09935,2026-01-11 17:02:00,Payment,131.87,Mumbai,68,955,58,0
TXN03517,2026-01-11 17:05:00,Payment,1730.89,Hyderabad,38,651,12,0
TXN04735,2026-01-11 17:05:00,Payment,1069.61,Bengaluru,47,1011,47,0
TXN08619,2026-01-11 17:11:00,Payment,140.76,Bengaluru,60,2367,16,0
TXN01339,2026-01-11 17:16:00,Payment,205.71,Hyderabad,34,289,7,0
TXN04958,2026-01-11 17:18:00,Payment,325.1,Hyderabad,58,1277,58,0
TXN02184,2026-01-11 17:30:00,Payment,159.6,Delhi,37,309,66,0
TXN09509,2026-01-11 17:40:00,Withdrawal,72.64,Delhi,49,1285,11,0
TXN04280,2026-01-11 17:41:00,Transfer,47.2,Bengaluru,24,372,27,1
TXN06823,2026-01-11 17:42:00,Payment,175.78,Chennai,58,1625,124,0
TXN01170,2026-01-11 17:45:00,Payment,290.85,Jaipur,39,198,51,0
TXN08016,2026-01-11 17:47:00,Payment,226.12,Mumbai,48,695,39,0
TXN00878,2026-01-11 17:49:00,Withdrawal,157.36,Bengaluru,39,2351,52,0
TXN08279,2026-01-11 17:49:00,Payment,355.49,Pune,24,565,177,0
TXN06508,2026-01-11 17:50:00,Payment,402.48,Ahmedabad,27,1467,25,0
TXN05542,2026-01-11 17:51:00,Payment,632.36,Bengaluru,67,2335,17,0
TXN07175,2026-01-11 17:54:00,Payment,155.23,Hyderabad,39,871,42,0
TXN06889,2026-01-11 17:56:00,Payment,69.23,Pune,22,1045,41,0
TXN04558,2026-01-11 17:58:00,Payment,280.18,Mumbai,65,1151,159,0
TXN05997,2026-01-11 18:00:00,Transfer,27.27,Jaipur,23,2197,82,0
TXN07892,2026-01-11 18:11:00,Transfer,82.88,Chennai,54,336,15,1
TXN02953,2026-01-11 18:12:00,Payment,2162.73,Bengaluru,22,2019,101,0
TXN00474,2026-01-11 18:14:00,Payment,144.59,Chennai,33,1369,35,1
TXN05512,2026-01-11 18:15:00,Payment,157.02,Hyderabad,32,493,37,0
TXN07976,2026-01-11 18:19:00,Payment,53.76,Jaipur,61,339,74,0
TXN07959,2026-01-11 18:21:00,Payment,203.7,Hyderabad,41,1537,60,0
TXN08299,2026-01-11 18:24:00,Withdrawal,113.03,Mumbai,67,737,51,0
TXN02204,2026-01-11 18:25:00,Payment,21.84,Hyderabad,57,831,102,0
TXN03979,2026-01-11 18:27:00,Transfer,2470.09,Chennai,29,1195,88,0
TXN01956,2026-01-11 18:29:00,Withdrawal,184.1,Ahmedabad,34,1815,33,0
TXN00118,2026-01-11 18:31:00,Withdrawal,89.78,Mumbai,18,610,32,0
TXN04732,2026-01-11 18:31:00,Payment,47.23,Kolkata,66,411,44,0
TXN01348,2026-01-11 18:34:00,Payment,183.59,Ahmedabad,47,273,27,0
TXN01695,2026-01-11 18:35:00,Withdrawal,337.69,Bengaluru,40,174,18,0
TXN05428,2026-01-11 18:36:00,Transfer,36.39,Delhi,29,586,58,0
TXN07639,2026-01-11 18:38:00,Transfer,1409.16,Delhi,40,852,38,0
TXN01381,2026-01-11 18:39:00,Withdrawal,300.37,Pune,21,928,55,0
TXN06451,2026-01-11 18:45:00,Payment,234.77,Chennai,22,592,14,0
TXN08537,2026-01-11 18:48:00,Payment,239.71,Mumbai,18,937,32,0
TXN09201,2026-01-11 18:49:00,Payment,1494.79,Bengaluru,44,391,30,0
TXN00413,2026-01-11 18:55:00,Payment,84.9,Bengaluru,45,1069,13,0
TXN01813,2026-01-11 18:59:00,Payment,3003.72,Hyderabad,39,1008,89,0
TXN09236,2026-01-11 18:59:00,Transfer,255.15,Kolkata,19,391,38,0
TXN02056,2026-01-11 18:59:00,Payment,202.03,Bengaluru,19,846,23,0
TXN04199,2026-01-11 19:04:00,Payment,928.27,Pune,20,2490,27,0
TXN05690,2026-01-11 19:05:00,Transfer,175.42,Mumbai,54,395,47,0
TXN05166,2026-01-11 19:05:00,Transfer,257.96,Bengaluru,47,183,8,0
TXN05313,2026-01-11 19:08:00,Transfer,108.85,Chennai,41,422,20,0
TXN00815,2026-01-11 19:11:00,Payment,134.11,Chennai,53,807,31,0
TXN09264,2026-01-11 19:11:00,Transfer,133.54,Pune,19,1290,9,0
TXN06798,2026-01-11 19:12:00,Transfer,224.95,Pune,39,159,28,0
TXN08507,2026-01-11 19:17:00,Withdrawal,455.07,Bengaluru,26,812,32,0
TXN08167,2026-01-11 19:23:00,Transfer,203.72,Hyderabad,33,1217,18,1
TXN07606,2026-01-11 19:26:00,Payment,90.57,Delhi,59,303,89,0
TXN01377,2026-01-11 19:39:00,Payment,738.91,Bengaluru,53,1346,40,0
TXN00880,2026-01-11 19:41:00,Payment,329.2,Jaipur,39,2524,71,0
TXN09329,2026-01-11 19:43:00,Withdrawal,403.74,Chennai,54,198,35,0
TXN05302,2026-01-11 19:45:00,Payment,1843.78,Bengaluru,49,1063,87,0
TXN09380,2026-01-11 19:56:00,Transfer,90.73,Kolkata,56,838,95,1
TXN00588,2026-01-11 19:58:00,Payment,695.74,Delhi,40,987,71,0
TXN05863,2026-01-11 19:59:00,Payment,141.79,Pune,38,245,47,0
TXN01129,2026-01-11 20:03:00,Transfer,250.03,Mumbai,61,718,28,0
TXN03766,2026-01-11 20:09:00,Payment,96.26,Pune,49,251,21,0
TXN09761,2026-01-11 20:10:00,Withdrawal,69.06,Delhi,54,345,66,0
TXN00260,2026-01-11 20:16:00,Withdrawal,217.13,Bengaluru,47,1830,53,0
TXN00070,2026-01-11 20:24:00,Payment,195.68,Mumbai,35,733,61,0
TXN09256,2026-01-11 20:26:00,Payment,165.46,Bengaluru,38,1281,46,0
TXN09884,2026-01-11 20:26:00,Payment,89.7,Delhi,26,751,5,0
TXN09559,2026-01-11 20:27:00,Transfer,285.8,Bengaluru,38,1246,36,0
TXN01684,2026-01-11 20:36:00,Payment,55.57,Chennai,41,458,48,0
TXN05933,2026-01-11 20:36:00,Transfer,153.52,Hyderabad,64,697,49,0
TXN09650,2026-01-11 20:39:00,Payment,244.15,Delhi,18,1740,34,1
TXN05570,2026-01-11 20:40:00,Payment,906.53,Bengaluru,35,1381,37,0
TXN02071,2026-01-11 20:41:00,Withdrawal,125.53,Delhi,56,528,9,1
TXN03940,2026-01-11 20:46:00,Transfer,160.06,Mumbai,51,1331,5,0
TXN07514,2026-01-11 20:50:00,Transfer,79.61,Bengaluru,42,633,1,0
TXN05476,2026-01-11 20:52:00,Transfer,1490.15,Bengaluru,22,388,67,0
TXN06183,2026-01-11 20:54:00,Payment,3393.31,Ahmedabad,46,1375,27,0
TXN09360,2026-01-11 20:56:00,Payment,339.99,Jaipur,51,548,158,0
TXN07869,2026-01-11 20:59:00,Payment,90.12,Mumbai,62,406,52,0
TXN02351,2026-01-11 21:00:00,Withdrawal,465.61,Bengaluru,33,1442,38,0
TXN05105,2026-01-11 21:05:00,Transfer,405.51,Mumbai,42,314,42,0
TXN06850,2026-01-11 21:05:00,Payment,69.47,Delhi,65,705,39,0
TXN01721,2026-01-11 21:05:00,Transfer,124.39,Hyderabad,26,1148,51,0
TXN01406,2026-01-11 21:05:00,Transfer,77.55,Chennai,67,180,53,0
TXN02086,2026-01-11 21:07:00,Payment,85.74,Hyderabad,47,1357,23,1
TXN08310,2026-01-11 21:13:00,Transfer,203.85,Mumbai,38,714,36,0
TXN04287,2026-01-11 21:15:00,Payment,390.46,Chennai,18,382,37,0
TXN07414,2026-01-11 21:18:00,Payment,100.96,Mumbai,43,1151,129,0
TXN00748,2026-01-11 21:22:00,Transfer,258.46,Delhi,43,1557,44,0
TXN02258,2026-01-11 21:26:00,Transfer,87.82,Pune,52,660,72,1
TXN00930,2026-01-11 21:30:00,Withdrawal,549.11,Bengaluru,30,1276,33,0
TXN09142,2026-01-11 21:32:00,Withdrawal,133.5,Delhi,49,889,31,0
TXN08677,2026-01-11 21:34:00,Withdrawal,1257.22,Kolkata,33,699,42,0
TXN00331,2026-01-11 21:37:00,Transfer,53.17,Kolkata,19,1327,93,0
TXN02169,2026-01-11 21:39:00,Payment,294.93,Pune,26,368,53,0
TXN04655,2026-01-11 21:41:00,Payment,282.89,Hyderabad,25,235,51,0
TXN07003,2026-01-11 21:42:00,Transfer,118.37,Delhi,29,849,28,0
TXN03781,2026-01-11 21:43:00,Payment,957.49,Kolkata,63,743,12,0
TXN01789,2026-01-11 21:49:00,Transfer,303.08,Bengaluru,64,612,22,0
TXN08053,2026-01-11 21:56:00,Transfer,93.33,Hyderabad,40,1084,65,0
TXN02444,2026-01-11 22:01:00,Payment,953.49,Kolkata,61,583,31,0
TXN00549,2026-01-11 22:04:00,Payment,89.65,Hyderabad,23,73,5,0
TXN00357,2026-01-11 22:10:00,Transfer,581.6,Hyderabad,33,1237,30,0
TXN08173,2026-01-11 22:14:00,Payment,552.06,Bengaluru,66,1449,8,1
TXN05122,2026-01-11 22:20:00,Payment,426.09,Mumbai,58,555,72,0
TXN07816,2026-01-11 22:24:00,Withdrawal,141.66,Mumbai,33,2180,40,0
TXN06393,2026-01-11 22:39:00,Withdrawal,35.17,Mumbai,67,726,69,0
TXN05998,2026-01-11 22:42:00,Transfer,31.5,Delhi,44,2208,63,0
TXN02822,2026-01-11 22:51:00,Payment,208.59,Jaipur,30,1330,6,0
TXN02807,2026-01-11 22:53:00,Transfer,113.07,Hyderabad,32,446,68,0
TXN00913,2026-01-12 08:00:00,Withdrawal,49.75,Mumbai,46,1301,61,0
TXN02495,2026-01-12 08:01:00,Payment,57.29,Ahmedabad,19,386,53,0
TXN03597,2026-01-12 08:01:00,Transfer,199.82,Ahmedabad,64,283,77,0
TXN06570,2026-01-12 08:02:00,Transfer,135.16,Bengaluru,60,1141,112,0
TXN08894,2026-01-12 08:03:00,Transfer,31.8,Delhi,58,1692,16,0
TXN03899,2026-01-12 08:03:00,Withdrawal,330.4,Chennai,39,1000,15,0
TXN04950,2026-01-12 08:09:00,Payment,94.61,Pune,67,602,11,1
TXN02680,2026-01-12 08:13:00,Payment,249.83,Hyderabad,31,1207,15,0
TXN05001,2026-01-12 08:13:00,Transfer,386.44,Jaipur,60,2241,14,0
TXN07560,2026-01-12 08:16:00,Transfer,37.98,Kolkata,20,1402,51,0
TXN00855,2026-01-12 08:20:00,Withdrawal,26.93,Delhi,55,339,46,0
TXN05283,2026-01-12 08:22:00,Payment,342.14,Delhi,28,2766,12,1
TXN06227,2026-01-12 08:25:00,Payment,185.95,Pune,18,780,38,0
TXN07006,2026-01-12 08:27:00,Transfer,104.08,Bengaluru,52,314,32,0
TXN06274,2026-01-12 08:27:00,Payment,434.18,Delhi,35,1788,106,1
TXN09859,2026-01-12 08:32:00,Withdrawal,1065.49,Delhi,50,2129,120,0
TXN07936,2026-01-12 08:38:00,Transfer,137.81,Mumbai,23,1949,48,0
TXN02382,2026-01-12 08:46:00,Transfer,740.27,Delhi,37,978,100,0
TXN02763,2026-01-12 08:47:00,Withdrawal,144.03,Delhi,60,2138,59,0
TXN04750,2026-01-12 08:48:00,Withdrawal,1349.21,Mumbai,59,1121,24,0
TXN08286,2026-01-12 08:48:00,Payment,16.23,Jaipur,51,2229,80,0
TXN01020,2026-01-12 08:49:00,Withdrawal,74.11,Mumbai,59,1033,34,0
TXN08824,2026-01-12 08:50:00,Payment,43.33,Chennai,60,1690,34,0
TXN08441,2026-01-12 08:53:00,Transfer,112.74,Delhi,62,327,114,0
TXN06639,2026-01-12 08:53:00,Payment,50.37,Ahmedabad,66,1070,39,0
TXN03664,2026-01-12 08:57:00,Payment,124.86,Hyderabad,56,749,84,0
TXN03068,2026-01-12 08:59:00,Withdrawal,586.14,Mumbai,29,260,71,0
TXN09208,2026-01-12 09:02:00,Payment,373.63,Bengaluru,22,1421,19,0
TXN02455,2026-01-12 09:02:00,Payment,146.93,Chennai,25,1107,3,0
TXN07797,2026-01-12 09:04:00,Withdrawal,905.1,Pune,44,980,16,0
TXN00981,2026-01-12 09:10:00,Transfer,71.29,Bengaluru,19,1038,59,0
TXN04091,2026-01-12 09:12:00,Payment,1191.0,Bengaluru,20,193,19,0
TXN04810,2026-01-12 09:15:00,Payment,339.47,Delhi,57,640,72,0
TXN02149,2026-01-12 09:17:00,Withdrawal,193.47,Mumbai,60,341,129,1
TXN04569,2026-01-12 09:23:00,Transfer,160.02,Kolkata,54,1958,46,1
TXN05144,2026-01-12 09:28:00,Payment,32.97,Pune,48,805,50,0
TXN04335,2026-01-12 09:31:00,Payment,863.74,Hyderabad,39,506,41,0
TXN00822,2026-01-12 09:39:00,Withdrawal,998.01,Mumbai,29,1520,30,0
TXN08150,2026-01-12 09:40:00,Transfer,195.69,Delhi,23,662,82,0
TXN05297,2026-01-12 09:43:00,Payment,107.42,Delhi,19,567,1,0
TXN05880,2026-01-12 09:46:00,Withdrawal,29.68,Delhi,53,1293,30,0
TXN05736,2026-01-12 09:50:00,Payment,1414.18,Kolkata,19,429,23,1
TXN07086,2026-01-12 09:52:00,Payment,184.65,Pune,68,182,15,0
TXN06692,2026-01-12 09:54:00,Payment,285.75,Chennai,50,758,30,0
TXN08786,2026-01-12 09:54:00,Payment,235.91,Mumbai,42,769,20,0
TXN04820,2026-01-12 09:59:00,Payment,749.56,Chennai,38,499,141,0
TXN06552,2026-01-12 10:02:00,Payment,137.48,Delhi,50,1593,48,0
TXN03020,2026-01-12 10:03:00,Withdrawal,94.11,Bengaluru,21,1205,25,0
TXN06796,2026-01-12 10:04:00,Payment,76.88,Mumbai,67,501,72,0
TXN04959,2026-01-12 10:07:00,Transfer,28.58,Pune,57,726,90,0
TXN09472,2026-01-12 10:14:00,Transfer,36.12,Jaipur,44,805,5,0
TXN07282,2026-01-12 10:14:00,Payment,261.08,Pune,28,1940,70,0
TXN09714,2026-01-12 10:19:00,Payment,2548.48,Kolkata,45,850,45,0
TXN01265,2026-01-12 10:20:00,Transfer,71.08,Pune,64,1649,52,0
TXN02290,2026-01-12 10:22:00,Payment,244.55,Chennai,56,547,30,0
TXN07713,2026-01-12 10:22:00,Withdrawal,22.42,Mumbai,63,1082,20,0
TXN05611,2026-01-12 10:24:00,Withdrawal,197.3,Kolkata,41,1913,14,0
TXN04107,2026-01-12 10:26:00,Transfer,105.05,Mumbai,50,833,16,0
TXN05354,2026-01-12 10:38:00,Payment,72.55,Delhi,34,516,91,0
TXN00378,2026-01-12 10:39:00,Payment,66.02,Jaipur,52,468,57,0
TXN01672,2026-01-12 10:41:00,Payment,1021.66,Mumbai,21,608,83,0
TXN09731,2026-01-12 10:48:00,Transfer,174.37,Jaipur,25,1617,71,0
TXN00963,2026-01-12 10:48:00,Withdrawal,245.48,Pune,28,840,78,0
TXN04264,2026-01-12 10:48:00,Transfer,319.89,Pune,69,1438,36,0
TXN03212,2026-01-12 10:50:00,Transfer,480.52,Ahmedabad,56,512,93,0
TXN02805,2026-01-12 10:53:00,Payment,202.75,Chennai,50,378,75,0
TXN02134,2026-01-12 10:55:00,Payment,682.11,Mumbai,36,306,76,0
TXN02996,2026-01-12 11:00:00,Transfer,43.12,Ahmedabad,38,225,35,1
TXN03417,2026-01-12 11:05:00,Payment,57.99,Bengaluru,47,1716,61,0
TXN00281,2026-01-12 11:06:00,Payment,414.26,Bengaluru,49,2072,9,0
TXN09074,2026-01-12 11:08:00,Payment,256.7,Mumbai,52,645,77,0
TXN06700,2026-01-12 11:08:00,Withdrawal,91.37,Pune,30,981,87,0
TXN07383,2026-01-12 11:15:00,Withdrawal,721.78,Delhi,55,1748,63,0
TXN04930,2026-01-12 11:16:00,Payment,58.34,Kolkata,32,488,27,0
TXN07831,2026-01-12 11:17:00,Transfer,825.74,Delhi,33,1383,65,0
TXN03041,2026-01-12 11:17:00,Withdrawal,1779.52,Bengaluru,40,995,65,0
TXN03242,2026-01-12 11:20:00,Transfer,64.84,Ahmedabad,37,1210,38,0
TXN07196,2026-01-12 11:22:00,Payment,3774.69,Pune,68,635,35,0
TXN01573,2026-01-12 11:23:00,Payment,81.1,Pune,27,1811,76,0
TXN08308,2026-01-12 11:28:00,Payment,92.26,Pune,43,1808,87,0
TXN01876,2026-01-12 11:28:00,Payment,423.09,Bengaluru,56,157,65,0
TXN02432,2026-01-12 11:30:00,Transfer,664.82,Jaipur,32,249,16,0
TXN03259,2026-01-12 11:36:00,Transfer,82.47,Kolkata,18,1094,93,0
TXN06000,2026-01-12 11:46:00,Payment,800.65,Hyderabad,62,1373,28,0
TXN09261,2026-01-12 11:47:00,Payment,47.46,Pune,44,1030,15,0
TXN06047,2026-01-12 11:49:00,Payment,689.33,Mumbai,39,1066,21,0
TXN05919,2026-01-12 11:49:00,Withdrawal,112.86,Delhi,33,2153,12,0
TXN05293,2026-01-12 11:54:00,Transfer,258.77,Delhi,37,2611,42,0
TXN03261,2026-01-12 11:57:00,Withdrawal,559.21,Mumbai,26,976,23,0
TXN08954,2026-01-12 12:01:00,Transfer,126.51,Mumbai,51,698,8,0
TXN04907,2026-01-12 12:01:00,Payment,319.58,Chennai,26,1010,51,0
TXN00493,2026-01-12 12:03:00,Withdrawal,164.78,Mumbai,24,1656,82,1
TXN04612,2026-01-12 12:08:00,Withdrawal,275.52,Bengaluru,28,989,120,0
TXN00626,2026-01-12 12:10:00,Payment,168.02,Delhi,44,927,41,0
TXN07133,2026-01-12 12:11:00,Withdrawal,162.06,Chennai,38,936,20,1
TXN09255,2026-01-12 12:12:00,Payment,394.92,Mumbai,61,877,23,0
TXN00640,2026-01-12 12:18:00,Transfer,1040.84,Bengaluru,22,1350,9,0
TXN01987,2026-01-12 12:18:00,Payment,144.88,Hyderabad,36,1002,25,0
TXN06642,2026-01-12 12:26:00,Withdrawal,90.03,Delhi,60,181,12,0
TXN00766,2026-01-12 12:30:00,Payment,195.11,Jaipur,42,1337,59,0
TXN03840,2026-01-12 12:31:00,Transfer,138.43,Chennai,40,1823,63,0
TXN00491,2026-01-12 12:35:00,Transfer,170.52,Bengaluru,36,2027,53,0
TXN07921,2026-01-12 12:35:00,Transfer,174.22,Bengaluru,18,780,106,0
TXN00788,2026-01-12 12:35:00,Payment,315.97,Bengaluru,37,372,25,0
TXN05576,2026-01-12 12:35:00,Transfer,173.0,Jaipur,35,331,82,0
TXN00559,2026-01-12 12:39:00,Payment,215.18,Mumbai,66,990,73,0
TXN02055,2026-01-12 12:45:00,Payment,752.12,Bengaluru,29,1000,11,0
TXN01943,2026-01-12 12:45:00,Payment,614.66,Kolkata,50,2024,61,0
TXN08005,2026-01-12 12:46:00,Transfer,351.74,Ahmedabad,57,1461,41,0
TXN04555,2026-01-12 12:48:00,Payment,213.42,Pune,42,784,41,0
TXN05363,2026-01-12 12:48:00,Payment,544.6,Mumbai,65,971,124,0
TXN06758,2026-01-12 12:55:00,Payment,261.53,Bengaluru,47,611,53,0
TXN00707,2026-01-12 12:57:00,Transfer,387.29,Pune,51,341,108,0
TXN04105,2026-01-12 12:58:00,Transfer,249.47,Ahmedabad,20,666,45,0
TXN02779,2026-01-12 13:00:00,Withdrawal,426.94,Kolkata,26,622,48,0
TXN07386,2026-01-12 13:01:00,Payment,60.35,Kolkata,24,1088,61,1
TXN02465,2026-01-12 13:06:00,Withdrawal,85.26,Hyderabad,39,581,57,0
TXN08234,2026-01-12 13:06:00,Payment,213.56,Mumbai,33,1168,124,0
TXN03939,2026-01-12 13:10:00,Transfer,165.66,Hyderabad,58,148,43,0
TXN04319,2026-01-12 13:12:00,Payment,287.04,Kolkata,21,459,12,0
TXN07355,2026-01-12 13:14:00,Withdrawal,59.37,Chennai,63,404,9,0
TXN07751,2026-01-12 13:16:00,Payment,403.25,Bengaluru,37,637,100,0
TXN04905,2026-01-12 13:18:00,Transfer,486.5,Bengaluru,34,1238,15,1
TXN02296,2026-01-12 13:20:00,Payment,682.75,Pune,38,1273,34,0
TXN04499,2026-01-12 13:22:00,Payment,108.15,Pune,47,1959,59,0
TXN03954,2026-01-12 13:23:00,Withdrawal,182.18,Mumbai,68,1594,64,0
TXN09921,2026-01-12 13:25:00,Transfer,290.11,Jaipur,41,325,29,0
TXN04695,2026-01-12 13:32:00,Transfer,111.05,Chennai,69,47,33,0
TXN05221,2026-01-12 13:34:00,Transfer,219.01,Delhi,26,321,45,0
TXN02068,2026-01-12 13:34:00,Transfer,281.26,Mumbai,52,286,74,0
TXN06111,2026-01-12 13:34:00,Payment,28.68,Hyderabad,22,2891,33,0
TXN02932,2026-01-12 13:35:00,Payment,437.05,Chennai,23,207,56,0
TXN04060,2026-01-12 13:36:00,Transfer,104.75,Jaipur,33,701,21,0
TXN01229,2026-01-12 13:39:00,Transfer,132.04,Mumbai,59,2091,9,1
TXN00864,2026-01-12 13:39:00,Transfer,105.68,Bengaluru,21,91,59,0
TXN02273,2026-01-12 13:45:00,Payment,585.76,Hyderabad,32,1419,43,0
TXN04961,2026-01-12 13:48:00,Payment,237.38,Hyderabad,61,883,13,0
TXN08413,2026-01-12 13:53:00,Withdrawal,207.08,Bengaluru,67,1764,6,0
TXN00790,2026-01-12 13:57:00,Payment,33.07,Bengaluru,51,1516,61,0
TXN03852,2026-01-12 14:00:00,Payment,69.35,Jaipur,43,578,71,0
TXN00278,2026-01-12 14:02:00,Payment,79.78,Mumbai,35,911,93,0
TXN09600,2026-01-12 14:02:00,Payment,283.39,Jaipur,55,764,95,0
TXN00994,2026-01-12 14:04:00,Payment,195.39,Bengaluru,48,1182,7,0
TXN06521,2026-01-12 14:04:00,Payment,212.68,Pune,21,670,57,0
TXN04134,2026-01-12 14:07:00,Payment,100.25,Ahmedabad,67,631,12,0
TXN09489,2026-01-12 14:10:00,Transfer,313.66,Delhi,69,1160,43,0
TXN05180,2026-01-12 14:13:00,Payment,487.37,Pune,28,477,39,0
TXN08888,2026-01-12 14:14:00,Payment,1122.84,Chennai,49,470,29,0
TXN08629,2026-01-12 14:15:00,Withdrawal,68.89,Hyderabad,25,585,53,0
TXN02547,2026-01-12 14:16:00,Payment,368.59,Ahmedabad,40,2903,94,0
TXN03601,2026-01-12 14:21:00,Payment,130.83,Bengaluru,52,981,57,0
TXN08241,2026-01-12 14:22:00,Transfer,89.95,Jaipur,19,626,71,1
TXN06851,2026-01-12 14:23:00,Transfer,23.49,Chennai,56,1212,30,0
TXN01158,2026-01-12 14:23:00,Payment,103.6,Jaipur,26,353,46,0
TXN08763,2026-01-12 14:23:00,Payment,135.19,Bengaluru,46,838,48,0
TXN04509,2026-01-12 14:29:00,Transfer,696.34,Mumbai,60,290,37,0
TXN07897,2026-01-12 14:39:00,Payment,124.45,Jaipur,56,1223,37,0
TXN01358,2026-01-12 14:43:00,Payment,296.48,Jaipur,22,1030,37,0
TXN06095,2026-01-12 14:44:00,Payment,241.45,Ahmedabad,57,2585,9,1
TXN05802,2026-01-12 14:44:00,Payment,30.99,Hyderabad,69,281,31,0
TXN01824,2026-01-12 14:45:00,Payment,33.56,Jaipur,30,287,93,0
TXN01665,2026-01-12 14:45:00,Payment,175.24,Ahmedabad,69,537,33,0
TXN05922,2026-01-12 14:48:00,Payment,259.54,Chennai,63,886,8,0
TXN06428,2026-01-12 14:51:00,Payment,233.31,Jaipur,31,858,37,0
TXN08550,2026-01-12 14:51:00,Transfer,168.84,Kolkata,36,2265,43,0
TXN04270,2026-01-12 14:53:00,Withdrawal,22.61,Hyderabad,63,1112,31,0
TXN00940,2026-01-12 14:55:00,Payment,1107.43,Mumbai,38,1139,41,0
TXN09857,2026-01-12 14:55:00,Payment,265.29,Mumbai,30,264,28,0
TXN04784,2026-01-12 14:56:00,Transfer,112.93,Bengaluru,48,1565,25,0
TXN05314,2026-01-12 14:56:00,Payment,173.0,Chennai,41,382,96,0
TXN00312,2026-01-12 15:01:00,Payment,3955.91,Delhi,24,737,38,0
TXN09450,2026-01-12 15:05:00,Payment,73.55,Pune,34,1252,211,0
TXN02558,2026-01-12 15:05:00,Payment,334.56,Delhi,20,2014,49,0
TXN08531,2026-01-12 15:06:00,Transfer,372.12,Pune,66,1330,23,0
TXN03992,2026-01-12 15:06:00,Payment,218.16,Delhi,55,1326,35,0
TXN03712,2026-01-12 15:08:00,Withdrawal,295.26,Delhi,51,192,38,1
TXN08989,2026-01-12 15:09:00,Payment,168.25,Hyderabad,27,702,51,0
TXN04294,2026-01-12 15:10:00,Transfer,1490.22,Hyderabad,23,992,38,0
TXN08748,2026-01-12 15:12:00,Withdrawal,573.58,Chennai,43,1277,43,0
TXN09058,2026-01-12 15:14:00,Payment,1156.24,Delhi,40,1936,75,0
TXN05044,2026-01-12 15:15:00,Transfer,57.33,Bengaluru,40,773,82,0
TXN04295,2026-01-12 15:16:00,Withdrawal,1101.52,Mumbai,59,581,47,1
TXN06538,2026-01-12 15:18:00,Payment,146.96,Jaipur,44,183,11,0
TXN07300,2026-01-12 15:20:00,Payment,309.92,Ahmedabad,67,1405,31,0
TXN01667,2026-01-12 15:21:00,Withdrawal,473.75,Hyderabad,58,792,51,0
TXN02811,2026-01-12 15:26:00,Transfer,913.11,Chennai,48,958,4,0
TXN02198,2026-01-12 15:27:00,Transfer,77.27,Mumbai,60,714,23,0
TXN03072,2026-01-12 15:39:00,Payment,83.75,Delhi,32,820,66,0
TXN05557,2026-01-12 15:43:00,Transfer,83.7,Hyderabad,45,707,42,0
TXN02922,2026-01-12 15:46:00,Transfer,1500.85,Bengaluru,46,776,33,0
TXN07791,2026-01-12 15:47:00,Payment,801.53,Mumbai,65,366,47,0
TXN02061,2026-01-12 15:47:00,Payment,343.63,Delhi,38,732,33,0
TXN01151,2026-01-12 15:53:00,Payment,106.97,Mumbai,45,710,49,0
TXN03106,2026-01-12 15:55:00,Payment,163.31,Pune,32,1557,52,0
TXN02999,2026-01-12 16:06:00,Transfer,54.46,Pune,22,172,92,0
TXN01972,2026-01-12 16:10:00,Withdrawal,2376.01,Ahmedabad,59,251,44,0
TXN00125,2026-01-12 16:18:00,Payment,54.19,Chennai,55,887,47,0
TXN09855,2026-01-12 16:23:00,Payment,175.23,Mumbai,35,546,48,0
TXN03894,2026-01-12 16:23:00,Transfer,621.13,Kolkata,25,308,50,0
TXN03716,2026-01-12 16:26:00,Payment,1226.67,Pune,59,949,63,0
TXN09676,2026-01-12 16:27:00,Transfer,127.98,Jaipur,33,1246,19,0
TXN01288,2026-01-12 16:27:00,Payment,165.28,Mumbai,21,919,26,0
TXN04212,2026-01-12 16:34:00,Payment,565.36,Mumbai,47,985,73,0
TXN01718,2026-01-12 16:34:00,Payment,65.9,Pune,35,390,68,0
TXN01109,2026-01-12 16:35:00,Transfer,105.22,Kolkata,21,2030,46,0
TXN02723,2026-01-12 16:36:00,Transfer,373.42,Delhi,35,219,69,0
TXN00097,2026-01-12 16:37:00,Withdrawal,264.78,Pune,26,1058,32,0
TXN07131,2026-01-12 16:38:00,Withdrawal,218.89,Mumbai,55,1383,51,0
TXN01247,2026-01-12 16:40:00,Payment,389.94,Kolkata,34,1404,29,0
TXN05478,2026-01-12 16:42:00,Payment,44.43,Mumbai,34,1222,16,0
TXN03689,2026-01-12 16:44:00,Payment,1134.73,Ahmedabad,53,638,71,0
TXN01209,2026-01-12 16:48:00,Withdrawal,62.66,Kolkata,20,1982,51,0
TXN05824,2026-01-12 16:49:00,Transfer,239.55,Mumbai,56,262,60,0
TXN00280,2026-01-12 16:50:00,Payment,565.59,Pune,53,773,12,0
TXN03385,2026-01-12 16:52:00,Payment,186.12,Jaipur,69,2546,119,0
TXN04269,2026-01-12 16:53:00,Transfer,181.0,Hyderabad,39,1143,44,0
TXN01344,2026-01-12 16:54:00,Payment,1162.45,Kolkata,60,572,22,0
TXN03341,2026-01-12 16:54:00,Payment,340.81,Chennai,68,902,21,0
TXN07597,2026-01-12 16:54:00,Transfer,279.56,Bengaluru,50,899,73,0
TXN00231,2026-01-12 16:55:00,Transfer,250.99,Hyderabad,35,1768,41,0
TXN03810,2026-01-12 17:08:00,Withdrawal,824.02,Delhi,50,1669,82,1
TXN03347,2026-01-12 17:10:00,Transfer,121.38,Ahmedabad,39,273,161,0
TXN07593,2026-01-12 17:11:00,Payment,523.19,Bengaluru,55,690,25,0
TXN02015,2026-01-12 17:12:00,Payment,49.72,Hyderabad,53,2594,15,0
TXN03334,2026-01-12 17:17:00,Transfer,211.45,Mumbai,42,428,125,0
TXN07922,2026-01-12 17:21:00,Transfer,45.59,Bengaluru,28,186,74,0
TXN01297,2026-01-12 17:21:00,Payment,431.32,Mumbai,69,1771,26,0
TXN08755,2026-01-12 17:29:00,Transfer,176.96,Mumbai,60,98,35,0
TXN03836,2026-01-12 17:32:00,Transfer,838.76,Bengaluru,19,269,33,1
TXN04898,2026-01-12 17:36:00,Transfer,62.25,Kolkata,45,1388,24,0
TXN06166,2026-01-12 17:42:00,Transfer,2372.68,Mumbai,64,1148,39,1
TXN06816,2026-01-12 17:44:00,Transfer,175.24,Hyderabad,36,1384,99,0
TXN06159,2026-01-12 17:44:00,Payment,66.72,Chennai,18,788,72,0
TXN00179,2026-01-12 17:45:00,Payment,208.38,Delhi,47,812,39,0
TXN04746,2026-01-12 17:47:00,Payment,236.95,Mumbai,27,2809,72,0
TXN01114,2026-01-12 17:48:00,Withdrawal,74.7,Mumbai,49,963,43,0
TXN02855,2026-01-12 17:51:00,Payment,211.39,Chennai,62,758,17,0
TXN02491,2026-01-12 17:52:00,Withdrawal,664.23,Chennai,64,4000,20,0
TXN02606,2026-01-12 17:55:00,Transfer,109.69,Ahmedabad,65,1005,30,0
TXN09093,2026-01-12 17:58:00,Withdrawal,64.48,Bengaluru,22,739,47,0
TXN01636,2026-01-12 18:01:00,Transfer,1220.3,Jaipur,59,1836,48,0
TXN01099,2026-01-12 18:01:00,Transfer,154.82,Bengaluru,39,1400,11,0
TXN00432,2026-01-12 18:03:00,Payment,531.05,Delhi,32,432,86,0
TXN09427,2026-01-12 18:07:00,Withdrawal,456.89,Mumbai,69,956,58,0
TXN06429,2026-01-12 18:12:00,Payment,506.85,Delhi,65,922,8,0
TXN01375,2026-01-12 18:14:00,Transfer,485.22,Bengaluru,19,1858,2,1
TXN03598,2026-01-12 18:15:00,Payment,27.8,Chennai,31,538,38,0
TXN02884,2026-01-12 18:16:00,Payment,813.54,Bengaluru,23,484,41,0
TXN05815,2026-01-12 18:20:00,Transfer,106.27,Hyderabad,19,1392,88,0
TXN06953,2026-01-12 18:24:00,Payment,84.49,Ahmedabad,52,279,22,0
TXN01483,2026-01-12 18:26:00,Transfer,435.43,Mumbai,34,460,36,0
TXN01863,2026-01-12 18:27:00,Payment,524.49,Delhi,52,695,75,0
TXN06350,2026-01-12 18:28:00,Transfer,187.55,Chennai,37,1099,27,0
TXN03258,2026-01-12 18:29:00,Withdrawal,187.25,Mumbai,69,1911,52,0
TXN06211,2026-01-12 18:33:00,Transfer,185.44,Hyderabad,19,229,30,0
TXN02885,2026-01-12 18:35:00,Payment,85.55,Chennai,40,371,40,0
TXN06551,2026-01-12 18:36:00,Payment,126.73,Ahmedabad,33,171,46,0
TXN09082,2026-01-12 18:37:00,Transfer,63.95,Mumbai,40,1294,65,0
TXN04395,2026-01-12 18:47:00,Payment,54.44,Bengaluru,36,638,26,0
TXN00008,2026-01-12 18:48:00,Payment,63.8,Hyderabad,37,797,47,0
TXN04564,2026-01-12 18:52:00,Payment,108.89,Delhi,39,489,36,0
TXN04387,2026-01-12 18:53:00,Payment,1158.93,Chennai,67,1463,15,0
TXN06212,2026-01-12 18:53:00,Transfer,37.03,Hyderabad,40,761,50,0
TXN07221,2026-01-12 18:57:00,Payment,190.61,Jaipur,65,748,12,0
TXN06129,2026-01-12 19:00:00,Payment,180.87,Delhi,24,1130,36,0
TXN09612,2026-01-12 19:03:00,Transfer,451.22,Jaipur,51,520,5,0
TXN01546,2026-01-12 19:09:00,Transfer,966.9,Ahmedabad,49,1906,54,0
TXN09511,2026-01-12 19:11:00,Transfer,98.92,Chennai,61,239,92,1
TXN03159,2026-01-12 19:13:00,Transfer,102.47,Mumbai,57,600,75,0
TXN07684,2026-01-12 19:13:00,Withdrawal,201.82,Chennai,31,312,26,0
TXN09377,2026-01-12 19:15:00,Payment,134.3,Jaipur,41,1305,49,0
TXN07820,2026-01-12 19:23:00,Payment,53.23,Jaipur,65,359,61,0
TXN02479,2026-01-12 19:24:00,Transfer,8.39,Bengaluru,24,926,17,0
TXN02717,2026-01-12 19:24:00,Payment,930.32,Bengaluru,38,1152,73,0
TXN02098,2026-01-12 19:32:00,Payment,91.02,Ahmedabad,66,630,27,0
TXN03373,2026-01-12 19:35:00,Transfer,491.68,Chennai,31,143,27,0
TXN02167,2026-01-12 19:38:00,Payment,820.97,Mumbai,26,3205,13,0
TXN02929,2026-01-12 19:40:00,Payment,123.64,Kolkata,42,605,41,0
TXN01638,2026-01-12 19:41:00,Payment,1226.44,Chennai,31,84,28,0
TXN08518,2026-01-12 19:44:00,Payment,196.16,Chennai,59,362,39,0
TXN04299,2026-01-12 19:46:00,Payment,106.16,Mumbai,48,836,60,0
TXN08104,2026-01-12 19:48:00,Payment,2734.63,Delhi,29,870,56,0
TXN06484,2026-01-12 19:49:00,Payment,243.7,Delhi,20,332,28,0
TXN09849,2026-01-12 19:50:00,Payment,76.24,Bengaluru,42,978,73,0
TXN03872,2026-01-12 19:50:00,Transfer,558.79,Mumbai,41,588,37,0
TXN00956,2026-01-12 19:51:00,Payment,177.04,Bengaluru,64,1008,140,0
TXN08145,2026-01-12 19:58:00,Transfer,416.31,Hyderabad,68,840,12,0
TXN06261,2026-01-12 19:59:00,Transfer,352.85,Hyderabad,21,85,19,0
TXN01429,2026-01-12 20:04:00,Transfer,284.67,Jaipur,41,478,4,1
TXN06139,2026-01-12 20:10:00,Transfer,457.9,Mumbai,57,263,67,0
TXN03150,2026-01-12 20:10:00,Transfer,99.96,Delhi,55,596,43,0
TXN04157,2026-01-12 20:12:00,Payment,1331.43,Bengaluru,63,1269,16,0
TXN02144,2026-01-12 20:14:00,Withdrawal,743.68,Mumbai,61,1184,18,0
TXN01786,2026-01-12 20:17:00,Payment,61.12,Hyderabad,37,732,76,0
TXN08501,2026-01-12 20:18:00,Withdrawal,115.68,Bengaluru,37,255,59,0
TXN09440,2026-01-12 20:18:00,Payment,1578.31,Delhi,43,1568,55,0
TXN04722,2026-01-12 20:22:00,Transfer,190.26,Delhi,18,2282,43,1
TXN06462,2026-01-12 20:24:00,Transfer,103.5,Mumbai,39,794,35,0
TXN09609,2026-01-12 20:25:00,Payment,166.57,Mumbai,36,385,34,0
TXN06854,2026-01-12 20:26:00,Transfer,191.27,Pune,29,492,32,0
TXN03390,2026-01-12 20:26:00,Transfer,443.67,Bengaluru,56,2178,10,0
TXN07930,2026-01-12 20:29:00,Payment,198.58,Delhi,50,1047,54,0
TXN08391,2026-01-12 20:31:00,Payment,2237.49,Mumbai,31,516,3,0
TXN09177,2026-01-12 20:32:00,Payment,787.78,Bengaluru,19,431,12,0
TXN05441,2026-01-12 20:34:00,Transfer,278.53,Ahmedabad,55,1077,20,0
TXN00162,2026-01-12 20:37:00,Payment,367.16,Bengaluru,32,561,125,0
TXN00996,2026-01-12 20:44:00,Payment,80.07,Pune,36,1037,23,0
TXN03579,2026-01-12 20:45:00,Payment,84.84,Chennai,64,216,32,0
TXN03909,2026-01-12 20:46:00,Transfer,210.57,Delhi,18,998,17,0
TXN02163,2026-01-12 20:51:00,Transfer,358.45,Mumbai,48,408,18,0
TXN08568,2026-01-12 20:52:00,Payment,58.18,Pune,40,931,32,0
TXN07995,2026-01-12 20:56:00,Transfer,101.17,Delhi,61,2703,30,0
TXN01584,2026-01-12 20:57:00,Payment,30.73,Mumbai,43,1630,87,0
TXN01248,2026-01-12 21:00:00,Payment,131.21,Chennai,41,2004,92,0
TXN04533,2026-01-12 21:01:00,Payment,63.7,Hyderabad,68,1032,82,0
TXN02286,2026-01-12 21:03:00,Payment,103.24,Kolkata,63,374,25,0
TXN07199,2026-01-12 21:10:00,Transfer,990.61,Kolkata,59,1360,39,0
TXN08789,2026-01-12 21:15:00,Payment,84.9,Delhi,33,320,48,1
TXN06093,2026-01-12 21:16:00,Payment,1088.14,Jaipur,47,2067,33,0
TXN05630,2026-01-12 21:24:00,Withdrawal,869.79,Bengaluru,34,817,111,0
TXN04654,2026-01-12 21:24:00,Payment,556.65,Mumbai,22,196,29,0
TXN01791,2026-01-12 21:26:00,Payment,152.28,Hyderabad,27,579,77,0
TXN07470,2026-01-12 21:29:00,Payment,306.43,Delhi,36,684,116,0
TXN05537,2026-01-12 21:29:00,Withdrawal,374.4,Kolkata,62,802,21,0
TXN05789,2026-01-12 21:33:00,Payment,150.79,Jaipur,60,1711,60,0
TXN01593,2026-01-12 21:35:00,Payment,71.06,Ahmedabad,21,372,71,0
TXN00951,2026-01-12 21:36:00,Withdrawal,82.36,Ahmedabad,57,2120,19,0
TXN05455,2026-01-12 21:40:00,Withdrawal,252.83,Delhi,47,174,119,0
TXN04400,2026-01-12 21:40:00,Withdrawal,25.99,Delhi,64,859,133,0
TXN03944,2026-01-12 21:43:00,Payment,77.03,Delhi,47,520,67,0
TXN08261,2026-01-12 21:48:00,Payment,108.75,Bengaluru,63,2989,82,0
TXN04267,2026-01-12 21:58:00,Payment,126.23,Hyderabad,53,966,13,0
TXN01135,2026-01-12 21:59:00,Transfer,215.49,Mumbai,63,232,33,0
TXN02742,2026-01-12 22:01:00,Transfer,148.36,Pune,67,1258,72,0
TXN03763,2026-01-12 22:03:00,Withdrawal,967.2,Ahmedabad,38,561,42,1
TXN09007,2026-01-12 22:07:00,Payment,111.06,Hyderabad,52,583,34,0
TXN07155,2026-01-12 22:08:00,Payment,220.56,Jaipur,19,814,52,0
TXN04248,2026-01-12 22:10:00,Payment,192.42,Delhi,60,523,25,0
TXN00638,2026-01-12 22:10:00,Withdrawal,159.84,Bengaluru,23,1029,28,0
TXN06764,2026-01-12 22:10:00,Payment,78.17,Bengaluru,34,274,28,1
TXN05906,2026-01-12 22:11:00,Payment,270.8,Pune,58,744,51,0
TXN00933,2026-01-12 22:13:00,Withdrawal,105.03,Bengaluru,35,1258,166,0
TXN07826,2026-01-12 22:20:00,Payment,190.7,Jaipur,27,859,44,0
TXN00952,2026-01-12 22:26:00,Payment,224.69,Jaipur,60,1618,41,0
TXN00309,2026-01-12 22:28:00,Payment,100.02,Delhi,53,1005,50,0
TXN01732,2026-01-12 22:29:00,Payment,676.2,Bengaluru,24,1186,43,0
TXN09675,2026-01-12 22:31:00,Withdrawal,147.82,Kolkata,36,990,36,0
TXN08709,2026-01-12 22:33:00,Withdrawal,135.13,Chennai,53,943,33,0
TXN09465,2026-01-12 22:37:00,Payment,25.7,Jaipur,43,1360,31,0
TXN09615,2026-01-12 22:43:00,Payment,287.84,Hyderabad,50,1462,12,0
TXN03035,2026-01-12 22:48:00,Transfer,399.15,Bengaluru,29,408,94,0
TXN08795,2026-01-12 22:48:00,Payment,112.42,Mumbai,65,565,31,0
TXN06550,2026-01-12 22:48:00,Transfer,27.5,Jaipur,27,569,78,0
TXN04588,2026-01-12 22:49:00,Payment,186.85,Mumbai,30,1396,71,0
TXN01890,2026-01-12 22:50:00,Transfer,119.13,Mumbai,19,462,79,0
TXN02937,2026-01-12 22:50:00,Payment,337.84,Bengaluru,57,438,45,0
TXN07358,2026-01-12 22:51:00,Payment,114.05,Mumbai,45,1682,9,0
TXN08877,2026-01-12 22:54:00,Payment,41.43,Ahmedabad,26,353,46,0
TXN02283,2026-01-12 22:55:00,Payment,290.47,Mumbai,42,1194,92,0
TXN07730,2026-01-12 22:58:00,Payment,127.77,Pune,61,754,21,0
TXN02253,2026-01-13 08:00:00,Payment,248.78,Chennai,41,945,26,0
TXN09386,2026-01-13 08:02:00,Withdrawal,660.79,Pune,59,1360,37,0
TXN08746,2026-01-13 08:08:00,Transfer,287.66,Kolkata,28,734,114,0
TXN06693,2026-01-13 08:08:00,Payment,91.58,Delhi,50,787,45,0
TXN00335,2026-01-13 08:08:00,Payment,755.78,Kolkata,47,964,20,0
TXN03822,2026-01-13 08:09:00,Payment,331.81,Pune,37,312,25,0
TXN09640,2026-01-13 08:09:00,Payment,183.97,Mumbai,34,1168,29,0
TXN06988,2026-01-13 08:09:00,Payment,173.71,Jaipur,19,1023,102,0
TXN01765,2026-01-13 08:19:00,Transfer,1320.14,Kolkata,55,902,9,0
TXN05113,2026-01-13 08:20:00,Withdrawal,296.57,Hyderabad,59,980,52,0
TXN07739,2026-01-13 08:20:00,Payment,1357.35,Hyderabad,23,164,29,0
TXN01212,2026-01-13 08:26:00,Payment,110.65,Delhi,44,1573,22,0
TXN01252,2026-01-13 08:31:00,Withdrawal,115.75,Delhi,55,1341,15,0
TXN06853,2026-01-13 08:32:00,Payment,97.57,Pune,39,930,9,0
TXN02740,2026-01-13 08:34:00,Payment,422.68,Hyderabad,34,1982,24,0
TXN09953,2026-01-13 08:37:00,Payment,79.81,Pune,61,424,13,0
TXN04311,2026-01-13 08:47:00,Payment,253.21,Mumbai,60,1621,81,0
TXN01990,2026-01-13 08:50:00,Transfer,990.06,Delhi,25,646,28,0
TXN08612,2026-01-13 08:57:00,Transfer,213.31,Hyderabad,54,778,95,0
TXN07652,2026-01-13 08:57:00,Payment,34.52,Mumbai,48,1079,54,0
TXN07598,2026-01-13 09:01:00,Payment,112.36,Mumbai,58,1723,54,0
TXN09762,2026-01-13 09:05:00,Transfer,719.85,Pune,64,1031,23,0
TXN09322,2026-01-13 09:05:00,Withdrawal,73.13,Bengaluru,41,2160,30,0
TXN02331,2026-01-13 09:10:00,Transfer,460.37,Delhi,53,578,71,0
TXN02403,2026-01-13 09:14:00,Payment,259.62,Bengaluru,33,924,11,0
TXN09566,2026-01-13 09:17:00,Payment,323.62,Jaipur,20,2229,39,0
TXN03432,2026-01-13 09:19:00,Payment,182.18,Mumbai,69,379,49,0
TXN03245,2026-01-13 09:22:00,Payment,464.63,Chennai,39,1068,38,0
TXN01385,2026-01-13 09:27:00,Payment,88.28,Kolkata,39,251,85,0
TXN06581,2026-01-13 09:28:00,Payment,54.9,Bengaluru,46,1915,71,0
TXN06466,2026-01-13 09:29:00,Transfer,10.05,Kolkata,66,603,58,0
TXN04420,2026-01-13 09:33:00,Withdrawal,208.12,Ahmedabad,59,657,127,0
TXN06939,2026-01-13 09:33:00,Transfer,200.25,Mumbai,30,479,11,0
TXN01737,2026-01-13 09:36:00,Transfer,173.19,Mumbai,60,385,63,1
TXN03191,2026-01-13 09:37:00,Payment,175.11,Bengaluru,20,160,26,0
TXN00744,2026-01-13 09:47:00,Payment,351.34,Delhi,22,1242,65,0
TXN07009,2026-01-13 09:49:00,Payment,112.27,Jaipur,31,859,34,0
TXN04232,2026-01-13 09:49:00,Payment,186.39,Chennai,34,467,48,0
TXN01724,2026-01-13 09:49:00,Transfer,106.65,Mumbai,50,626,20,0
TXN06353,2026-01-13 09:49:00,Payment,535.57,Hyderabad,52,1142,21,0
TXN03647,2026-01-13 09:50:00,Payment,193.75,Ahmedabad,26,503,76,0
TXN07168,2026-01-13 09:50:00,Transfer,142.2,Delhi,52,893,59,0
TXN05642,2026-01-13 09:51:00,Payment,52.67,Kolkata,67,664,33,0
TXN07547,2026-01-13 10:08:00,Payment,104.3,Chennai,65,857,42,0
TXN04405,2026-01-13 10:13:00,Payment,218.25,Kolkata,68,1098,52,0
TXN05205,2026-01-13 10:22:00,Withdrawal,280.95,Ahmedabad,37,2843,14,1
TXN07241,2026-01-13 10:23:00,Payment,255.99,Delhi,50,1524,42,0
TXN07886,2026-01-13 10:28:00,Payment,91.82,Jaipur,63,2087,1,0
TXN06637,2026-01-13 10:33:00,Transfer,682.02,Chennai,35,787,24,0
TXN08455,2026-01-13 10:39:00,Withdrawal,913.36,Hyderabad,28,618,96,0
TXN09249,2026-01-13 10:42:00,Payment,314.77,Delhi,44,923,65,0
TXN01458,2026-01-13 10:43:00,Payment,296.09,Chennai,49,801,17,0
TXN02754,2026-01-13 10:45:00,Transfer,346.12,Jaipur,51,623,91,0
TXN07307,2026-01-13 10:45:00,Transfer,105.31,Kolkata,34,696,28,0
TXN08188,2026-01-13 10:47:00,Payment,981.55,Chennai,33,489,17,0
TXN00795,2026-01-13 10:57:00,Transfer,128.41,Delhi,38,1456,28,0
TXN07624,2026-01-13 11:04:00,Payment,84.82,Pune,62,39,30,0
TXN04067,2026-01-13 11:05:00,Payment,44.01,Pune,35,341,86,0
TXN00064,2026-01-13 11:07:00,Payment,113.67,Kolkata,63,1933,26,0
TXN05522,2026-01-13 11:09:00,Payment,2314.76,Chennai,63,580,35,0
TXN03983,2026-01-13 11:12:00,Payment,191.76,Bengaluru,60,1444,119,0
TXN01034,2026-01-13 11:18:00,Payment,187.63,Chennai,43,560,53,0
TXN09032,2026-01-13 11:24:00,Transfer,448.01,Mumbai,31,378,39,0
TXN01408,2026-01-13 11:27:00,Transfer,721.65,Delhi,42,156,12,0
TXN00486,2026-01-13 11:29:00,Withdrawal,1378.68,Hyderabad,69,324,18,0
TXN03730,2026-01-13 11:31:00,Payment,2591.46,Jaipur,67,567,15,0
TXN02638,2026-01-13 11:31:00,Payment,372.96,Bengaluru,55,929,16,0
TXN06713,2026-01-13 11:32:00,Transfer,604.9,Jaipur,35,563,26,0
TXN04871,2026-01-13 11:33:00,Transfer,352.74,Mumbai,21,583,235,0
TXN03312,2026-01-13 11:38:00,Withdrawal,848.57,Mumbai,33,887,54,0
TXN02750,2026-01-13 11:43:00,Withdrawal,465.12,Mumbai,35,735,29,0
TXN06051,2026-01-13 11:44:00,Payment,787.57,Mumbai,18,1284,35,0
TXN09564,2026-01-13 11:49:00,Withdrawal,79.12,Delhi,43,1090,50,0
TXN02864,2026-01-13 11:50:00,Transfer,1197.54,Pune,63,228,30,0
TXN08713,2026-01-13 11:50:00,Transfer,178.75,Hyderabad,24,1019,28,0
TXN01387,2026-01-13 11:53:00,Transfer,138.57,Delhi,51,596,56,0
TXN03480,2026-01-13 11:53:00,Payment,1242.07,Delhi,40,1270,97,0
TXN01215,2026-01-13 11:54:00,Payment,139.88,Bengaluru,19,1881,17,0
TXN09194,2026-01-13 11:55:00,Payment,607.93,Chennai,41,509,74,0
TXN01320,2026-01-13 11:56:00,Payment,169.26,Hyderabad,64,1213,25,0
TXN04764,2026-01-13 12:01:00,Payment,31.45,Delhi,61,322,10,0
TXN08085,2026-01-13 12:03:00,Transfer,282.63,Bengaluru,65,273,47,0
TXN06808,2026-01-13 12:03:00,Transfer,437.65,Bengaluru,31,437,54,0
TXN02481,2026-01-13 12:06:00,Payment,750.6,Ahmedabad,43,1018,74,0
TXN09238,2026-01-13 12:08:00,Transfer,1603.11,Chennai,27,371,95,0
TXN04385,2026-01-13 12:10:00,Withdrawal,599.1,Pune,42,1911,40,0
TXN02110,2026-01-13 12:11:00,Payment,80.44,Bengaluru,34,169,24,0
TXN07391,2026-01-13 12:12:00,Payment,65.97,Kolkata,59,2546,18,1
TXN06327,2026-01-13 12:14:00,Payment,360.08,Mumbai,27,2017,79,0
TXN06598,2026-01-13 12:16:00,Payment,11.85,Pune,43,2612,29,0
TXN06645,2026-01-13 12:30:00,Payment,687.63,Chennai,40,845,56,0
TXN01416,2026-01-13 12:31:00,Payment,413.66,Delhi,48,1543,13,0
TXN00424,2026-01-13 12:32:00,Payment,45.22,Bengaluru,46,422,33,0
TXN06266,2026-01-13 12:34:00,Transfer,987.56,Hyderabad,59,730,54,0
TXN09471,2026-01-13 12:35:00,Payment,493.62,Delhi,44,250,17,0
TXN03643,2026-01-13 12:40:00,Payment,887.54,Mumbai,23,1349,23,0
TXN05171,2026-01-13 12:43:00,Payment,395.37,Hyderabad,25,916,51,0
TXN06789,2026-01-13 12:43:00,Transfer,619.39,Chennai,54,1843,44,0
TXN06390,2026-01-13 12:44:00,Transfer,162.86,Delhi,67,568,47,0
TXN02309,2026-01-13 12:46:00,Withdrawal,253.92,Hyderabad,59,1365,64,0
TXN09866,2026-01-13 12:50:00,Payment,474.16,Chennai,29,763,10,0
TXN05684,2026-01-13 12:52:00,Payment,34.99,Chennai,40,910,44,0
TXN05733,2026-01-13 12:53:00,Payment,257.33,Kolkata,26,945,36,0
TXN02345,2026-01-13 12:55:00,Withdrawal,64.59,Ahmedabad,37,2115,40,0
TXN09939,2026-01-13 12:57:00,Withdrawal,342.9,Pune,56,722,13,0
TXN04013,2026-01-13 13:02:00,Transfer,322.59,Mumbai,49,704,14,0
TXN00944,2026-01-13 13:05:00,Payment,187.45,Bengaluru,52,772,23,0
TXN05866,2026-01-13 13:14:00,Payment,310.87,Chennai,62,847,86,0
TXN00659,2026-01-13 13:17:00,Transfer,2735.38,Delhi,38,1283,24,0
TXN08593,2026-01-13 13:21:00,Payment,281.5,Delhi,63,611,168,0
TXN07036,2026-01-13 13:21:00,Payment,112.4,Ahmedabad,51,1373,77,0
TXN01762,2026-01-13 13:22:00,Withdrawal,922.94,Kolkata,41,1007,22,0
TXN04228,2026-01-13 13:25:00,Payment,241.32,Bengaluru,22,841,35,0
TXN07076,2026-01-13 13:29:00,Payment,28.75,Hyderabad,49,1172,50,0
TXN05698,2026-01-13 13:30:00,Payment,305.74,Pune,52,692,47,0
TXN08331,2026-01-13 13:30:00,Withdrawal,284.77,Kolkata,29,1656,32,1
TXN01965,2026-01-13 13:31:00,Transfer,300.41,Bengaluru,68,684,72,0
TXN00176,2026-01-13 13:34:00,Payment,151.82,Hyderabad,49,1022,26,0
TXN04977,2026-01-13 13:35:00,Payment,28.56,Bengaluru,30,1718,72,0
TXN03930,2026-01-13 13:40:00,Payment,97.88,Delhi,24,2560,104,0
TXN05438,2026-01-13 13:40:00,Payment,168.03,Pune,18,970,28,0
TXN06506,2026-01-13 13:43:00,Payment,95.4,Kolkata,36,564,27,0
TXN06881,2026-01-13 13:50:00,Payment,124.9,Chennai,38,1106,124,0
TXN09919,2026-01-13 13:58:00,Transfer,1754.91,Ahmedabad,20,598,66,0
TXN02956,2026-01-13 14:01:00,Transfer,201.85,Delhi,61,862,3,0
TXN07150,2026-01-13 14:01:00,Transfer,67.69,Bengaluru,29,443,139,0
TXN01056,2026-01-13 14:02:00,Transfer,428.0,Mumbai,68,1255,40,0
TXN09580,2026-01-13 14:03:00,Withdrawal,668.57,Bengaluru,61,530,28,0
TXN07020,2026-01-13 14:09:00,Payment,93.8,Bengaluru,41,616,77,0
TXN00965,2026-01-13 14:12:00,Payment,207.87,Hyderabad,23,2081,45,0
TXN03529,2026-01-13 14:20:00,Transfer,94.35,Chennai,44,518,46,1
TXN07337,2026-01-13 14:21:00,Payment,463.43,Mumbai,40,433,42,0
TXN08705,2026-01-13 14:24:00,Payment,67.65,Hyderabad,28,125,86,0
TXN03540,2026-01-13 14:25:00,Withdrawal,95.36,Kolkata,66,2858,96,0
TXN02236,2026-01-13 14:26:00,Transfer,254.63,Bengaluru,40,251,189,0
TXN04496,2026-01-13 14:28:00,Payment,1187.44,Delhi,50,882,56,0
TXN01878,2026-01-13 14:34:00,Payment,10.44,Jaipur,39,101,103,0
TXN04785,2026-01-13 14:37:00,Payment,2297.56,Mumbai,57,943,13,0
TXN06040,2026-01-13 14:38:00,Payment,80.66,Chennai,45,1517,16,0
TXN07786,2026-01-13 14:41:00,Withdrawal,78.33,Bengaluru,52,486,48,0
TXN03999,2026-01-13 14:42:00,Withdrawal,1661.08,Bengaluru,39,952,72,0
TXN07585,2026-01-13 14:48:00,Payment,122.92,Pune,18,909,45,0
TXN08077,2026-01-13 14:55:00,Transfer,436.49,Delhi,22,565,201,0
TXN01067,2026-01-13 14:58:00,Payment,79.21,Mumbai,52,1001,57,0
TXN05756,2026-01-13 14:59:00,Payment,127.64,Ahmedabad,69,1631,66,0
TXN07812,2026-01-13 15:02:00,Transfer,168.62,Pune,67,1412,15,0
TXN01969,2026-01-13 15:12:00,Payment,388.77,Bengaluru,18,693,7,0
TXN00368,2026-01-13 15:22:00,Payment,140.46,Pune,68,774,136,0
TXN05612,2026-01-13 15:22:00,Transfer,686.57,Ahmedabad,29,382,56,0
TXN03994,2026-01-13 15:22:00,Payment,102.71,Kolkata,51,845,28,0
TXN07926,2026-01-13 15:23:00,Withdrawal,220.28,Bengaluru,26,364,107,0
TXN01423,2026-01-13 15:25:00,Payment,122.16,Kolkata,68,1366,21,0
TXN05751,2026-01-13 15:27:00,Transfer,551.12,Mumbai,55,1570,27,0
TXN07788,2026-01-13 15:28:00,Withdrawal,85.02,Bengaluru,55,296,33,0
TXN04011,2026-01-13 15:28:00,Transfer,132.57,Hyderabad,26,398,78,0
TXN09184,2026-01-13 15:29:00,Payment,440.91,Kolkata,61,901,35,0
TXN03630,2026-01-13 15:31:00,Payment,164.11,Mumbai,34,2204,89,0
TXN04816,2026-01-13 15:38:00,Payment,797.69,Pune,63,1110,11,0
TXN05562,2026-01-13 15:39:00,Withdrawal,502.12,Pune,66,2761,11,0
TXN09357,2026-01-13 15:40:00,Payment,384.12,Chennai,38,733,95,0
TXN08217,2026-01-13 15:40:00,Transfer,164.32,Pune,68,1182,22,0
TXN06774,2026-01-13 15:43:00,Payment,167.49,Mumbai,64,633,29,0
TXN07849,2026-01-13 15:50:00,Withdrawal,369.44,Jaipur,27,1844,45,0
TXN03158,2026-01-13 15:51:00,Payment,498.82,Pune,34,930,129,0
TXN02915,2026-01-13 16:00:00,Payment,466.25,Bengaluru,30,838,33,0
TXN06630,2026-01-13 16:00:00,Transfer,208.64,Hyderabad,30,930,29,0
TXN00785,2026-01-13 16:03:00,Payment,94.79,Delhi,32,3277,51,0
TXN00687,2026-01-13 16:05:00,Withdrawal,3065.6,Pune,24,2243,59,1
TXN06585,2026-01-13 16:09:00,Payment,108.57,Delhi,23,627,98,0
TXN09501,2026-01-13 16:10:00,Payment,748.7,Jaipur,56,655,57,0
TXN02159,2026-01-13 16:12:00,Payment,323.26,Delhi,18,238,17,0
TXN09454,2026-01-13 16:12:00,Withdrawal,370.06,Ahmedabad,54,1318,46,0
TXN06475,2026-01-13 16:17:00,Payment,333.85,Kolkata,65,777,24,0
TXN00235,2026-01-13 16:17:00,Withdrawal,129.02,Ahmedabad,66,968,18,0
TXN00187,2026-01-13 16:17:00,Transfer,569.56,Mumbai,30,333,48,0
TXN02968,2026-01-13 16:24:00,Payment,151.3,Hyderabad,31,911,12,0
TXN07475,2026-01-13 16:26:00,Withdrawal,278.99,Pune,27,1035,78,0
TXN02140,2026-01-13 16:28:00,Transfer,182.83,Bengaluru,48,1974,10,0
TXN00969,2026-01-13 16:28:00,Payment,60.09,Mumbai,60,610,50,0
TXN06822,2026-01-13 16:29:00,Transfer,75.83,Pune,45,701,64,1
TXN06701,2026-01-13 16:38:00,Transfer,129.83,Jaipur,28,1239,22,0
TXN04688,2026-01-13 16:39:00,Payment,27.68,Mumbai,50,1172,44,0
TXN05258,2026-01-13 16:40:00,Payment,379.54,Delhi,27,457,23,0
TXN06494,2026-01-13 16:40:00,Payment,167.39,Bengaluru,52,578,44,0
TXN03549,2026-01-13 16:45:00,Payment,257.52,Delhi,51,553,29,0
TXN07351,2026-01-13 16:46:00,Payment,170.57,Bengaluru,60,554,58,0
TXN08867,2026-01-13 16:47:00,Transfer,65.47,Jaipur,53,2860,22,0
TXN07045,2026-01-13 16:47:00,Payment,505.03,Chennai,28,1024,14,0
TXN07911,2026-01-13 16:52:00,Transfer,966.76,Delhi,46,1426,85,0
TXN02119,2026-01-13 16:55:00,Withdrawal,666.8,Jaipur,24,163,51,0
TXN08847,2026-01-13 16:56:00,Transfer,61.6,Delhi,26,563,35,1
TXN05114,2026-01-13 16:56:00,Transfer,306.94,Bengaluru,18,804,30,0
TXN09520,2026-01-13 16:59:00,Transfer,942.58,Mumbai,39,747,19,0
TXN01326,2026-01-13 17:02:00,Payment,784.88,Kolkata,45,2441,18,0
TXN06208,2026-01-13 17:03:00,Payment,230.49,Ahmedabad,35,1048,42,0
TXN00207,2026-01-13 17:07:00,Payment,90.13,Hyderabad,24,1115,77,0
TXN01958,2026-01-13 17:11:00,Payment,12.45,Delhi,33,1654,30,0
TXN04636,2026-01-13 17:12:00,Transfer,60.65,Bengaluru,46,1922,47,0
TXN06123,2026-01-13 17:12:00,Transfer,170.65,Bengaluru,47,485,15,0
TXN04066,2026-01-13 17:14:00,Payment,176.18,Mumbai,47,402,54,0
TXN08719,2026-01-13 17:19:00,Payment,879.97,Hyderabad,59,1281,42,0
TXN02076,2026-01-13 17:25:00,Transfer,289.46,Kolkata,25,1814,105,0
TXN09044,2026-01-13 17:25:00,Payment,16.18,Jaipur,28,1220,3,0
TXN03738,2026-01-13 17:27:00,Transfer,32.82,Chennai,37,780,28,0
TXN05760,2026-01-13 17:27:00,Transfer,104.22,Bengaluru,20,496,52,0
TXN03655,2026-01-13 17:27:00,Withdrawal,225.26,Bengaluru,69,638,54,0
TXN05796,2026-01-13 17:28:00,Payment,113.8,Mumbai,53,1259,74,0
TXN00888,2026-01-13 17:49:00,Payment,1358.77,Mumbai,43,365,11,1
TXN01989,2026-01-13 17:49:00,Transfer,190.19,Chennai,67,385,97,0
TXN06251,2026-01-13 17:50:00,Payment,77.35,Bengaluru,37,1526,6,0
TXN00514,2026-01-13 17:55:00,Payment,275.26,Mumbai,36,684,149,0
TXN05011,2026-01-13 17:56:00,Payment,258.14,Chennai,58,981,78,0
TXN07063,2026-01-13 17:58:00,Payment,143.45,Ahmedabad,24,558,90,0
TXN01971,2026-01-13 18:04:00,Withdrawal,351.7,Chennai,65,2586,11,0
TXN06922,2026-01-13 18:06:00,Payment,67.85,Delhi,18,980,6,0
TXN07014,2026-01-13 18:08:00,Transfer,108.28,Jaipur,53,511,76,0
TXN04406,2026-01-13 18:09:00,Payment,134.53,Mumbai,39,593,10,0
TXN07216,2026-01-13 18:09:00,Transfer,163.18,Chennai,24,1633,29,0
TXN05111,2026-01-13 18:10:00,Payment,108.83,Bengaluru,40,1596,35,0
TXN04932,2026-01-13 18:14:00,Withdrawal,112.85,Hyderabad,32,1778,16,0
TXN03820,2026-01-13 18:15:00,Payment,107.77,Hyderabad,21,1955,58,0
TXN04121,2026-01-13 18:20:00,Payment,264.61,Chennai,36,676,51,0
TXN09127,2026-01-13 18:24:00,Withdrawal,118.49,Pune,42,292,22,0
TXN02969,2026-01-13 18:29:00,Transfer,138.32,Delhi,49,274,45,0
TXN03745,2026-01-13 18:38:00,Payment,119.63,Kolkata,27,603,49,0
TXN06579,2026-01-13 18:42:00,Transfer,185.61,Hyderabad,21,190,29,0
TXN03613,2026-01-13 18:43:00,Payment,319.35,Bengaluru,61,1178,59,0
TXN07136,2026-01-13 18:51:00,Withdrawal,481.57,Pune,42,909,49,1
TXN09031,2026-01-13 18:55:00,Withdrawal,103.46,Hyderabad,40,387,19,0
TXN09694,2026-01-13 18:57:00,Payment,190.44,Kolkata,64,1569,51,0
TXN06017,2026-01-13 18:59:00,Payment,41.02,Kolkata,53,1016,34,0
TXN00582,2026-01-13 19:05:00,Payment,575.53,Jaipur,39,632,40,0
TXN07954,2026-01-13 19:07:00,Payment,2392.68,Mumbai,31,1516,46,0
TXN08351,2026-01-13 19:10:00,Payment,49.25,Delhi,62,736,81,0
TXN04887,2026-01-13 19:15:00,Payment,49.47,Delhi,49,3868,47,0
TXN06857,2026-01-13 19:18:00,Payment,111.07,Bengaluru,54,530,16,0
TXN03241,2026-01-13 19:19:00,Transfer,58.98,Mumbai,33,1195,60,0
TXN01029,2026-01-13 19:19:00,Payment,443.98,Mumbai,54,672,76,0
TXN00082,2026-01-13 19:19:00,Payment,161.81,Delhi,54,1003,47,0
TXN03652,2026-01-13 19:22:00,Transfer,157.7,Jaipur,48,371,11,0
TXN09122,2026-01-13 19:23:00,Transfer,718.48,Delhi,18,630,28,0
TXN09803,2026-01-13 19:27:00,Payment,158.24,Chennai,67,1293,72,0
TXN07985,2026-01-13 19:36:00,Payment,145.47,Hyderabad,61,1855,105,0
TXN04378,2026-01-13 19:37:00,Payment,102.31,Kolkata,32,996,66,0
TXN07185,2026-01-13 19:38:00,Payment,41.8,Ahmedabad,53,2646,45,0
TXN01576,2026-01-13 19:40:00,Payment,891.64,Kolkata,68,885,17,0
TXN03661,2026-01-13 19:41:00,Payment,722.27,Mumbai,47,1285,46,0
TXN00421,2026-01-13 19:42:00,Payment,329.22,Delhi,35,373,114,0
TXN01116,2026-01-13 19:44:00,Transfer,29.96,Pune,29,833,84,0
TXN05996,2026-01-13 19:48:00,Transfer,1353.15,Delhi,60,1577,17,0
TXN02626,2026-01-13 19:50:00,Payment,564.65,Chennai,50,1349,163,0
TXN06989,2026-01-13 19:50:00,Transfer,129.7,Bengaluru,63,273,96,0
TXN06334,2026-01-13 19:55:00,Withdrawal,163.41,Bengaluru,48,728,16,0
TXN08712,2026-01-13 19:57:00,Payment,303.02,Hyderabad,65,1638,54,0
TXN09099,2026-01-13 20:02:00,Withdrawal,251.77,Delhi,32,1192,11,0
TXN08416,2026-01-13 20:05:00,Payment,101.42,Pune,46,1067,33,0
TXN07315,2026-01-13 20:05:00,Payment,267.26,Bengaluru,45,1137,52,0
TXN04547,2026-01-13 20:07:00,Payment,146.49,Hyderabad,35,1241,80,0
TXN00923,2026-01-13 20:09:00,Transfer,229.23,Jaipur,42,1193,42,0
TXN02848,2026-01-13 20:13:00,Payment,134.72,Mumbai,63,1181,49,0
TXN04143,2026-01-13 20:13:00,Payment,77.12,Mumbai,42,227,14,0
TXN04181,2026-01-13 20:18:00,Payment,49.5,Jaipur,30,1204,31,0
TXN08913,2026-01-13 20:26:00,Payment,101.07,Hyderabad,53,820,57,1
TXN09647,2026-01-13 20:27:00,Transfer,643.62,Jaipur,33,1039,5,0
TXN06821,2026-01-13 20:35:00,Payment,218.01,Ahmedabad,54,1059,34,0
TXN00189,2026-01-13 20:37:00,Transfer,562.53,Hyderabad,48,822,37,0
TXN03406,2026-01-13 20:39:00,Transfer,78.49,Bengaluru,40,407,32,0
TXN01818,2026-01-13 20:40:00,Payment,154.39,Chennai,36,273,16,0
TXN03052,2026-01-13 20:42:00,Payment,186.23,Mumbai,53,625,15,0
TXN05402,2026-01-13 20:44:00,Payment,67.49,Delhi,69,698,51,0
TXN07500,2026-01-13 20:47:00,Transfer,442.4,Pune,32,670,107,0
TXN04957,2026-01-13 20:47:00,Withdrawal,61.05,Delhi,29,899,37,0
TXN01041,2026-01-13 20:48:00,Payment,174.69,Mumbai,40,865,174,0
TXN08892,2026-01-13 20:50:00,Payment,45.37,Chennai,35,1596,48,0
TXN05640,2026-01-13 20:51:00,Payment,464.11,Hyderabad,46,2350,108,0
TXN00808,2026-01-13 20:51:00,Transfer,679.11,Delhi,19,1434,57,0
TXN06066,2026-01-13 20:55:00,Payment,119.09,Delhi,34,327,47,0
TXN06330,2026-01-13 20:56:00,Withdrawal,83.99,Jaipur,23,3294,10,0
TXN01495,2026-01-13 20:57:00,Payment,213.17,Jaipur,68,413,29,0
TXN08695,2026-01-13 21:05:00,Payment,1189.06,Pune,60,2138,2,0
TXN04359,2026-01-13 21:09:00,Payment,77.79,Delhi,32,895,84,0
TXN04807,2026-01-13 21:10:00,Payment,460.49,Chennai,68,156,49,1
TXN04861,2026-01-13 21:12:00,Payment,403.36,Pune,41,491,72,0
TXN00950,2026-01-13 21:18:00,Payment,703.33,Pune,34,1094,21,0
TXN04793,2026-01-13 21:22:00,Payment,500.96,Delhi,41,1579,74,0
TXN04155,2026-01-13 21:22:00,Payment,79.19,Jaipur,47,1308,35,0
TXN03770,2026-01-13 21:23:00,Transfer,107.67,Mumbai,25,1506,31,0
TXN00099,2026-01-13 21:24:00,Payment,215.33,Bengaluru,68,399,64,0
TXN01826,2026-01-13 21:24:00,Payment,721.55,Pune,59,707,67,0
TXN02891,2026-01-13 21:26:00,Transfer,243.73,Pune,46,837,34,0
TXN01669,2026-01-13 21:27:00,Payment,231.38,Bengaluru,38,1650,19,0
TXN07166,2026-01-13 21:27:00,Transfer,45.68,Mumbai,41,415,47,0
TXN01349,2026-01-13 21:28:00,Payment,35.83,Hyderabad,56,622,85,0
TXN04038,2026-01-13 21:28:00,Withdrawal,286.97,Mumbai,55,762,26,0
TXN08845,2026-01-13 21:28:00,Withdrawal,54.15,Mumbai,39,1525,119,0
TXN04230,2026-01-13 21:31:00,Payment,83.08,Hyderabad,63,424,23,0
TXN09400,2026-01-13 21:31:00,Transfer,238.12,Jaipur,66,4000,34,0
TXN06914,2026-01-13 21:34:00,Withdrawal,95.55,Hyderabad,28,1175,52,0
TXN05474,2026-01-13 21:39:00,Payment,910.25,Chennai,26,954,22,0
TXN00823,2026-01-13 21:40:00,Payment,188.35,Bengaluru,38,2333,109,0
TXN00302,2026-01-13 21:41:00,Payment,56.69,Bengaluru,65,840,77,0
TXN09951,2026-01-13 21:44:00,Transfer,430.07,Bengaluru,52,1377,12,0
TXN08195,2026-01-13 21:49:00,Payment,402.46,Delhi,67,1661,59,0
TXN04231,2026-01-13 21:51:00,Payment,340.46,Kolkata,63,259,7,0
TXN01311,2026-01-13 21:52:00,Payment,524.44,Delhi,30,350,39,0
TXN00854,2026-01-13 21:54:00,Payment,656.9,Chennai,35,1317,9,0
TXN00890,2026-01-13 21:55:00,Transfer,497.1,Delhi,33,730,77,0
TXN08288,2026-01-13 21:57:00,Payment,859.34,Bengaluru,37,1810,68,0
TXN00726,2026-01-13 21:58:00,Transfer,3669.17,Delhi,58,1234,14,0
TXN03638,2026-01-13 22:01:00,Transfer,6.4,Delhi,37,117,8,0
TXN09661,2026-01-13 22:02:00,Payment,2751.44,Delhi,63,465,41,0
TXN03696,2026-01-13 22:03:00,Payment,382.47,Bengaluru,19,1772,75,1
TXN00386,2026-01-13 22:03:00,Transfer,230.87,Delhi,42,2057,25,0
TXN00251,2026-01-13 22:05:00,Payment,68.01,Pune,22,781,48,1
TXN01493,2026-01-13 22:09:00,Payment,99.76,Kolkata,30,805,31,0
TXN02443,2026-01-13 22:12:00,Payment,1623.51,Delhi,48,1240,78,1
TXN04524,2026-01-13 22:13:00,Payment,86.21,Delhi,23,296,48,0
TXN00561,2026-01-13 22:16:00,Withdrawal,489.0,Bengaluru,39,2237,62,0
TXN09197,2026-01-13 22:16:00,Transfer,498.58,Hyderabad,67,646,94,0
TXN07543,2026-01-13 22:17:00,Payment,1346.11,Mumbai,56,2088,59,0
TXN07140,2026-01-13 22:18:00,Transfer,192.84,Pune,53,1129,19,0
TXN05925,2026-01-13 22:19:00,Payment,127.73,Jaipur,34,890,101,0
TXN07727,2026-01-13 22:24:00,Payment,453.73,Delhi,64,138,17,0
TXN02524,2026-01-13 22:25:00,Transfer,535.32,Chennai,53,870,114,0
TXN09720,2026-01-13 22:26:00,Transfer,117.3,Delhi,21,1706,23,0
TXN07462,2026-01-13 22:27:00,Payment,1323.62,Bengaluru,38,1437,50,0
TXN01184,2026-01-13 22:36:00,Payment,295.16,Bengaluru,48,585,19,0
TXN09114,2026-01-13 22:42:00,Payment,179.67,Delhi,54,576,54,0
TXN04912,2026-01-13 22:42:00,Payment,226.12,Mumbai,62,886,10,0
TXN04660,2026-01-13 22:43:00,Withdrawal,78.79,Bengaluru,26,214,4,0
TXN05975,2026-01-13 22:46:00,Payment,1340.8,Bengaluru,35,692,26,0
TXN08465,2026-01-13 22:46:00,Payment,216.9,Chennai,59,1586,76,0
TXN06237,2026-01-13 22:49:00,Transfer,23.9,Kolkata,26,771,11,0
TXN02896,2026-01-13 22:52:00,Payment,152.62,Mumbai,47,1885,85,0
TXN01583,2026-01-13 22:52:00,Transfer,172.28,Chennai,52,405,73,1
TXN05649,2026-01-13 22:58:00,Payment,65.94,Mumbai,66,496,14,0
TXN06255,2026-01-13 22:59:00,Payment,78.44,Jaipur,38,973,64,0
TXN03824,2026-01-14 08:02:00,Transfer,284.92,Mumbai,18,441,112,0
TXN08698,2026-01-14 08:10:00,Payment,395.59,Pune,49,1103,106,0
TXN07754,2026-01-14 08:11:00,Payment,1986.49,Delhi,57,2123,56,0
TXN06884,2026-01-14 08:20:00,Transfer,118.29,Mumbai,37,363,127,0
TXN04740,2026-01-14 08:25:00,Transfer,284.6,Mumbai,34,1669,148,0
TXN02108,2026-01-14 08:26:00,Payment,230.92,Hyderabad,48,836,30,0
TXN05207,2026-01-14 08:31:00,Payment,143.49,Pune,58,366,65,0
TXN02992,2026-01-14 08:31:00,Transfer,56.99,Hyderabad,43,829,79,0
TXN04704,2026-01-14 08:35:00,Payment,302.46,Jaipur,19,1090,16,0
TXN00084,2026-01-14 08:35:00,Payment,60.1,Bengaluru,34,996,17,0
TXN05668,2026-01-14 08:37:00,Transfer,86.33,Jaipur,49,1441,73,0
TXN01647,2026-01-14 08:40:00,Payment,72.97,Chennai,50,726,13,1
TXN04744,2026-01-14 08:55:00,Withdrawal,70.54,Hyderabad,37,645,79,0
TXN04410,2026-01-14 08:56:00,Transfer,640.7,Chennai,59,268,49,0
TXN04466,2026-01-14 08:56:00,Transfer,85.48,Bengaluru,30,1003,19,0
TXN03512,2026-01-14 09:01:00,Transfer,335.53,Kolkata,40,2467,26,0
TXN01720,2026-01-14 09:02:00,Payment,111.51,Delhi,37,1464,50,0
TXN06677,2026-01-14 09:03:00,Payment,104.85,Hyderabad,39,876,19,0
TXN06534,2026-01-14 09:04:00,Payment,190.35,Hyderabad,66,288,17,0
TXN04022,2026-01-14 09:05:00,Payment,429.32,Ahmedabad,31,288,17,0
TXN07266,2026-01-14 09:14:00,Transfer,27.74,Mumbai,32,1397,12,0
TXN06913,2026-01-14 09:21:00,Withdrawal,54.86,Mumbai,39,1972,52,0
TXN09473,2026-01-14 09:22:00,Transfer,43.04,Chennai,37,1166,62,0
TXN06216,2026-01-14 09:25:00,Payment,135.04,Ahmedabad,42,235,19,0
TXN01187,2026-01-14 09:28:00,Payment,95.24,Jaipur,22,1004,21,0
TXN06438,2026-01-14 09:28:00,Payment,266.82,Ahmedabad,32,286,120,0
TXN02732,2026-01-14 09:30:00,Withdrawal,585.43,Hyderabad,66,615,23,0
TXN09187,2026-01-14 09:37:00,Payment,255.39,Bengaluru,22,642,60,0
TXN00806,2026-01-14 09:37:00,Transfer,1019.85,Bengaluru,38,2048,4,0
TXN01278,2026-01-14 09:39:00,Transfer,48.55,Ahmedabad,27,1429,19,0
TXN04431,2026-01-14 09:43:00,Transfer,3486.19,Mumbai,28,655,111,0
TXN04161,2026-01-14 09:51:00,Transfer,159.59,Delhi,51,1553,103,0
TXN03000,2026-01-14 09:51:00,Transfer,268.76,Kolkata,59,1205,14,0
TXN08090,2026-01-14 09:58:00,Payment,94.2,Hyderabad,46,280,31,0
TXN04205,2026-01-14 09:58:00,Payment,80.07,Mumbai,35,795,17,0
TXN04450,2026-01-14 09:59:00,Payment,20.73,Pune,24,913,41,0
TXN00838,2026-01-14 10:00:00,Withdrawal,729.45,Mumbai,22,775,40,0
TXN01068,2026-01-14 10:00:00,Payment,332.68,Delhi,68,527,68,0
TXN02282,2026-01-14 10:01:00,Transfer,206.09,Ahmedabad,31,493,110,0
TXN08409,2026-01-14 10:01:00,Payment,509.17,Bengaluru,21,693,52,0
TXN04176,2026-01-14 10:06:00,Payment,27.93,Chennai,56,746,16,0
TXN03272,2026-01-14 10:09:00,Transfer,235.43,Hyderabad,33,714,66,0
TXN02415,2026-01-14 10:12:00,Transfer,874.93,Mumbai,64,957,25,0
TXN03777,2026-01-14 10:13:00,Transfer,5.05,Hyderabad,47,99,33,0
TXN09863,2026-01-14 10:15:00,Payment,698.53,Bengaluru,40,680,100,0
TXN08018,2026-01-14 10:15:00,Payment,551.56,Bengaluru,49,1366,123,0
TXN05878,2026-01-14 10:21:00,Payment,234.12,Bengaluru,29,863,28,0
TXN04179,2026-01-14 10:23:00,Transfer,196.84,Kolkata,47,1097,131,0
TXN00380,2026-01-14 10:28:00,Payment,58.08,Ahmedabad,34,972,34,0
TXN07686,2026-01-14 10:28:00,Payment,86.93,Delhi,55,682,73,0
TXN09638,2026-01-14 10:30:00,Payment,492.53,Jaipur,33,975,67,0
TXN01124,2026-01-14 10:31:00,Withdrawal,286.47,Kolkata,36,1081,19,1
TXN02624,2026-01-14 10:36:00,Transfer,95.39,Hyderabad,69,524,44,1
TXN04526,2026-01-14 10:40:00,Payment,93.85,Mumbai,56,2034,26,0
TXN03335,2026-01-14 10:44:00,Payment,51.85,Mumbai,48,1176,77,0
TXN06794,2026-01-14 10:45:00,Payment,297.52,Bengaluru,67,1350,43,0
TXN07437,2026-01-14 10:46:00,Payment,1784.12,Delhi,42,1362,7,0
TXN09963,2026-01-14 10:49:00,Payment,106.77,Bengaluru,26,935,62,0
TXN06877,2026-01-14 10:54:00,Payment,302.74,Delhi,20,2613,64,0
TXN07610,2026-01-14 10:54:00,Payment,27.74,Hyderabad,50,844,25,0
TXN03599,2026-01-14 10:55:00,Withdrawal,811.23,Bengaluru,37,322,87,0
TXN05196,2026-01-14 11:00:00,Payment,54.15,Bengaluru,45,808,44,0
TXN00098,2026-01-14 11:03:00,Payment,520.12,Mumbai,56,1530,29,0
TXN06666,2026-01-14 11:05:00,Transfer,60.91,Chennai,32,359,50,0
TXN01841,2026-01-14 11:06:00,Payment,120.28,Ahmedabad,22,1033,58,1
TXN03667,2026-01-14 11:13:00,Payment,172.72,Bengaluru,43,807,74,0
TXN07662,2026-01-14 11:15:00,Payment,98.7,Mumbai,54,493,53,0
TXN02655,2026-01-14 11:16:00,Transfer,568.36,Delhi,35,659,54,0
TXN08639,2026-01-14 11:23:00,Withdrawal,283.39,Hyderabad,52,401,109,0
TXN07273,2026-01-14 11:23:00,Withdrawal,1128.67,Bengaluru,28,1210,73,0
TXN06193,2026-01-14 11:25:00,Transfer,41.68,Mumbai,48,954,72,1
TXN09936,2026-01-14 11:28:00,Payment,158.39,Hyderabad,46,880,38,0
TXN01982,2026-01-14 11:30:00,Transfer,1367.13,Bengaluru,33,718,43,0
TXN04589,2026-01-14 11:31:00,Withdrawal,46.87,Chennai,37,1791,15,0
TXN03927,2026-01-14 11:33:00,Transfer,748.44,Bengaluru,68,158,39,0
TXN03109,2026-01-14 11:40:00,Transfer,158.73,Ahmedabad,36,510,3,1
TXN05090,2026-01-14 11:42:00,Payment,128.44,Delhi,53,317,45,1
TXN09978,2026-01-14 11:43:00,Payment,123.18,Pune,38,197,22,1
TXN06388,2026-01-14 11:45:00,Withdrawal,630.68,Kolkata,59,487,33,0
TXN04441,2026-01-14 11:49:00,Payment,163.13,Jaipur,56,774,4,0
TXN08206,2026-01-14 11:52:00,Transfer,758.41,Pune,59,720,22,0
TXN03562,2026-01-14 11:56:00,Transfer,142.38,Mumbai,26,562,78,0
TXN00911,2026-01-14 11:58:00,Payment,766.58,Chennai,43,472,40,0
TXN07664,2026-01-14 11:59:00,Payment,77.45,Bengaluru,50,633,22,0
TXN02400,2026-01-14 12:00:00,Payment,237.01,Pune,22,504,125,0
TXN04599,2026-01-14 12:01:00,Transfer,363.91,Kolkata,35,467,13,0
TXN09643,2026-01-14 12:01:00,Transfer,76.09,Chennai,57,1388,35,0
TXN04085,2026-01-14 12:02:00,Payment,807.34,Bengaluru,42,927,17,0
TXN01743,2026-01-14 12:02:00,Payment,155.85,Ahmedabad,60,962,44,0
TXN08704,2026-01-14 12:03:00,Payment,71.67,Chennai,42,703,23,0
TXN05285,2026-01-14 12:05:00,Payment,308.79,Mumbai,67,899,36,0
TXN07163,2026-01-14 12:06:00,Payment,523.24,Ahmedabad,49,894,18,0
TXN03405,2026-01-14 12:07:00,Payment,155.47,Kolkata,43,416,85,1
TXN04960,2026-01-14 12:13:00,Withdrawal,56.63,Bengaluru,36,866,44,0
TXN03080,2026-01-14 12:15:00,Transfer,181.4,Jaipur,19,614,63,0
TXN03107,2026-01-14 12:16:00,Payment,46.48,Mumbai,29,1262,44,0
TXN09514,2026-01-14 12:21:00,Payment,50.18,Delhi,26,935,8,0
TXN07223,2026-01-14 12:21:00,Payment,98.78,Ahmedabad,20,1734,58,0
TXN07761,2026-01-14 12:23:00,Payment,358.82,Mumbai,21,1786,40,0
TXN05530,2026-01-14 12:23:00,Transfer,286.18,Ahmedabad,43,2670,136,0
TXN09827,2026-01-14 12:25:00,Withdrawal,92.86,Pune,62,1025,78,1
TXN00035,2026-01-14 12:25:00,Transfer,1464.8,Pune,41,1293,25,0
TXN02223,2026-01-14 12:35:00,Payment,146.28,Chennai,58,865,23,1
TXN08547,2026-01-14 12:36:00,Payment,165.44,Ahmedabad,58,346,16,0
TXN01213,2026-01-14 12:38:00,Payment,323.25,Chennai,40,1237,39,0
TXN06396,2026-01-14 12:39:00,Payment,891.02,Kolkata,29,567,27,0
TXN08064,2026-01-14 12:39:00,Withdrawal,256.68,Bengaluru,37,615,106,0
TXN09324,2026-01-14 12:45:00,Payment,40.26,Hyderabad,23,1505,31,0
TXN07447,2026-01-14 12:47:00,Payment,239.3,Bengaluru,58,1040,51,0
TXN02856,2026-01-14 12:49:00,Payment,91.33,Hyderabad,67,723,21,1
TXN08578,2026-01-14 12:49:00,Payment,247.41,Mumbai,44,719,46,0
TXN00001,2026-01-14 12:51:00,Transfer,132.81,Pune,62,1923,61,0
TXN07794,2026-01-14 12:52:00,Transfer,100.63,Bengaluru,65,810,41,0
TXN04332,2026-01-14 12:52:00,Payment,47.14,Chennai,61,1156,72,0
TXN00404,2026-01-14 12:58:00,Payment,92.68,Kolkata,51,1410,30,0
TXN08216,2026-01-14 13:03:00,Transfer,80.83,Ahmedabad,54,490,155,0
TXN06557,2026-01-14 13:07:00,Transfer,570.57,Bengaluru,53,1307,107,0
TXN06595,2026-01-14 13:09:00,Payment,1153.44,Delhi,41,1004,17,0
TXN05517,2026-01-14 13:09:00,Payment,122.3,Hyderabad,58,852,43,0
TXN06061,2026-01-14 13:12:00,Transfer,61.16,Pune,38,1580,42,0
TXN07837,2026-01-14 13:14:00,Transfer,85.21,Delhi,47,235,27,0
TXN04802,2026-01-14 13:15:00,Payment,56.22,Kolkata,47,710,6,0
TXN01741,2026-01-14 13:16:00,Withdrawal,66.83,Pune,26,839,65,0
TXN09172,2026-01-14 13:23:00,Transfer,79.74,Jaipur,27,902,91,0
TXN04693,2026-01-14 13:24:00,Withdrawal,202.83,Ahmedabad,40,781,77,0
TXN09840,2026-01-14 13:30:00,Transfer,78.12,Jaipur,41,2698,34,0
TXN00510,2026-01-14 13:36:00,Payment,59.77,Jaipur,50,354,36,0
TXN09231,2026-01-14 13:40:00,Withdrawal,343.08,Delhi,32,1113,41,0
TXN04321,2026-01-14 13:41:00,Transfer,613.26,Ahmedabad,20,644,92,0
TXN07171,2026-01-14 13:43:00,Transfer,433.2,Chennai,18,944,69,0
TXN00625,2026-01-14 13:47:00,Payment,271.74,Mumbai,68,933,38,0
TXN03231,2026-01-14 13:52:00,Payment,147.68,Mumbai,49,1224,28,1
TXN02698,2026-01-14 14:01:00,Payment,819.42,Pune,30,465,23,0
TXN01752,2026-01-14 14:04:00,Transfer,562.55,Bengaluru,44,1261,145,0
TXN03475,2026-01-14 14:06:00,Payment,633.69,Hyderabad,52,3160,85,0
TXN05694,2026-01-14 14:10:00,Transfer,250.32,Delhi,61,927,6,0
TXN00485,2026-01-14 14:13:00,Withdrawal,1654.06,Bengaluru,62,1140,18,0
TXN06689,2026-01-14 14:15:00,Transfer,1322.18,Bengaluru,56,157,165,0
TXN09486,2026-01-14 14:16:00,Withdrawal,75.5,Delhi,41,2187,16,0
TXN03798,2026-01-14 14:21:00,Payment,452.22,Jaipur,57,1632,95,0
TXN09041,2026-01-14 14:27:00,Transfer,213.6,Hyderabad,46,656,21,0
TXN02486,2026-01-14 14:29:00,Payment,162.29,Pune,64,1282,32,0
TXN04811,2026-01-14 14:29:00,Transfer,119.77,Delhi,55,354,80,0
TXN09813,2026-01-14 14:32:00,Transfer,1323.78,Bengaluru,58,1067,27,0
TXN00292,2026-01-14 14:32:00,Transfer,1002.09,Bengaluru,29,574,43,0
TXN04797,2026-01-14 14:35:00,Payment,1882.36,Pune,53,769,97,0
TXN04165,2026-01-14 14:37:00,Payment,88.34,Chennai,22,320,94,0
TXN02839,2026-01-14 14:39:00,Payment,497.93,Hyderabad,58,675,44,0
TXN09430,2026-01-14 14:41:00,Transfer,305.49,Hyderabad,69,163,28,0
TXN07942,2026-01-14 14:42:00,Payment,35.79,Chennai,43,108,18,0
TXN01444,2026-01-14 14:42:00,Payment,651.53,Chennai,51,2308,8,0
TXN02888,2026-01-14 14:47:00,Withdrawal,850.62,Mumbai,64,651,7,0
TXN04326,2026-01-14 14:50:00,Transfer,237.45,Hyderabad,46,1002,53,0
TXN05561,2026-01-14 14:50:00,Withdrawal,29.91,Delhi,56,1212,59,0
TXN02083,2026-01-14 14:55:00,Payment,96.35,Pune,19,320,97,1
TXN00252,2026-01-14 14:56:00,Transfer,14.41,Kolkata,24,1316,88,0
TXN05219,2026-01-14 14:58:00,Payment,288.79,Pune,56,312,43,0
TXN06582,2026-01-14 14:59:00,Payment,102.3,Ahmedabad,23,1462,48,0
TXN08340,2026-01-14 15:00:00,Withdrawal,383.32,Mumbai,53,823,31,0
TXN04771,2026-01-14 15:01:00,Payment,240.94,Bengaluru,40,743,12,0
TXN01585,2026-01-14 15:03:00,Transfer,67.94,Bengaluru,35,885,42,0
TXN05045,2026-01-14 15:04:00,Payment,44.07,Chennai,41,1383,56,0
TXN09479,2026-01-14 15:04:00,Payment,256.42,Mumbai,39,1775,38,0
TXN01087,2026-01-14 15:05:00,Withdrawal,315.14,Delhi,40,524,44,0
TXN07077,2026-01-14 15:08:00,Payment,83.71,Hyderabad,25,3160,76,0
TXN09045,2026-01-14 15:09:00,Payment,729.56,Jaipur,37,3857,55,0
TXN06661,2026-01-14 15:13:00,Payment,479.22,Bengaluru,45,719,65,0
TXN05003,2026-01-14 15:16:00,Transfer,66.03,Chennai,23,998,30,0
TXN04914,2026-01-14 15:16:00,Transfer,353.9,Delhi,19,1495,17,0
TXN01707,2026-01-14 15:16:00,Withdrawal,190.22,Delhi,62,255,33,0
TXN05062,2026-01-14 15:19:00,Payment,325.47,Pune,27,670,29,0
TXN07893,2026-01-14 15:31:00,Withdrawal,118.84,Hyderabad,21,784,50,1
TXN04805,2026-01-14 15:31:00,Payment,168.9,Bengaluru,60,670,132,0
TXN00029,2026-01-14 15:31:00,Payment,120.18,Mumbai,24,216,37,0
TXN08342,2026-01-14 15:32:00,Transfer,59.0,Delhi,53,1010,40,0
TXN01115,2026-01-14 15:34:00,Transfer,157.86,Chennai,36,720,28,0
TXN02185,2026-01-14 15:35:00,Transfer,204.97,Kolkata,57,1094,20,1
TXN02656,2026-01-14 15:39:00,Withdrawal,563.18,Mumbai,67,797,64,0
TXN06593,2026-01-14 15:43:00,Payment,118.12,Jaipur,25,2860,45,0
TXN03869,2026-01-14 15:43:00,Transfer,591.72,Kolkata,18,281,59,0
TXN01197,2026-01-14 15:51:00,Payment,44.38,Delhi,31,562,99,0
TXN04976,2026-01-14 15:53:00,Withdrawal,11.67,Bengaluru,22,501,72,0
TXN08483,2026-01-14 15:56:00,Transfer,124.1,Mumbai,56,450,38,1
TXN02340,2026-01-14 15:57:00,Payment,1061.13,Bengaluru,49,288,79,0
TXN04174,2026-01-14 16:00:00,Payment,176.18,Mumbai,45,302,54,0
TXN02199,2026-01-14 16:03:00,Transfer,282.72,Jaipur,51,525,38,0
TXN08141,2026-01-14 16:05:00,Payment,244.23,Kolkata,52,568,61,0
TXN01352,2026-01-14 16:09:00,Transfer,1076.25,Bengaluru,18,240,45,1
TXN07654,2026-01-14 16:13:00,Transfer,9.77,Kolkata,48,157,23,0
TXN06283,2026-01-14 16:16:00,Payment,291.63,Kolkata,45,1066,34,0
TXN03209,2026-01-14 16:22:00,Withdrawal,241.66,Ahmedabad,47,394,36,0
TXN03690,2026-01-14 16:23:00,Payment,174.78,Bengaluru,54,71,21,0
TXN03125,2026-01-14 16:33:00,Transfer,154.16,Jaipur,59,965,41,0
TXN03043,2026-01-14 16:40:00,Payment,1743.22,Pune,42,1363,15,0
TXN06941,2026-01-14 16:40:00,Payment,405.64,Mumbai,33,172,85,0
TXN08804,2026-01-14 16:40:00,Payment,661.34,Bengaluru,62,325,169,0
TXN00242,2026-01-14 16:43:00,Withdrawal,390.77,Delhi,52,832,43,0
TXN07309,2026-01-14 16:46:00,Payment,137.38,Delhi,30,499,2,0
TXN06316,2026-01-14 16:50:00,Transfer,24.06,Bengaluru,45,293,87,1
TXN03509,2026-01-14 16:52:00,Payment,13.77,Kolkata,28,1823,43,0
TXN05526,2026-01-14 16:55:00,Transfer,475.37,Jaipur,51,773,9,0
TXN07362,2026-01-14 16:58:00,Withdrawal,71.47,Pune,60,310,8,0
TXN09335,2026-01-14 16:59:00,Withdrawal,257.89,Bengaluru,56,972,21,0
TXN01763,2026-01-14 17:01:00,Payment,214.52,Bengaluru,26,1638,70,0
TXN00740,2026-01-14 17:04:00,Payment,136.41,Pune,29,1554,94,0
TXN07101,2026-01-14 17:09:00,Payment,277.25,Bengaluru,66,1067,20,0
TXN08111,2026-01-14 17:10:00,Payment,240.3,Mumbai,22,524,37,0
TXN00288,2026-01-14 17:11:00,Transfer,17.68,Delhi,36,812,11,0
TXN06748,2026-01-14 17:11:00,Payment,272.39,Kolkata,25,567,50,0
TXN01180,2026-01-14 17:12:00,Payment,56.08,Hyderabad,37,1709,30,0
TXN07509,2026-01-14 17:18:00,Payment,53.61,Mumbai,34,253,45,0
TXN08599,2026-01-14 17:19:00,Payment,421.9,Bengaluru,19,1340,42,1
TXN05749,2026-01-14 17:19:00,Payment,36.0,Pune,59,1432,27,0
TXN00284,2026-01-14 17:19:00,Transfer,441.67,Kolkata,39,1620,53,0
TXN05772,2026-01-14 17:19:00,Transfer,198.01,Bengaluru,32,761,6,0
TXN07732,2026-01-14 17:20:00,Withdrawal,153.65,Chennai,39,681,36,0
TXN01861,2026-01-14 17:30:00,Transfer,156.44,Hyderabad,61,465,140,0
TXN03447,2026-01-14 17:38:00,Payment,516.86,Bengaluru,44,1033,46,0
TXN01548,2026-01-14 17:40:00,Transfer,773.37,Mumbai,43,614,8,0
TXN09094,2026-01-14 17:40:00,Payment,215.15,Mumbai,60,2687,28,0
TXN05739,2026-01-14 17:41:00,Payment,115.48,Bengaluru,30,2071,52,0
TXN07975,2026-01-14 17:43:00,Payment,437.78,Ahmedabad,60,1076,46,0
TXN05031,2026-01-14 17:45:00,Transfer,130.79,Delhi,41,725,77,0
TXN03892,2026-01-14 17:47:00,Transfer,250.03,Ahmedabad,54,722,65,0
TXN06430,2026-01-14 17:48:00,Transfer,69.51,Bengaluru,19,980,37,1
TXN06588,2026-01-14 17:50:00,Transfer,21.76,Kolkata,65,1458,29,0
TXN05479,2026-01-14 17:55:00,Transfer,820.02,Bengaluru,26,1354,37,0
TXN03676,2026-01-14 18:07:00,Transfer,435.25,Bengaluru,41,675,31,0
TXN04800,2026-01-14 18:07:00,Payment,57.67,Delhi,42,1538,40,0
TXN00755,2026-01-14 18:07:00,Payment,213.65,Ahmedabad,29,520,58,0
TXN05544,2026-01-14 18:07:00,Transfer,249.3,Mumbai,69,2928,11,0
TXN07368,2026-01-14 18:08:00,Withdrawal,64.72,Chennai,55,2073,48,1
TXN04243,2026-01-14 18:12:00,Transfer,367.71,Mumbai,30,652,100,0
TXN09818,2026-01-14 18:20:00,Payment,37.99,Bengaluru,55,1543,50,0
TXN01274,2026-01-14 18:24:00,Payment,384.0,Delhi,54,1240,8,0
TXN04439,2026-01-14 18:25:00,Transfer,242.52,Hyderabad,36,589,50,0
TXN09338,2026-01-14 18:28:00,Transfer,72.6,Jaipur,55,451,19,0
TXN05222,2026-01-14 18:28:00,Transfer,9.48,Mumbai,33,1417,77,0
TXN09913,2026-01-14 18:30:00,Withdrawal,51.7,Kolkata,18,1244,13,0
TXN09253,2026-01-14 18:31:00,Payment,41.98,Delhi,68,763,52,0
TXN02179,2026-01-14 18:32:00,Withdrawal,65.85,Jaipur,21,333,31,0
TXN08480,2026-01-14 18:34:00,Payment,497.96,Bengaluru,54,2084,38,0
TXN04240,2026-01-14 18:37:00,Payment,774.76,Kolkata,69,945,24,0
TXN01627,2026-01-14 18:38:00,Payment,247.41,Bengaluru,33,675,132,0
TXN04546,2026-01-14 18:46:00,Payment,1466.38,Pune,21,1173,99,0
TXN05190,2026-01-14 18:52:00,Payment,507.88,Ahmedabad,52,1154,31,0
TXN06486,2026-01-14 18:57:00,Withdrawal,49.9,Chennai,38,264,84,0
TXN03584,2026-01-14 18:58:00,Payment,1296.78,Pune,39,1098,43,0
TXN02933,2026-01-14 19:04:00,Withdrawal,299.35,Bengaluru,35,1157,37,0
TXN02247,2026-01-14 19:05:00,Payment,207.22,Mumbai,45,2480,17,0
TXN08285,2026-01-14 19:12:00,Payment,195.77,Mumbai,50,923,78,0
TXN02186,2026-01-14 19:16:00,Payment,87.11,Mumbai,37,338,56,0
TXN08202,2026-01-14 19:17:00,Payment,173.11,Pune,20,1041,153,0
TXN03449,2026-01-14 19:18:00,Transfer,95.69,Hyderabad,32,100,98,1
TXN03963,2026-01-14 19:18:00,Transfer,10.62,Chennai,23,97,166,0
TXN03330,2026-01-14 19:19:00,Transfer,306.41,Bengaluru,34,1470,46,0
TXN07840,2026-01-14 19:20:00,Payment,93.92,Chennai,45,1223,39,0
TXN02072,2026-01-14 19:20:00,Payment,851.42,Hyderabad,60,949,149,0
TXN01171,2026-01-14 19:28:00,Payment,71.01,Bengaluru,19,1241,3,0
TXN01768,2026-01-14 19:33:00,Payment,165.4,Mumbai,58,320,98,0
TXN08925,2026-01-14 19:34:00,Payment,58.41,Hyderabad,18,541,37,0
TXN03508,2026-01-14 19:34:00,Transfer,136.6,Delhi,67,376,60,0
TXN02546,2026-01-14 19:34:00,Payment,22.74,Delhi,24,319,12,0
TXN02214,2026-01-14 19:35:00,Payment,324.95,Jaipur,36,860,105,0
TXN05575,2026-01-14 19:35:00,Withdrawal,9.95,Mumbai,51,1138,51,0
TXN00710,2026-01-14 19:39:00,Payment,232.15,Chennai,19,285,16,0
TXN04352,2026-01-14 19:40:00,Withdrawal,86.91,Mumbai,41,762,41,0
TXN01253,2026-01-14 19:45:00,Transfer,156.84,Bengaluru,27,739,15,0
TXN08589,2026-01-14 19:51:00,Transfer,575.32,Mumbai,58,2061,83,0
TXN08767,2026-01-14 19:53:00,Withdrawal,371.08,Bengaluru,50,374,93,0
TXN00395,2026-01-14 19:56:00,Transfer,156.84,Bengaluru,48,2331,33,0
TXN08034,2026-01-14 19:57:00,Payment,501.48,Kolkata,37,1414,23,0
TXN00553,2026-01-14 19:59:00,Payment,162.64,Mumbai,25,967,46,0
TXN06407,2026-01-14 19:59:00,Transfer,171.57,Chennai,59,332,52,0
TXN07046,2026-01-14 20:00:00,Payment,558.6,Bengaluru,61,940,4,0
TXN03740,2026-01-14 20:03:00,Payment,216.28,Mumbai,55,732,24,0
TXN04729,2026-01-14 20:05:00,Payment,205.07,Mumbai,40,378,53,0
TXN00169,2026-01-14 20:05:00,Payment,568.14,Bengaluru,36,859,64,0
TXN02090,2026-01-14 20:08:00,Transfer,224.0,Mumbai,63,445,53,0
TXN03026,2026-01-14 20:12:00,Transfer,396.35,Ahmedabad,62,392,103,0
TXN00979,2026-01-14 20:14:00,Payment,391.54,Mumbai,18,1548,45,0
TXN02115,2026-01-14 20:17:00,Payment,504.72,Delhi,45,1030,77,0
TXN03697,2026-01-14 20:18:00,Payment,406.99,Mumbai,31,993,28,0
TXN00882,2026-01-14 20:18:00,Payment,177.54,Ahmedabad,54,1104,60,1
TXN03862,2026-01-14 20:21:00,Payment,761.93,Bengaluru,20,498,26,1
TXN05327,2026-01-14 20:23:00,Transfer,188.25,Chennai,38,490,45,0
TXN07620,2026-01-14 20:27:00,Withdrawal,262.41,Mumbai,62,684,19,0
TXN08194,2026-01-14 20:28:00,Payment,42.92,Kolkata,61,915,63,0
TXN06444,2026-01-14 20:30:00,Payment,2542.17,Delhi,40,1935,46,0
TXN07769,2026-01-14 20:30:00,Payment,423.46,Mumbai,30,720,74,0
TXN05633,2026-01-14 20:31:00,Payment,238.74,Pune,29,1413,31,0
TXN05086,2026-01-14 20:31:00,Payment,141.71,Hyderabad,44,630,32,0
TXN07496,2026-01-14 20:38:00,Payment,48.93,Bengaluru,65,1162,19,0
TXN03283,2026-01-14 20:45:00,Payment,266.96,Kolkata,66,1175,93,0
TXN01688,2026-01-14 20:45:00,Transfer,432.17,Hyderabad,28,870,45,0
TXN05709,2026-01-14 20:46:00,Transfer,243.63,Mumbai,47,828,65,0
TXN00188,2026-01-14 20:46:00,Payment,604.89,Bengaluru,58,705,34,0
TXN09139,2026-01-14 20:47:00,Payment,69.01,Delhi,43,708,17,0
TXN02989,2026-01-14 20:51:00,Payment,244.35,Jaipur,33,824,19,0
TXN01674,2026-01-14 20:57:00,Payment,568.8,Kolkata,62,1347,123,0
TXN02433,2026-01-14 21:01:00,Withdrawal,3093.57,Chennai,26,602,120,1
TXN00248,2026-01-14 21:03:00,Payment,39.21,Bengaluru,34,1296,17,0
TXN07247,2026-01-14 21:04:00,Payment,753.09,Kolkata,68,1199,65,0
TXN08278,2026-01-14 21:05:00,Transfer,181.99,Bengaluru,45,856,54,0
TXN03867,2026-01-14 21:07:00,Payment,23.2,Bengaluru,66,1265,27,0
TXN00382,2026-01-14 21:08:00,Transfer,407.81,Bengaluru,26,1469,27,0
TXN08950,2026-01-14 21:08:00,Transfer,156.71,Bengaluru,66,535,40,0
TXN03958,2026-01-14 21:10:00,Payment,95.44,Chennai,54,177,62,0
TXN01146,2026-01-14 21:15:00,Payment,122.22,Hyderabad,50,1334,87,0
TXN08106,2026-01-14 21:20:00,Withdrawal,9.8,Mumbai,24,373,50,0
TXN05753,2026-01-14 21:24:00,Withdrawal,222.11,Chennai,25,320,26,0
TXN06449,2026-01-14 21:24:00,Payment,264.08,Ahmedabad,66,370,63,0
TXN08341,2026-01-14 21:25:00,Payment,81.4,Pune,34,658,3,0
TXN07800,2026-01-14 21:25:00,Payment,1590.93,Bengaluru,49,1571,35,0
TXN07217,2026-01-14 21:32:00,Transfer,285.89,Mumbai,31,1606,21,0
TXN09931,2026-01-14 21:33:00,Payment,363.23,Jaipur,31,1739,134,0
TXN01622,2026-01-14 21:36:00,Payment,25.92,Mumbai,34,2087,45,0
TXN09286,2026-01-14 21:41:00,Withdrawal,639.58,Bengaluru,22,515,66,0
TXN08591,2026-01-14 21:49:00,Payment,290.05,Delhi,62,386,53,0
TXN08337,2026-01-14 21:49:00,Payment,313.05,Delhi,46,272,56,0
TXN06638,2026-01-14 21:56:00,Payment,572.12,Bengaluru,66,682,23,0
TXN09460,2026-01-14 21:56:00,Payment,98.94,Jaipur,41,989,27,0
TXN05857,2026-01-14 21:58:00,Transfer,220.53,Pune,27,580,21,0
TXN09095,2026-01-14 21:59:00,Transfer,374.76,Hyderabad,51,447,40,0
TXN00936,2026-01-14 22:01:00,Payment,2228.87,Kolkata,53,237,59,0
TXN08136,2026-01-14 22:04:00,Payment,294.81,Mumbai,52,765,34,0
TXN01001,2026-01-14 22:06:00,Transfer,958.9,Kolkata,41,992,21,0
TXN00908,2026-01-14 22:08:00,Payment,749.07,Jaipur,52,953,121,0
TXN00078,2026-01-14 22:09:00,Payment,69.73,Chennai,64,1459,14,0
TXN05169,2026-01-14 22:13:00,Payment,114.32,Delhi,34,377,89,0
TXN00628,2026-01-14 22:14:00,Transfer,64.0,Hyderabad,64,1173,55,0
TXN01015,2026-01-14 22:17:00,Payment,226.72,Pune,23,1459,19,0
TXN08009,2026-01-14 22:17:00,Withdrawal,1464.52,Pune,54,1293,99,0
TXN06285,2026-01-14 22:18:00,Payment,234.92,Mumbai,50,661,37,0
TXN03739,2026-01-14 22:20:00,Transfer,345.2,Chennai,31,975,14,0
TXN07339,2026-01-14 22:25:00,Transfer,219.49,Bengaluru,41,671,40,0
TXN06125,2026-01-14 22:29:00,Withdrawal,412.74,Chennai,30,2269,46,0
TXN04709,2026-01-14 22:33:00,Payment,414.27,Mumbai,33,832,4,0
TXN02147,2026-01-14 22:33:00,Payment,128.47,Mumbai,60,668,22,0
TXN02384,2026-01-14 22:34:00,Payment,916.99,Mumbai,37,487,90,0
TXN02527,2026-01-14 22:35:00,Payment,83.05,Pune,25,313,32,0
TXN09168,2026-01-14 22:38:00,Transfer,148.11,Bengaluru,48,1889,25,1
TXN03588,2026-01-14 22:48:00,Payment,222.99,Chennai,62,2194,46,0
TXN03912,2026-01-14 22:51:00,Transfer,146.62,Hyderabad,29,1041,91,0
TXN09760,2026-01-14 22:52:00,Withdrawal,235.9,Chennai,29,784,32,0
TXN02881,2026-01-14 22:53:00,Transfer,229.3,Chennai,37,664,58,0
TXN06569,2026-01-14 22:55:00,Payment,730.54,Ahmedabad,45,694,75,0
TXN03910,2026-01-14 22:58:00,Payment,1586.73,Mumbai,37,2363,23,0
TXN01474,2026-01-14 22:59:00,Transfer,10.4,Pune,32,956,128,0
TXN02085,2026-01-15 08:02:00,Payment,94.2,Mumbai,24,343,41,0
TXN06547,2026-01-15 08:04:00,Transfer,649.71,Mumbai,66,1087,42,0
TXN09639,2026-01-15 08:04:00,Payment,289.19,Pune,52,1197,64,0
TXN02063,2026-01-15 08:06:00,Payment,233.06,Hyderabad,52,823,48,0
TXN04901,2026-01-15 08:08:00,Payment,122.99,Delhi,48,676,38,0
TXN03938,2026-01-15 08:09:00,Transfer,467.04,Mumbai,19,2103,92,1
TXN05654,2026-01-15 08:09:00,Transfer,516.25,Ahmedabad,43,1903,21,0
TXN07548,2026-01-15 08:12:00,Payment,318.91,Mumbai,69,357,74,0
TXN02560,2026-01-15 08:13:00,Transfer,24.88,Bengaluru,51,1136,12,0
TXN04285,2026-01-15 08:13:00,Payment,717.68,Chennai,48,1104,53,0
TXN01747,2026-01-15 08:14:00,Transfer,89.9,Kolkata,57,233,63,0
TXN02477,2026-01-15 08:16:00,Payment,472.17,Ahmedabad,59,338,11,0
TXN05980,2026-01-15 08:17:00,Withdrawal,275.79,Mumbai,20,370,33,0
TXN03670,2026-01-15 08:23:00,Payment,625.75,Kolkata,24,1707,35,0
TXN03102,2026-01-15 08:25:00,Payment,88.06,Mumbai,32,567,60,1
TXN00426,2026-01-15 08:30:00,Transfer,170.52,Ahmedabad,31,697,17,0
TXN00117,2026-01-15 08:30:00,Transfer,308.0,Jaipur,59,624,27,0
TXN00515,2026-01-15 08:32:00,Payment,647.47,Delhi,20,811,63,0
TXN09791,2026-01-15 08:34:00,Payment,428.86,Mumbai,22,381,11,0
TXN03498,2026-01-15 08:38:00,Payment,272.11,Delhi,65,944,104,0
TXN03450,2026-01-15 08:38:00,Withdrawal,338.67,Bengaluru,20,912,88,0
TXN00895,2026-01-15 08:44:00,Payment,128.9,Pune,57,2935,36,0
TXN00443,2026-01-15 08:53:00,Payment,174.81,Kolkata,50,435,53,1
TXN05538,2026-01-15 08:54:00,Transfer,227.75,Delhi,35,273,30,0
TXN05588,2026-01-15 08:55:00,Transfer,108.36,Mumbai,56,1678,30,0
TXN05758,2026-01-15 08:56:00,Transfer,160.38,Pune,26,2563,16,0
TXN07709,2026-01-15 09:00:00,Payment,74.75,Mumbai,55,1106,14,0
TXN08100,2026-01-15 09:06:00,Payment,43.65,Bengaluru,55,325,3,0
TXN04936,2026-01-15 09:09:00,Transfer,91.0,Bengaluru,35,570,81,0
TXN04348,2026-01-15 09:09:00,Payment,2651.72,Hyderabad,56,392,7,0
TXN09735,2026-01-15 09:16:00,Transfer,54.16,Hyderabad,31,982,13,0
TXN08628,2026-01-15 09:17:00,Transfer,90.24,Mumbai,45,946,15,0
TXN03384,2026-01-15 09:19:00,Withdrawal,58.46,Chennai,38,609,36,0
TXN08717,2026-01-15 09:23:00,Transfer,164.16,Hyderabad,64,2516,34,0
TXN02395,2026-01-15 09:23:00,Payment,180.19,Hyderabad,55,859,38,0
TXN08552,2026-01-15 09:23:00,Transfer,412.87,Mumbai,52,462,6,0
TXN08701,2026-01-15 09:25:00,Payment,51.64,Pune,64,1018,49,0
TXN03110,2026-01-15 09:28:00,Transfer,140.44,Kolkata,42,1358,31,0
TXN06612,2026-01-15 09:29:00,Payment,1061.71,Kolkata,40,251,83,0
TXN07053,2026-01-15 09:32:00,Withdrawal,92.56,Hyderabad,45,1071,28,0
TXN01911,2026-01-15 09:33:00,Payment,104.76,Hyderabad,62,270,45,0
TXN02203,2026-01-15 09:34:00,Payment,103.74,Jaipur,19,1356,33,0
TXN05206,2026-01-15 09:34:00,Transfer,238.49,Chennai,43,874,26,0
TXN00343,2026-01-15 09:36:00,Payment,201.31,Jaipur,27,2546,23,0
TXN04920,2026-01-15 09:39:00,Transfer,193.05,Pune,27,260,33,1
TXN05436,2026-01-15 09:42:00,Transfer,196.36,Bengaluru,18,311,164,0
TXN01882,2026-01-15 09:46:00,Payment,2157.47,Hyderabad,51,559,102,0
TXN06134,2026-01-15 09:48:00,Payment,130.16,Ahmedabad,31,884,24,0
TXN08740,2026-01-15 09:48:00,Payment,130.95,Kolkata,57,285,8,0
TXN01529,2026-01-15 09:51:00,Payment,77.82,Hyderabad,46,618,26,0
TXN05026,2026-01-15 09:57:00,Payment,356.63,Chennai,57,1592,1,0
TXN03626,2026-01-15 09:58:00,Payment,1780.24,Kolkata,69,1022,22,0
TXN09605,2026-01-15 10:00:00,Payment,83.21,Pune,44,1236,52,0
TXN02995,2026-01-15 10:02:00,Payment,395.21,Mumbai,51,456,12,1
TXN09336,2026-01-15 10:05:00,Withdrawal,1036.18,Mumbai,32,1102,34,0
TXN02812,2026-01-15 10:09:00,Payment,206.74,Bengaluru,21,1947,159,0
TXN08174,2026-01-15 10:14:00,Payment,128.03,Mumbai,60,267,39,0
TXN09586,2026-01-15 10:15:00,Transfer,15.2,Kolkata,61,953,133,0
TXN05453,2026-01-15 10:19:00,Transfer,582.62,Jaipur,45,1637,16,0
TXN01914,2026-01-15 10:20:00,Transfer,510.81,Mumbai,56,1342,31,0
TXN05202,2026-01-15 10:26:00,Payment,970.88,Bengaluru,38,222,27,0
TXN07197,2026-01-15 10:29:00,Payment,33.37,Mumbai,51,841,29,0
TXN06184,2026-01-15 10:35:00,Payment,1301.69,Hyderabad,48,1771,37,0
TXN03297,2026-01-15 10:36:00,Payment,389.18,Bengaluru,44,4000,61,0
TXN05184,2026-01-15 10:37:00,Payment,267.32,Mumbai,30,248,51,0
TXN08638,2026-01-15 10:38:00,Payment,252.37,Delhi,63,1434,74,0
TXN09789,2026-01-15 10:45:00,Payment,266.33,Bengaluru,22,676,80,0
TXN09534,2026-01-15 10:49:00,Payment,220.83,Delhi,29,1485,40,0
TXN01318,2026-01-15 10:51:00,Payment,232.06,Delhi,67,786,12,0
TXN02947,2026-01-15 10:52:00,Payment,50.05,Bengaluru,43,819,18,0
TXN09637,2026-01-15 10:54:00,Transfer,927.27,Delhi,25,3891,16,0
TXN03809,2026-01-15 10:54:00,Transfer,178.7,Delhi,48,832,10,0
TXN00002,2026-01-15 10:55:00,Payment,306.56,Chennai,27,229,145,0
TXN01799,2026-01-15 10:55:00,Transfer,284.29,Pune,44,266,5,0
TXN03367,2026-01-15 10:57:00,Withdrawal,1413.78,Kolkata,37,466,15,0
TXN03375,2026-01-15 11:01:00,Payment,562.35,Jaipur,53,648,57,0
TXN00062,2026-01-15 11:02:00,Withdrawal,111.81,Pune,28,937,67,0
TXN00665,2026-01-15 11:02:00,Transfer,184.77,Bengaluru,34,182,55,1
TXN01822,2026-01-15 11:06:00,Transfer,38.86,Jaipur,24,1927,38,1
TXN09391,2026-01-15 11:07:00,Payment,196.98,Ahmedabad,64,993,40,0
TXN01642,2026-01-15 11:09:00,Transfer,188.02,Hyderabad,30,1482,26,0
TXN02593,2026-01-15 11:20:00,Payment,275.68,Delhi,37,2205,48,0
TXN04342,2026-01-15 11:22:00,Withdrawal,223.86,Kolkata,22,624,22,0
TXN02714,2026-01-15 11:24:00,Withdrawal,190.56,Kolkata,36,1596,24,0
TXN01873,2026-01-15 11:26:00,Payment,184.71,Bengaluru,48,2061,27,0
TXN02554,2026-01-15 11:30:00,Payment,372.38,Pune,29,775,5,0
TXN02484,2026-01-15 11:31:00,Payment,238.16,Bengaluru,60,2113,12,0
TXN05154,2026-01-15 11:32:00,Transfer,609.18,Ahmedabad,33,132,49,0
TXN08011,2026-01-15 11:38:00,Payment,3071.9,Jaipur,48,1835,11,0
TXN01295,2026-01-15 11:39:00,Transfer,107.37,Jaipur,54,317,42,0
TXN08581,2026-01-15 11:42:00,Payment,1007.03,Delhi,30,446,24,0
TXN05957,2026-01-15 11:43:00,Transfer,163.8,Ahmedabad,39,2320,33,0
TXN04909,2026-01-15 11:46:00,Payment,115.76,Mumbai,37,628,41,0
TXN00558,2026-01-15 11:51:00,Withdrawal,754.51,Bengaluru,35,538,45,0
TXN01165,2026-01-15 11:52:00,Payment,580.37,Pune,63,1393,16,0
TXN06818,2026-01-15 11:52:00,Withdrawal,18.4,Delhi,49,685,51,0
TXN00974,2026-01-15 11:54:00,Payment,360.23,Bengaluru,18,776,37,0
TXN08251,2026-01-15 11:58:00,Payment,1841.72,Chennai,28,290,89,0
TXN03030,2026-01-15 12:00:00,Payment,512.3,Delhi,28,947,18,0
TXN01419,2026-01-15 12:03:00,Payment,29.35,Pune,41,341,35,0
TXN08993,2026-01-15 12:04:00,Payment,28.22,Delhi,69,1083,76,0
TXN09272,2026-01-15 12:04:00,Payment,147.46,Mumbai,18,1165,9,0
TXN07157,2026-01-15 12:05:00,Transfer,345.89,Bengaluru,56,1860,102,0
TXN08237,2026-01-15 12:05:00,Withdrawal,198.25,Pune,38,1849,79,0
TXN06592,2026-01-15 12:07:00,Transfer,74.57,Delhi,46,929,51,0
TXN08014,2026-01-15 12:07:00,Withdrawal,471.16,Kolkata,42,807,33,0
TXN06018,2026-01-15 12:09:00,Payment,290.23,Pune,21,213,30,0
TXN04602,2026-01-15 12:13:00,Payment,610.06,Bengaluru,27,994,19,0
TXN03753,2026-01-15 12:21:00,Payment,265.18,Bengaluru,23,353,38,0
TXN06182,2026-01-15 12:22:00,Payment,478.3,Pune,63,973,23,0
TXN00212,2026-01-15 12:22:00,Transfer,1115.58,Hyderabad,21,924,22,0
TXN09154,2026-01-15 12:25:00,Payment,12.61,Chennai,21,531,23,0
TXN05524,2026-01-15 12:26:00,Withdrawal,713.55,Chennai,61,323,15,0
TXN04727,2026-01-15 12:35:00,Payment,99.43,Jaipur,50,1037,67,0
TXN07395,2026-01-15 12:43:00,Withdrawal,474.97,Ahmedabad,64,1069,72,0
TXN07651,2026-01-15 12:43:00,Payment,265.57,Chennai,48,291,66,0
TXN01571,2026-01-15 12:44:00,Payment,192.97,Jaipur,43,381,85,0
TXN01351,2026-01-15 12:44:00,Payment,152.54,Chennai,32,348,31,0
TXN01596,2026-01-15 12:55:00,Payment,77.39,Bengaluru,59,672,30,0
TXN00315,2026-01-15 12:57:00,Transfer,399.25,Hyderabad,31,562,12,0
TXN07084,2026-01-15 13:02:00,Withdrawal,195.03,Mumbai,69,1762,23,0
TXN01122,2026-01-15 13:06:00,Transfer,9.09,Jaipur,64,961,55,0
TXN04745,2026-01-15 13:08:00,Payment,424.24,Mumbai,23,1046,56,0
TXN08076,2026-01-15 13:08:00,Payment,32.48,Delhi,54,103,39,0
TXN03193,2026-01-15 13:10:00,Payment,367.59,Mumbai,52,197,18,0
TXN07998,2026-01-15 13:15:00,Payment,92.01,Hyderabad,36,466,90,0
TXN05214,2026-01-15 13:15:00,Payment,346.71,Bengaluru,40,1009,28,0
TXN02700,2026-01-15 13:24:00,Withdrawal,1096.87,Bengaluru,34,3214,61,0
TXN04608,2026-01-15 13:26:00,Transfer,159.17,Mumbai,67,999,38,0
TXN03552,2026-01-15 13:26:00,Withdrawal,327.77,Chennai,28,868,21,0
TXN04772,2026-01-15 13:27:00,Transfer,143.41,Delhi,61,986,27,0
TXN07482,2026-01-15 13:27:00,Transfer,284.25,Hyderabad,38,686,123,0
TXN02657,2026-01-15 13:33:00,Payment,411.6,Bengaluru,51,1235,156,0
TXN09763,2026-01-15 13:35:00,Transfer,48.43,Mumbai,32,646,61,0
TXN00005,2026-01-15 13:37:00,Transfer,186.18,Ahmedabad,37,595,123,0
TXN01932,2026-01-15 13:39:00,Payment,200.59,Kolkata,55,753,20,0
TXN08302,2026-01-15 13:45:00,Payment,101.86,Chennai,43,689,24,0
TXN07118,2026-01-15 13:49:00,Withdrawal,36.15,Bengaluru,26,871,10,0
TXN07239,2026-01-15 13:49:00,Payment,125.07,Bengaluru,37,312,14,0
TXN01306,2026-01-15 13:49:00,Payment,147.45,Chennai,44,863,103,0
TXN03497,2026-01-15 13:50:00,Payment,390.71,Chennai,28,233,87,0
TXN00294,2026-01-15 13:52:00,Payment,342.05,Delhi,23,682,35,0
TXN03786,2026-01-15 13:53:00,Payment,426.96,Kolkata,58,114,75,0
TXN09496,2026-01-15 13:55:00,Payment,380.63,Mumbai,30,1014,112,0
TXN03170,2026-01-15 13:57:00,Transfer,1165.99,Ahmedabad,66,763,10,0
TXN02820,2026-01-15 14:00:00,Payment,174.65,Kolkata,35,1525,31,0
TXN04065,2026-01-15 14:04:00,Payment,221.14,Bengaluru,46,474,35,0
TXN01142,2026-01-15 14:14:00,Payment,1478.68,Delhi,55,328,5,0
TXN05261,2026-01-15 14:20:00,Transfer,777.55,Delhi,44,598,61,0
TXN05408,2026-01-15 14:22:00,Transfer,552.76,Delhi,44,805,88,0
TXN08869,2026-01-15 14:23:00,Payment,185.03,Mumbai,20,402,49,0
TXN03349,2026-01-15 14:27:00,Withdrawal,38.46,Chennai,64,1348,19,0
TXN08371,2026-01-15 14:35:00,Transfer,215.05,Kolkata,53,395,107,1
TXN08870,2026-01-15 14:36:00,Withdrawal,112.1,Bengaluru,19,1033,33,0
TXN06752,2026-01-15 14:38:00,Withdrawal,161.31,Chennai,21,1080,85,0
TXN04548,2026-01-15 14:39:00,Transfer,352.65,Pune,23,2047,167,0
TXN04721,2026-01-15 14:39:00,Transfer,414.43,Ahmedabad,57,970,26,0
TXN01255,2026-01-15 14:40:00,Withdrawal,559.48,Mumbai,52,1405,32,0
TXN03889,2026-01-15 14:41:00,Withdrawal,839.5,Chennai,65,1147,23,0
TXN01545,2026-01-15 14:44:00,Payment,176.21,Chennai,57,1450,85,0
TXN08897,2026-01-15 14:45:00,Transfer,248.0,Pune,37,563,34,0
TXN02651,2026-01-15 14:45:00,Payment,394.9,Bengaluru,20,621,165,0
TXN00615,2026-01-15 14:47:00,Payment,60.98,Bengaluru,47,1322,8,0
TXN07729,2026-01-15 14:48:00,Payment,753.4,Mumbai,57,1197,103,0
TXN03264,2026-01-15 14:50:00,Payment,98.22,Mumbai,30,487,138,0
TXN04551,2026-01-15 14:53:00,Payment,2606.01,Kolkata,23,1044,78,0
TXN02773,2026-01-15 14:53:00,Withdrawal,160.01,Mumbai,18,1464,17,0
TXN05903,2026-01-15 14:55:00,Transfer,273.64,Ahmedabad,34,741,36,0
TXN05368,2026-01-15 14:55:00,Payment,294.39,Pune,64,1056,43,0
TXN06292,2026-01-15 14:58:00,Withdrawal,113.28,Chennai,48,4000,126,0
TXN07799,2026-01-15 15:02:00,Payment,25.01,Chennai,36,609,24,0
TXN09037,2026-01-15 15:05:00,Payment,1627.82,Chennai,57,1378,37,0
TXN04358,2026-01-15 15:06:00,Payment,232.28,Ahmedabad,41,627,66,0
TXN08476,2026-01-15 15:08:00,Transfer,304.97,Ahmedabad,60,854,17,0
TXN00501,2026-01-15 15:10:00,Payment,110.5,Mumbai,44,402,15,0
TXN08509,2026-01-15 15:11:00,Payment,280.83,Delhi,33,1083,62,0
TXN06987,2026-01-15 15:15:00,Withdrawal,288.04,Delhi,69,1601,6,0
TXN04149,2026-01-15 15:18:00,Payment,26.52,Jaipur,28,942,95,0
TXN05155,2026-01-15 15:19:00,Payment,368.56,Bengaluru,20,1365,69,0
TXN03344,2026-01-15 15:19:00,Transfer,344.87,Ahmedabad,50,487,85,0
TXN08393,2026-01-15 15:20:00,Payment,239.13,Pune,49,946,37,0
TXN01069,2026-01-15 15:29:00,Payment,760.89,Jaipur,25,1470,108,0
TXN07956,2026-01-15 15:30:00,Payment,1090.18,Kolkata,21,303,82,0
TXN05350,2026-01-15 15:31:00,Withdrawal,771.13,Mumbai,34,1560,30,0
TXN00161,2026-01-15 15:31:00,Payment,471.36,Bengaluru,68,1638,30,0
TXN01489,2026-01-15 15:35:00,Transfer,38.93,Kolkata,48,1495,56,0
TXN04808,2026-01-15 15:36:00,Payment,54.82,Hyderabad,61,1085,8,0
TXN07928,2026-01-15 15:36:00,Transfer,71.24,Bengaluru,31,409,42,0
TXN01726,2026-01-15 15:39:00,Payment,175.36,Pune,23,723,23,0
TXN04770,2026-01-15 15:40:00,Payment,2032.34,Ahmedabad,27,1428,34,0
TXN02525,2026-01-15 15:43:00,Payment,105.36,Mumbai,39,1730,18,0
TXN08203,2026-01-15 15:47:00,Payment,137.0,Chennai,39,347,173,0
TXN02731,2026-01-15 15:51:00,Transfer,192.03,Mumbai,23,780,82,1
TXN07220,2026-01-15 15:52:00,Payment,16.8,Kolkata,47,1143,46,0
TXN07042,2026-01-15 15:53:00,Payment,103.92,Hyderabad,41,1795,18,0
TXN03197,2026-01-15 15:55:00,Payment,402.28,Ahmedabad,34,812,51,0
TXN08227,2026-01-15 15:59:00,Transfer,112.15,Pune,18,598,83,0
TXN00597,2026-01-15 15:59:00,Payment,59.91,Pune,29,371,36,0
TXN04391,2026-01-15 16:01:00,Payment,336.63,Bengaluru,32,516,36,0
TXN05112,2026-01-15 16:03:00,Withdrawal,93.22,Bengaluru,22,1338,37,0
TXN03124,2026-01-15 16:04:00,Withdrawal,148.03,Bengaluru,51,672,59,0
TXN00691,2026-01-15 16:07:00,Withdrawal,393.18,Kolkata,58,2026,66,0
TXN05663,2026-01-15 16:10:00,Withdrawal,12.5,Kolkata,39,535,76,0
TXN05323,2026-01-15 16:11:00,Payment,166.52,Pune,18,1642,12,0
TXN02804,2026-01-15 16:12:00,Payment,97.39,Chennai,60,692,51,0
TXN04991,2026-01-15 16:15:00,Withdrawal,74.37,Delhi,53,411,23,0
TXN03363,2026-01-15 16:17:00,Payment,271.68,Hyderabad,58,1039,75,0
TXN05025,2026-01-15 16:20:00,Payment,246.57,Delhi,62,1096,127,0
TXN03255,2026-01-15 16:24:00,Payment,137.83,Bengaluru,63,617,30,0
TXN06528,2026-01-15 16:24:00,Payment,72.98,Mumbai,45,418,37,0
TXN03760,2026-01-15 16:24:00,Payment,588.47,Bengaluru,56,294,52,0
TXN07454,2026-01-15 16:25:00,Payment,89.8,Chennai,35,1766,54,0
TXN05352,2026-01-15 16:29:00,Payment,136.82,Bengaluru,67,561,63,0
TXN00678,2026-01-15 16:41:00,Payment,483.12,Ahmedabad,67,1815,54,0
TXN03644,2026-01-15 16:45:00,Payment,125.51,Jaipur,33,947,58,0
TXN01467,2026-01-15 16:45:00,Withdrawal,702.53,Ahmedabad,53,1380,127,0
TXN07212,2026-01-15 16:50:00,Payment,496.1,Kolkata,43,252,78,0
TXN09536,2026-01-15 16:53:00,Payment,227.39,Delhi,50,1194,90,0
TXN09901,2026-01-15 16:53:00,Payment,823.31,Delhi,61,1377,23,0
TXN02821,2026-01-15 16:54:00,Payment,538.02,Chennai,27,2035,63,0
TXN06721,2026-01-15 16:56:00,Withdrawal,478.59,Jaipur,66,1167,21,0
TXN08525,2026-01-15 16:57:00,Payment,76.28,Ahmedabad,49,422,39,0
TXN06267,2026-01-15 16:59:00,Transfer,86.17,Delhi,53,2626,80,0
TXN03441,2026-01-15 17:00:00,Transfer,132.88,Chennai,39,591,19,0
TXN00293,2026-01-15 17:01:00,Transfer,420.64,Delhi,20,68,44,0
TXN09560,2026-01-15 17:04:00,Transfer,190.58,Mumbai,20,1245,74,1
TXN05923,2026-01-15 17:08:00,Withdrawal,286.04,Bengaluru,42,1538,72,0
TXN07037,2026-01-15 17:12:00,Payment,1130.52,Mumbai,53,1062,109,0
TXN09155,2026-01-15 17:20:00,Withdrawal,64.16,Pune,45,1038,56,0
TXN08102,2026-01-15 17:22:00,Payment,203.26,Ahmedabad,35,1221,34,0
TXN02706,2026-01-15 17:22:00,Payment,76.55,Kolkata,39,1259,12,0
TXN03134,2026-01-15 17:30:00,Payment,142.01,Mumbai,36,449,21,0
TXN02931,2026-01-15 17:30:00,Transfer,178.04,Mumbai,37,991,78,0
TXN02256,2026-01-15 17:30:00,Payment,349.69,Ahmedabad,66,913,86,0
TXN07325,2026-01-15 17:39:00,Withdrawal,121.07,Bengaluru,26,578,48,1
TXN09878,2026-01-15 17:41:00,Payment,183.83,Bengaluru,21,567,57,0
TXN05275,2026-01-15 17:46:00,Withdrawal,712.79,Chennai,39,445,38,0
TXN04507,2026-01-15 17:47:00,Transfer,225.72,Delhi,49,836,49,0
TXN09258,2026-01-15 17:51:00,Payment,25.48,Mumbai,32,343,36,0
TXN07747,2026-01-15 17:57:00,Payment,130.76,Ahmedabad,38,1087,36,0
TXN00690,2026-01-15 18:01:00,Transfer,124.19,Delhi,56,2209,21,0
TXN07578,2026-01-15 18:02:00,Withdrawal,259.36,Pune,40,1225,67,0
TXN03198,2026-01-15 18:05:00,Payment,133.79,Kolkata,34,786,97,0
TXN07443,2026-01-15 18:11:00,Payment,166.35,Bengaluru,63,986,138,0
TXN01465,2026-01-15 18:17:00,Withdrawal,37.97,Mumbai,36,267,8,0
TXN06232,2026-01-15 18:21:00,Payment,870.31,Hyderabad,45,743,52,0
TXN02411,2026-01-15 18:22:00,Payment,329.92,Mumbai,19,1484,21,1
TXN06961,2026-01-15 18:24:00,Payment,757.48,Bengaluru,63,539,97,0
TXN01963,2026-01-15 18:25:00,Withdrawal,146.34,Hyderabad,22,1716,57,0
TXN09795,2026-01-15 18:26:00,Payment,40.45,Hyderabad,24,518,39,0
TXN02795,2026-01-15 18:29:00,Withdrawal,193.56,Delhi,46,1550,146,0
TXN00697,2026-01-15 18:30:00,Transfer,96.77,Bengaluru,48,540,22,0
TXN01964,2026-01-15 18:32:00,Withdrawal,261.33,Mumbai,51,485,25,0
TXN07950,2026-01-15 18:32:00,Transfer,79.34,Delhi,38,1469,11,0
TXN03604,2026-01-15 18:38:00,Transfer,592.2,Chennai,25,212,59,0
TXN08404,2026-01-15 18:41:00,Payment,6639.7,Kolkata,47,1212,59,0
TXN04109,2026-01-15 18:42:00,Transfer,209.74,Hyderabad,19,411,70,1
TXN07891,2026-01-15 18:43:00,Transfer,474.63,Bengaluru,45,469,10,0
TXN06885,2026-01-15 18:45:00,Withdrawal,149.99,Bengaluru,29,2074,23,0
TXN08756,2026-01-15 18:46:00,Payment,80.84,Delhi,46,1610,71,0
TXN08597,2026-01-15 18:48:00,Payment,141.83,Jaipur,68,434,50,0
TXN09905,2026-01-15 18:50:00,Payment,158.55,Delhi,57,268,93,0
TXN03591,2026-01-15 18:51:00,Payment,101.99,Hyderabad,37,816,63,0
TXN03492,2026-01-15 18:52:00,Payment,1188.45,Chennai,59,3674,53,0
TXN06306,2026-01-15 18:52:00,Transfer,181.05,Jaipur,54,958,37,0
TXN05038,2026-01-15 18:59:00,Transfer,844.66,Chennai,39,949,22,0
TXN07829,2026-01-15 19:02:00,Payment,36.59,Mumbai,39,660,45,0
TXN05432,2026-01-15 19:02:00,Payment,61.04,Jaipur,65,724,30,0
TXN01858,2026-01-15 19:05:00,Payment,317.11,Chennai,47,756,56,1
TXN02981,2026-01-15 19:05:00,Withdrawal,444.52,Mumbai,40,2010,26,0
TXN08231,2026-01-15 19:10:00,Payment,111.91,Pune,39,904,23,0
TXN04845,2026-01-15 19:12:00,Transfer,123.79,Ahmedabad,45,1133,89,0
TXN07409,2026-01-15 19:13:00,Transfer,49.8,Hyderabad,65,845,30,0
TXN03949,2026-01-15 19:14:00,Payment,71.99,Hyderabad,24,551,67,0
TXN07356,2026-01-15 19:16:00,Payment,125.19,Chennai,23,1087,125,0
TXN08262,2026-01-15 19:29:00,Transfer,122.51,Chennai,66,354,57,0
TXN04591,2026-01-15 19:31:00,Transfer,133.79,Jaipur,59,1624,67,0
TXN01767,2026-01-15 19:35:00,Transfer,1179.3,Kolkata,28,315,17,0
TXN09683,2026-01-15 19:36:00,Transfer,631.79,Jaipur,40,599,23,0
TXN00610,2026-01-15 19:37:00,Transfer,174.46,Hyderabad,27,1862,65,0
TXN04677,2026-01-15 19:41:00,Transfer,410.87,Bengaluru,26,469,90,0
TXN08664,2026-01-15 19:41:00,Transfer,1561.12,Hyderabad,38,1494,39,0
TXN06010,2026-01-15 19:45:00,Payment,199.37,Mumbai,48,1381,26,0
TXN06406,2026-01-15 19:49:00,Payment,191.09,Jaipur,50,1135,39,0
TXN03302,2026-01-15 19:53:00,Payment,132.89,Delhi,22,1106,9,0
TXN09648,2026-01-15 19:55:00,Payment,94.22,Ahmedabad,57,1435,23,0
TXN05068,2026-01-15 19:56:00,Transfer,223.76,Hyderabad,42,530,54,0
TXN03308,2026-01-15 20:05:00,Payment,758.77,Ahmedabad,69,802,43,0
TXN08699,2026-01-15 20:10:00,Payment,304.26,Delhi,56,1501,73,0
TXN07915,2026-01-15 20:14:00,Withdrawal,41.9,Bengaluru,18,296,51,0
TXN03803,2026-01-15 20:15:00,Payment,65.31,Jaipur,61,2165,88,0
TXN07452,2026-01-15 20:16:00,Withdrawal,462.42,Kolkata,69,1003,29,0
TXN03627,2026-01-15 20:18:00,Payment,87.41,Kolkata,38,455,107,0
TXN09916,2026-01-15 20:24:00,Transfer,422.38,Bengaluru,39,439,36,0
TXN08144,2026-01-15 20:24:00,Payment,17.51,Mumbai,28,604,16,0
TXN04858,2026-01-15 20:27:00,Withdrawal,59.3,Mumbai,19,2082,164,0
TXN06196,2026-01-15 20:30:00,Payment,152.78,Delhi,35,2210,140,0
TXN05672,2026-01-15 20:31:00,Transfer,699.02,Chennai,34,462,18,0
TXN03465,2026-01-15 20:33:00,Withdrawal,702.49,Bengaluru,43,820,6,0
TXN02653,2026-01-15 20:40:00,Transfer,62.17,Bengaluru,19,399,83,0
TXN08807,2026-01-15 20:45:00,Payment,411.63,Pune,57,1015,55,0
TXN08093,2026-01-15 20:47:00,Payment,556.32,Bengaluru,33,1441,49,0
TXN05693,2026-01-15 20:56:00,Transfer,63.66,Delhi,23,419,36,0
TXN01526,2026-01-15 21:01:00,Transfer,226.41,Delhi,45,893,105,0
TXN03686,2026-01-15 21:06:00,Transfer,521.64,Hyderabad,50,288,69,0
TXN06224,2026-01-15 21:08:00,Payment,392.43,Kolkata,47,1021,69,0
TXN06282,2026-01-15 21:10:00,Withdrawal,69.65,Mumbai,54,387,51,0
TXN06944,2026-01-15 21:13:00,Payment,935.96,Hyderabad,54,577,79,1
TXN01160,2026-01-15 21:15:00,Payment,877.16,Delhi,54,1331,9,0
TXN05287,2026-01-15 21:20:00,Payment,202.49,Hyderabad,26,825,15,0
TXN03086,2026-01-15 21:22:00,Payment,117.9,Pune,29,505,104,0
TXN08923,2026-01-15 21:26:00,Payment,74.6,Jaipur,61,646,51,0
TXN07439,2026-01-15 21:27:00,Payment,331.98,Ahmedabad,69,1141,12,0
TXN06501,2026-01-15 21:31:00,Payment,69.08,Ahmedabad,48,1005,41,0
TXN05133,2026-01-15 21:32:00,Transfer,908.51,Bengaluru,55,1069,13,0
TXN09018,2026-01-15 21:33:00,Transfer,127.59,Chennai,65,767,31,0
TXN06097,2026-01-15 21:37:00,Transfer,66.98,Bengaluru,61,680,28,0
TXN00609,2026-01-15 21:38:00,Transfer,186.58,Chennai,43,642,16,0
TXN08758,2026-01-15 21:42:00,Transfer,46.96,Bengaluru,40,267,42,0
TXN09662,2026-01-15 21:42:00,Transfer,718.51,Mumbai,65,575,20,0
TXN04408,2026-01-15 21:43:00,Payment,103.54,Bengaluru,21,593,16,0
TXN01468,2026-01-15 21:44:00,Payment,74.62,Bengaluru,18,1107,69,0
TXN06071,2026-01-15 21:49:00,Payment,19.65,Jaipur,44,1951,66,0
TXN09757,2026-01-15 21:51:00,Payment,2801.9,Chennai,58,873,8,1
TXN02084,2026-01-15 21:52:00,Payment,51.54,Pune,47,1507,16,0
TXN01003,2026-01-15 21:55:00,Payment,846.17,Pune,56,903,32,0
TXN06172,2026-01-15 21:58:00,Payment,153.57,Bengaluru,40,374,32,0
TXN08189,2026-01-15 22:01:00,Payment,419.79,Bengaluru,53,453,51,0
TXN05783,2026-01-15 22:01:00,Payment,67.65,Bengaluru,22,1633,36,0
TXN04050,2026-01-15 22:03:00,Payment,212.11,Ahmedabad,53,1369,19,0
TXN05726,2026-01-15 22:05:00,Withdrawal,1089.92,Delhi,43,495,44,0
TXN05795,2026-01-15 22:07:00,Withdrawal,50.26,Mumbai,34,2869,61,0
TXN06676,2026-01-15 22:08:00,Payment,98.88,Mumbai,37,596,20,0
TXN00253,2026-01-15 22:08:00,Payment,147.18,Chennai,41,1220,34,0
TXN04712,2026-01-15 22:08:00,Transfer,276.66,Delhi,69,398,66,0
TXN03369,2026-01-15 22:18:00,Transfer,287.66,Kolkata,28,547,182,0
TXN07257,2026-01-15 22:18:00,Payment,184.95,Delhi,45,1487,41,0
TXN00957,2026-01-15 22:20:00,Payment,141.79,Mumbai,63,1048,21,0
TXN00155,2026-01-15 22:22:00,Payment,204.5,Pune,23,1800,123,0
TXN02880,2026-01-15 22:22:00,Withdrawal,905.71,Bengaluru,26,1744,40,0
TXN05729,2026-01-15 22:26:00,Withdrawal,1598.66,Hyderabad,51,1360,33,1
TXN06633,2026-01-15 22:26:00,Transfer,103.96,Delhi,64,844,57,0
TXN04664,2026-01-15 22:28:00,Transfer,381.68,Kolkata,52,839,102,0
TXN03045,2026-01-15 22:32:00,Payment,943.22,Mumbai,33,836,75,0
TXN09765,2026-01-15 22:33:00,Withdrawal,414.63,Jaipur,24,821,35,0
TXN04639,2026-01-15 22:41:00,Transfer,189.96,Hyderabad,43,2045,4,0
TXN02672,2026-01-15 22:44:00,Payment,1123.12,Delhi,49,834,81,0
TXN06815,2026-01-15 22:45:00,Transfer,133.11,Hyderabad,39,3016,23,0
TXN08831,2026-01-15 22:45:00,Payment,107.46,Kolkata,18,2752,27,0
TXN01095,2026-01-15 22:47:00,Transfer,348.79,Bengaluru,33,743,28,0
TXN06943,2026-01-15 22:50:00,Payment,69.58,Kolkata,63,3427,30,0
TXN03709,2026-01-15 22:52:00,Payment,2242.28,Jaipur,24,2433,14,0
TXN05829,2026-01-15 22:52:00,Transfer,2200.32,Ahmedabad,58,887,70,0
TXN06720,2026-01-15 22:57:00,Payment,43.5,Delhi,48,484,33,0
TXN06203,2026-01-15 22:58:00,Withdrawal,130.27,Mumbai,21,3349,46,0
TXN09843,2026-01-16 08:04:00,Withdrawal,49.25,Delhi,36,424,42,0
TXN07721,2026-01-16 08:04:00,Transfer,342.22,Bengaluru,43,112,19,0
TXN07121,2026-01-16 08:05:00,Withdrawal,181.2,Kolkata,30,211,22,0
TXN06668,2026-01-16 08:09:00,Payment,892.39,Ahmedabad,22,246,50,0
TXN04774,2026-01-16 08:15:00,Payment,164.75,Mumbai,30,1187,18,0
TXN03006,2026-01-16 08:19:00,Payment,67.2,Chennai,42,332,91,0
TXN08598,2026-01-16 08:21:00,Payment,259.59,Chennai,50,1625,36,0
TXN02364,2026-01-16 08:26:00,Transfer,497.13,Hyderabad,56,454,10,0
TXN03467,2026-01-16 08:29:00,Payment,441.49,Chennai,52,713,71,0
TXN02366,2026-01-16 08:31:00,Payment,1075.89,Pune,38,1180,75,0
TXN09196,2026-01-16 08:33:00,Payment,91.93,Ahmedabad,39,1019,48,0
TXN07932,2026-01-16 08:40:00,Transfer,148.15,Mumbai,50,366,22,0
TXN07019,2026-01-16 08:42:00,Payment,197.86,Ahmedabad,46,1243,37,0
TXN08387,2026-01-16 08:42:00,Payment,19.85,Delhi,30,1228,89,0
TXN09100,2026-01-16 08:42:00,Payment,451.9,Bengaluru,55,164,41,0
TXN08928,2026-01-16 08:48:00,Payment,127.67,Delhi,39,907,7,0
TXN01774,2026-01-16 08:50:00,Transfer,140.94,Mumbai,40,984,2,0
TXN05317,2026-01-16 08:50:00,Transfer,42.9,Chennai,35,242,35,0
TXN04941,2026-01-16 08:52:00,Payment,315.96,Mumbai,51,1997,66,0
TXN07961,2026-01-16 08:53:00,Transfer,152.96,Mumbai,46,940,158,0
TXN06004,2026-01-16 08:56:00,Payment,271.57,Bengaluru,43,1182,30,0
TXN01949,2026-01-16 08:57:00,Transfer,43.68,Mumbai,27,580,111,0
TXN07728,2026-01-16 08:58:00,Transfer,419.91,Pune,26,151,53,1
TXN02502,2026-01-16 09:00:00,Payment,250.08,Jaipur,47,584,91,0
TXN02298,2026-01-16 09:02:00,Payment,5411.32,Delhi,34,389,52,0
TXN06959,2026-01-16 09:03:00,Payment,73.45,Kolkata,69,1359,113,0
TXN06708,2026-01-16 09:03:00,Payment,368.29,Delhi,56,313,46,0
TXN06610,2026-01-16 09:04:00,Transfer,1828.86,Mumbai,44,874,74,0
TXN04986,2026-01-16 09:12:00,Transfer,314.45,Bengaluru,38,116,152,0
TXN03166,2026-01-16 09:12:00,Withdrawal,941.35,Jaipur,53,1638,66,0
TXN05660,2026-01-16 09:13:00,Payment,247.14,Kolkata,42,1399,56,0
TXN03757,2026-01-16 09:14:00,Transfer,17.45,Bengaluru,66,2085,83,0
TXN06514,2026-01-16 09:17:00,Transfer,215.7,Ahmedabad,42,2097,24,0
TXN09753,2026-01-16 09:18:00,Withdrawal,218.51,Delhi,41,431,127,0
TXN00362,2026-01-16 09:22:00,Transfer,133.43,Bengaluru,55,2136,20,0
TXN05908,2026-01-16 09:26:00,Payment,51.53,Delhi,24,1156,34,0
TXN08665,2026-01-16 09:31:00,Payment,658.03,Bengaluru,36,1171,28,0
TXN05430,2026-01-16 09:33:00,Transfer,269.76,Kolkata,60,604,12,0
TXN01819,2026-01-16 09:33:00,Payment,324.29,Kolkata,36,1533,125,0
TXN08666,2026-01-16 09:46:00,Payment,976.18,Bengaluru,64,2463,57,0
TXN00085,2026-01-16 09:48:00,Payment,852.75,Kolkata,22,1246,15,0
TXN05876,2026-01-16 09:48:00,Payment,220.8,Mumbai,36,1050,157,0
TXN00925,2026-01-16 09:50:00,Transfer,1809.45,Mumbai,60,2079,79,0
TXN06937,2026-01-16 09:50:00,Payment,10.64,Delhi,19,1305,65,0
TXN05192,2026-01-16 09:55:00,Transfer,509.16,Delhi,65,705,131,0
TXN04997,2026-01-16 09:58:00,Payment,152.36,Mumbai,32,1037,63,0
TXN04238,2026-01-16 10:02:00,Withdrawal,70.07,Delhi,35,1322,38,0
TXN08485,2026-01-16 10:04:00,Transfer,254.92,Pune,35,2608,21,1
TXN03594,2026-01-16 10:10:00,Transfer,74.03,Bengaluru,64,1681,66,1
TXN02696,2026-01-16 10:10:00,Withdrawal,46.28,Bengaluru,25,2155,4,0
TXN05123,2026-01-16 10:13:00,Transfer,284.54,Chennai,33,1647,20,0
TXN09944,2026-01-16 10:14:00,Payment,190.55,Jaipur,28,903,34,0
TXN04773,2026-01-16 10:15:00,Transfer,169.38,Chennai,54,509,60,0
TXN02633,2026-01-16 10:17:00,Payment,151.49,Pune,40,817,33,0
TXN03029,2026-01-16 10:24:00,Payment,470.12,Mumbai,23,909,22,0
TXN04236,2026-01-16 10:26:00,Payment,214.16,Kolkata,37,664,111,0
TXN01218,2026-01-16 10:26:00,Transfer,803.38,Chennai,49,646,50,0
TXN02227,2026-01-16 10:36:00,Payment,40.7,Kolkata,69,944,21,1
TXN01504,2026-01-16 10:43:00,Transfer,1033.97,Pune,26,307,66,0
TXN04461,2026-01-16 10:44:00,Payment,174.71,Bengaluru,19,476,24,0
TXN01668,2026-01-16 10:48:00,Transfer,569.22,Kolkata,28,955,75,0
TXN01043,2026-01-16 10:53:00,Payment,174.51,Jaipur,60,1220,46,1
TXN08365,2026-01-16 10:53:00,Transfer,57.15,Bengaluru,55,285,32,0
TXN06864,2026-01-16 10:58:00,Transfer,451.69,Mumbai,18,1319,20,0
TXN00345,2026-01-16 11:02:00,Payment,18.81,Mumbai,41,1083,72,0
TXN08304,2026-01-16 11:05:00,Withdrawal,82.03,Hyderabad,43,758,33,0
TXN02393,2026-01-16 11:06:00,Payment,283.31,Delhi,55,1741,13,0
TXN03871,2026-01-16 11:09:00,Payment,18.83,Hyderabad,43,292,32,0
TXN09445,2026-01-16 11:12:00,Transfer,116.99,Chennai,26,493,29,0
TXN04989,2026-01-16 11:16:00,Transfer,386.53,Chennai,38,846,21,0
TXN02260,2026-01-16 11:19:00,Payment,959.6,Bengaluru,43,1277,18,0
TXN06045,2026-01-16 11:19:00,Withdrawal,93.54,Mumbai,41,526,48,0
TXN06200,2026-01-16 11:23:00,Payment,41.93,Delhi,36,1074,49,0
TXN00050,2026-01-16 11:24:00,Transfer,101.16,Ahmedabad,41,1504,31,0
TXN06505,2026-01-16 11:27:00,Payment,445.77,Mumbai,62,1201,3,1
TXN07758,2026-01-16 11:31:00,Payment,800.51,Bengaluru,24,907,21,0
TXN04730,2026-01-16 11:35:00,Transfer,361.31,Kolkata,27,990,59,0
TXN08410,2026-01-16 11:38:00,Payment,62.9,Chennai,51,1036,83,0
TXN05377,2026-01-16 11:40:00,Payment,501.26,Chennai,35,1065,49,0
TXN05913,2026-01-16 11:45:00,Payment,47.56,Hyderabad,21,1292,4,0
TXN04842,2026-01-16 11:45:00,Payment,368.46,Mumbai,50,2298,29,0
TXN01421,2026-01-16 11:47:00,Withdrawal,130.96,Delhi,53,1392,20,0
TXN03153,2026-01-16 11:49:00,Transfer,38.55,Jaipur,34,148,29,0
TXN08896,2026-01-16 11:53:00,Payment,381.68,Kolkata,65,678,28,0
TXN00677,2026-01-16 11:53:00,Payment,473.94,Jaipur,61,1327,148,0
TXN03762,2026-01-16 11:55:00,Payment,114.69,Chennai,40,1495,18,0
TXN00719,2026-01-16 11:59:00,Payment,369.35,Delhi,34,1131,25,0
TXN04766,2026-01-16 12:02:00,Payment,222.03,Delhi,49,1015,70,0
TXN01042,2026-01-16 12:04:00,Payment,748.52,Pune,55,383,33,0
TXN05513,2026-01-16 12:05:00,Payment,650.94,Jaipur,24,2027,36,0
TXN09160,2026-01-16 12:12:00,Payment,116.24,Kolkata,29,660,121,0
TXN05027,2026-01-16 12:16:00,Transfer,1125.1,Chennai,68,656,16,1
TXN06024,2026-01-16 12:18:00,Payment,205.32,Mumbai,38,1572,82,1
TXN02205,2026-01-16 12:24:00,Withdrawal,236.28,Delhi,25,1362,119,0
TXN00250,2026-01-16 12:25:00,Payment,270.14,Delhi,34,3502,20,0
TXN03632,2026-01-16 12:26:00,Payment,766.82,Pune,59,342,20,0
TXN01594,2026-01-16 12:28:00,Payment,363.14,Jaipur,38,1204,32,0
TXN04642,2026-01-16 12:29:00,Payment,107.35,Jaipur,54,1405,9,0
TXN06683,2026-01-16 12:30:00,Transfer,359.16,Mumbai,59,274,22,0
TXN00574,2026-01-16 12:35:00,Payment,292.38,Kolkata,56,393,55,0
TXN08917,2026-01-16 12:38:00,Payment,306.99,Delhi,38,1538,60,0
TXN05119,2026-01-16 12:45:00,Payment,261.22,Jaipur,54,283,70,0
TXN09750,2026-01-16 12:45:00,Payment,762.66,Mumbai,26,2122,48,0
TXN02603,2026-01-16 12:45:00,Payment,43.8,Delhi,48,1174,87,0
TXN07429,2026-01-16 12:47:00,Transfer,462.83,Delhi,24,485,105,0
TXN09794,2026-01-16 12:51:00,Payment,139.04,Bengaluru,58,2460,54,0
TXN00593,2026-01-16 12:51:00,Transfer,905.08,Hyderabad,21,280,5,0
TXN01224,2026-01-16 12:54:00,Payment,553.85,Bengaluru,22,620,95,0
TXN06335,2026-01-16 12:55:00,Payment,149.07,Mumbai,34,832,54,0
TXN01677,2026-01-16 12:56:00,Transfer,212.59,Hyderabad,68,824,31,0
TXN05037,2026-01-16 12:59:00,Payment,216.45,Mumbai,36,334,21,0
TXN00074,2026-01-16 13:02:00,Payment,676.11,Pune,47,1300,37,0
TXN07525,2026-01-16 13:09:00,Payment,50.86,Delhi,58,697,32,0
TXN01574,2026-01-16 13:14:00,Payment,492.95,Hyderabad,60,1500,33,0
TXN06318,2026-01-16 13:16:00,Transfer,83.03,Delhi,35,719,30,0
TXN02155,2026-01-16 13:17:00,Transfer,71.74,Bengaluru,26,548,28,0
TXN09523,2026-01-16 13:19:00,Payment,58.44,Chennai,69,1437,92,0
TXN03737,2026-01-16 13:20:00,Payment,377.56,Bengaluru,26,296,3,0
TXN06270,2026-01-16 13:23:00,Transfer,110.67,Chennai,33,544,27,0
TXN07665,2026-01-16 13:23:00,Payment,130.31,Delhi,33,1544,32,0
TXN01285,2026-01-16 13:28:00,Transfer,1154.27,Mumbai,33,2237,33,0
TXN08600,2026-01-16 13:28:00,Transfer,101.09,Chennai,57,586,32,0
TXN05457,2026-01-16 13:31:00,Payment,231.56,Jaipur,37,762,105,0
TXN00361,2026-01-16 13:32:00,Payment,23.53,Pune,42,939,8,0
TXN04824,2026-01-16 13:32:00,Payment,58.99,Delhi,56,381,80,0
TXN06044,2026-01-16 13:33:00,Transfer,183.67,Hyderabad,40,596,39,0
TXN02876,2026-01-16 13:35:00,Payment,532.37,Jaipur,21,1558,123,0
TXN04430,2026-01-16 13:37:00,Withdrawal,46.35,Pune,24,593,40,0
TXN05984,2026-01-16 13:38:00,Payment,291.73,Ahmedabad,19,1736,15,0
TXN03568,2026-01-16 13:38:00,Payment,85.64,Hyderabad,29,193,14,1
TXN07177,2026-01-16 13:39:00,Payment,66.35,Bengaluru,33,819,16,0
TXN06715,2026-01-16 13:41:00,Payment,341.7,Pune,43,213,49,0
TXN05651,2026-01-16 13:42:00,Payment,70.41,Hyderabad,55,587,93,0
TXN07111,2026-01-16 13:42:00,Payment,996.8,Kolkata,19,1204,43,0
TXN06791,2026-01-16 13:45:00,Transfer,113.37,Kolkata,39,1595,6,0
TXN06264,2026-01-16 13:45:00,Transfer,230.01,Bengaluru,31,450,62,0
TXN06730,2026-01-16 13:45:00,Transfer,132.67,Pune,43,520,56,0
TXN04063,2026-01-16 13:51:00,Payment,44.82,Pune,64,1289,31,0
TXN05249,2026-01-16 13:51:00,Payment,208.79,Mumbai,57,1430,32,0
TXN03580,2026-01-16 13:52:00,Withdrawal,91.96,Bengaluru,29,1331,97,0
TXN05724,2026-01-16 13:56:00,Withdrawal,303.87,Bengaluru,41,706,37,0
TXN04924,2026-01-16 13:58:00,Transfer,870.12,Chennai,19,2979,31,0
TXN03033,2026-01-16 14:04:00,Transfer,197.38,Hyderabad,29,1928,42,0
TXN06398,2026-01-16 14:05:00,Transfer,882.19,Chennai,51,361,81,0
TXN00835,2026-01-16 14:06:00,Withdrawal,189.81,Chennai,66,385,35,0
TXN08276,2026-01-16 14:06:00,Payment,836.77,Delhi,61,2543,61,0
TXN00174,2026-01-16 14:10:00,Payment,829.48,Delhi,43,1410,111,0
TXN09592,2026-01-16 14:10:00,Payment,985.59,Hyderabad,68,744,46,0
TXN01775,2026-01-16 14:13:00,Payment,87.13,Hyderabad,60,245,105,0
TXN05054,2026-01-16 14:14:00,Transfer,986.84,Chennai,54,1163,55,0
TXN02304,2026-01-16 14:14:00,Withdrawal,418.17,Bengaluru,53,225,128,0
TXN07068,2026-01-16 14:17:00,Transfer,330.41,Jaipur,51,758,36,0
TXN06945,2026-01-16 14:17:00,Transfer,202.13,Mumbai,44,611,135,0
TXN00661,2026-01-16 14:21:00,Payment,17.44,Bengaluru,39,501,35,0
TXN08497,2026-01-16 14:24:00,Transfer,1273.89,Hyderabad,51,1012,47,0
TXN05348,2026-01-16 14:24:00,Transfer,3339.2,Mumbai,47,570,61,0
TXN06003,2026-01-16 14:25:00,Transfer,161.18,Bengaluru,25,1477,43,0
TXN03425,2026-01-16 14:30:00,Transfer,1198.01,Ahmedabad,45,2302,7,0
TXN03477,2026-01-16 14:38:00,Withdrawal,383.66,Mumbai,46,1094,22,0
TXN08840,2026-01-16 14:43:00,Payment,385.09,Pune,21,596,52,0
TXN00500,2026-01-16 14:46:00,Payment,2527.86,Jaipur,30,491,63,0
TXN05267,2026-01-16 14:46:00,Payment,81.55,Kolkata,31,2186,13,0
TXN05844,2026-01-16 15:01:00,Payment,19.95,Chennai,29,2466,113,0
TXN05502,2026-01-16 15:09:00,Payment,219.71,Hyderabad,63,1312,3,0
TXN01299,2026-01-16 15:10:00,Transfer,415.94,Jaipur,43,1871,15,0
TXN07726,2026-01-16 15:15:00,Transfer,120.69,Chennai,45,287,73,0
TXN04083,2026-01-16 15:16:00,Transfer,93.94,Delhi,41,1487,16,0
TXN07971,2026-01-16 15:16:00,Payment,137.98,Pune,64,285,36,0
TXN04940,2026-01-16 15:17:00,Transfer,72.3,Delhi,51,824,76,0
TXN03424,2026-01-16 15:23:00,Payment,84.76,Mumbai,39,1166,57,0
TXN00039,2026-01-16 15:23:00,Withdrawal,154.29,Mumbai,25,425,55,0
TXN08348,2026-01-16 15:26:00,Payment,96.65,Chennai,64,575,26,0
TXN06135,2026-01-16 15:32:00,Payment,101.26,Chennai,47,1330,47,0
TXN05470,2026-01-16 15:39:00,Transfer,67.99,Hyderabad,61,1248,64,0
TXN03710,2026-01-16 15:40:00,Payment,158.69,Hyderabad,21,402,75,0
TXN03382,2026-01-16 15:40:00,Payment,696.08,Chennai,35,740,68,0
TXN00177,2026-01-16 15:47:00,Payment,44.12,Bengaluru,42,530,91,0
TXN08975,2026-01-16 15:48:00,Payment,634.19,Mumbai,26,422,50,0
TXN02095,2026-01-16 15:52:00,Withdrawal,458.76,Jaipur,61,1119,30,0
TXN08137,2026-01-16 15:53:00,Payment,452.93,Hyderabad,25,450,36,0
TXN08197,2026-01-16 15:56:00,Payment,269.5,Chennai,45,809,129,0
TXN03854,2026-01-16 16:02:00,Payment,98.61,Pune,49,654,66,0
TXN06409,2026-01-16 16:06:00,Transfer,42.77,Mumbai,49,1553,14,0
TXN09169,2026-01-16 16:08:00,Payment,89.33,Bengaluru,21,287,123,0
TXN00533,2026-01-16 16:09:00,Transfer,103.95,Hyderabad,58,1723,27,1
TXN07148,2026-01-16 16:15:00,Payment,352.16,Mumbai,68,598,16,0
TXN04576,2026-01-16 16:16:00,Payment,171.27,Bengaluru,32,1455,113,0
TXN05784,2026-01-16 16:17:00,Transfer,176.11,Bengaluru,35,1809,19,1
TXN06238,2026-01-16 16:20:00,Payment,32.39,Jaipur,63,344,53,0
TXN03557,2026-01-16 16:26:00,Withdrawal,772.13,Hyderabad,68,1090,33,0
TXN05456,2026-01-16 16:27:00,Withdrawal,204.23,Mumbai,35,1841,67,0
TXN06669,2026-01-16 16:30:00,Transfer,170.27,Delhi,58,495,21,0
TXN07310,2026-01-16 16:31:00,Transfer,929.4,Pune,22,461,7,0
TXN05413,2026-01-16 16:37:00,Transfer,38.86,Chennai,34,591,69,0
TXN00203,2026-01-16 16:37:00,Payment,443.54,Delhi,42,1975,29,0
TXN04697,2026-01-16 16:44:00,Payment,301.48,Mumbai,39,531,27,0
TXN01012,2026-01-16 16:45:00,Withdrawal,242.9,Mumbai,33,390,28,0
TXN07231,2026-01-16 16:55:00,Transfer,215.84,Hyderabad,64,685,49,0
TXN09848,2026-01-16 16:57:00,Payment,106.54,Ahmedabad,32,408,100,0
TXN09267,2026-01-16 17:00:00,Transfer,774.09,Delhi,28,591,34,0
TXN02958,2026-01-16 17:04:00,Transfer,1281.42,Jaipur,60,346,109,0
TXN07102,2026-01-16 17:07:00,Payment,1430.09,Delhi,27,631,113,0
TXN03359,2026-01-16 17:10:00,Payment,65.0,Bengaluru,36,1781,77,0
TXN07835,2026-01-16 17:11:00,Transfer,65.81,Bengaluru,58,1761,100,0
TXN09179,2026-01-16 17:12:00,Withdrawal,128.69,Jaipur,30,1273,114,0
TXN09276,2026-01-16 17:13:00,Payment,1051.8,Bengaluru,35,844,17,0
TXN05193,2026-01-16 17:19:00,Payment,4282.28,Hyderabad,65,1843,25,0
TXN07619,2026-01-16 17:21:00,Transfer,37.69,Chennai,20,2736,53,0
TXN08631,2026-01-16 17:23:00,Payment,326.55,Ahmedabad,63,1539,12,0
TXN02065,2026-01-16 17:26:00,Withdrawal,648.52,Hyderabad,57,759,67,0
TXN03804,2026-01-16 17:27:00,Payment,611.7,Bengaluru,52,564,54,0
TXN00813,2026-01-16 17:38:00,Transfer,837.34,Jaipur,30,1784,8,0
TXN01795,2026-01-16 17:38:00,Payment,196.83,Bengaluru,49,1578,63,0
TXN05325,2026-01-16 17:40:00,Transfer,242.57,Chennai,24,826,48,0
TXN04442,2026-01-16 17:40:00,Payment,297.72,Pune,19,230,23,0
TXN08374,2026-01-16 17:41:00,Transfer,53.76,Mumbai,18,2253,45,1
TXN02051,2026-01-16 17:44:00,Transfer,460.76,Delhi,30,458,28,0
TXN05379,2026-01-16 17:44:00,Payment,47.85,Jaipur,64,896,196,0
TXN08963,2026-01-16 17:49:00,Payment,37.58,Pune,64,270,67,0
TXN04271,2026-01-16 17:52:00,Payment,688.97,Kolkata,39,778,22,0
TXN04497,2026-01-16 17:53:00,Payment,68.85,Jaipur,50,621,15,0
TXN05017,2026-01-16 17:54:00,Withdrawal,633.18,Delhi,59,1015,103,0
TXN03793,2026-01-16 17:55:00,Withdrawal,192.71,Hyderabad,21,1057,73,0
TXN04111,2026-01-16 17:57:00,Payment,261.01,Pune,47,196,92,0
TXN04015,2026-01-16 18:01:00,Payment,125.37,Hyderabad,47,1849,109,0
TXN01168,2026-01-16 18:08:00,Payment,1661.28,Jaipur,50,535,16,0
TXN06665,2026-01-16 18:08:00,Payment,262.63,Bengaluru,43,818,43,0
TXN04370,2026-01-16 18:16:00,Payment,693.79,Bengaluru,32,1206,50,0
TXN03004,2026-01-16 18:17:00,Withdrawal,11.67,Bengaluru,48,1605,52,0
TXN08218,2026-01-16 18:21:00,Transfer,350.19,Bengaluru,26,578,9,0
TXN00929,2026-01-16 18:26:00,Payment,595.83,Mumbai,39,1197,43,0
TXN08895,2026-01-16 18:28:00,Withdrawal,119.12,Mumbai,62,1046,43,0
TXN00458,2026-01-16 18:30:00,Payment,235.48,Chennai,46,871,69,0
TXN04069,2026-01-16 18:31:00,Payment,26.24,Ahmedabad,43,281,29,0
TXN03625,2026-01-16 18:36:00,Withdrawal,82.46,Mumbai,28,1317,46,0
TXN07916,2026-01-16 18:41:00,Payment,279.48,Pune,62,1691,17,0
TXN01239,2026-01-16 18:41:00,Withdrawal,39.88,Ahmedabad,55,79,45,0
TXN02734,2026-01-16 18:45:00,Payment,77.53,Bengaluru,27,630,27,0
TXN04607,2026-01-16 18:45:00,Payment,208.46,Mumbai,38,1653,8,0
TXN02242,2026-01-16 18:46:00,Transfer,166.54,Delhi,53,797,20,0
TXN07671,2026-01-16 18:49:00,Payment,23.88,Chennai,53,1286,35,0
TXN03233,2026-01-16 18:51:00,Transfer,672.9,Delhi,54,3916,28,1
TXN08097,2026-01-16 18:59:00,Payment,168.13,Jaipur,57,854,70,0
TXN08608,2026-01-16 19:00:00,Transfer,288.76,Pune,69,1251,37,0
TXN07581,2026-01-16 19:04:00,Payment,318.21,Mumbai,19,482,37,0
TXN02899,2026-01-16 19:10:00,Withdrawal,263.08,Mumbai,29,853,37,0
TXN04217,2026-01-16 19:12:00,Payment,185.65,Jaipur,51,679,41,0
TXN08457,2026-01-16 19:14:00,Transfer,132.7,Pune,34,1836,87,0
TXN07481,2026-01-16 19:14:00,Transfer,61.39,Delhi,46,1237,22,0
TXN01807,2026-01-16 19:14:00,Payment,152.96,Bengaluru,45,889,62,0
TXN07643,2026-01-16 19:15:00,Transfer,192.57,Hyderabad,66,1397,10,0
TXN04268,2026-01-16 19:20:00,Withdrawal,91.45,Kolkata,41,817,24,0
TXN01251,2026-01-16 19:24:00,Payment,109.16,Pune,37,517,148,0
TXN07680,2026-01-16 19:27:00,Transfer,127.19,Mumbai,25,1118,24,0
TXN07842,2026-01-16 19:27:00,Payment,113.35,Jaipur,47,346,63,0
TXN05853,2026-01-16 19:30:00,Withdrawal,130.44,Pune,54,2657,99,0
TXN01606,2026-01-16 19:32:00,Withdrawal,197.56,Bengaluru,58,1000,39,0
TXN09593,2026-01-16 19:34:00,Payment,88.32,Chennai,27,552,73,0
TXN06912,2026-01-16 19:34:00,Payment,200.07,Mumbai,61,443,47,0
TXN04652,2026-01-16 19:34:00,Payment,191.86,Delhi,47,533,32,0
TXN01500,2026-01-16 19:36:00,Payment,242.88,Mumbai,62,1357,47,0
TXN05875,2026-01-16 19:43:00,Payment,90.22,Bengaluru,29,624,55,0
TXN06663,2026-01-16 19:51:00,Transfer,17.8,Hyderabad,36,1280,42,0
TXN03269,2026-01-16 19:52:00,Transfer,314.78,Kolkata,24,280,29,0
TXN01451,2026-01-16 19:53:00,Payment,570.86,Jaipur,57,1118,9,0
TXN01133,2026-01-16 19:54:00,Payment,528.43,Delhi,22,1760,87,0
TXN07749,2026-01-16 19:54:00,Payment,125.43,Jaipur,54,1041,19,0
TXN00641,2026-01-16 19:55:00,Payment,285.01,Chennai,37,624,19,0
TXN01435,2026-01-16 19:57:00,Payment,93.97,Pune,19,642,26,0
TXN06784,2026-01-16 20:00:00,Payment,83.93,Pune,22,825,44,0
TXN00138,2026-01-16 20:01:00,Transfer,11.99,Delhi,55,605,54,0
TXN06558,2026-01-16 20:08:00,Withdrawal,53.93,Mumbai,20,297,120,0
TXN02175,2026-01-16 20:08:00,Transfer,238.16,Chennai,44,191,85,0
TXN08768,2026-01-16 20:08:00,Payment,20.13,Jaipur,64,1363,32,0
TXN05488,2026-01-16 20:10:00,Transfer,97.79,Bengaluru,36,1086,31,0
TXN09892,2026-01-16 20:11:00,Payment,271.91,Bengaluru,60,844,44,0
TXN09210,2026-01-16 20:16:00,Payment,219.58,Kolkata,63,620,50,0
TXN00101,2026-01-16 20:17:00,Transfer,144.76,Chennai,41,568,65,0
TXN01616,2026-01-16 20:18:00,Transfer,262.48,Mumbai,62,284,9,0
TXN02262,2026-01-16 20:18:00,Transfer,27.61,Bengaluru,62,756,26,0
TXN09402,2026-01-16 20:22:00,Payment,778.75,Mumbai,54,962,203,0
TXN09161,2026-01-16 20:24:00,Payment,30.52,Chennai,18,940,87,0
TXN03823,2026-01-16 20:31:00,Payment,549.1,Hyderabad,31,1201,41,1
TXN05607,2026-01-16 20:36:00,Withdrawal,64.85,Mumbai,41,1020,15,0
TXN06871,2026-01-16 20:37:00,Withdrawal,476.12,Pune,39,540,27,0
TXN02143,2026-01-16 20:39:00,Transfer,523.77,Kolkata,61,633,33,0
TXN09670,2026-01-16 20:44:00,Transfer,283.76,Delhi,57,1770,82,0
TXN03603,2026-01-16 20:46:00,Withdrawal,108.27,Ahmedabad,54,738,31,0
TXN01996,2026-01-16 20:50:00,Transfer,90.75,Bengaluru,30,2364,12,1
TXN08543,2026-01-16 20:50:00,Transfer,261.8,Hyderabad,57,1196,29,0
TXN06997,2026-01-16 20:52:00,Transfer,1021.72,Chennai,40,314,28,0
TXN04806,2026-01-16 20:52:00,Payment,216.12,Bengaluru,28,912,6,0
TXN01848,2026-01-16 20:53:00,Payment,14.43,Chennai,65,1272,43,0
TXN01595,2026-01-16 20:55:00,Payment,571.01,Bengaluru,46,465,44,0
TXN08997,2026-01-16 20:56:00,Payment,407.67,Mumbai,63,1218,46,0
TXN05567,2026-01-16 20:56:00,Transfer,273.27,Jaipur,19,355,53,0
TXN03593,2026-01-16 20:57:00,Transfer,276.29,Pune,41,767,85,0
TXN07280,2026-01-16 20:57:00,Payment,31.61,Mumbai,58,443,83,0
TXN02998,2026-01-16 21:03:00,Transfer,192.04,Chennai,37,560,36,0
TXN07438,2026-01-16 21:03:00,Payment,966.29,Mumbai,57,1800,24,0
TXN04451,2026-01-16 21:07:00,Transfer,185.94,Mumbai,28,932,106,0
TXN08160,2026-01-16 21:07:00,Payment,388.7,Bengaluru,41,1420,71,0
TXN05298,2026-01-16 21:08:00,Payment,373.21,Mumbai,43,910,87,0
TXN03876,2026-01-16 21:11:00,Transfer,707.16,Kolkata,42,1571,22,0
TXN00708,2026-01-16 21:12:00,Transfer,63.37,Pune,39,201,127,1
TXN08452,2026-01-16 21:12:00,Transfer,204.08,Pune,19,948,41,0
TXN05762,2026-01-16 21:13:00,Withdrawal,165.36,Mumbai,27,1221,32,0
TXN07907,2026-01-16 21:17:00,Transfer,101.93,Chennai,63,265,13,0
TXN07436,2026-01-16 21:20:00,Withdrawal,148.89,Chennai,45,342,86,0
TXN09781,2026-01-16 21:21:00,Withdrawal,573.73,Kolkata,38,1420,62,0
TXN01536,2026-01-16 21:21:00,Transfer,426.16,Bengaluru,66,1421,128,0
TXN00975,2026-01-16 21:21:00,Transfer,515.35,Kolkata,30,439,47,0
TXN08707,2026-01-16 21:23:00,Transfer,56.04,Pune,28,1039,35,0
TXN07130,2026-01-16 21:25:00,Payment,20.04,Mumbai,48,1919,40,0
TXN08320,2026-01-16 21:25:00,Payment,117.35,Jaipur,62,340,18,0
TXN07271,2026-01-16 21:26:00,Payment,154.95,Kolkata,59,955,26,0
TXN02190,2026-01-16 21:26:00,Payment,499.39,Bengaluru,27,203,74,0
TXN05004,2026-01-16 21:29:00,Transfer,1341.27,Pune,28,690,52,0
TXN09902,2026-01-16 21:31:00,Payment,30.24,Pune,62,1291,18,0
TXN02627,2026-01-16 21:31:00,Transfer,515.85,Delhi,61,216,67,1
TXN02405,2026-01-16 21:33:00,Payment,281.32,Hyderabad,50,388,52,0
TXN00104,2026-01-16 21:35:00,Payment,225.74,Mumbai,37,1223,102,0
TXN03380,2026-01-16 21:38:00,Payment,78.97,Chennai,28,765,89,0
TXN02841,2026-01-16 21:39:00,Payment,1260.79,Chennai,28,1621,62,1
TXN02920,2026-01-16 21:43:00,Payment,135.61,Chennai,21,1197,51,0
TXN05601,2026-01-16 21:43:00,Payment,103.48,Delhi,35,1027,6,0
TXN09081,2026-01-16 21:44:00,Withdrawal,26.87,Mumbai,54,1923,18,0
TXN07830,2026-01-16 21:44:00,Payment,80.88,Mumbai,56,1820,44,0
TXN05559,2026-01-16 21:44:00,Transfer,161.35,Chennai,28,1673,24,0
TXN08460,2026-01-16 21:45:00,Payment,419.29,Bengaluru,33,1121,45,0
TXN05356,2026-01-16 21:46:00,Payment,77.45,Mumbai,21,499,19,0
TXN07219,2026-01-16 21:47:00,Payment,36.51,Mumbai,30,596,23,0
TXN09389,2026-01-16 21:49:00,Transfer,46.69,Bengaluru,63,112,65,1
TXN03254,2026-01-16 21:50:00,Payment,387.64,Pune,23,926,50,0
TXN01639,2026-01-16 21:51:00,Transfer,87.66,Bengaluru,63,1334,19,0
TXN04786,2026-01-16 21:54:00,Payment,138.92,Mumbai,67,1310,60,0
TXN02739,2026-01-16 21:55:00,Payment,183.99,Chennai,22,810,16,0
TXN02489,2026-01-16 21:59:00,Transfer,91.57,Delhi,36,1190,22,0
TXN09379,2026-01-16 22:02:00,Withdrawal,318.25,Ahmedabad,53,266,32,0
TXN06105,2026-01-16 22:09:00,Withdrawal,645.8,Delhi,23,638,12,0
TXN04151,2026-01-16 22:12:00,Payment,75.37,Jaipur,55,708,57,0
TXN05124,2026-01-16 22:13:00,Withdrawal,58.13,Kolkata,31,801,66,0
TXN06463,2026-01-16 22:14:00,Payment,80.22,Delhi,57,570,79,0
TXN09158,2026-01-16 22:14:00,Payment,295.61,Mumbai,62,653,48,0
TXN00209,2026-01-16 22:16:00,Payment,193.07,Delhi,25,607,15,0
TXN00229,2026-01-16 22:20:00,Payment,221.76,Hyderabad,42,847,150,0
TXN04279,2026-01-16 22:22:00,Payment,81.32,Ahmedabad,55,1078,7,0
TXN04990,2026-01-16 22:25:00,Payment,21.1,Chennai,38,1326,33,0
TXN05495,2026-01-16 22:26:00,Transfer,275.08,Jaipur,21,730,121,0
TXN04908,2026-01-16 22:35:00,Payment,84.8,Bengaluru,44,801,39,0
TXN04726,2026-01-16 22:36:00,Payment,42.64,Bengaluru,49,618,9,0
TXN03418,2026-01-16 22:36:00,Withdrawal,147.7,Ahmedabad,48,774,25,0
TXN02875,2026-01-16 22:37:00,Payment,87.0,Kolkata,58,799,91,0
TXN05571,2026-01-16 22:40:00,Transfer,485.67,Ahmedabad,28,965,41,0
TXN01372,2026-01-16 22:40:00,Transfer,580.44,Kolkata,59,963,30,0
TXN09697,2026-01-16 22:43:00,Withdrawal,209.89,Bengaluru,33,1053,105,0
TXN03096,2026-01-16 22:45:00,Transfer,25.8,Pune,66,420,31,0
TXN05664,2026-01-16 22:51:00,Withdrawal,323.23,Mumbai,34,1985,123,0
TXN02344,2026-01-16 22:52:00,Payment,750.99,Kolkata,51,544,43,0
TXN06522,2026-01-17 08:00:00,Payment,141.13,Delhi,21,577,1,0
TXN07766,2026-01-17 08:02:00,Transfer,153.89,Chennai,54,589,27,0
TXN06103,2026-01-17 08:03:00,Payment,46.87,Pune,66,1180,50,0
TXN08436,2026-01-17 08:04:00,Transfer,65.07,Delhi,61,383,40,0
TXN05982,2026-01-17 08:13:00,Payment,97.12,Kolkata,34,686,6,0
TXN01631,2026-01-17 08:15:00,Transfer,311.31,Kolkata,38,443,18,0
TXN00637,2026-01-17 08:17:00,Withdrawal,29.09,Mumbai,46,665,30,0
TXN00921,2026-01-17 08:17:00,Transfer,11.23,Jaipur,54,2290,113,0
TXN02312,2026-01-17 08:19:00,Transfer,76.42,Pune,22,516,42,0
TXN08138,2026-01-17 08:24:00,Payment,83.05,Chennai,59,1167,60,0
TXN09043,2026-01-17 08:28:00,Withdrawal,143.31,Pune,45,396,149,1
TXN03833,2026-01-17 08:28:00,Transfer,345.39,Kolkata,48,279,41,0
TXN09120,2026-01-17 08:30:00,Withdrawal,160.59,Kolkata,40,109,47,1
TXN00406,2026-01-17 08:36:00,Payment,546.64,Kolkata,28,277,34,0
TXN04656,2026-01-17 08:39:00,Payment,463.89,Kolkata,67,1799,105,0
TXN06824,2026-01-17 08:43:00,Payment,177.95,Hyderabad,36,289,53,0
TXN03069,2026-01-17 08:43:00,Payment,371.96,Bengaluru,19,157,50,0
TXN00920,2026-01-17 08:43:00,Payment,23.43,Delhi,22,992,28,0
TXN03379,2026-01-17 08:45:00,Payment,161.73,Hyderabad,49,438,50,0
TXN07853,2026-01-17 08:46:00,Transfer,183.33,Delhi,69,1472,25,1
TXN00329,2026-01-17 08:49:00,Payment,848.73,Pune,31,605,91,0
TXN01796,2026-01-17 08:50:00,Payment,643.78,Chennai,53,314,54,0
TXN07629,2026-01-17 08:52:00,Payment,1891.78,Jaipur,24,1638,60,0
TXN08747,2026-01-17 08:54:00,Withdrawal,309.93,Ahmedabad,54,1135,33,0
TXN01946,2026-01-17 08:57:00,Payment,61.63,Hyderabad,60,657,19,0
TXN06804,2026-01-17 08:59:00,Payment,86.21,Mumbai,28,1233,67,0
TXN06127,2026-01-17 09:05:00,Transfer,898.99,Chennai,67,940,42,0
TXN07141,2026-01-17 09:07:00,Payment,231.34,Kolkata,65,1163,19,0
TXN07377,2026-01-17 09:08:00,Payment,603.15,Mumbai,41,179,56,0
TXN05963,2026-01-17 09:12:00,Transfer,361.14,Chennai,29,1272,10,0
TXN01908,2026-01-17 09:14:00,Payment,781.99,Chennai,46,1133,73,0
TXN08751,2026-01-17 09:14:00,Transfer,69.43,Chennai,19,1397,38,0
TXN00102,2026-01-17 09:16:00,Payment,471.1,Chennai,50,702,6,0
TXN09987,2026-01-17 09:18:00,Payment,481.5,Kolkata,48,2404,53,0
TXN08392,2026-01-17 09:18:00,Payment,85.59,Pune,69,1159,63,0
TXN06305,2026-01-17 09:21:00,Payment,1321.11,Pune,30,699,40,0
TXN01357,2026-01-17 09:28:00,Payment,837.92,Delhi,55,690,45,0
TXN04671,2026-01-17 09:28:00,Transfer,169.75,Kolkata,41,1695,19,0
TXN08327,2026-01-17 09:30:00,Payment,203.36,Hyderabad,22,2041,18,0
TXN07527,2026-01-17 09:36:00,Withdrawal,450.23,Mumbai,27,3059,126,0
TXN03893,2026-01-17 09:36:00,Withdrawal,91.91,Hyderabad,64,691,89,0
TXN09628,2026-01-17 09:39:00,Payment,338.47,Chennai,23,369,19,0
TXN05986,2026-01-17 09:39:00,Payment,2331.72,Bengaluru,51,700,63,0
TXN04467,2026-01-17 09:40:00,Withdrawal,984.47,Jaipur,49,1515,3,0
TXN00367,2026-01-17 09:44:00,Payment,114.47,Kolkata,24,1360,64,0
TXN09911,2026-01-17 09:44:00,Withdrawal,109.55,Mumbai,33,218,64,0
TXN06614,2026-01-17 09:45:00,Payment,234.81,Bengaluru,33,699,48,0
TXN06835,2026-01-17 09:47:00,Payment,241.22,Mumbai,64,1523,21,0
TXN00897,2026-01-17 09:55:00,Transfer,351.23,Mumbai,69,2481,85,0
TXN07586,2026-01-17 09:55:00,Transfer,169.5,Mumbai,24,585,38,0
TXN07021,2026-01-17 10:00:00,Payment,58.42,Pune,66,946,25,0
TXN07925,2026-01-17 10:05:00,Payment,124.83,Chennai,18,1615,72,0
TXN09080,2026-01-17 10:06:00,Payment,694.49,Hyderabad,66,993,74,0
TXN07226,2026-01-17 10:07:00,Transfer,102.03,Bengaluru,19,878,52,0
TXN00322,2026-01-17 10:22:00,Transfer,67.19,Mumbai,46,1899,48,1
TXN00221,2026-01-17 10:23:00,Transfer,100.28,Hyderabad,19,794,27,0
TXN05039,2026-01-17 10:26:00,Withdrawal,561.05,Ahmedabad,54,2608,24,0
TXN06298,2026-01-17 10:27:00,Payment,34.15,Pune,33,1641,33,0
TXN06900,2026-01-17 10:29:00,Payment,336.12,Bengaluru,62,187,48,0
TXN01066,2026-01-17 10:29:00,Transfer,600.82,Kolkata,26,1430,10,0
TXN04242,2026-01-17 10:29:00,Withdrawal,51.89,Kolkata,32,2377,4,0
TXN03388,2026-01-17 10:35:00,Transfer,405.07,Mumbai,27,1758,121,0
TXN04351,2026-01-17 10:38:00,Payment,37.55,Kolkata,60,259,53,0
TXN05020,2026-01-17 10:40:00,Transfer,21.83,Delhi,50,148,15,0
TXN00116,2026-01-17 10:40:00,Payment,2339.77,Chennai,39,778,29,0
TXN09012,2026-01-17 10:42:00,Transfer,953.34,Delhi,23,628,12,0
TXN06403,2026-01-17 10:46:00,Transfer,15.75,Delhi,33,1339,12,0
TXN09352,2026-01-17 10:46:00,Payment,62.3,Pune,52,1354,33,0
TXN01650,2026-01-17 10:51:00,Transfer,139.16,Mumbai,20,603,22,0
TXN01235,2026-01-17 10:53:00,Transfer,136.16,Hyderabad,55,890,8,0
TXN00836,2026-01-17 10:57:00,Transfer,706.91,Kolkata,47,35,31,1
TXN03886,2026-01-17 11:05:00,Payment,215.74,Jaipur,29,1749,114,0
TXN03706,2026-01-17 11:06:00,Payment,690.26,Mumbai,47,972,20,0
TXN09846,2026-01-17 11:06:00,Withdrawal,1301.95,Bengaluru,33,498,48,0
TXN05217,2026-01-17 11:08:00,Withdrawal,242.92,Kolkata,65,628,48,0
TXN09205,2026-01-17 11:11:00,Payment,173.01,Ahmedabad,24,257,30,0
TXN07106,2026-01-17 11:17:00,Transfer,116.0,Kolkata,56,239,8,0
TXN08294,2026-01-17 11:19:00,Payment,843.02,Kolkata,49,274,28,0
TXN02610,2026-01-17 11:23:00,Transfer,208.62,Pune,69,1651,75,0
TXN06813,2026-01-17 11:24:00,Transfer,377.31,Pune,21,226,113,0
TXN06273,2026-01-17 11:28:00,Transfer,492.64,Mumbai,69,749,45,0
TXN06364,2026-01-17 11:29:00,Transfer,484.77,Pune,27,943,66,0
TXN07900,2026-01-17 11:30:00,Payment,20.0,Pune,59,584,99,1
TXN07955,2026-01-17 11:30:00,Payment,118.29,Bengaluru,50,1916,77,0
TXN02348,2026-01-17 11:39:00,Transfer,222.62,Pune,38,853,6,0
TXN04521,2026-01-17 11:40:00,Transfer,14.19,Hyderabad,48,987,37,0
TXN00839,2026-01-17 11:43:00,Payment,302.56,Kolkata,36,1592,33,0
TXN01136,2026-01-17 11:43:00,Payment,287.79,Bengaluru,53,3061,39,0
TXN03317,2026-01-17 11:45:00,Payment,205.71,Jaipur,62,1791,44,0
TXN09708,2026-01-17 11:48:00,Payment,268.49,Hyderabad,65,459,11,0
TXN01476,2026-01-17 11:49:00,Transfer,332.11,Chennai,53,1153,129,0
TXN09715,2026-01-17 11:54:00,Payment,158.94,Ahmedabad,24,680,78,0
TXN01780,2026-01-17 11:56:00,Transfer,456.96,Mumbai,46,2825,26,0
TXN06058,2026-01-17 11:57:00,Payment,144.44,Mumbai,66,818,46,0
TXN01525,2026-01-17 11:57:00,Payment,912.39,Bengaluru,33,60,55,0
TXN09970,2026-01-17 11:59:00,Transfer,283.74,Ahmedabad,66,197,85,0
TXN00079,2026-01-17 12:06:00,Withdrawal,99.0,Delhi,18,521,59,0
TXN04404,2026-01-17 12:07:00,Payment,569.73,Jaipur,49,879,80,0
TXN05139,2026-01-17 12:13:00,Payment,78.77,Pune,40,596,36,0
TXN04044,2026-01-17 12:15:00,Withdrawal,123.3,Hyderabad,31,934,88,0
TXN06586,2026-01-17 12:16:00,Payment,344.73,Mumbai,60,992,51,0
TXN06964,2026-01-17 12:17:00,Transfer,32.86,Kolkata,24,1160,12,1
TXN03278,2026-01-17 12:20:00,Transfer,212.97,Pune,29,1628,24,0
TXN05024,2026-01-17 12:20:00,Withdrawal,41.5,Kolkata,67,537,29,0
TXN07233,2026-01-17 12:21:00,Payment,52.34,Bengaluru,65,1625,18,0
TXN06174,2026-01-17 12:25:00,Payment,658.54,Pune,50,598,32,0
TXN04835,2026-01-17 12:27:00,Transfer,23.62,Kolkata,45,575,83,0
TXN02592,2026-01-17 12:28:00,Transfer,194.93,Hyderabad,51,698,24,0
TXN05765,2026-01-17 12:34:00,Payment,340.38,Jaipur,66,465,115,0
TXN06906,2026-01-17 12:35:00,Transfer,381.79,Chennai,26,245,57,0
TXN01739,2026-01-17 12:36:00,Transfer,197.95,Hyderabad,66,2556,33,0
TXN03084,2026-01-17 12:37:00,Withdrawal,119.68,Pune,38,1455,49,0
TXN03934,2026-01-17 12:39:00,Withdrawal,192.71,Bengaluru,31,1046,103,0
TXN03053,2026-01-17 12:40:00,Payment,239.59,Mumbai,68,175,41,0
TXN06122,2026-01-17 12:51:00,Payment,832.66,Bengaluru,61,757,47,0
TXN01788,2026-01-17 12:52:00,Payment,68.32,Jaipur,62,475,56,0
TXN01227,2026-01-17 12:54:00,Transfer,523.15,Pune,36,294,80,0
TXN09521,2026-01-17 12:59:00,Payment,139.78,Bengaluru,28,1293,72,0
TXN08350,2026-01-17 13:03:00,Payment,1466.62,Jaipur,35,282,13,0
TXN05316,2026-01-17 13:04:00,Transfer,19.85,Bengaluru,52,2042,37,0
TXN08822,2026-01-17 13:04:00,Transfer,287.16,Ahmedabad,49,1242,84,0
TXN01169,2026-01-17 13:05:00,Payment,161.29,Ahmedabad,27,1337,53,0
TXN08911,2026-01-17 13:06:00,Payment,286.85,Kolkata,22,1138,41,0
TXN00595,2026-01-17 13:07:00,Withdrawal,15.2,Mumbai,31,745,103,0
TXN00308,2026-01-17 13:09:00,Payment,686.69,Kolkata,30,621,36,0
TXN08943,2026-01-17 13:10:00,Payment,90.34,Chennai,22,1865,97,0
TXN09959,2026-01-17 13:12:00,Payment,153.39,Delhi,58,3175,9,0
TXN08861,2026-01-17 13:12:00,Withdrawal,307.46,Pune,31,1148,62,0
TXN02164,2026-01-17 13:16:00,Payment,123.87,Mumbai,40,776,42,0
TXN03488,2026-01-17 13:20:00,Payment,407.59,Bengaluru,59,762,30,1
TXN05585,2026-01-17 13:23:00,Payment,369.55,Bengaluru,26,1057,34,0
TXN04051,2026-01-17 13:25:00,Payment,52.89,Chennai,52,214,67,0
TXN09119,2026-01-17 13:28:00,Withdrawal,282.72,Mumbai,60,556,22,0
TXN03168,2026-01-17 13:29:00,Payment,123.09,Bengaluru,63,967,63,1
TXN08488,2026-01-17 13:30:00,Payment,311.42,Hyderabad,69,3097,12,0
TXN09292,2026-01-17 13:33:00,Payment,565.09,Ahmedabad,53,1095,39,0
TXN04371,2026-01-17 13:35:00,Payment,200.9,Hyderabad,58,208,12,0
TXN09420,2026-01-17 13:42:00,Payment,29.35,Chennai,45,311,11,0
TXN08659,2026-01-17 13:44:00,Transfer,27.28,Bengaluru,66,813,105,0
TXN01708,2026-01-17 13:44:00,Transfer,118.53,Ahmedabad,33,1614,74,0
TXN09157,2026-01-17 13:47:00,Payment,888.29,Bengaluru,31,818,21,0
TXN08779,2026-01-17 13:50:00,Payment,124.47,Ahmedabad,21,1007,20,0
TXN07663,2026-01-17 13:51:00,Transfer,94.37,Bengaluru,21,1076,151,0
TXN09870,2026-01-17 13:52:00,Transfer,94.86,Chennai,33,1806,76,0
TXN05330,2026-01-17 13:53:00,Transfer,146.7,Kolkata,49,257,93,0
TXN02586,2026-01-17 13:57:00,Payment,944.11,Bengaluru,40,762,35,0
TXN09975,2026-01-17 13:59:00,Payment,51.51,Jaipur,59,865,108,1
TXN03131,2026-01-17 14:00:00,Withdrawal,51.52,Hyderabad,52,851,13,0
TXN06030,2026-01-17 14:02:00,Payment,157.11,Mumbai,45,1333,36,0
TXN02168,2026-01-17 14:04:00,Transfer,423.41,Mumbai,20,844,56,0
TXN09250,2026-01-17 14:05:00,Withdrawal,54.08,Hyderabad,18,356,53,0
TXN04278,2026-01-17 14:05:00,Payment,44.98,Delhi,44,1048,106,0
TXN04992,2026-01-17 14:16:00,Payment,956.76,Jaipur,63,1643,50,0
TXN09541,2026-01-17 14:17:00,Payment,249.34,Bengaluru,43,1002,41,0
TXN00563,2026-01-17 14:18:00,Withdrawal,351.07,Kolkata,64,752,40,0
TXN01128,2026-01-17 14:19:00,Payment,485.81,Mumbai,56,91,26,0
TXN03293,2026-01-17 14:21:00,Payment,223.14,Mumbai,48,445,0,0
TXN08542,2026-01-17 14:25:00,Payment,60.92,Hyderabad,22,437,18,0
TXN04180,2026-01-17 14:25:00,Withdrawal,937.44,Hyderabad,48,165,24,0
TXN07809,2026-01-17 14:26:00,Transfer,3618.4,Bengaluru,33,316,47,0
TXN06608,2026-01-17 14:28:00,Payment,149.41,Ahmedabad,25,1601,20,1
TXN02478,2026-01-17 14:28:00,Transfer,409.65,Mumbai,41,255,28,0
TXN08239,2026-01-17 14:29:00,Payment,38.99,Mumbai,39,621,39,0
TXN07734,2026-01-17 14:30:00,Withdrawal,235.34,Mumbai,55,937,79,0
TXN07428,2026-01-17 14:32:00,Payment,264.22,Chennai,63,1067,57,0
TXN03469,2026-01-17 14:32:00,Payment,131.31,Pune,37,666,66,0
TXN06999,2026-01-17 14:35:00,Payment,1736.25,Jaipur,29,984,125,0
TXN07632,2026-01-17 14:38:00,Transfer,218.03,Delhi,62,3020,34,0
TXN00216,2026-01-17 14:40:00,Transfer,1802.77,Kolkata,62,320,8,0
TXN03948,2026-01-17 14:41:00,Payment,81.17,Ahmedabad,54,967,42,1
TXN03981,2026-01-17 14:41:00,Payment,994.85,Bengaluru,32,2947,74,0
TXN09397,2026-01-17 14:44:00,Withdrawal,50.59,Chennai,32,206,92,0
TXN00535,2026-01-17 14:44:00,Withdrawal,39.03,Jaipur,28,522,39,0
TXN01794,2026-01-17 14:44:00,Payment,88.29,Hyderabad,69,220,39,1
TXN02705,2026-01-17 14:46:00,Payment,560.72,Bengaluru,30,1673,97,0
TXN07419,2026-01-17 14:48:00,Transfer,560.67,Bengaluru,21,977,32,1
TXN05465,2026-01-17 14:54:00,Transfer,280.94,Bengaluru,36,396,61,0
TXN01470,2026-01-17 15:01:00,Payment,97.53,Jaipur,25,1092,60,0
TXN02818,2026-01-17 15:06:00,Payment,523.78,Bengaluru,42,914,6,0
TXN09339,2026-01-17 15:07:00,Payment,35.03,Chennai,29,343,47,0
TXN09455,2026-01-17 15:08:00,Payment,445.53,Hyderabad,34,516,32,0
TXN01118,2026-01-17 15:10:00,Transfer,519.25,Bengaluru,44,420,22,1
TXN08990,2026-01-17 15:13:00,Payment,219.81,Chennai,28,815,29,0
TXN03759,2026-01-17 15:15:00,Payment,376.61,Mumbai,47,432,54,0
TXN05676,2026-01-17 15:19:00,Payment,47.78,Delhi,31,3370,52,0
TXN05596,2026-01-17 15:20:00,Transfer,39.49,Chennai,61,601,128,0
TXN09867,2026-01-17 15:21:00,Payment,90.06,Bengaluru,68,626,13,0
TXN03092,2026-01-17 15:21:00,Payment,73.33,Hyderabad,48,364,39,0
TXN01578,2026-01-17 15:29:00,Payment,346.66,Mumbai,19,2342,74,0
TXN00089,2026-01-17 15:29:00,Transfer,311.32,Bengaluru,40,1473,109,0
TXN09726,2026-01-17 15:36:00,Transfer,66.52,Mumbai,56,698,149,0
TXN06548,2026-01-17 15:38:00,Payment,1197.57,Mumbai,19,854,15,1
TXN07688,2026-01-17 15:41:00,Payment,152.38,Hyderabad,34,426,19,0
TXN09926,2026-01-17 15:41:00,Transfer,65.3,Delhi,62,456,29,0
TXN06786,2026-01-17 15:42:00,Payment,723.34,Pune,45,632,56,0
TXN04478,2026-01-17 15:44:00,Transfer,47.56,Mumbai,23,968,11,0
TXN05812,2026-01-17 15:49:00,Transfer,84.64,Pune,22,90,47,0
TXN00129,2026-01-17 15:50:00,Payment,429.44,Delhi,27,1791,82,1
TXN04965,2026-01-17 15:50:00,Payment,109.3,Mumbai,41,921,65,0
TXN05665,2026-01-17 15:52:00,Payment,285.95,Bengaluru,55,1533,94,0
TXN06580,2026-01-17 16:02:00,Payment,306.84,Pune,24,322,12,0
TXN02654,2026-01-17 16:03:00,Payment,144.12,Mumbai,25,1007,12,0
TXN02962,2026-01-17 16:04:00,Withdrawal,148.26,Bengaluru,41,1144,61,0
TXN02893,2026-01-17 16:11:00,Payment,193.74,Delhi,24,841,71,0
TXN08938,2026-01-17 16:12:00,Payment,100.92,Hyderabad,40,741,103,0
TXN07618,2026-01-17 16:14:00,Payment,131.24,Hyderabad,37,996,37,0
TXN02859,2026-01-17 16:18:00,Withdrawal,1766.36,Bengaluru,18,176,47,0
TXN08269,2026-01-17 16:18:00,Transfer,1151.4,Pune,37,995,10,0
TXN00831,2026-01-17 16:19:00,Payment,17.2,Delhi,37,813,59,0
TXN06310,2026-01-17 16:21:00,Payment,490.59,Bengaluru,51,418,47,0
TXN03253,2026-01-17 16:21:00,Payment,106.6,Bengaluru,45,1781,31,0
TXN03715,2026-01-17 16:26:00,Payment,77.18,Hyderabad,67,688,21,0
TXN00034,2026-01-17 16:27:00,Transfer,314.59,Ahmedabad,41,818,68,0
TXN07570,2026-01-17 16:29:00,Payment,275.48,Delhi,64,1235,66,0
TXN05419,2026-01-17 16:36:00,Payment,147.82,Hyderabad,51,887,38,0
TXN00946,2026-01-17 16:36:00,Transfer,176.73,Bengaluru,28,307,33,0
TXN08787,2026-01-17 16:41:00,Payment,136.65,Ahmedabad,51,539,84,0
TXN08033,2026-01-17 16:43:00,Payment,1032.41,Kolkata,43,757,38,0
TXN05566,2026-01-17 16:46:00,Transfer,229.54,Chennai,51,282,85,0
TXN00408,2026-01-17 16:49:00,Payment,432.39,Pune,56,1848,48,0
TXN05891,2026-01-17 16:49:00,Transfer,462.31,Pune,32,1740,36,0
TXN00809,2026-01-17 16:50:00,Payment,42.59,Kolkata,46,641,135,0
TXN06840,2026-01-17 16:54:00,Withdrawal,1103.26,Ahmedabad,56,770,100,0
TXN05583,2026-01-17 16:54:00,Payment,277.83,Mumbai,19,399,21,0
TXN01178,2026-01-17 16:55:00,Payment,119.37,Mumbai,31,1108,49,0
TXN02945,2026-01-17 16:56:00,Withdrawal,604.04,Bengaluru,68,698,31,0
TXN06315,2026-01-17 16:57:00,Withdrawal,203.05,Pune,26,1022,25,0
TXN03058,2026-01-17 16:58:00,Withdrawal,102.36,Pune,63,398,35,0
TXN05493,2026-01-17 17:00:00,Payment,64.03,Bengaluru,53,2387,39,0
TXN01785,2026-01-17 17:04:00,Transfer,172.05,Bengaluru,20,411,9,0
TXN05033,2026-01-17 17:07:00,Transfer,315.11,Kolkata,41,1353,129,0
TXN08492,2026-01-17 17:09:00,Payment,2019.55,Bengaluru,68,1105,51,0
TXN06154,2026-01-17 17:10:00,Payment,967.25,Bengaluru,41,1872,59,0
TXN00077,2026-01-17 17:11:00,Withdrawal,40.54,Pune,39,696,124,0
TXN02293,2026-01-17 17:12:00,Payment,163.17,Hyderabad,24,713,36,0
TXN01269,2026-01-17 17:16:00,Transfer,452.42,Pune,21,1161,43,0
TXN03023,2026-01-17 17:21:00,Payment,279.31,Ahmedabad,67,914,46,0
TXN05005,2026-01-17 17:23:00,Payment,192.52,Pune,42,987,107,0
TXN09426,2026-01-17 17:24:00,Payment,45.25,Mumbai,25,1971,113,0
TXN07294,2026-01-17 17:24:00,Transfer,42.97,Mumbai,40,389,16,0
TXN01271,2026-01-17 17:25:00,Withdrawal,308.0,Kolkata,39,877,22,0
TXN00723,2026-01-17 17:27:00,Payment,598.91,Chennai,30,816,3,0
TXN04290,2026-01-17 17:33:00,Payment,2247.19,Chennai,61,684,95,0
TXN03097,2026-01-17 17:34:00,Payment,265.9,Chennai,35,783,45,0
TXN08408,2026-01-17 17:34:00,Transfer,94.06,Delhi,66,1275,57,0
TXN04666,2026-01-17 17:39:00,Payment,237.81,Bengaluru,62,1312,91,0
TXN01783,2026-01-17 17:42:00,Payment,296.69,Hyderabad,33,463,95,0
TXN01562,2026-01-17 17:47:00,Payment,259.25,Ahmedabad,51,305,17,0
TXN01945,2026-01-17 17:49:00,Transfer,92.81,Delhi,66,591,24,0
TXN08720,2026-01-17 17:49:00,Payment,310.73,Chennai,37,408,31,0
TXN08091,2026-01-17 17:56:00,Payment,103.03,Mumbai,65,1539,42,0
TXN09783,2026-01-17 17:56:00,Transfer,73.03,Chennai,55,776,113,0
TXN09406,2026-01-17 17:56:00,Transfer,84.04,Delhi,53,1352,67,0
TXN04089,2026-01-17 18:03:00,Transfer,377.52,Kolkata,46,1177,3,0
TXN00325,2026-01-17 18:03:00,Payment,45.4,Ahmedabad,26,2454,29,0
TXN08984,2026-01-17 18:04:00,Payment,802.02,Pune,55,631,22,0
TXN01637,2026-01-17 18:05:00,Payment,530.39,Bengaluru,26,994,22,0
TXN08357,2026-01-17 18:06:00,Payment,183.37,Jaipur,35,283,21,0
TXN07444,2026-01-17 18:08:00,Payment,222.37,Pune,50,162,120,0
TXN04189,2026-01-17 18:10:00,Payment,76.99,Pune,39,285,25,0
TXN03412,2026-01-17 18:12:00,Transfer,44.9,Kolkata,32,256,47,0
TXN09932,2026-01-17 18:14:00,Payment,72.15,Chennai,42,685,73,0
TXN03714,2026-01-17 18:15:00,Transfer,37.68,Pune,44,1255,173,0
TXN03520,2026-01-17 18:17:00,Payment,717.95,Chennai,40,574,58,1
TXN00383,2026-01-17 18:24:00,Payment,75.05,Delhi,69,756,42,0
TXN09611,2026-01-17 18:32:00,Payment,366.16,Bengaluru,49,352,7,0
TXN08810,2026-01-17 18:32:00,Transfer,75.62,Chennai,67,511,6,0
TXN03635,2026-01-17 18:35:00,Payment,18.92,Bengaluru,41,3495,24,0
TXN01141,2026-01-17 18:35:00,Transfer,70.57,Jaipur,22,1323,142,1
TXN02126,2026-01-17 18:37:00,Payment,177.57,Bengaluru,54,501,120,0
TXN09494,2026-01-17 18:39:00,Payment,182.18,Delhi,37,688,27,0
TXN07232,2026-01-17 18:39:00,Payment,453.41,Pune,56,982,59,0
TXN08761,2026-01-17 18:47:00,Withdrawal,217.58,Jaipur,19,1483,20,0
TXN02965,2026-01-17 18:49:00,Withdrawal,67.84,Ahmedabad,65,1106,82,1
TXN05719,2026-01-17 18:53:00,Payment,153.83,Hyderabad,38,1479,29,0
TXN02180,2026-01-17 18:58:00,Payment,3354.71,Delhi,57,1272,60,0
TXN01347,2026-01-17 19:01:00,Withdrawal,569.44,Jaipur,27,1272,9,0
TXN05518,2026-01-17 19:03:00,Payment,154.07,Chennai,29,1324,26,0
TXN03918,2026-01-17 19:08:00,Transfer,504.44,Chennai,28,759,26,0
TXN02614,2026-01-17 19:10:00,Payment,29.43,Hyderabad,36,1418,34,0
TXN08882,2026-01-17 19:13:00,Withdrawal,186.89,Hyderabad,37,1698,20,0
TXN02210,2026-01-17 19:14:00,Payment,36.94,Mumbai,57,809,47,0
TXN03884,2026-01-17 19:15:00,Transfer,86.74,Bengaluru,27,717,9,0
TXN08383,2026-01-17 19:21:00,Transfer,421.65,Bengaluru,34,1243,27,0
TXN03328,2026-01-17 19:24:00,Transfer,863.45,Pune,18,1851,66,0
TXN06949,2026-01-17 19:26:00,Payment,465.92,Delhi,47,1291,68,0
TXN05766,2026-01-17 19:26:00,Payment,118.36,Ahmedabad,26,915,22,0
TXN00106,2026-01-17 19:26:00,Payment,336.77,Jaipur,39,1102,14,0
TXN08291,2026-01-17 19:27:00,Payment,71.94,Kolkata,44,1085,41,0
TXN00584,2026-01-17 19:28:00,Transfer,517.76,Bengaluru,36,372,18,0
TXN03636,2026-01-17 19:31:00,Transfer,208.36,Mumbai,69,302,41,0
TXN00674,2026-01-17 19:32:00,Payment,161.99,Chennai,61,264,15,0
TXN07125,2026-01-17 19:33:00,Payment,294.06,Chennai,34,325,13,0
TXN00527,2026-01-17 19:34:00,Transfer,219.28,Bengaluru,40,279,37,0
TXN04448,2026-01-17 19:35:00,Payment,39.99,Pune,35,1589,27,0
TXN01238,2026-01-17 19:35:00,Payment,166.24,Delhi,32,203,61,0
TXN06968,2026-01-17 19:38:00,Transfer,73.43,Mumbai,67,190,10,0
TXN08553,2026-01-17 19:42:00,Payment,195.28,Ahmedabad,66,1869,64,0
TXN00126,2026-01-17 19:44:00,Payment,535.63,Kolkata,43,804,134,0
TXN03236,2026-01-17 19:45:00,Payment,221.39,Mumbai,57,1010,40,0
TXN02840,2026-01-17 19:45:00,Payment,122.46,Bengaluru,20,1127,64,0
TXN07214,2026-01-17 19:46:00,Payment,44.47,Hyderabad,45,605,81,0
TXN09601,2026-01-17 19:59:00,Payment,681.56,Hyderabad,46,1704,76,0
TXN04191,2026-01-17 20:08:00,Payment,36.89,Delhi,68,771,199,0
TXN07038,2026-01-17 20:13:00,Withdrawal,111.78,Mumbai,40,1076,53,0
TXN05754,2026-01-17 20:15:00,Transfer,204.46,Mumbai,35,486,47,0
TXN01463,2026-01-17 20:16:00,Withdrawal,425.65,Bengaluru,21,1006,25,0
TXN03888,2026-01-17 20:18:00,Transfer,1532.2,Hyderabad,57,1252,56,0
TXN01174,2026-01-17 20:22:00,Transfer,1147.97,Mumbai,24,1694,87,0
TXN01649,2026-01-17 20:26:00,Payment,31.54,Jaipur,33,1706,21,0
TXN08880,2026-01-17 20:27:00,Payment,128.61,Hyderabad,47,947,66,0
TXN03952,2026-01-17 20:28:00,Payment,860.29,Bengaluru,65,785,88,0
TXN05244,2026-01-17 20:30:00,Payment,467.49,Jaipur,24,2436,0,0
TXN05389,2026-01-17 20:37:00,Payment,1285.77,Mumbai,67,2616,5,0
TXN05118,2026-01-17 20:37:00,Payment,48.65,Bengaluru,55,756,19,0
TXN02601,2026-01-17 20:52:00,Transfer,235.46,Ahmedabad,34,613,87,0
TXN09443,2026-01-17 20:59:00,Transfer,254.64,Kolkata,50,2246,25,0
TXN05263,2026-01-17 21:00:00,Transfer,558.58,Delhi,45,1250,14,0
TXN05994,2026-01-17 21:01:00,Payment,276.36,Hyderabad,49,442,38,0
TXN05069,2026-01-17 21:03:00,Transfer,149.62,Kolkata,55,813,16,0
TXN01276,2026-01-17 21:03:00,Payment,570.21,Chennai,54,726,24,0
TXN08466,2026-01-17 21:12:00,Withdrawal,202.63,Delhi,45,2002,50,0
TXN08464,2026-01-17 21:21:00,Transfer,212.91,Kolkata,26,712,67,0
TXN07010,2026-01-17 21:27:00,Payment,1374.85,Pune,50,1565,29,0
TXN00796,2026-01-17 21:29:00,Payment,1079.69,Mumbai,61,994,28,0
TXN04241,2026-01-17 21:32:00,Withdrawal,201.12,Ahmedabad,27,199,78,0
TXN09209,2026-01-17 21:38:00,Payment,112.25,Hyderabad,57,414,20,0
TXN06235,2026-01-17 21:41:00,Payment,46.58,Hyderabad,63,2966,18,0
TXN04951,2026-01-17 21:43:00,Payment,310.88,Kolkata,61,973,55,1
TXN04556,2026-01-17 21:45:00,Withdrawal,247.99,Bengaluru,66,1185,78,0
TXN00863,2026-01-17 21:46:00,Payment,33.16,Bengaluru,55,1032,61,0
TXN07178,2026-01-17 21:55:00,Payment,487.23,Bengaluru,39,1943,30,0
TXN01809,2026-01-17 21:58:00,Payment,143.47,Bengaluru,20,772,37,0
TXN07275,2026-01-17 22:02:00,Withdrawal,109.49,Hyderabad,18,806,4,0
TXN06104,2026-01-17 22:08:00,Payment,353.12,Jaipur,66,932,58,0
TXN03539,2026-01-17 22:11:00,Payment,123.0,Kolkata,34,363,30,0
TXN01839,2026-01-17 22:12:00,Payment,201.45,Jaipur,53,929,17,0
TXN01588,2026-01-17 22:12:00,Payment,122.05,Pune,29,172,15,0
TXN00372,2026-01-17 22:22:00,Payment,1221.57,Pune,50,737,23,0
TXN06672,2026-01-17 22:23:00,Payment,79.22,Mumbai,53,2062,21,1
TXN03726,2026-01-17 22:24:00,Transfer,576.77,Hyderabad,42,2333,57,0
TXN06120,2026-01-17 22:26:00,Payment,176.27,Kolkata,66,1240,80,0
TXN02853,2026-01-17 22:26:00,Payment,424.63,Jaipur,18,1875,20,0
TXN00829,2026-01-17 22:27:00,Payment,160.11,Delhi,40,816,9,0
TXN02261,2026-01-17 22:29:00,Payment,212.07,Chennai,55,536,29,0
TXN04796,2026-01-17 22:32:00,Payment,82.14,Pune,44,1695,72,0
TXN02368,2026-01-17 22:33:00,Payment,690.97,Kolkata,45,434,73,0
TXN03448,2026-01-17 22:38:00,Payment,75.62,Chennai,42,1563,23,0
TXN06956,2026-01-17 22:49:00,Payment,1316.41,Chennai,43,1492,41,0
TXN03481,2026-01-17 22:52:00,Withdrawal,139.36,Kolkata,22,2431,52,0
TXN09008,2026-01-17 22:53:00,Payment,642.27,Ahmedabad,59,1244,37,0
TXN09964,2026-01-17 22:54:00,Withdrawal,82.68,Pune,64,231,6,0
TXN00313,2026-01-17 22:55:00,Payment,60.23,Pune,30,819,8,0
TXN00006,2026-01-17 22:56:00,Payment,56.51,Bengaluru,42,624,18,0
TXN00151,2026-01-18 08:04:00,Payment,191.0,Mumbai,67,1438,142,0
TXN04955,2026-01-18 08:04:00,Payment,224.27,Hyderabad,45,752,18,0
TXN06301,2026-01-18 08:05:00,Transfer,167.31,Pune,63,767,31,0
TXN08969,2026-01-18 08:05:00,Withdrawal,168.61,Chennai,46,1674,61,0
TXN03665,2026-01-18 08:07:00,Transfer,63.35,Chennai,24,938,33,0
TXN05711,2026-01-18 08:08:00,Transfer,140.13,Bengaluru,67,514,62,0
TXN04472,2026-01-18 08:12:00,Payment,250.13,Chennai,27,896,18,1
TXN08691,2026-01-18 08:12:00,Transfer,484.64,Delhi,21,991,62,0
TXN01751,2026-01-18 08:17:00,Withdrawal,985.77,Ahmedabad,61,205,20,0
TXN02824,2026-01-18 08:19:00,Payment,2294.29,Hyderabad,62,819,44,0
TXN02208,2026-01-18 08:22:00,Payment,394.64,Chennai,63,613,20,0
TXN09736,2026-01-18 08:25:00,Payment,300.02,Chennai,36,1310,30,0
TXN08849,2026-01-18 08:26:00,Transfer,113.01,Pune,52,969,141,0
TXN01150,2026-01-18 08:27:00,Payment,27.53,Chennai,32,533,103,0
TXN03838,2026-01-18 08:28:00,Transfer,133.03,Bengaluru,34,703,161,0
TXN03977,2026-01-18 08:31:00,Payment,145.75,Hyderabad,38,810,92,0
TXN09641,2026-01-18 08:31:00,Payment,78.04,Pune,41,1496,44,0
TXN06173,2026-01-18 08:38:00,Payment,87.15,Jaipur,43,159,64,0
TXN02894,2026-01-18 08:41:00,Payment,288.88,Kolkata,68,645,95,0
TXN06198,2026-01-18 08:41:00,Transfer,651.75,Mumbai,22,1846,26,0
TXN04645,2026-01-18 08:41:00,Transfer,148.22,Pune,64,779,99,0
TXN00572,2026-01-18 08:44:00,Payment,273.56,Chennai,63,552,12,0
TXN08839,2026-01-18 08:47:00,Transfer,65.34,Hyderabad,52,1037,9,0
TXN09061,2026-01-18 08:50:00,Withdrawal,131.51,Jaipur,46,633,16,0
TXN03653,2026-01-18 08:51:00,Transfer,53.44,Pune,57,713,9,1
TXN08287,2026-01-18 08:53:00,Payment,29.2,Jaipur,52,1023,32,1
TXN01784,2026-01-18 08:58:00,Payment,48.64,Ahmedabad,49,342,9,0
TXN02407,2026-01-18 09:01:00,Transfer,77.98,Ahmedabad,67,479,14,0
TXN07752,2026-01-18 09:02:00,Payment,273.69,Pune,48,575,28,0
TXN06908,2026-01-18 09:03:00,Withdrawal,159.87,Hyderabad,53,1600,9,0
TXN03832,2026-01-18 09:09:00,Withdrawal,84.83,Kolkata,64,526,33,0
TXN05092,2026-01-18 09:11:00,Payment,193.24,Bengaluru,56,271,51,0
TXN03531,2026-01-18 09:15:00,Payment,271.02,Pune,28,1567,50,0
TXN00506,2026-01-18 09:19:00,Transfer,68.64,Delhi,23,1860,50,0
TXN05106,2026-01-18 09:21:00,Payment,116.56,Bengaluru,31,772,52,0
TXN05459,2026-01-18 09:23:00,Payment,2256.11,Delhi,60,497,16,0
TXN05896,2026-01-18 09:23:00,Transfer,144.76,Bengaluru,36,888,10,0
TXN09275,2026-01-18 09:25:00,Payment,623.84,Delhi,66,1375,60,0
TXN02497,2026-01-18 09:27:00,Payment,330.58,Chennai,29,1217,15,0
TXN07574,2026-01-18 09:40:00,Payment,65.89,Ahmedabad,29,542,18,0
TXN02537,2026-01-18 09:41:00,Payment,338.42,Bengaluru,24,965,33,0
TXN01072,2026-01-18 09:44:00,Withdrawal,643.65,Mumbai,26,1035,17,1
TXN04939,2026-01-18 09:50:00,Transfer,643.45,Chennai,63,1450,46,0
TXN06022,2026-01-18 09:53:00,Payment,8619.88,Ahmedabad,36,63,46,0
TXN06231,2026-01-18 09:57:00,Transfer,259.38,Delhi,53,838,57,0
TXN08238,2026-01-18 09:57:00,Transfer,77.28,Jaipur,63,1420,89,0
TXN01443,2026-01-18 09:57:00,Transfer,297.35,Bengaluru,46,495,7,0
TXN04167,2026-01-18 10:00:00,Withdrawal,104.26,Bengaluru,59,2187,12,0
TXN04136,2026-01-18 10:02:00,Payment,554.77,Chennai,53,1364,11,0
TXN09059,2026-01-18 10:05:00,Payment,343.34,Jaipur,51,2054,19,0
TXN07855,2026-01-18 10:06:00,Transfer,184.34,Mumbai,38,870,18,0
TXN00978,2026-01-18 10:10:00,Withdrawal,436.68,Ahmedabad,61,391,98,0
TXN04523,2026-01-18 10:10:00,Transfer,130.83,Chennai,57,622,9,0
TXN06413,2026-01-18 10:13:00,Payment,78.59,Bengaluru,65,571,21,0
TXN09812,2026-01-18 10:18:00,Payment,165.89,Mumbai,53,507,94,0
TXN09086,2026-01-18 10:19:00,Payment,173.74,Pune,69,891,106,0
TXN02307,2026-01-18 10:29:00,Payment,13.2,Delhi,36,768,69,0
TXN02333,2026-01-18 10:34:00,Withdrawal,282.37,Hyderabad,69,609,96,0
TXN02993,2026-01-18 10:35:00,Payment,333.91,Delhi,66,1272,75,0
TXN05670,2026-01-18 10:39:00,Transfer,825.68,Mumbai,50,863,27,0
TXN02127,2026-01-18 10:40:00,Transfer,218.48,Delhi,53,1831,94,0
TXN05516,2026-01-18 10:46:00,Payment,20.88,Bengaluru,23,693,96,0
TXN00747,2026-01-18 10:49:00,Transfer,110.37,Chennai,38,501,18,1
TXN07635,2026-01-18 10:54:00,Transfer,1447.2,Delhi,67,1154,51,0
TXN07295,2026-01-18 11:01:00,Payment,393.09,Pune,38,564,47,0
TXN01936,2026-01-18 11:03:00,Payment,636.89,Pune,26,1070,54,0
TXN09989,2026-01-18 11:04:00,Withdrawal,171.78,Pune,69,644,75,0
TXN08919,2026-01-18 11:05:00,Payment,1298.07,Kolkata,32,1008,48,0
TXN01236,2026-01-18 11:08:00,Withdrawal,288.63,Jaipur,59,451,14,0
TXN00633,2026-01-18 11:09:00,Payment,255.46,Kolkata,20,351,76,0
TXN00729,2026-01-18 11:12:00,Payment,613.23,Chennai,38,179,73,0
TXN02177,2026-01-18 11:21:00,Transfer,88.03,Mumbai,50,992,7,1
TXN04200,2026-01-18 11:21:00,Withdrawal,179.65,Jaipur,24,800,2,0
TXN00373,2026-01-18 11:22:00,Payment,565.99,Mumbai,42,826,91,0
TXN05041,2026-01-18 11:22:00,Withdrawal,1081.69,Ahmedabad,52,1935,21,0
TXN09979,2026-01-18 11:32:00,Payment,1714.18,Pune,29,1387,21,0
TXN08325,2026-01-18 11:38:00,Payment,265.95,Chennai,27,86,42,0
TXN03366,2026-01-18 11:40:00,Transfer,31.63,Kolkata,68,629,7,0
TXN02183,2026-01-18 11:44:00,Payment,781.42,Ahmedabad,32,651,45,0
TXN04483,2026-01-18 11:46:00,Payment,425.08,Jaipur,35,1445,34,0
TXN05991,2026-01-18 11:50:00,Payment,635.72,Bengaluru,64,1002,8,0
TXN05774,2026-01-18 11:54:00,Withdrawal,205.71,Mumbai,60,934,77,0
TXN08484,2026-01-18 11:55:00,Payment,54.97,Pune,51,493,22,0
TXN01203,2026-01-18 11:56:00,Transfer,175.38,Delhi,26,1170,57,0
TXN09777,2026-01-18 11:59:00,Withdrawal,105.72,Hyderabad,52,1726,53,0
TXN01054,2026-01-18 11:59:00,Withdrawal,384.22,Ahmedabad,67,372,26,0
TXN00554,2026-01-18 12:00:00,Transfer,425.69,Hyderabad,18,695,78,0
TXN05446,2026-01-18 12:01:00,Payment,114.01,Bengaluru,61,855,63,0
TXN03175,2026-01-18 12:02:00,Withdrawal,180.78,Bengaluru,23,1236,57,0
TXN07520,2026-01-18 12:13:00,Transfer,1806.73,Chennai,23,1058,72,0
TXN01935,2026-01-18 12:14:00,Payment,169.07,Chennai,39,666,19,0
TXN04081,2026-01-18 12:18:00,Payment,234.53,Chennai,63,3556,23,0
TXN00042,2026-01-18 12:24:00,Payment,1994.8,Bengaluru,45,704,23,0
TXN08808,2026-01-18 12:30:00,Transfer,824.19,Delhi,19,967,51,0
TXN07404,2026-01-18 12:32:00,Transfer,126.76,Hyderabad,32,849,35,0
TXN04831,2026-01-18 12:35:00,Withdrawal,256.72,Pune,67,1687,43,0
TXN04026,2026-01-18 12:36:00,Payment,789.11,Chennai,26,1330,32,0
TXN04146,2026-01-18 12:46:00,Withdrawal,243.2,Delhi,21,1527,26,0
TXN05556,2026-01-18 12:52:00,Payment,21.28,Ahmedabad,57,614,50,0
TXN06271,2026-01-18 12:53:00,Withdrawal,286.97,Pune,68,943,31,1
TXN09918,2026-01-18 13:07:00,Transfer,200.7,Ahmedabad,51,1177,72,0
TXN09759,2026-01-18 13:07:00,Payment,457.47,Chennai,65,1077,25,0
TXN03284,2026-01-18 13:08:00,Withdrawal,38.65,Mumbai,25,640,41,0
TXN00547,2026-01-18 13:16:00,Withdrawal,138.96,Mumbai,58,1557,62,0
TXN05134,2026-01-18 13:16:00,Withdrawal,88.33,Pune,43,776,43,0
TXN02974,2026-01-18 13:16:00,Transfer,45.46,Chennai,22,1424,47,1
TXN05604,2026-01-18 13:16:00,Payment,12.1,Bengaluru,36,393,79,0
TXN00967,2026-01-18 13:17:00,Payment,102.96,Kolkata,69,2668,35,0
TXN01120,2026-01-18 13:19:00,Payment,2605.48,Hyderabad,44,2840,48,0
TXN02452,2026-01-18 13:21:00,Transfer,324.29,Hyderabad,47,882,53,0
TXN05143,2026-01-18 13:21:00,Payment,1635.27,Hyderabad,27,790,49,0
TXN04568,2026-01-18 13:27:00,Withdrawal,195.23,Kolkata,39,653,36,0
TXN00171,2026-01-18 13:32:00,Transfer,544.79,Kolkata,62,781,5,0
TXN00508,2026-01-18 13:34:00,Payment,159.05,Delhi,65,2137,43,0
TXN09526,2026-01-18 13:44:00,Payment,207.96,Bengaluru,50,121,17,0
TXN03724,2026-01-18 13:48:00,Transfer,434.56,Bengaluru,43,122,8,0
TXN07641,2026-01-18 13:52:00,Payment,63.44,Pune,19,706,25,0
TXN02323,2026-01-18 13:54:00,Payment,180.08,Bengaluru,53,1503,120,0
TXN08247,2026-01-18 13:54:00,Payment,251.92,Chennai,21,677,47,0
TXN08132,2026-01-18 13:54:00,Payment,321.56,Jaipur,68,427,7,0
TXN01456,2026-01-18 13:59:00,Transfer,22.95,Bengaluru,55,696,17,0
TXN04700,2026-01-18 14:00:00,Payment,2663.94,Jaipur,23,424,51,0
TXN06260,2026-01-18 14:02:00,Transfer,68.29,Bengaluru,35,745,37,1
TXN01850,2026-01-18 14:02:00,Payment,1275.24,Delhi,48,720,16,0
TXN01397,2026-01-18 14:07:00,Payment,137.01,Hyderabad,67,325,35,0
TXN09495,2026-01-18 14:09:00,Payment,74.69,Kolkata,41,1075,14,0
TXN04985,2026-01-18 14:13:00,Withdrawal,176.41,Mumbai,30,390,58,0
TXN02359,2026-01-18 14:14:00,Payment,74.09,Jaipur,46,1015,4,0
TXN04512,2026-01-18 14:16:00,Withdrawal,426.81,Mumbai,39,223,67,0
TXN03931,2026-01-18 14:17:00,Transfer,2836.45,Pune,63,107,39,1
TXN06744,2026-01-18 14:22:00,Payment,286.87,Bengaluru,27,998,25,0
TXN04789,2026-01-18 14:25:00,Payment,73.07,Mumbai,61,472,76,0
TXN09664,2026-01-18 14:25:00,Payment,379.51,Mumbai,42,1044,22,0
TXN07689,2026-01-18 14:27:00,Transfer,346.32,Delhi,61,373,16,0
TXN08956,2026-01-18 14:32:00,Payment,110.51,Jaipur,58,1606,90,0
TXN02843,2026-01-18 14:35:00,Payment,335.79,Pune,32,1174,36,0
TXN02352,2026-01-18 14:37:00,Payment,190.84,Ahmedabad,28,1245,102,0
TXN04679,2026-01-18 14:38:00,Payment,328.85,Kolkata,65,495,30,0
TXN03357,2026-01-18 14:39:00,Transfer,255.03,Delhi,31,587,97,0
TXN00136,2026-01-18 14:39:00,Transfer,190.57,Hyderabad,36,1063,44,0
TXN00817,2026-01-18 14:41:00,Transfer,276.37,Delhi,51,468,28,0
TXN06707,2026-01-18 14:46:00,Withdrawal,157.64,Kolkata,38,976,47,0
TXN00614,2026-01-18 14:48:00,Transfer,443.11,Jaipur,47,443,51,1
TXN00612,2026-01-18 14:49:00,Payment,548.04,Ahmedabad,34,1468,26,0
TXN06165,2026-01-18 14:58:00,Transfer,90.36,Pune,60,2607,6,0
TXN01447,2026-01-18 14:59:00,Transfer,179.9,Delhi,36,975,49,0
TXN03846,2026-01-18 15:01:00,Payment,23.33,Bengaluru,22,317,17,0
TXN05164,2026-01-18 15:04:00,Transfer,867.57,Jaipur,19,329,80,0
TXN08338,2026-01-18 15:08:00,Payment,798.49,Chennai,63,317,36,0
TXN01117,2026-01-18 15:08:00,Payment,150.25,Kolkata,63,631,37,0
TXN04482,2026-01-18 15:09:00,Payment,591.43,Kolkata,67,853,151,0
TXN06236,2026-01-18 15:10:00,Payment,124.87,Mumbai,69,1270,40,0
TXN08062,2026-01-18 15:10:00,Withdrawal,135.85,Delhi,28,2364,70,0
TXN03687,2026-01-18 15:16:00,Payment,137.79,Jaipur,20,1238,13,0
TXN00914,2026-01-18 15:17:00,Transfer,315.75,Mumbai,64,341,57,0
TXN01407,2026-01-18 15:21:00,Withdrawal,1357.69,Jaipur,61,756,71,0
TXN04518,2026-01-18 15:24:00,Payment,118.53,Hyderabad,31,153,38,0
TXN07259,2026-01-18 15:27:00,Payment,623.86,Mumbai,62,192,28,0
TXN01835,2026-01-18 15:29:00,Withdrawal,94.54,Hyderabad,32,970,152,0
TXN04435,2026-01-18 15:30:00,Payment,97.09,Pune,30,1194,27,0
TXN00290,2026-01-18 15:30:00,Withdrawal,152.99,Pune,68,345,44,0
TXN06263,2026-01-18 15:31:00,Withdrawal,174.57,Chennai,59,2522,32,0
TXN07780,2026-01-18 15:33:00,Transfer,6.06,Jaipur,44,967,34,0
TXN01017,2026-01-18 15:33:00,Transfer,68.21,Hyderabad,48,1014,76,0
TXN07464,2026-01-18 15:33:00,Payment,139.01,Kolkata,60,1807,4,0
TXN07407,2026-01-18 15:34:00,Payment,651.2,Chennai,28,264,17,0
TXN03844,2026-01-18 15:36:00,Withdrawal,82.61,Delhi,47,1286,65,0
TXN02187,2026-01-18 15:52:00,Transfer,371.44,Mumbai,28,588,9,0
TXN05490,2026-01-18 15:55:00,Payment,49.87,Mumbai,41,1950,48,0
TXN06651,2026-01-18 15:56:00,Transfer,3788.08,Bengaluru,39,2252,39,1
TXN04921,2026-01-18 15:56:00,Payment,643.02,Chennai,53,1210,44,0
TXN08061,2026-01-18 15:57:00,Payment,154.54,Kolkata,18,862,3,1
TXN03139,2026-01-18 16:01:00,Payment,462.69,Bengaluru,49,1404,8,0
TXN03048,2026-01-18 16:03:00,Payment,544.11,Bengaluru,53,309,23,0
TXN08084,2026-01-18 16:07:00,Payment,1008.35,Hyderabad,28,539,58,0
TXN02041,2026-01-18 16:08:00,Transfer,1075.36,Bengaluru,45,1736,22,1
TXN05156,2026-01-18 16:09:00,Transfer,87.19,Mumbai,52,907,7,0
TXN07064,2026-01-18 16:15:00,Payment,1047.63,Bengaluru,19,617,66,0
TXN09766,2026-01-18 16:16:00,Payment,608.98,Delhi,59,950,56,0
TXN07744,2026-01-18 16:17:00,Transfer,66.16,Pune,43,654,36,0
TXN07530,2026-01-18 16:19:00,Transfer,107.32,Hyderabad,31,967,107,0
TXN08916,2026-01-18 16:24:00,Payment,355.62,Bengaluru,57,3233,19,0
TXN04661,2026-01-18 16:25:00,Transfer,139.12,Mumbai,28,740,58,0
TXN00507,2026-01-18 16:28:00,Payment,109.06,Pune,18,167,64,0
TXN05345,2026-01-18 16:31:00,Transfer,895.34,Ahmedabad,52,547,41,0
TXN04836,2026-01-18 16:36:00,Payment,204.52,Mumbai,39,2126,160,0
TXN07561,2026-01-18 16:36:00,Payment,122.95,Pune,52,725,76,0
TXN05131,2026-01-18 16:42:00,Transfer,85.07,Jaipur,21,882,52,0
TXN04227,2026-01-18 16:44:00,Withdrawal,159.01,Jaipur,42,841,58,0
TXN07982,2026-01-18 16:47:00,Payment,331.37,Hyderabad,23,348,59,0
TXN02673,2026-01-18 16:58:00,Withdrawal,552.82,Ahmedabad,59,2269,36,1
TXN06009,2026-01-18 16:59:00,Payment,37.95,Jaipur,54,1362,35,0
TXN00259,2026-01-18 17:00:00,Withdrawal,805.95,Jaipur,35,568,58,0
TXN06842,2026-01-18 17:00:00,Transfer,144.1,Delhi,31,576,67,0
TXN08284,2026-01-18 17:02:00,Payment,334.31,Delhi,29,1141,38,0
TXN07278,2026-01-18 17:04:00,Transfer,352.77,Bengaluru,51,448,174,0
TXN00598,2026-01-18 17:05:00,Payment,692.45,Kolkata,44,1003,47,0
TXN09780,2026-01-18 17:06:00,Transfer,265.41,Bengaluru,67,564,16,0
TXN08469,2026-01-18 17:06:00,Transfer,235.12,Pune,53,1086,16,0
TXN09909,2026-01-18 17:15:00,Payment,142.95,Pune,63,2600,72,1
TXN07441,2026-01-18 17:16:00,Withdrawal,81.73,Hyderabad,48,1128,11,1
TXN03800,2026-01-18 17:19:00,Payment,3848.72,Pune,67,2051,108,1
TXN07885,2026-01-18 17:22:00,Withdrawal,332.94,Jaipur,31,1090,16,0
TXN01564,2026-01-18 17:23:00,Payment,36.81,Hyderabad,54,798,98,0
TXN03037,2026-01-18 17:26:00,Payment,142.93,Jaipur,40,537,9,0
TXN00958,2026-01-18 17:27:00,Transfer,228.01,Delhi,31,1443,26,0
TXN01507,2026-01-18 17:30:00,Transfer,146.55,Hyderabad,68,293,41,0
TXN01924,2026-01-18 17:30:00,Payment,26.72,Hyderabad,41,1552,15,0
TXN07987,2026-01-18 17:31:00,Transfer,368.41,Mumbai,42,1139,37,0
TXN02726,2026-01-18 17:33:00,Transfer,275.93,Bengaluru,21,777,21,0
TXN04839,2026-01-18 17:33:00,Transfer,380.08,Pune,26,596,32,0
TXN01231,2026-01-18 17:33:00,Payment,241.04,Pune,48,844,22,0
TXN07291,2026-01-18 17:34:00,Payment,125.55,Pune,36,593,34,0
TXN09922,2026-01-18 17:39:00,Transfer,709.26,Chennai,43,2463,42,0
TXN07590,2026-01-18 17:58:00,Transfer,352.07,Chennai,48,387,27,0
TXN08021,2026-01-18 18:00:00,Payment,86.21,Chennai,36,513,16,0
TXN00033,2026-01-18 18:01:00,Payment,166.53,Chennai,52,561,17,0
TXN00679,2026-01-18 18:03:00,Transfer,200.14,Bengaluru,66,866,74,0
TXN08458,2026-01-18 18:03:00,Transfer,139.35,Mumbai,42,1623,67,0
TXN05236,2026-01-18 18:04:00,Payment,890.96,Jaipur,44,742,8,0
TXN01787,2026-01-18 18:04:00,Payment,129.74,Delhi,41,1846,191,0
TXN04975,2026-01-18 18:04:00,Transfer,105.34,Jaipur,57,2991,47,1
TXN06006,2026-01-18 18:05:00,Payment,112.6,Jaipur,32,1360,43,0
TXN08487,2026-01-18 18:17:00,Payment,65.7,Bengaluru,27,460,61,0
TXN03196,2026-01-18 18:23:00,Transfer,105.15,Ahmedabad,23,665,45,0
TXN08229,2026-01-18 18:23:00,Payment,432.84,Delhi,42,1095,18,0
TXN09634,2026-01-18 18:24:00,Transfer,91.81,Kolkata,46,399,26,0
TXN08139,2026-01-18 18:24:00,Payment,170.35,Bengaluru,31,708,64,0
TXN02874,2026-01-18 18:26:00,Transfer,122.6,Hyderabad,43,981,31,0
TXN03982,2026-01-18 18:30:00,Transfer,167.74,Pune,53,783,34,0
TXN07630,2026-01-18 18:39:00,Transfer,279.32,Hyderabad,33,2358,12,0
TXN01635,2026-01-18 18:40:00,Payment,249.59,Mumbai,50,988,56,0
TXN02505,2026-01-18 18:40:00,Payment,385.93,Mumbai,30,986,27,0
TXN09596,2026-01-18 18:41:00,Withdrawal,25.27,Delhi,58,1545,11,0
TXN09030,2026-01-18 18:42:00,Payment,110.06,Mumbai,33,428,58,0
TXN04005,2026-01-18 18:43:00,Withdrawal,1778.25,Kolkata,45,354,27,0
TXN08070,2026-01-18 18:50:00,Payment,48.64,Jaipur,28,848,33,0
TXN08603,2026-01-18 18:50:00,Transfer,74.29,Mumbai,36,1047,29,0
TXN04978,2026-01-18 18:54:00,Payment,39.93,Mumbai,19,987,30,0
TXN06481,2026-01-18 19:07:00,Payment,880.37,Pune,69,182,90,0
TXN00059,2026-01-18 19:08:00,Withdrawal,1211.34,Bengaluru,52,234,74,0
TXN00575,2026-01-18 19:13:00,Payment,366.89,Delhi,32,1373,19,0
TXN09891,2026-01-18 19:19:00,Payment,189.92,Jaipur,67,548,6,0
TXN00564,2026-01-18 19:21:00,Payment,12.06,Bengaluru,26,277,54,0
TXN06297,2026-01-18 19:23:00,Payment,34.09,Pune,42,2059,109,0
TXN09730,2026-01-18 19:25:00,Payment,47.24,Mumbai,41,287,175,0
TXN07532,2026-01-18 19:25:00,Payment,43.56,Ahmedabad,31,939,2,0
TXN09882,2026-01-18 19:26:00,Withdrawal,244.68,Pune,35,186,70,1
TXN04480,2026-01-18 19:28:00,Transfer,329.58,Hyderabad,65,2849,63,0
TXN04631,2026-01-18 19:28:00,Transfer,617.87,Jaipur,52,718,71,0
TXN09537,2026-01-18 19:28:00,Transfer,80.16,Bengaluru,49,384,27,0
TXN08988,2026-01-18 19:30:00,Payment,142.14,Bengaluru,48,603,82,0
TXN00787,2026-01-18 19:39:00,Transfer,364.05,Kolkata,65,287,31,0
TXN04675,2026-01-18 19:41:00,Transfer,117.03,Bengaluru,48,1214,30,0
TXN09649,2026-01-18 19:45:00,Transfer,55.81,Delhi,31,404,52,0
TXN00544,2026-01-18 19:47:00,Payment,117.28,Chennai,66,644,81,0
TXN04691,2026-01-18 19:47:00,Transfer,56.92,Pune,65,1517,46,0
TXN06621,2026-01-18 19:49:00,Transfer,1680.18,Delhi,20,1138,79,0
TXN08259,2026-01-18 19:49:00,Payment,39.4,Hyderabad,32,851,76,0
TXN07858,2026-01-18 19:53:00,Payment,78.81,Kolkata,39,337,42,0
TXN07410,2026-01-18 19:53:00,Payment,297.87,Jaipur,52,1100,89,0
TXN03879,2026-01-18 19:58:00,Withdrawal,125.45,Mumbai,50,446,5,0
TXN05177,2026-01-18 20:02:00,Payment,331.68,Ahmedabad,24,201,57,0
TXN02111,2026-01-18 20:03:00,Transfer,202.07,Kolkata,47,901,27,0
TXN06202,2026-01-18 20:05:00,Transfer,1518.19,Chennai,47,2802,63,0
TXN02136,2026-01-18 20:08:00,Transfer,179.07,Bengaluru,21,817,57,0
TXN04535,2026-01-18 20:11:00,Payment,868.97,Kolkata,68,1059,42,0
TXN07411,2026-01-18 20:13:00,Withdrawal,172.96,Delhi,59,464,143,0
TXN06133,2026-01-18 20:23:00,Transfer,212.44,Delhi,67,853,10,0
TXN09207,2026-01-18 20:26:00,Payment,340.19,Mumbai,63,311,19,0
TXN00680,2026-01-18 20:26:00,Payment,428.26,Mumbai,66,1150,78,1
TXN05771,2026-01-18 20:29:00,Transfer,1405.11,Pune,30,511,80,0
TXN03962,2026-01-18 20:32:00,Payment,666.98,Ahmedabad,69,1157,84,0
TXN03571,2026-01-18 20:35:00,Transfer,550.96,Pune,21,702,71,0
TXN06424,2026-01-18 20:39:00,Transfer,1091.17,Hyderabad,69,1041,47,0
TXN03906,2026-01-18 20:40:00,Payment,106.96,Kolkata,62,858,80,0
TXN04010,2026-01-18 20:45:00,Transfer,249.45,Delhi,67,1477,19,0
TXN00917,2026-01-18 20:46:00,Withdrawal,730.47,Mumbai,48,246,41,0
TXN04968,2026-01-18 20:48:00,Transfer,161.51,Hyderabad,39,971,30,0
TXN07871,2026-01-18 20:49:00,Withdrawal,100.51,Mumbai,21,1667,61,0
TXN03826,2026-01-18 20:53:00,Payment,216.67,Bengaluru,55,364,33,0
TXN08606,2026-01-18 21:01:00,Payment,930.07,Pune,55,1592,11,0
TXN01750,2026-01-18 21:06:00,Payment,172.95,Delhi,48,1795,35,0
TXN02702,2026-01-18 21:12:00,Payment,155.89,Chennai,25,464,29,0
TXN00004,2026-01-18 21:13:00,Payment,441.57,Mumbai,51,752,37,0
TXN01888,2026-01-18 21:13:00,Payment,48.97,Jaipur,18,434,43,0
TXN09228,2026-01-18 21:16:00,Withdrawal,66.47,Delhi,61,758,53,0
TXN07466,2026-01-18 21:17:00,Payment,141.7,Hyderabad,50,1592,45,0
TXN03830,2026-01-18 21:17:00,Payment,323.46,Pune,27,674,76,0
TXN05161,2026-01-18 21:30:00,Payment,181.81,Delhi,61,179,12,1
TXN04251,2026-01-18 21:30:00,Transfer,2424.84,Pune,59,493,61,0
TXN04714,2026-01-18 21:31:00,Withdrawal,764.26,Bengaluru,64,1703,47,0
TXN04979,2026-01-18 21:40:00,Payment,4478.33,Chennai,28,551,43,0
TXN07701,2026-01-18 21:41:00,Payment,163.97,Delhi,27,886,32,1
TXN03115,2026-01-18 21:47:00,Withdrawal,455.37,Jaipur,27,1155,51,0
TXN05590,2026-01-18 21:47:00,Payment,77.26,Mumbai,20,983,39,0
TXN02419,2026-01-18 21:48:00,Payment,344.52,Delhi,60,69,39,0
TXN08067,2026-01-18 21:50:00,Transfer,683.27,Pune,38,478,51,1
TXN06160,2026-01-18 21:54:00,Payment,135.35,Hyderabad,22,716,43,0
TXN06545,2026-01-18 21:55:00,Payment,1438.42,Jaipur,22,696,12,0
TXN05989,2026-01-18 22:02:00,Withdrawal,394.92,Mumbai,52,1046,11,0
TXN02540,2026-01-18 22:04:00,Payment,754.38,Jaipur,34,598,101,0
TXN01773,2026-01-18 22:10:00,Payment,65.21,Bengaluru,32,169,50,0
TXN09171,2026-01-18 22:10:00,Transfer,280.23,Hyderabad,57,860,49,0
TXN07265,2026-01-18 22:14:00,Payment,410.29,Ahmedabad,18,770,49,0
TXN04137,2026-01-18 22:15:00,Payment,208.81,Delhi,47,986,88,0
TXN05845,2026-01-18 22:15:00,Payment,204.68,Mumbai,64,1375,8,0
TXN00556,2026-01-18 22:19:00,Transfer,12.55,Mumbai,23,1225,150,0
TXN05504,2026-01-18 22:19:00,Payment,100.5,Hyderabad,64,682,76,0
TXN07972,2026-01-18 22:21:00,Withdrawal,2457.38,Pune,29,755,26,0
TXN02708,2026-01-18 22:23:00,Payment,172.67,Mumbai,29,629,23,0
TXN07049,2026-01-18 22:23:00,Transfer,32.24,Ahmedabad,33,1483,24,0
TXN01403,2026-01-18 22:24:00,Transfer,67.89,Mumbai,64,708,38,0
TXN09362,2026-01-18 22:25:00,Withdrawal,49.71,Hyderabad,26,2272,16,0
TXN06457,2026-01-18 22:26:00,Payment,109.25,Ahmedabad,35,1758,12,0
TXN03975,2026-01-18 22:27:00,Transfer,1303.66,Kolkata,33,254,26,0
TXN01004,2026-01-18 22:27:00,Withdrawal,98.15,Ahmedabad,31,680,40,0
TXN06075,2026-01-18 22:29:00,Payment,91.39,Hyderabad,33,1216,86,0
TXN04003,2026-01-18 22:30:00,Transfer,320.84,Chennai,66,848,110,0
TXN00948,2026-01-18 22:35:00,Payment,18.69,Delhi,63,329,154,0
TXN08859,2026-01-18 22:36:00,Payment,153.89,Kolkata,30,223,111,0
TXN00910,2026-01-18 22:37:00,Transfer,267.35,Bengaluru,35,427,54,0
TXN04029,2026-01-18 22:38:00,Transfer,293.95,Bengaluru,53,311,53,0
TXN07345,2026-01-18 22:43:00,Payment,379.52,Delhi,40,964,5,0
TXN03025,2026-01-18 22:44:00,Payment,96.26,Hyderabad,32,49,22,1
TXN07363,2026-01-18 22:45:00,Withdrawal,189.69,Pune,35,305,7,1
TXN08671,2026-01-18 22:46:00,Payment,75.27,Pune,52,625,38,0
TXN09933,2026-01-18 22:47:00,Withdrawal,287.49,Chennai,40,1024,27,0
TXN02211,2026-01-18 22:51:00,Transfer,30.69,Hyderabad,36,1451,37,0
TXN09821,2026-01-18 22:52:00,Payment,61.31,Mumbai,28,334,63,0
TXN06879,2026-01-18 22:53:00,Payment,295.63,Chennai,18,955,21,0
TXN06020,2026-01-18 22:56:00,Payment,885.44,Jaipur,30,606,103,0
TXN03878,2026-01-19 08:02:00,Payment,519.23,Bengaluru,58,200,41,0
TXN06349,2026-01-19 08:10:00,Payment,415.25,Chennai,18,2119,49,0
TXN04995,2026-01-19 08:12:00,Payment,570.48,Pune,57,1251,66,0
TXN09376,2026-01-19 08:12:00,Payment,19.69,Mumbai,32,1384,124,1
TXN06076,2026-01-19 08:13:00,Payment,295.16,Mumbai,18,389,37,0
TXN02265,2026-01-19 08:13:00,Transfer,2855.79,Delhi,62,1927,19,0
TXN00715,2026-01-19 08:14:00,Transfer,31.31,Bengaluru,35,981,139,0
TXN06265,2026-01-19 08:16:00,Withdrawal,72.68,Delhi,54,996,71,1
TXN01340,2026-01-19 08:21:00,Payment,60.79,Bengaluru,32,1641,44,0
TXN08290,2026-01-19 08:22:00,Transfer,187.71,Delhi,27,958,84,0
TXN01293,2026-01-19 08:35:00,Transfer,96.37,Jaipur,32,1367,35,0
TXN05288,2026-01-19 08:36:00,Withdrawal,293.65,Chennai,18,829,33,0
TXN08456,2026-01-19 08:37:00,Transfer,92.55,Ahmedabad,18,867,65,1
TXN00939,2026-01-19 08:39:00,Payment,76.05,Delhi,26,839,28,0
TXN03400,2026-01-19 08:41:00,Payment,200.06,Bengaluru,55,290,115,0
TXN03151,2026-01-19 08:42:00,Payment,294.39,Hyderabad,54,1294,45,0
TXN08891,2026-01-19 08:48:00,Payment,69.2,Mumbai,63,1144,41,0
TXN07056,2026-01-19 08:51:00,Payment,337.71,Delhi,51,393,82,0
TXN05052,2026-01-19 08:51:00,Transfer,88.66,Chennai,40,812,21,0
TXN06048,2026-01-19 08:55:00,Transfer,203.15,Mumbai,69,1533,38,0
TXN02709,2026-01-19 08:55:00,Withdrawal,525.24,Mumbai,63,438,66,0
TXN01953,2026-01-19 08:56:00,Transfer,121.87,Bengaluru,48,1432,50,0
TXN02939,2026-01-19 08:58:00,Payment,393.68,Hyderabad,36,798,11,0
TXN02903,2026-01-19 08:59:00,Withdrawal,73.9,Chennai,19,150,30,0
TXN00645,2026-01-19 09:00:00,Transfer,1618.68,Delhi,33,1165,76,1
TXN09432,2026-01-19 09:01:00,Withdrawal,88.04,Bengaluru,19,643,32,0
TXN01172,2026-01-19 09:02:00,Payment,98.34,Pune,48,522,27,0
TXN01884,2026-01-19 09:02:00,Transfer,222.69,Bengaluru,68,620,37,0
TXN09688,2026-01-19 09:02:00,Withdrawal,477.31,Jaipur,56,945,90,0
TXN09221,2026-01-19 09:03:00,Withdrawal,2652.15,Bengaluru,53,1392,36,0
TXN03267,2026-01-19 09:03:00,Payment,572.95,Delhi,25,124,9,0
TXN02605,2026-01-19 09:05:00,Transfer,107.61,Ahmedabad,67,958,39,0
TXN06910,2026-01-19 09:10:00,Payment,400.96,Pune,68,1761,41,0
TXN02642,2026-01-19 09:17:00,Payment,329.63,Ahmedabad,35,2147,124,0
TXN05195,2026-01-19 09:19:00,Payment,127.92,Kolkata,68,1081,43,0
TXN02681,2026-01-19 09:21:00,Transfer,9.68,Ahmedabad,38,870,37,1
TXN03165,2026-01-19 09:26:00,Transfer,1564.23,Chennai,66,971,39,0
TXN05992,2026-01-19 09:28:00,Transfer,27.74,Mumbai,66,360,6,0
TXN08580,2026-01-19 09:33:00,Payment,633.84,Bengaluru,38,586,16,0
TXN05582,2026-01-19 09:33:00,Transfer,210.93,Pune,29,1385,45,0
TXN06213,2026-01-19 09:40:00,Payment,104.54,Ahmedabad,40,2400,43,0
TXN06492,2026-01-19 09:40:00,Payment,16.32,Delhi,21,297,92,0
TXN05686,2026-01-19 09:43:00,Withdrawal,12.37,Hyderabad,47,258,37,1
TXN03542,2026-01-19 09:54:00,Payment,329.19,Bengaluru,43,1686,39,0
TXN09535,2026-01-19 09:57:00,Payment,924.15,Jaipur,18,989,100,0
TXN09159,2026-01-19 09:58:00,Payment,55.16,Bengaluru,61,1160,27,0
TXN07258,2026-01-19 09:58:00,Transfer,1306.67,Bengaluru,23,1887,56,1
TXN09327,2026-01-19 09:59:00,Payment,387.15,Hyderabad,62,229,27,0
TXN03505,2026-01-19 10:01:00,Transfer,132.63,Kolkata,23,989,88,0
TXN01618,2026-01-19 10:07:00,Transfer,233.2,Mumbai,64,359,15,0
TXN01811,2026-01-19 10:08:00,Payment,443.19,Jaipur,22,236,39,0
TXN08959,2026-01-19 10:10:00,Payment,417.93,Delhi,19,1400,14,0
TXN06323,2026-01-19 10:12:00,Withdrawal,325.06,Hyderabad,64,603,22,0
TXN09573,2026-01-19 10:14:00,Transfer,344.9,Delhi,23,105,24,0
TXN02568,2026-01-19 10:15:00,Payment,465.75,Bengaluru,37,242,68,0
TXN00893,2026-01-19 10:17:00,Withdrawal,287.46,Bengaluru,19,683,23,1
TXN05890,2026-01-19 10:20:00,Payment,55.49,Bengaluru,40,296,60,1
TXN09413,2026-01-19 10:21:00,Transfer,48.78,Bengaluru,27,994,13,0
TXN07359,2026-01-19 10:26:00,Transfer,407.1,Delhi,24,1422,6,0
TXN08468,2026-01-19 10:28:00,Withdrawal,178.68,Chennai,51,1296,44,0
TXN00964,2026-01-19 10:31:00,Payment,963.3,Hyderabad,38,708,53,0
TXN07139,2026-01-19 10:32:00,Transfer,386.68,Bengaluru,63,2364,57,0
TXN06163,2026-01-19 10:33:00,Transfer,168.66,Kolkata,24,1520,30,1
TXN04182,2026-01-19 10:33:00,Payment,53.69,Kolkata,67,1259,120,0
TXN02101,2026-01-19 10:42:00,Payment,286.1,Chennai,46,1125,90,0
TXN03015,2026-01-19 10:43:00,Transfer,377.83,Pune,52,516,65,0
TXN04690,2026-01-19 10:46:00,Transfer,100.61,Chennai,68,609,79,0
TXN07782,2026-01-19 10:49:00,Transfer,396.55,Jaipur,53,478,42,0
TXN07255,2026-01-19 10:50:00,Payment,193.9,Jaipur,38,930,40,0
TXN07576,2026-01-19 10:50:00,Transfer,295.36,Mumbai,39,553,8,0
TXN01685,2026-01-19 10:51:00,Transfer,961.39,Mumbai,19,994,61,0
TXN05498,2026-01-19 10:56:00,Payment,109.15,Delhi,50,598,109,0
TXN07218,2026-01-19 10:57:00,Transfer,715.81,Hyderabad,31,621,5,0
TXN01263,2026-01-19 11:00:00,Payment,686.86,Chennai,23,1108,57,0
TXN04620,2026-01-19 11:02:00,Withdrawal,99.03,Delhi,39,1881,38,0
TXN02008,2026-01-19 11:04:00,Transfer,399.48,Hyderabad,47,1767,93,0
TXN00365,2026-01-19 11:11:00,Withdrawal,116.63,Ahmedabad,29,602,96,0
TXN08339,2026-01-19 11:12:00,Payment,34.33,Hyderabad,28,453,135,0
TXN00800,2026-01-19 11:12:00,Payment,13.42,Jaipur,49,166,22,0
TXN05950,2026-01-19 11:16:00,Payment,254.03,Pune,49,2654,28,0
TXN05386,2026-01-19 11:21:00,Transfer,146.47,Chennai,19,1941,47,0
TXN00023,2026-01-19 11:21:00,Withdrawal,468.82,Jaipur,55,1243,58,0
TXN01691,2026-01-19 11:23:00,Transfer,370.95,Pune,26,638,136,0
TXN00128,2026-01-19 11:24:00,Payment,73.85,Hyderabad,22,1465,41,0
TXN07648,2026-01-19 11:26:00,Transfer,590.94,Ahmedabad,20,438,11,0
TXN02032,2026-01-19 11:27:00,Transfer,571.41,Bengaluru,45,1716,98,0
TXN06479,2026-01-19 11:29:00,Payment,349.51,Chennai,66,1565,38,0
TXN03742,2026-01-19 11:30:00,Payment,194.97,Chennai,69,287,15,0
TXN06262,2026-01-19 11:36:00,Payment,412.0,Pune,54,920,16,0
TXN08875,2026-01-19 11:38:00,Transfer,193.85,Delhi,68,482,40,0
TXN07895,2026-01-19 11:41:00,Payment,1452.37,Kolkata,31,1872,42,0
TXN06019,2026-01-19 11:44:00,Withdrawal,503.11,Delhi,33,1597,33,0
TXN05277,2026-01-19 11:48:00,Payment,66.59,Bengaluru,30,1370,28,0
TXN08107,2026-01-19 11:49:00,Payment,47.82,Hyderabad,26,551,80,0
TXN04305,2026-01-19 11:57:00,Payment,113.79,Bengaluru,37,599,150,0
TXN04904,2026-01-19 12:12:00,Payment,112.24,Delhi,45,2133,31,0
TXN04937,2026-01-19 12:22:00,Transfer,850.19,Delhi,61,365,84,0
TXN07902,2026-01-19 12:24:00,Payment,333.59,Chennai,32,1073,45,0
TXN05091,2026-01-19 12:24:00,Payment,145.36,Kolkata,39,883,35,0
TXN02543,2026-01-19 12:31:00,Payment,578.88,Jaipur,18,554,41,0
TXN07819,2026-01-19 12:34:00,Withdrawal,61.79,Chennai,23,242,13,0
TXN06164,2026-01-19 12:39:00,Withdrawal,189.65,Chennai,47,567,22,0
TXN04522,2026-01-19 12:41:00,Transfer,834.45,Chennai,25,1076,26,1
TXN00285,2026-01-19 12:42:00,Withdrawal,218.1,Delhi,25,200,18,0
TXN01411,2026-01-19 12:42:00,Payment,60.64,Delhi,27,281,32,0
TXN08022,2026-01-19 12:44:00,Transfer,51.9,Chennai,56,1000,63,1
TXN04761,2026-01-19 12:47:00,Transfer,94.16,Hyderabad,55,929,21,0
TXN05088,2026-01-19 12:49:00,Payment,439.2,Bengaluru,61,1208,66,0
TXN00745,2026-01-19 12:52:00,Payment,43.57,Delhi,67,324,36,0
TXN01828,2026-01-19 12:52:00,Transfer,238.28,Bengaluru,38,363,56,0
TXN08644,2026-01-19 12:53:00,Payment,85.8,Jaipur,50,601,49,0
TXN06258,2026-01-19 12:55:00,Transfer,213.74,Kolkata,60,1599,12,0
TXN06515,2026-01-19 12:58:00,Transfer,40.84,Delhi,25,1572,80,0
TXN00054,2026-01-19 13:00:00,Payment,480.67,Kolkata,28,751,117,0
TXN01486,2026-01-19 13:04:00,Payment,82.89,Chennai,55,333,49,0
TXN07251,2026-01-19 13:05:00,Payment,57.38,Bengaluru,38,1262,55,0
TXN09353,2026-01-19 13:08:00,Withdrawal,75.9,Delhi,41,1201,44,0
TXN06927,2026-01-19 13:11:00,Transfer,18.95,Mumbai,21,778,33,0
TXN07615,2026-01-19 13:12:00,Payment,54.88,Hyderabad,58,547,32,0
TXN08306,2026-01-19 13:13:00,Transfer,161.54,Bengaluru,29,832,16,0
TXN05390,2026-01-19 13:19:00,Transfer,122.05,Bengaluru,57,1061,30,0
TXN02428,2026-01-19 13:20:00,Transfer,26.3,Hyderabad,21,901,50,0
TXN04110,2026-01-19 13:20:00,Transfer,193.02,Chennai,32,1133,15,0
TXN00791,2026-01-19 13:22:00,Payment,393.59,Hyderabad,34,1205,32,1
TXN04896,2026-01-19 13:30:00,Withdrawal,181.87,Jaipur,26,1228,44,0
TXN09206,2026-01-19 13:32:00,Transfer,165.57,Chennai,32,840,39,1
TXN07312,2026-01-19 13:33:00,Payment,103.82,Delhi,54,655,18,0
TXN09034,2026-01-19 13:34:00,Transfer,2358.57,Bengaluru,56,659,25,0
TXN04444,2026-01-19 13:35:00,Payment,404.35,Bengaluru,22,1423,142,0
TXN02910,2026-01-19 13:36:00,Withdrawal,189.5,Bengaluru,20,592,33,0
TXN02326,2026-01-19 13:37:00,Withdrawal,34.11,Bengaluru,20,1131,37,0
TXN04380,2026-01-19 13:40:00,Payment,994.73,Chennai,56,421,27,0
TXN04120,2026-01-19 13:45:00,Payment,250.72,Bengaluru,69,740,31,0
TXN01063,2026-01-19 13:47:00,Payment,150.03,Mumbai,39,516,30,0
TXN05048,2026-01-19 13:48:00,Transfer,245.69,Bengaluru,47,1720,21,0
TXN00283,2026-01-19 13:53:00,Payment,642.0,Delhi,45,1203,49,0
TXN07889,2026-01-19 13:54:00,Transfer,118.72,Delhi,26,469,66,0
TXN00046,2026-01-19 13:58:00,Transfer,83.17,Chennai,52,546,33,0
TXN02025,2026-01-19 14:00:00,Payment,735.07,Mumbai,26,1663,26,1
TXN09060,2026-01-19 14:02:00,Transfer,40.48,Kolkata,66,340,26,0
TXN06423,2026-01-19 14:03:00,Transfer,136.56,Delhi,34,1489,4,1
TXN06899,2026-01-19 14:04:00,Withdrawal,72.05,Delhi,60,434,142,0
TXN03377,2026-01-19 14:07:00,Transfer,2285.32,Mumbai,34,449,54,0
TXN09457,2026-01-19 14:10:00,Withdrawal,255.64,Kolkata,30,869,13,0
TXN04310,2026-01-19 14:12:00,Payment,251.55,Hyderabad,44,1077,95,1
TXN03524,2026-01-19 14:13:00,Transfer,29.89,Jaipur,65,693,28,0
TXN01261,2026-01-19 14:20:00,Transfer,44.61,Kolkata,51,131,42,1
TXN06788,2026-01-19 14:25:00,Payment,284.58,Bengaluru,21,593,123,0
TXN04832,2026-01-19 14:33:00,Payment,678.94,Bengaluru,53,666,24,0
TXN05450,2026-01-19 14:38:00,Transfer,919.02,Bengaluru,41,1634,28,0
TXN01401,2026-01-19 14:39:00,Payment,103.71,Pune,33,1802,20,1
TXN01432,2026-01-19 14:57:00,Withdrawal,1941.88,Bengaluru,44,950,54,0
TXN01280,2026-01-19 15:00:00,Payment,76.31,Bengaluru,35,1419,95,0
TXN07029,2026-01-19 15:02:00,Transfer,381.69,Ahmedabad,26,624,89,0
TXN02122,2026-01-19 15:02:00,Payment,686.56,Hyderabad,61,132,108,0
TXN02447,2026-01-19 15:03:00,Payment,206.55,Mumbai,49,356,53,0
TXN09071,2026-01-19 15:04:00,Payment,93.3,Kolkata,33,140,50,0
TXN06187,2026-01-19 15:08:00,Payment,400.04,Kolkata,32,1324,33,0
TXN06723,2026-01-19 15:09:00,Payment,184.58,Hyderabad,65,332,140,0
TXN00478,2026-01-19 15:10:00,Payment,220.08,Chennai,37,291,13,0
TXN05087,2026-01-19 15:12:00,Transfer,131.05,Bengaluru,65,641,70,0
TXN01673,2026-01-19 15:13:00,Payment,329.43,Pune,60,657,35,0
TXN07767,2026-01-19 15:17:00,Payment,236.98,Mumbai,21,1081,70,0
TXN04641,2026-01-19 15:25:00,Payment,1689.26,Mumbai,28,840,100,0
TXN04389,2026-01-19 15:25:00,Withdrawal,113.09,Bengaluru,29,733,18,0
TXN06140,2026-01-19 15:28:00,Payment,200.27,Bengaluru,40,531,10,0
TXN00587,2026-01-19 15:29:00,Payment,68.89,Hyderabad,30,154,109,0
TXN03213,2026-01-19 15:30:00,Payment,711.62,Ahmedabad,50,925,21,0
TXN04237,2026-01-19 15:34:00,Transfer,59.71,Mumbai,31,1698,50,0
TXN09885,2026-01-19 15:38:00,Transfer,1152.52,Mumbai,24,2970,92,0
TXN01035,2026-01-19 15:39:00,Payment,57.56,Kolkata,34,791,67,0
TXN03727,2026-01-19 15:45:00,Payment,361.72,Jaipur,19,206,75,0
TXN01599,2026-01-19 15:46:00,Transfer,404.05,Bengaluru,63,505,41,0
TXN07252,2026-01-19 15:49:00,Withdrawal,547.51,Hyderabad,69,500,14,0
TXN05183,2026-01-19 15:50:00,Transfer,1026.02,Hyderabad,30,1216,27,0
TXN07706,2026-01-19 15:54:00,Payment,246.28,Jaipur,67,1531,40,0
TXN06620,2026-01-19 15:57:00,Payment,65.91,Delhi,68,69,36,0
TXN09013,2026-01-19 15:57:00,Withdrawal,141.6,Pune,29,817,28,0
TXN02615,2026-01-19 16:00:00,Payment,337.42,Bengaluru,26,520,26,0
TXN09262,2026-01-19 16:02:00,Withdrawal,399.17,Hyderabad,22,2047,33,0
TXN07426,2026-01-19 16:03:00,Withdrawal,305.2,Delhi,53,877,108,0
TXN02749,2026-01-19 16:05:00,Payment,72.55,Delhi,36,712,6,0
TXN08866,2026-01-19 16:09:00,Payment,26.78,Mumbai,67,823,8,0
TXN09530,2026-01-19 16:10:00,Payment,649.22,Delhi,66,1314,35,0
TXN05545,2026-01-19 16:11:00,Payment,435.2,Jaipur,43,593,60,0
TXN00753,2026-01-19 16:11:00,Payment,145.86,Bengaluru,30,1754,22,0
TXN08974,2026-01-19 16:11:00,Transfer,1364.9,Kolkata,30,3234,55,0
TXN06469,2026-01-19 16:15:00,Payment,38.57,Jaipur,20,554,8,0
TXN05591,2026-01-19 16:17:00,Transfer,326.91,Bengaluru,62,973,34,0
TXN05181,2026-01-19 16:18:00,Transfer,333.18,Bengaluru,63,1288,65,0
TXN04160,2026-01-19 16:19:00,Transfer,949.93,Hyderabad,38,1131,51,0
TXN08555,2026-01-19 16:29:00,Transfer,656.3,Delhi,50,494,14,0
TXN00617,2026-01-19 16:30:00,Payment,10.13,Chennai,64,411,49,0
TXN03576,2026-01-19 16:34:00,Payment,130.59,Mumbai,55,1230,40,0
TXN05415,2026-01-19 16:35:00,Transfer,73.93,Pune,32,206,167,0
TXN06011,2026-01-19 16:35:00,Payment,448.31,Ahmedabad,27,777,20,0
TXN02600,2026-01-19 16:41:00,Payment,525.73,Bengaluru,67,306,12,0
TXN05817,2026-01-19 16:42:00,Withdrawal,583.38,Bengaluru,21,1320,45,0
TXN07403,2026-01-19 16:44:00,Withdrawal,185.26,Mumbai,30,1284,26,0
TXN06229,2026-01-19 16:55:00,Payment,242.73,Mumbai,44,726,40,1
TXN00073,2026-01-19 16:58:00,Transfer,289.22,Hyderabad,59,1251,53,0
TXN01967,2026-01-19 17:01:00,Transfer,39.6,Mumbai,62,616,25,0
TXN07070,2026-01-19 17:04:00,Transfer,141.31,Delhi,45,339,22,0
TXN03416,2026-01-19 17:07:00,Withdrawal,33.39,Bengaluru,31,573,27,0
TXN01833,2026-01-19 17:08:00,Withdrawal,323.16,Delhi,57,1719,13,0
TXN08688,2026-01-19 17:09:00,Payment,131.24,Bengaluru,33,687,52,0
TXN02946,2026-01-19 17:14:00,Payment,42.49,Pune,29,690,33,0
TXN04030,2026-01-19 17:21:00,Payment,207.6,Jaipur,40,2937,99,0
TXN09883,2026-01-19 17:21:00,Transfer,85.82,Bengaluru,20,481,9,0
TXN09825,2026-01-19 17:21:00,Transfer,528.5,Hyderabad,61,597,21,0
TXN09078,2026-01-19 17:22:00,Payment,539.12,Chennai,23,675,23,0
TXN00676,2026-01-19 17:23:00,Payment,541.0,Pune,42,496,125,0
TXN03056,2026-01-19 17:25:00,Payment,615.7,Pune,52,496,26,0
TXN07394,2026-01-19 17:26:00,Transfer,74.14,Kolkata,51,262,84,0
TXN01766,2026-01-19 17:26:00,Transfer,214.7,Delhi,62,630,78,0
TXN02682,2026-01-19 17:36:00,Payment,719.42,Bengaluru,32,377,60,0
TXN01821,2026-01-19 17:47:00,Withdrawal,190.93,Hyderabad,39,295,4,0
TXN09434,2026-01-19 17:47:00,Payment,466.54,Ahmedabad,63,774,18,0
TXN00225,2026-01-19 17:50:00,Payment,59.92,Delhi,47,536,21,0
TXN03561,2026-01-19 17:52:00,Transfer,433.0,Delhi,19,1531,30,0
TXN02125,2026-01-19 17:53:00,Payment,545.57,Hyderabad,27,585,71,0
TXN06728,2026-01-19 17:59:00,Transfer,144.39,Kolkata,63,435,75,0
TXN00498,2026-01-19 18:04:00,Transfer,203.68,Pune,24,979,23,0
TXN07126,2026-01-19 18:06:00,Payment,1084.93,Bengaluru,37,175,41,0
TXN09488,2026-01-19 18:07:00,Payment,784.35,Pune,42,1156,52,0
TXN09545,2026-01-19 18:07:00,Payment,1601.72,Hyderabad,45,470,75,0
TXN08323,2026-01-19 18:14:00,Withdrawal,228.79,Delhi,29,924,11,0
TXN02693,2026-01-19 18:18:00,Payment,152.73,Pune,55,465,42,0
TXN01098,2026-01-19 18:19:00,Transfer,31.18,Pune,44,602,25,0
TXN03040,2026-01-19 18:19:00,Payment,385.48,Kolkata,34,580,70,0
TXN06054,2026-01-19 18:25:00,Payment,2820.52,Bengaluru,33,1053,56,0
TXN06887,2026-01-19 18:27:00,Transfer,52.7,Kolkata,22,2279,78,0
TXN06532,2026-01-19 18:33:00,Transfer,18.08,Jaipur,18,282,28,0
TXN09009,2026-01-19 18:41:00,Payment,881.92,Mumbai,61,283,14,1
TXN08516,2026-01-19 18:52:00,Payment,195.2,Mumbai,48,524,40,0
TXN00057,2026-01-19 18:56:00,Payment,171.03,Bengaluru,34,4000,36,0
TXN00111,2026-01-19 18:56:00,Payment,541.44,Bengaluru,19,972,4,0
TXN05120,2026-01-19 19:02:00,Payment,112.23,Ahmedabad,46,1364,10,0
TXN00776,2026-01-19 19:09:00,Payment,68.62,Jaipur,66,698,11,0
TXN09481,2026-01-19 19:10:00,Payment,77.54,Mumbai,67,1673,43,0
TXN06357,2026-01-19 19:11:00,Payment,310.94,Hyderabad,51,645,70,0
TXN06571,2026-01-19 19:13:00,Payment,424.74,Mumbai,28,1280,9,0
TXN09854,2026-01-19 19:15:00,Transfer,98.98,Kolkata,51,500,63,0
TXN06741,2026-01-19 19:15:00,Payment,79.85,Delhi,21,498,24,0
TXN08463,2026-01-19 19:16:00,Withdrawal,47.63,Ahmedabad,47,1460,31,0
TXN03485,2026-01-19 19:19:00,Payment,1416.17,Chennai,48,778,57,0
TXN03792,2026-01-19 19:22:00,Withdrawal,337.85,Jaipur,62,526,8,0
TXN07815,2026-01-19 19:26:00,Transfer,208.86,Chennai,42,607,51,0
TXN07390,2026-01-19 19:29:00,Withdrawal,60.65,Delhi,40,385,31,0
TXN05901,2026-01-19 19:32:00,Payment,209.19,Jaipur,63,926,11,0
TXN02436,2026-01-19 19:33:00,Payment,34.11,Delhi,32,1195,16,0
TXN08162,2026-01-19 19:37:00,Payment,154.9,Jaipur,23,1475,114,0
TXN04736,2026-01-19 19:42:00,Withdrawal,79.84,Ahmedabad,21,317,84,0
TXN06421,2026-01-19 19:45:00,Transfer,338.09,Pune,18,84,21,1
TXN00765,2026-01-19 19:45:00,Payment,357.67,Bengaluru,67,745,78,0
TXN07933,2026-01-19 19:46:00,Transfer,283.16,Mumbai,42,317,18,0
TXN09241,2026-01-19 19:46:00,Transfer,220.15,Hyderabad,58,2295,24,0
TXN07965,2026-01-19 19:51:00,Payment,1118.78,Mumbai,33,551,34,0
TXN06785,2026-01-19 19:53:00,Payment,201.6,Pune,47,667,63,0
TXN05395,2026-01-19 19:57:00,Transfer,46.49,Pune,18,255,110,0
TXN03081,2026-01-19 19:58:00,Payment,153.19,Jaipur,32,873,29,0
TXN06509,2026-01-19 20:07:00,Payment,308.94,Hyderabad,29,1475,18,0
TXN00660,2026-01-19 20:12:00,Payment,83.0,Delhi,60,1590,131,0
TXN07408,2026-01-19 20:12:00,Payment,587.51,Pune,66,2479,1,0
TXN09561,2026-01-19 20:15:00,Payment,38.77,Mumbai,44,744,32,0
TXN07519,2026-01-19 20:17:00,Payment,30.18,Delhi,48,1670,22,0
TXN01889,2026-01-19 20:20:00,Payment,109.11,Kolkata,69,211,93,0
TXN00898,2026-01-19 20:21:00,Transfer,249.09,Pune,49,893,18,0
TXN05934,2026-01-19 20:22:00,Withdrawal,230.14,Bengaluru,57,380,76,0
TXN07264,2026-01-19 20:24:00,Payment,1252.64,Delhi,45,1541,11,0
TXN08232,2026-01-19 20:24:00,Transfer,53.61,Kolkata,53,1824,34,0
TXN06947,2026-01-19 20:27:00,Transfer,1977.03,Mumbai,21,1001,63,0
TXN02429,2026-01-19 20:33:00,Payment,229.65,Mumbai,31,939,13,0
TXN01553,2026-01-19 20:36:00,Payment,432.37,Kolkata,62,1955,38,0
TXN05898,2026-01-19 20:39:00,Payment,2830.37,Hyderabad,53,986,7,0
TXN02339,2026-01-19 20:40:00,Payment,56.91,Ahmedabad,21,334,28,0
TXN03076,2026-01-19 20:41:00,Payment,635.42,Delhi,43,761,38,0
TXN00717,2026-01-19 20:50:00,Payment,467.48,Chennai,35,906,22,0
TXN03860,2026-01-19 20:54:00,Payment,305.54,Bengaluru,34,1215,21,1
TXN05715,2026-01-19 21:04:00,Payment,311.59,Delhi,31,1476,21,0
TXN09323,2026-01-19 21:06:00,Payment,1654.87,Delhi,61,1311,117,0
TXN07580,2026-01-19 21:07:00,Transfer,183.3,Mumbai,50,519,63,0
TXN04529,2026-01-19 21:09:00,Transfer,211.46,Bengaluru,30,1943,51,0
TXN01983,2026-01-19 21:21:00,Transfer,197.68,Pune,28,425,47,0
TXN07323,2026-01-19 21:22:00,Payment,263.1,Delhi,59,826,44,0
TXN06603,2026-01-19 21:23:00,Withdrawal,181.36,Chennai,59,1103,41,0
TXN02342,2026-01-19 21:28:00,Transfer,48.36,Hyderabad,45,188,44,0
TXN03575,2026-01-19 21:30:00,Transfer,583.19,Pune,52,590,15,0
TXN09723,2026-01-19 21:33:00,Withdrawal,188.2,Mumbai,31,754,16,0
TXN05507,2026-01-19 21:33:00,Withdrawal,231.19,Bengaluru,44,1269,21,0
TXN07018,2026-01-19 21:35:00,Transfer,36.24,Jaipur,25,514,28,0
TXN03239,2026-01-19 21:39:00,Payment,103.36,Kolkata,47,393,52,0
TXN07742,2026-01-19 21:41:00,Payment,24.99,Pune,44,166,7,0
TXN01312,2026-01-19 21:47:00,Transfer,447.4,Delhi,29,1910,12,0
TXN01875,2026-01-19 21:50:00,Transfer,487.87,Pune,28,201,38,0
TXN07335,2026-01-19 21:51:00,Transfer,43.12,Mumbai,69,636,75,0
TXN00858,2026-01-19 21:52:00,Payment,48.54,Mumbai,66,1117,57,0
TXN05225,2026-01-19 21:55:00,Payment,123.77,Delhi,25,603,57,0
TXN07002,2026-01-19 21:56:00,Payment,181.3,Delhi,32,136,29,1
TXN08257,2026-01-19 21:59:00,Withdrawal,455.68,Ahmedabad,58,317,51,0
TXN08706,2026-01-19 22:02:00,Payment,201.58,Hyderabad,49,2054,85,0
TXN03238,2026-01-19 22:06:00,Payment,113.84,Chennai,65,2570,18,0
TXN00484,2026-01-19 22:14:00,Transfer,182.82,Bengaluru,67,250,65,0
TXN04881,2026-01-19 22:16:00,Transfer,443.08,Chennai,31,1633,54,0
TXN08050,2026-01-19 22:16:00,Payment,197.39,Delhi,69,1155,4,0
TXN07401,2026-01-19 22:18:00,Transfer,603.04,Pune,29,688,38,0
TXN06998,2026-01-19 22:18:00,Withdrawal,395.12,Jaipur,42,1381,69,1
TXN03145,2026-01-19 22:19:00,Payment,152.35,Chennai,69,829,26,0
TXN04309,2026-01-19 22:23:00,Payment,246.21,Mumbai,23,715,66,0
TXN07156,2026-01-19 22:23:00,Withdrawal,943.86,Mumbai,30,1685,47,0
TXN09498,2026-01-19 22:24:00,Payment,248.06,Bengaluru,43,614,95,0
TXN00304,2026-01-19 22:24:00,Payment,139.98,Hyderabad,34,1462,59,0
TXN00681,2026-01-19 22:25:00,Transfer,188.63,Pune,38,448,18,1
TXN07958,2026-01-19 22:26:00,Transfer,425.4,Chennai,58,1664,8,0
TXN06636,2026-01-19 22:28:00,Transfer,50.13,Kolkata,24,812,88,0
TXN09790,2026-01-19 22:30:00,Transfer,188.41,Jaipur,44,561,59,0
TXN01735,2026-01-19 22:30:00,Withdrawal,60.2,Delhi,64,1151,70,0
TXN01756,2026-01-19 22:30:00,Transfer,264.98,Hyderabad,57,383,44,0
TXN06039,2026-01-19 22:34:00,Payment,142.97,Delhi,30,1202,52,0
TXN07361,2026-01-19 22:37:00,Payment,114.92,Mumbai,19,181,16,0
TXN06060,2026-01-19 22:41:00,Payment,358.96,Pune,50,665,37,0
TXN07637,2026-01-19 22:49:00,Payment,22.48,Bengaluru,18,1189,66,0
TXN00456,2026-01-19 22:50:00,Transfer,90.34,Mumbai,68,324,65,0
TXN00937,2026-01-19 22:50:00,Withdrawal,258.34,Hyderabad,51,888,83,0
TXN00246,2026-01-19 22:53:00,Payment,1082.61,Chennai,36,911,42,0
TXN00993,2026-01-19 22:57:00,Transfer,1020.54,Hyderabad,50,804,3,0
TXN06445,2026-01-19 22:58:00,Transfer,169.74,Kolkata,55,1421,20,0
TXN09948,2026-01-20 08:04:00,Payment,43.16,Delhi,26,604,16,0
TXN02158,2026-01-20 08:05:00,Transfer,85.59,Bengaluru,28,2126,123,0
TXN09433,2026-01-20 08:06:00,Transfer,61.94,Mumbai,18,1034,66,0
TXN07205,2026-01-20 08:09:00,Payment,508.28,Chennai,22,686,22,0
TXN08811,2026-01-20 08:13:00,Transfer,141.7,Ahmedabad,51,1248,25,0
TXN04538,2026-01-20 08:15:00,Payment,433.57,Ahmedabad,50,206,90,0
TXN07668,2026-01-20 08:22:00,Withdrawal,225.72,Pune,21,975,124,0
TXN01199,2026-01-20 08:22:00,Payment,520.52,Mumbai,42,922,67,0
TXN07388,2026-01-20 08:23:00,Transfer,194.62,Pune,39,1062,56,0
TXN07105,2026-01-20 08:26:00,Payment,94.23,Bengaluru,62,620,20,0
TXN07977,2026-01-20 08:28:00,Payment,261.59,Hyderabad,18,1273,68,0
TXN02238,2026-01-20 08:33:00,Payment,552.93,Bengaluru,44,1196,19,0
TXN02176,2026-01-20 08:35:00,Transfer,193.58,Kolkata,33,549,27,0
TXN04328,2026-01-20 08:36:00,Withdrawal,84.12,Bengaluru,25,1364,49,0
TXN03897,2026-01-20 08:36:00,Transfer,370.05,Delhi,34,215,141,0
TXN00934,2026-01-20 08:48:00,Withdrawal,138.62,Hyderabad,39,1155,53,0
TXN06065,2026-01-20 08:48:00,Transfer,15.15,Pune,69,1199,34,0
TXN00900,2026-01-20 08:48:00,Transfer,290.56,Delhi,49,2573,54,0
TXN00805,2026-01-20 08:53:00,Payment,52.6,Bengaluru,46,237,135,0
TXN08069,2026-01-20 08:53:00,Transfer,170.69,Delhi,42,1063,83,0
TXN00152,2026-01-20 08:59:00,Transfer,185.94,Mumbai,50,1188,40,0
TXN03321,2026-01-20 08:59:00,Transfer,282.77,Mumbai,31,385,3,0
TXN07592,2026-01-20 09:00:00,Withdrawal,456.07,Delhi,55,941,48,0
TXN02849,2026-01-20 09:02:00,Transfer,245.14,Kolkata,24,207,102,0
TXN05246,2026-01-20 09:03:00,Payment,151.45,Delhi,40,183,30,0
TXN01937,2026-01-20 09:08:00,Payment,294.73,Bengaluru,54,985,35,0
TXN04863,2026-01-20 09:09:00,Transfer,106.64,Chennai,51,938,23,0
TXN04118,2026-01-20 09:17:00,Transfer,51.52,Hyderabad,45,1131,72,0
TXN02720,2026-01-20 09:20:00,Transfer,171.96,Bengaluru,57,1828,82,0
TXN05254,2026-01-20 09:20:00,Payment,44.0,Delhi,39,1384,139,0
TXN06526,2026-01-20 09:20:00,Withdrawal,92.04,Pune,19,452,68,0
TXN02194,2026-01-20 09:32:00,Payment,78.95,Mumbai,60,1520,10,0
TXN02045,2026-01-20 09:34:00,Payment,48.67,Chennai,24,1017,24,0
TXN02837,2026-01-20 09:41:00,Transfer,382.45,Pune,64,2959,35,1
TXN09079,2026-01-20 09:42:00,Payment,144.44,Kolkata,37,443,24,0
TXN06590,2026-01-20 09:48:00,Payment,105.67,Delhi,41,459,155,0
TXN05366,2026-01-20 09:50:00,Transfer,60.2,Bengaluru,18,742,14,0
TXN02387,2026-01-20 09:52:00,Payment,16.38,Mumbai,27,1668,69,0
TXN03725,2026-01-20 09:57:00,Withdrawal,412.77,Jaipur,44,1067,134,0
TXN01994,2026-01-20 09:58:00,Transfer,75.01,Hyderabad,60,1933,27,0
TXN09934,2026-01-20 10:07:00,Payment,220.02,Chennai,53,699,51,0
TXN03135,2026-01-20 10:12:00,Payment,276.11,Pune,18,1433,85,0
TXN09678,2026-01-20 10:12:00,Payment,47.23,Hyderabad,64,363,41,0
TXN00015,2026-01-20 10:16:00,Payment,91.63,Chennai,55,920,42,0
TXN04061,2026-01-20 10:17:00,Transfer,224.92,Delhi,57,993,28,0
TXN02069,2026-01-20 10:19:00,Payment,126.99,Kolkata,65,1030,58,0
TXN00758,2026-01-20 10:23:00,Payment,132.73,Hyderabad,30,2632,52,0
TXN07026,2026-01-20 10:28:00,Transfer,72.58,Mumbai,66,624,60,0
TXN01558,2026-01-20 10:30:00,Transfer,98.91,Delhi,57,750,28,0
TXN06749,2026-01-20 10:32:00,Payment,185.98,Mumbai,59,1069,62,0
TXN02453,2026-01-20 10:33:00,Transfer,38.07,Pune,38,508,53,0
TXN06313,2026-01-20 10:33:00,Payment,35.08,Pune,27,101,36,0
TXN04737,2026-01-20 10:35:00,Transfer,25.53,Ahmedabad,50,3019,49,0
TXN02058,2026-01-20 10:38:00,Transfer,151.2,Mumbai,69,1890,52,0
TXN01692,2026-01-20 10:38:00,Payment,365.64,Jaipur,64,707,16,0
TXN07960,2026-01-20 10:39:00,Payment,1105.63,Jaipur,34,898,33,0
TXN06862,2026-01-20 10:42:00,Payment,22.58,Delhi,38,919,64,0
TXN09956,2026-01-20 10:43:00,Withdrawal,56.3,Pune,58,87,16,0
TXN00415,2026-01-20 10:45:00,Withdrawal,50.95,Chennai,39,1219,44,0
TXN07099,2026-01-20 10:47:00,Withdrawal,109.72,Hyderabad,65,2209,90,0
TXN09636,2026-01-20 10:51:00,Payment,569.37,Mumbai,47,1500,10,0
TXN01081,2026-01-20 10:58:00,Payment,876.92,Hyderabad,40,510,25,0
TXN02213,2026-01-20 10:59:00,Payment,776.9,Kolkata,51,191,12,0
TXN00326,2026-01-20 10:59:00,Payment,98.05,Bengaluru,30,1524,43,0
TXN05899,2026-01-20 11:02:00,Payment,170.17,Delhi,68,1043,60,0
TXN04779,2026-01-20 11:04:00,Transfer,309.43,Delhi,27,636,84,0
TXN01038,2026-01-20 11:10:00,Withdrawal,108.96,Ahmedabad,46,272,18,0
TXN05805,2026-01-20 11:14:00,Payment,194.45,Ahmedabad,27,2136,47,0
TXN05916,2026-01-20 11:14:00,Payment,497.97,Mumbai,25,1853,82,0
TXN04852,2026-01-20 11:15:00,Payment,948.96,Mumbai,54,779,76,0
TXN08986,2026-01-20 11:16:00,Transfer,3936.83,Bengaluru,35,449,10,0
TXN02778,2026-01-20 11:20:00,Withdrawal,492.2,Pune,63,153,14,0
TXN05343,2026-01-20 11:21:00,Transfer,73.27,Hyderabad,45,3902,170,0
TXN06539,2026-01-20 11:25:00,Payment,125.73,Kolkata,61,609,37,0
TXN01342,2026-01-20 11:27:00,Transfer,629.75,Mumbai,69,921,64,0
TXN02685,2026-01-20 11:29:00,Payment,115.38,Hyderabad,41,892,16,0
TXN02936,2026-01-20 11:29:00,Transfer,179.78,Mumbai,24,1226,6,1
TXN00076,2026-01-20 11:32:00,Payment,84.57,Mumbai,40,666,65,0
TXN03281,2026-01-20 11:33:00,Payment,125.55,Jaipur,47,2061,85,0
TXN05383,2026-01-20 11:35:00,Payment,148.73,Chennai,49,1219,18,0
TXN05334,2026-01-20 11:36:00,Transfer,233.84,Mumbai,29,1615,134,0
TXN02092,2026-01-20 11:47:00,Payment,25.96,Chennai,42,693,25,0
TXN07288,2026-01-20 11:55:00,Transfer,442.96,Pune,22,1935,24,0
TXN06418,2026-01-20 11:55:00,Payment,315.66,Delhi,26,768,25,0
TXN09025,2026-01-20 11:57:00,Payment,183.31,Pune,34,436,57,0
TXN05251,2026-01-20 12:00:00,Transfer,220.32,Kolkata,31,415,74,1
TXN00488,2026-01-20 12:05:00,Payment,421.73,Bengaluru,43,417,47,0
TXN05521,2026-01-20 12:05:00,Transfer,282.0,Hyderabad,21,1567,175,1
TXN02618,2026-01-20 12:09:00,Withdrawal,236.87,Mumbai,66,2289,44,0
TXN04980,2026-01-20 12:09:00,Payment,51.51,Bengaluru,23,832,9,0
TXN05850,2026-01-20 12:10:00,Withdrawal,169.84,Hyderabad,22,635,56,0
TXN00970,2026-01-20 12:16:00,Transfer,614.03,Jaipur,21,413,73,0
TXN07195,2026-01-20 12:19:00,Transfer,67.79,Jaipur,56,1484,122,0
TXN03296,2026-01-20 12:21:00,Payment,209.33,Hyderabad,50,358,45,0
TXN01207,2026-01-20 12:22:00,Transfer,151.95,Chennai,62,466,78,0
TXN09101,2026-01-20 12:31:00,Payment,191.59,Pune,47,695,123,0
TXN08346,2026-01-20 12:31:00,Transfer,269.9,Hyderabad,60,1756,10,0
TXN02178,2026-01-20 12:33:00,Payment,528.22,Hyderabad,26,1624,17,0
TXN00924,2026-01-20 12:39:00,Transfer,466.83,Pune,47,545,4,0
TXN08627,2026-01-20 12:40:00,Payment,171.1,Mumbai,18,193,216,0
TXN00310,2026-01-20 12:42:00,Withdrawal,82.96,Kolkata,52,876,11,0
TXN03075,2026-01-20 12:43:00,Payment,77.11,Hyderabad,35,1765,14,0
TXN04758,2026-01-20 12:44:00,Payment,44.14,Bengaluru,41,2501,42,0
TXN09764,2026-01-20 12:50:00,Payment,142.86,Mumbai,33,1564,16,0
TXN09799,2026-01-20 12:51:00,Payment,201.33,Pune,34,1211,6,0
TXN09428,2026-01-20 12:54:00,Transfer,4928.75,Bengaluru,29,755,11,0
TXN00194,2026-01-20 12:54:00,Withdrawal,230.21,Jaipur,46,1411,11,0
TXN01161,2026-01-20 12:55:00,Payment,735.05,Jaipur,32,440,102,0
TXN02102,2026-01-20 12:56:00,Payment,224.13,Jaipur,20,56,52,0
TXN03397,2026-01-20 12:58:00,Transfer,212.63,Mumbai,63,1283,94,0
TXN03634,2026-01-20 13:01:00,Payment,171.9,Bengaluru,30,128,45,0
TXN09485,2026-01-20 13:05:00,Transfer,167.57,Bengaluru,59,2124,117,0
TXN04098,2026-01-20 13:06:00,Payment,251.31,Mumbai,62,958,64,0
TXN03395,2026-01-20 13:11:00,Payment,302.79,Hyderabad,37,423,53,0
TXN07424,2026-01-20 13:11:00,Payment,3182.58,Delhi,25,555,72,0
TXN01478,2026-01-20 13:12:00,Transfer,1210.79,Delhi,69,1015,18,0
TXN01754,2026-01-20 13:15:00,Transfer,134.86,Chennai,18,1698,33,0
TXN04082,2026-01-20 13:15:00,Payment,676.92,Jaipur,57,1073,38,0
TXN01139,2026-01-20 13:23:00,Payment,615.1,Kolkata,30,488,56,0
TXN00434,2026-01-20 13:27:00,Payment,236.96,Jaipur,32,552,76,0
TXN00657,2026-01-20 13:29:00,Transfer,270.65,Pune,26,1372,67,0
TXN07342,2026-01-20 13:30:00,Payment,327.78,Bengaluru,18,1532,120,0
TXN03903,2026-01-20 13:30:00,Transfer,288.23,Jaipur,45,1931,76,0
TXN03919,2026-01-20 13:35:00,Transfer,483.65,Jaipur,18,412,56,0
TXN03353,2026-01-20 13:37:00,Payment,100.72,Hyderabad,20,1554,3,0
TXN07702,2026-01-20 13:42:00,Payment,43.97,Pune,50,596,37,0
TXN02686,2026-01-20 13:45:00,Transfer,27.02,Pune,37,747,99,0
TXN01510,2026-01-20 13:53:00,Payment,130.29,Ahmedabad,21,1153,73,0
TXN07109,2026-01-20 13:53:00,Payment,48.3,Hyderabad,61,935,38,0
TXN06338,2026-01-20 13:53:00,Payment,487.65,Mumbai,45,988,54,0
TXN02193,2026-01-20 13:53:00,Transfer,199.93,Delhi,38,934,29,0
TXN05197,2026-01-20 13:54:00,Payment,102.88,Hyderabad,66,1103,134,0
TXN04625,2026-01-20 13:55:00,Payment,40.78,Bengaluru,20,1635,8,0
TXN09751,2026-01-20 13:55:00,Withdrawal,119.57,Jaipur,42,745,62,0
TXN09383,2026-01-20 13:56:00,Withdrawal,38.96,Bengaluru,19,919,7,0
TXN05376,2026-01-20 13:57:00,Withdrawal,633.28,Bengaluru,59,1652,166,0
TXN08567,2026-01-20 13:59:00,Payment,270.23,Jaipur,63,656,84,0
TXN01196,2026-01-20 14:02:00,Withdrawal,57.99,Pune,37,218,29,0
TXN07094,2026-01-20 14:08:00,Payment,402.97,Ahmedabad,47,532,148,0
TXN06983,2026-01-20 14:13:00,Transfer,281.97,Kolkata,46,2055,11,0
TXN04183,2026-01-20 14:18:00,Payment,156.14,Pune,27,615,35,0
TXN03137,2026-01-20 14:21:00,Transfer,147.63,Mumbai,30,2091,54,1
TXN07308,2026-01-20 14:22:00,Payment,2153.61,Chennai,58,1037,77,0
TXN04742,2026-01-20 14:23:00,Payment,84.39,Kolkata,45,2493,15,0
TXN08472,2026-01-20 14:26:00,Payment,614.02,Mumbai,31,1222,75,0
TXN06412,2026-01-20 14:26:00,Payment,320.0,Hyderabad,63,2396,104,0
TXN03970,2026-01-20 14:27:00,Transfer,82.3,Bengaluru,69,794,40,0
TXN00721,2026-01-20 14:28:00,Payment,90.35,Ahmedabad,46,79,117,0
TXN00387,2026-01-20 14:29:00,Payment,336.34,Delhi,56,739,27,0
TXN07486,2026-01-20 14:31:00,Transfer,110.27,Bengaluru,62,1511,20,0
TXN07681,2026-01-20 14:33:00,Payment,180.28,Pune,46,433,56,0
TXN04944,2026-01-20 14:41:00,Payment,410.39,Chennai,54,942,23,0
TXN04443,2026-01-20 14:45:00,Transfer,193.06,Bengaluru,20,1449,20,0
TXN09997,2026-01-20 14:45:00,Payment,52.63,Chennai,56,1988,27,0
TXN01373,2026-01-20 14:46:00,Transfer,82.14,Mumbai,41,3066,11,0
TXN05872,2026-01-20 14:49:00,Withdrawal,410.34,Pune,69,1451,25,0
TXN01713,2026-01-20 14:51:00,Transfer,78.28,Jaipur,58,593,62,0
TXN02663,2026-01-20 14:52:00,Payment,577.97,Pune,39,929,28,1
TXN08743,2026-01-20 14:56:00,Withdrawal,389.02,Chennai,44,990,25,0
TXN06472,2026-01-20 14:56:00,Transfer,28.15,Pune,64,240,43,0
TXN01388,2026-01-20 14:57:00,Transfer,520.06,Kolkata,40,211,7,0
TXN05421,2026-01-20 15:05:00,Payment,27.45,Hyderabad,34,1001,30,0
TXN02250,2026-01-20 15:06:00,Transfer,1228.34,Hyderabad,30,2328,25,0
TXN09447,2026-01-20 15:09:00,Payment,174.47,Hyderabad,37,598,31,0
TXN00799,2026-01-20 15:11:00,Transfer,70.74,Chennai,54,1740,121,0
TXN06916,2026-01-20 15:15:00,Payment,211.91,Pune,21,793,214,0
TXN00027,2026-01-20 15:17:00,Payment,314.71,Delhi,49,489,66,1
TXN01998,2026-01-20 15:20:00,Payment,50.77,Pune,31,231,73,0
TXN03501,2026-01-20 15:25:00,Transfer,1052.18,Delhi,66,332,68,1
TXN00703,2026-01-20 15:26:00,Payment,52.67,Mumbai,59,1247,16,0
TXN02769,2026-01-20 15:29:00,Payment,1773.01,Mumbai,51,712,34,0
TXN06874,2026-01-20 15:36:00,Payment,135.22,Chennai,19,749,38,0
TXN05449,2026-01-20 15:38:00,Payment,201.86,Jaipur,61,1163,17,0
TXN01140,2026-01-20 15:40:00,Transfer,154.65,Bengaluru,66,1150,79,0
TXN06883,2026-01-20 15:42:00,Payment,1001.31,Hyderabad,29,1011,44,0
TXN02357,2026-01-20 15:43:00,Payment,122.93,Hyderabad,67,576,43,0
TXN04188,2026-01-20 15:43:00,Payment,227.15,Bengaluru,44,1035,37,0
TXN08390,2026-01-20 15:45:00,Payment,98.55,Kolkata,44,1036,53,0
TXN09824,2026-01-20 15:46:00,Payment,194.57,Mumbai,40,845,39,0
TXN05072,2026-01-20 15:49:00,Transfer,17.97,Pune,49,688,30,0
TXN08668,2026-01-20 15:49:00,Payment,111.18,Kolkata,24,835,30,0
TXN04198,2026-01-20 15:51:00,Payment,195.68,Pune,47,361,28,0
TXN06169,2026-01-20 15:57:00,Payment,179.1,Bengaluru,55,206,174,0
TXN05040,2026-01-20 16:01:00,Transfer,253.87,Jaipur,52,1144,46,0
TXN02075,2026-01-20 16:02:00,Withdrawal,331.03,Delhi,58,1926,28,0
TXN03142,2026-01-20 16:03:00,Payment,35.99,Ahmedabad,57,211,116,0
TXN00922,2026-01-20 16:09:00,Transfer,103.3,Kolkata,61,1687,54,0
TXN07779,2026-01-20 16:12:00,Payment,359.51,Bengaluru,47,265,55,0
TXN09239,2026-01-20 16:12:00,Payment,437.18,Chennai,41,1337,90,0
TXN03421,2026-01-20 16:13:00,Transfer,86.69,Kolkata,60,568,54,0
TXN05140,2026-01-20 16:18:00,Transfer,175.98,Ahmedabad,65,2254,140,0
TXN05410,2026-01-20 16:18:00,Withdrawal,193.47,Chennai,24,1159,40,0
TXN01865,2026-01-20 16:20:00,Transfer,143.83,Pune,33,908,9,1
TXN03452,2026-01-20 16:22:00,Payment,396.88,Bengaluru,47,303,38,0
TXN08800,2026-01-20 16:22:00,Payment,293.53,Ahmedabad,69,583,28,0
TXN07445,2026-01-20 16:26:00,Payment,213.68,Bengaluru,56,406,49,0
TXN04291,2026-01-20 16:28:00,Transfer,137.26,Kolkata,66,1415,67,0
TXN04629,2026-01-20 16:37:00,Payment,68.36,Jaipur,32,1647,36,0
TXN06504,2026-01-20 16:39:00,Payment,480.6,Kolkata,24,1053,32,0
TXN08885,2026-01-20 16:45:00,Transfer,868.16,Delhi,35,569,54,0
TXN03784,2026-01-20 16:46:00,Transfer,49.3,Bengaluru,24,242,63,0
TXN07503,2026-01-20 16:50:00,Payment,291.93,Pune,49,302,26,0
TXN02269,2026-01-20 16:52:00,Transfer,507.59,Hyderabad,50,217,32,0
TXN06876,2026-01-20 16:53:00,Payment,501.98,Bengaluru,39,142,2,0
TXN05978,2026-01-20 16:57:00,Payment,46.0,Bengaluru,56,1978,20,0
TXN01903,2026-01-20 17:01:00,Payment,96.64,Hyderabad,47,302,37,0
TXN06110,2026-01-20 17:02:00,Payment,11.36,Ahmedabad,46,822,30,0
TXN00966,2026-01-20 17:09:00,Payment,5328.49,Pune,27,531,48,0
TXN09906,2026-01-20 17:20:00,Payment,132.61,Delhi,46,1060,10,0
TXN07371,2026-01-20 17:27:00,Payment,169.65,Delhi,56,1382,121,0
TXN02137,2026-01-20 17:27:00,Payment,41.47,Delhi,23,1248,52,0
TXN08936,2026-01-20 17:28:00,Payment,4716.41,Bengaluru,62,2487,125,0
TXN05220,2026-01-20 17:28:00,Transfer,52.23,Chennai,42,468,26,0
TXN06351,2026-01-20 17:31:00,Transfer,149.14,Mumbai,64,813,78,0
TXN03298,2026-01-20 17:31:00,Transfer,16.15,Chennai,41,150,6,0
TXN06027,2026-01-20 17:32:00,Transfer,97.43,Bengaluru,20,66,15,0
TXN03462,2026-01-20 17:33:00,Payment,170.68,Mumbai,24,580,67,0
TXN03291,2026-01-20 17:33:00,Payment,527.54,Chennai,43,808,79,0
TXN09607,2026-01-20 17:37:00,Payment,591.82,Delhi,50,3137,29,0
TXN03436,2026-01-20 17:42:00,Withdrawal,27.1,Chennai,44,496,29,0
TXN04701,2026-01-20 17:43:00,Payment,55.2,Mumbai,29,515,72,0
TXN06778,2026-01-20 17:50:00,Withdrawal,297.89,Ahmedabad,56,839,27,0
TXN03997,2026-01-20 17:53:00,Payment,59.94,Mumbai,50,1507,22,0
TXN00579,2026-01-20 17:56:00,Payment,361.88,Pune,54,192,14,1
TXN00750,2026-01-20 17:57:00,Withdrawal,29.6,Kolkata,68,1816,41,0
TXN06967,2026-01-20 18:01:00,Payment,222.74,Jaipur,51,1293,70,0
TXN02048,2026-01-20 18:01:00,Payment,802.94,Kolkata,46,427,49,0
TXN02081,2026-01-20 18:02:00,Payment,233.64,Mumbai,30,117,28,0
TXN00139,2026-01-20 18:06:00,Transfer,127.27,Bengaluru,56,1687,77,0
TXN05464,2026-01-20 18:07:00,Payment,7.03,Mumbai,26,211,65,0
TXN08008,2026-01-20 18:09:00,Transfer,97.64,Hyderabad,19,277,54,1
TXN01895,2026-01-20 18:10:00,Payment,77.38,Hyderabad,57,1671,32,0
TXN05701,2026-01-20 18:10:00,Withdrawal,441.24,Mumbai,69,764,59,0
TXN05387,2026-01-20 18:13:00,Withdrawal,279.9,Delhi,46,554,26,0
TXN02835,2026-01-20 18:14:00,Payment,150.19,Delhi,34,1078,36,0
TXN05265,2026-01-20 18:14:00,Payment,261.56,Hyderabad,58,2048,14,0
TXN02549,2026-01-20 18:16:00,Withdrawal,930.4,Delhi,36,2681,5,1
TXN06199,2026-01-20 18:17:00,Transfer,787.83,Kolkata,31,385,72,0
TXN02263,2026-01-20 18:17:00,Payment,259.52,Chennai,19,774,98,0
TXN01321,2026-01-20 18:18:00,Payment,344.51,Mumbai,53,306,68,0
TXN00163,2026-01-20 18:19:00,Transfer,58.6,Delhi,23,755,13,0
TXN03592,2026-01-20 18:19:00,Transfer,137.39,Mumbai,58,1768,31,0
TXN06594,2026-01-20 18:22:00,Payment,34.86,Hyderabad,69,1040,18,0
TXN02532,2026-01-20 18:25:00,Payment,426.83,Ahmedabad,36,807,27,1
TXN02629,2026-01-20 18:29:00,Withdrawal,423.1,Ahmedabad,21,1014,16,0
TXN07741,2026-01-20 18:32:00,Payment,63.43,Kolkata,67,451,13,0
TXN06380,2026-01-20 18:35:00,Payment,274.87,Mumbai,68,962,67,0
TXN09774,2026-01-20 18:36:00,Transfer,471.92,Bengaluru,34,695,23,0
TXN06865,2026-01-20 18:37:00,Transfer,769.33,Bengaluru,26,724,46,0
TXN04374,2026-01-20 18:38:00,Payment,295.08,Mumbai,50,1030,39,0
TXN02093,2026-01-20 18:40:00,Payment,50.84,Jaipur,65,445,1,0
TXN08708,2026-01-20 18:43:00,Payment,311.96,Ahmedabad,32,1542,107,0
TXN08051,2026-01-20 18:43:00,Payment,76.97,Delhi,45,714,23,0
TXN04471,2026-01-20 18:45:00,Withdrawal,784.62,Jaipur,23,375,19,0
TXN09192,2026-01-20 18:55:00,Payment,126.14,Mumbai,26,791,28,0
TXN07432,2026-01-20 18:58:00,Payment,245.09,Pune,43,1324,69,0
TXN06679,2026-01-20 18:59:00,Payment,45.27,Delhi,30,668,39,0
TXN02160,2026-01-20 19:01:00,Payment,306.54,Hyderabad,25,1007,33,0
TXN05929,2026-01-20 19:02:00,Payment,75.63,Jaipur,42,1721,135,0
TXN08182,2026-01-20 19:02:00,Transfer,449.68,Mumbai,28,791,25,0
TXN04320,2026-01-20 19:03:00,Payment,52.34,Jaipur,60,761,8,0
TXN06706,2026-01-20 19:08:00,Transfer,135.56,Mumbai,35,440,41,0
TXN08642,2026-01-20 19:10:00,Transfer,50.31,Ahmedabad,25,452,80,0
TXN01769,2026-01-20 19:19:00,Transfer,450.44,Bengaluru,60,1164,25,0
TXN08368,2026-01-20 19:20:00,Payment,112.21,Mumbai,45,692,13,0
TXN02761,2026-01-20 19:35:00,Payment,3745.25,Ahmedabad,42,1535,18,0
TXN06461,2026-01-20 19:37:00,Payment,452.7,Jaipur,24,997,19,0
TXN08396,2026-01-20 19:37:00,Transfer,261.29,Hyderabad,60,1134,8,0
TXN00401,2026-01-20 19:39:00,Payment,156.57,Bengaluru,62,1016,51,0
TXN06777,2026-01-20 19:40:00,Transfer,275.95,Delhi,30,419,39,0
TXN06892,2026-01-20 19:41:00,Transfer,314.58,Mumbai,19,1512,15,0
TXN02934,2026-01-20 19:45:00,Payment,63.22,Mumbai,19,722,104,0
TXN01362,2026-01-20 19:45:00,Withdrawal,87.26,Delhi,31,2331,31,0
TXN06352,2026-01-20 19:48:00,Payment,39.14,Bengaluru,66,1278,96,0
TXN07008,2026-01-20 19:50:00,Withdrawal,168.16,Hyderabad,54,658,37,0
TXN06631,2026-01-20 19:56:00,Payment,65.5,Delhi,24,460,63,0
TXN04823,2026-01-20 19:58:00,Transfer,145.88,Hyderabad,42,484,31,0
TXN02607,2026-01-20 19:58:00,Payment,104.6,Chennai,66,574,77,0
TXN04605,2026-01-20 20:02:00,Withdrawal,209.12,Ahmedabad,38,1071,34,0
TXN00764,2026-01-20 20:04:00,Payment,910.94,Delhi,45,933,93,0
TXN05486,2026-01-20 20:05:00,Payment,488.26,Delhi,51,2063,16,0
TXN03336,2026-01-20 20:17:00,Payment,173.33,Kolkata,29,1459,32,0
TXN09229,2026-01-20 20:19:00,Payment,72.49,Bengaluru,25,1928,91,0
TXN09305,2026-01-20 20:19:00,Withdrawal,806.09,Kolkata,25,488,84,0
TXN07276,2026-01-20 20:22:00,Payment,195.33,Delhi,49,1500,29,0
TXN09836,2026-01-20 20:25:00,Transfer,245.25,Bengaluru,55,1748,13,0
TXN09271,2026-01-20 20:26:00,Payment,4373.62,Delhi,56,332,83,0
TXN04943,2026-01-20 20:29:00,Payment,680.16,Bengaluru,64,568,113,0
TXN00428,2026-01-20 20:30:00,Payment,873.27,Bengaluru,39,774,49,0
TXN01859,2026-01-20 20:30:00,Payment,887.21,Mumbai,23,2333,22,0
TXN08793,2026-01-20 20:35:00,Transfer,239.84,Mumbai,39,1140,52,0
TXN07938,2026-01-20 20:38:00,Payment,23.91,Jaipur,50,85,30,0
TXN06510,2026-01-20 20:47:00,Payment,76.62,Pune,42,283,48,0
TXN05187,2026-01-20 20:48:00,Payment,155.5,Pune,47,2023,49,0
TXN09738,2026-01-20 20:56:00,Transfer,590.03,Mumbai,63,1029,48,0
TXN03299,2026-01-20 20:57:00,Transfer,48.68,Jaipur,52,845,7,0
TXN01093,2026-01-20 21:00:00,Payment,86.41,Jaipur,26,880,15,0
TXN02496,2026-01-20 21:01:00,Payment,69.44,Ahmedabad,23,1929,54,0
TXN05907,2026-01-20 21:01:00,Payment,194.9,Bengaluru,69,1429,10,0
TXN01286,2026-01-20 21:02:00,Payment,325.86,Delhi,29,492,52,0
TXN03408,2026-01-20 21:03:00,Transfer,97.74,Delhi,20,402,40,0
TXN06838,2026-01-20 21:05:00,Payment,99.14,Pune,43,746,37,0
TXN09920,2026-01-20 21:11:00,Transfer,111.49,Ahmedabad,32,334,11,0
TXN04432,2026-01-20 21:12:00,Payment,938.24,Delhi,24,804,37,0
TXN09671,2026-01-20 21:14:00,Payment,100.34,Jaipur,47,1014,91,0
TXN08292,2026-01-20 21:15:00,Payment,223.3,Bengaluru,37,682,24,0
TXN00658,2026-01-20 21:19:00,Payment,601.13,Kolkata,64,686,37,0
TXN01244,2026-01-20 21:24:00,Withdrawal,338.79,Bengaluru,60,388,41,0
TXN01119,2026-01-20 21:24:00,Payment,36.03,Hyderabad,42,575,77,0
TXN04223,2026-01-20 21:25:00,Payment,132.94,Bengaluru,42,1158,36,0
TXN05846,2026-01-20 21:25:00,Transfer,633.65,Bengaluru,55,833,18,0
TXN02485,2026-01-20 21:40:00,Payment,115.91,Mumbai,65,1108,36,0
TXN03143,2026-01-20 21:41:00,Transfer,427.18,Jaipur,18,292,136,0
TXN06464,2026-01-20 21:43:00,Payment,512.63,Kolkata,53,882,67,0
TXN08375,2026-01-20 21:43:00,Payment,37.13,Pune,60,1032,60,0
TXN02921,2026-01-20 21:45:00,Withdrawal,1008.23,Bengaluru,48,740,122,0
TXN07818,2026-01-20 21:47:00,Transfer,202.04,Hyderabad,23,344,7,0
TXN07268,2026-01-20 21:49:00,Transfer,37.11,Pune,63,839,44,0
TXN07201,2026-01-20 21:53:00,Payment,254.05,Chennai,34,842,23,0
TXN09578,2026-01-20 21:58:00,Payment,84.32,Delhi,25,389,7,0
TXN00355,2026-01-20 21:59:00,Transfer,682.23,Chennai,32,362,34,0
TXN09278,2026-01-20 22:09:00,Withdrawal,374.74,Mumbai,23,559,16,1
TXN04814,2026-01-20 22:09:00,Transfer,128.99,Chennai,37,590,24,0
TXN09313,2026-01-20 22:11:00,Payment,126.84,Bengaluru,26,800,15,0
TXN08110,2026-01-20 22:12:00,Payment,53.35,Chennai,64,1513,22,0
TXN09315,2026-01-20 22:15:00,Payment,641.02,Bengaluru,54,599,37,0
TXN06525,2026-01-20 22:19:00,Transfer,102.31,Delhi,19,1252,20,0
TXN01512,2026-01-20 22:25:00,Withdrawal,165.96,Chennai,22,1004,10,0
TXN05434,2026-01-20 22:27:00,Payment,198.51,Pune,69,475,65,0
TXN05935,2026-01-20 22:29:00,Payment,413.24,Mumbai,25,414,5,0
TXN08389,2026-01-20 22:37:00,Transfer,551.31,Delhi,36,670,20,0
TXN05444,2026-01-20 22:38:00,Withdrawal,2026.27,Hyderabad,45,1393,17,0
TXN00465,2026-01-20 22:44:00,Payment,80.94,Delhi,60,724,11,0
TXN01181,2026-01-20 22:44:00,Withdrawal,74.72,Kolkata,22,851,47,0
TXN01919,2026-01-20 22:44:00,Payment,143.8,Hyderabad,37,388,42,0
TXN09704,2026-01-20 22:47:00,Withdrawal,55.3,Jaipur,23,934,37,0
TXN06523,2026-01-20 22:48:00,Payment,926.13,Jaipur,20,599,46,0
TXN06333,2026-01-20 22:49:00,Transfer,96.42,Delhi,45,91,47,0
TXN07867,2026-01-20 22:54:00,Withdrawal,688.26,Pune,52,996,35,0
TXN06142,2026-01-20 22:56:00,Payment,360.56,Pune,24,1585,49,0
TXN09298,2026-01-20 22:57:00,Payment,26.86,Jaipur,35,1094,105,0
TXN03993,2026-01-21 08:00:00,Withdrawal,30.97,Hyderabad,62,380,43,0
TXN06640,2026-01-21 08:04:00,Payment,112.68,Delhi,37,1259,42,0
TXN04974,2026-01-21 08:07:00,Withdrawal,147.09,Hyderabad,24,1220,76,0
TXN01298,2026-01-21 08:07:00,Payment,56.43,Chennai,59,957,40,0
TXN02450,2026-01-21 08:17:00,Withdrawal,17.63,Kolkata,44,2177,34,0
TXN03950,2026-01-21 08:20:00,Transfer,101.49,Mumbai,66,949,31,0
TXN08532,2026-01-21 08:25:00,Payment,60.53,Mumbai,21,522,144,0
TXN09456,2026-01-21 08:30:00,Transfer,299.81,Ahmedabad,29,863,31,0
TXN07468,2026-01-21 08:33:00,Payment,536.79,Chennai,56,419,3,0
TXN06223,2026-01-21 08:34:00,Transfer,66.57,Bengaluru,38,336,14,0
TXN03065,2026-01-21 08:39:00,Withdrawal,103.85,Mumbai,20,1195,32,0
TXN04286,2026-01-21 08:41:00,Payment,431.51,Ahmedabad,56,704,21,0
TXN05764,2026-01-21 08:52:00,Payment,137.41,Bengaluru,55,253,40,0
TXN09480,2026-01-21 08:53:00,Transfer,175.48,Ahmedabad,52,359,26,0
TXN05621,2026-01-21 08:56:00,Payment,238.58,Chennai,55,1322,21,0
TXN03247,2026-01-21 09:04:00,Transfer,62.27,Pune,30,1176,27,0
TXN05095,2026-01-21 09:14:00,Transfer,94.0,Pune,32,796,21,0
TXN03957,2026-01-21 09:15:00,Payment,191.01,Mumbai,62,525,73,0
TXN02500,2026-01-21 09:19:00,Withdrawal,29.83,Ahmedabad,56,562,100,0
TXN03311,2026-01-21 09:21:00,Payment,117.36,Hyderabad,42,917,23,0
TXN04630,2026-01-21 09:21:00,Payment,82.72,Pune,67,849,71,0
TXN04315,2026-01-21 09:21:00,Payment,306.97,Chennai,27,1219,53,0
TXN07822,2026-01-21 09:25:00,Payment,245.08,Mumbai,23,2072,67,0
TXN05520,2026-01-21 09:30:00,Payment,608.06,Mumbai,41,1202,19,0
TXN08576,2026-01-21 09:37:00,Payment,423.88,Jaipur,19,813,15,0
TXN06143,2026-01-21 09:38:00,Payment,371.06,Chennai,39,398,38,0
TXN05477,2026-01-21 09:41:00,Payment,703.78,Delhi,26,3364,19,0
TXN01973,2026-01-21 09:42:00,Payment,140.92,Kolkata,56,580,65,0
TXN05337,2026-01-21 09:43:00,Transfer,61.59,Delhi,38,1221,70,0
TXN05078,2026-01-21 09:44:00,Payment,224.15,Chennai,45,864,48,0
TXN07320,2026-01-21 09:44:00,Transfer,72.62,Pune,61,844,32,0
TXN05424,2026-01-21 09:47:00,Payment,21.57,Ahmedabad,35,2023,16,0
TXN00662,2026-01-21 09:49:00,Withdrawal,156.41,Mumbai,34,765,70,0
TXN01657,2026-01-21 09:50:00,Payment,103.67,Delhi,67,1511,50,0
TXN00321,2026-01-21 09:50:00,Transfer,108.72,Ahmedabad,63,715,43,0
TXN09833,2026-01-21 09:51:00,Payment,149.02,Pune,55,762,34,0
TXN04093,2026-01-21 09:52:00,Payment,86.54,Chennai,39,714,5,0
TXN09577,2026-01-21 09:57:00,Payment,299.99,Ahmedabad,27,3229,14,0
TXN08530,2026-01-21 09:57:00,Transfer,253.22,Jaipur,45,361,72,0
TXN00652,2026-01-21 09:58:00,Withdrawal,77.18,Hyderabad,56,2693,16,0
TXN02950,2026-01-21 10:00:00,Transfer,35.22,Chennai,48,855,38,0
TXN04007,2026-01-21 10:00:00,Transfer,144.08,Jaipur,28,908,105,0
TXN00299,2026-01-21 10:04:00,Withdrawal,215.3,Kolkata,57,900,68,0
TXN09690,2026-01-21 10:04:00,Payment,409.03,Mumbai,24,578,13,0
TXN05485,2026-01-21 10:10:00,Payment,539.85,Mumbai,59,1195,66,0
TXN08493,2026-01-21 10:20:00,Payment,711.32,Bengaluru,49,1064,22,0
TXN03615,2026-01-21 10:23:00,Transfer,184.56,Mumbai,58,476,7,0
TXN04031,2026-01-21 10:23:00,Payment,275.17,Chennai,48,978,143,0
TXN08474,2026-01-21 10:24:00,Transfer,2289.61,Bengaluru,54,1397,24,0
TXN09660,2026-01-21 10:30:00,Payment,218.54,Kolkata,49,1066,127,0
TXN06302,2026-01-21 10:31:00,Withdrawal,9.07,Chennai,64,231,37,0
TXN07589,2026-01-21 10:31:00,Payment,237.69,Kolkata,32,1084,18,0
TXN05064,2026-01-21 10:31:00,Payment,127.67,Mumbai,26,1265,35,0
TXN08435,2026-01-21 10:31:00,Payment,196.59,Mumbai,20,1502,89,0
TXN05615,2026-01-21 10:32:00,Withdrawal,173.39,Hyderabad,18,1737,31,1
TXN02231,2026-01-21 10:38:00,Payment,1634.25,Bengaluru,66,373,48,0
TXN05864,2026-01-21 10:38:00,Payment,105.6,Delhi,28,642,45,0
TXN08909,2026-01-21 10:39:00,Withdrawal,380.05,Delhi,28,271,29,0
TXN03061,2026-01-21 10:40:00,Payment,85.67,Bengaluru,42,296,24,0
TXN03969,2026-01-21 10:41:00,Payment,47.66,Kolkata,31,1929,21,0
TXN03490,2026-01-21 10:48:00,Withdrawal,864.05,Hyderabad,21,1411,17,0
TXN00266,2026-01-21 10:52:00,Transfer,161.06,Delhi,56,330,41,0
TXN03098,2026-01-21 10:54:00,Payment,20.01,Hyderabad,27,1120,68,0
TXN07591,2026-01-21 10:57:00,Transfer,745.52,Delhi,55,1097,21,0
TXN09698,2026-01-21 10:59:00,Payment,126.6,Kolkata,62,1384,7,0
TXN01216,2026-01-21 11:02:00,Transfer,228.29,Hyderabad,30,2114,82,0
TXN07609,2026-01-21 11:04:00,Payment,86.38,Chennai,65,2476,65,0
TXN00516,2026-01-21 11:05:00,Payment,689.1,Bengaluru,66,326,13,0
TXN03491,2026-01-21 11:08:00,Transfer,112.97,Mumbai,67,344,32,0
TXN03005,2026-01-21 11:12:00,Payment,67.17,Chennai,47,170,54,0
TXN09768,2026-01-21 11:16:00,Transfer,410.67,Kolkata,22,1283,8,0
TXN05239,2026-01-21 11:17:00,Withdrawal,310.94,Mumbai,46,1514,44,0
TXN02784,2026-01-21 11:26:00,Payment,263.09,Delhi,51,3340,24,0
TXN08032,2026-01-21 11:27:00,Payment,197.14,Mumbai,23,378,59,0
TXN06685,2026-01-21 11:27:00,Payment,26.07,Mumbai,66,308,162,0
TXN08595,2026-01-21 11:29:00,Payment,906.73,Hyderabad,43,471,34,0
TXN01237,2026-01-21 11:29:00,Payment,244.61,Jaipur,36,1375,44,0
TXN09548,2026-01-21 11:31:00,Transfer,158.07,Kolkata,21,1595,15,0
TXN08038,2026-01-21 11:33:00,Payment,227.04,Hyderabad,30,423,53,0
TXN01462,2026-01-21 11:35:00,Payment,155.01,Pune,45,134,90,0
TXN07768,2026-01-21 11:36:00,Transfer,69.5,Mumbai,63,1306,16,0
TXN01687,2026-01-21 11:37:00,Transfer,544.25,Mumbai,57,1286,58,0
TXN07380,2026-01-21 11:37:00,Payment,54.15,Kolkata,24,962,85,0
TXN08403,2026-01-21 11:40:00,Withdrawal,606.65,Delhi,61,2886,140,0
TXN04490,2026-01-21 11:40:00,Payment,762.09,Delhi,65,1064,57,0
TXN09285,2026-01-21 11:45:00,Payment,199.15,Kolkata,24,1554,37,0
TXN05742,2026-01-21 11:48:00,Payment,207.44,Mumbai,38,800,43,0
TXN03292,2026-01-21 11:58:00,Payment,154.28,Hyderabad,58,657,27,0
TXN03358,2026-01-21 12:00:00,Payment,154.32,Bengaluru,27,613,35,0
TXN03898,2026-01-21 12:00:00,Withdrawal,105.16,Bengaluru,61,1135,63,0
TXN02512,2026-01-21 12:01:00,Transfer,118.07,Chennai,60,1749,23,0
TXN00193,2026-01-21 12:02:00,Payment,207.56,Mumbai,21,952,17,0
TXN04008,2026-01-21 12:08:00,Payment,87.82,Mumbai,68,318,14,0
TXN01096,2026-01-21 12:10:00,Transfer,249.99,Hyderabad,36,1416,121,0
TXN09366,2026-01-21 12:10:00,Payment,718.46,Mumbai,34,1346,90,0
TXN08820,2026-01-21 12:10:00,Payment,51.8,Mumbai,45,780,52,0
TXN01104,2026-01-21 12:14:00,Payment,450.15,Kolkata,23,300,33,0
TXN03235,2026-01-21 12:17:00,Payment,374.17,Kolkata,64,750,33,0
TXN05394,2026-01-21 12:24:00,Transfer,170.48,Kolkata,47,416,75,0
TXN01626,2026-01-21 12:32:00,Payment,79.82,Bengaluru,69,1209,7,0
TXN02078,2026-01-21 12:33:00,Payment,288.39,Bengaluru,52,1729,18,0
TXN06616,2026-01-21 12:33:00,Payment,160.69,Mumbai,43,999,78,0
TXN01921,2026-01-21 12:39:00,Payment,621.29,Bengaluru,23,789,61,0
TXN03659,2026-01-21 12:40:00,Payment,323.73,Kolkata,58,686,63,1
TXN06275,2026-01-21 12:42:00,Withdrawal,31.98,Bengaluru,49,1300,37,0
TXN07533,2026-01-21 12:44:00,Payment,58.69,Chennai,54,542,27,0
TXN03717,2026-01-21 12:51:00,Payment,50.09,Bengaluru,50,2833,38,0
TXN09949,2026-01-21 12:54:00,Withdrawal,159.8,Bengaluru,62,342,16,0
TXN00567,2026-01-21 12:55:00,Transfer,368.35,Pune,54,1187,40,0
TXN03489,2026-01-21 12:56:00,Payment,145.22,Jaipur,67,334,6,0
TXN09679,2026-01-21 12:57:00,Payment,66.09,Bengaluru,53,524,64,0
TXN04392,2026-01-21 12:57:00,Transfer,293.99,Chennai,61,1243,38,0
TXN02363,2026-01-21 13:01:00,Payment,837.11,Bengaluru,49,850,11,0
TXN00245,2026-01-21 13:02:00,Payment,59.62,Mumbai,56,1354,52,0
TXN07773,2026-01-21 13:04:00,Transfer,268.23,Hyderabad,69,1234,11,0
TXN06868,2026-01-21 13:04:00,Payment,554.67,Mumbai,21,1503,37,0
TXN03624,2026-01-21 13:08:00,Transfer,143.47,Chennai,52,2183,97,0
TXN07862,2026-01-21 13:09:00,Payment,875.93,Pune,28,4000,36,0
TXN02555,2026-01-21 13:11:00,Payment,389.67,Hyderabad,31,334,58,0
TXN09438,2026-01-21 13:11:00,Payment,124.37,Mumbai,58,486,21,0
TXN05338,2026-01-21 13:13:00,Payment,123.98,Hyderabad,36,455,77,0
TXN08012,2026-01-21 13:15:00,Transfer,127.71,Mumbai,69,502,8,1
TXN09941,2026-01-21 13:16:00,Payment,148.15,Mumbai,49,930,17,0
TXN02332,2026-01-21 13:16:00,Payment,1163.6,Ahmedabad,66,1142,102,0
TXN08624,2026-01-21 13:17:00,Payment,42.08,Bengaluru,24,247,39,0
TXN06383,2026-01-21 13:20:00,Payment,48.97,Delhi,29,854,40,0
TXN09654,2026-01-21 13:20:00,Payment,68.3,Mumbai,67,314,34,0
TXN09747,2026-01-21 13:22:00,Payment,717.55,Mumbai,48,1392,29,0
TXN02948,2026-01-21 13:23:00,Payment,1813.0,Chennai,26,467,13,0
TXN02531,2026-01-21 13:27:00,Payment,286.49,Pune,67,509,63,0
TXN09569,2026-01-21 13:27:00,Transfer,791.13,Delhi,50,167,14,1
TXN06970,2026-01-21 13:28:00,Payment,389.68,Jaipur,36,1296,43,0
TXN06694,2026-01-21 13:29:00,Payment,352.88,Chennai,45,1828,45,0
TXN04583,2026-01-21 13:31:00,Withdrawal,297.07,Ahmedabad,28,554,31,0
TXN04273,2026-01-21 13:32:00,Payment,606.84,Bengaluru,30,925,33,0
TXN08949,2026-01-21 13:35:00,Payment,435.39,Pune,55,221,95,0
TXN06519,2026-01-21 13:37:00,Withdrawal,168.53,Bengaluru,63,559,65,0
TXN06370,2026-01-21 13:38:00,Payment,117.33,Kolkata,65,226,122,0
TXN04506,2026-01-21 13:42:00,Payment,28.34,Bengaluru,56,1362,34,0
TXN06278,2026-01-21 13:44:00,Payment,1374.43,Mumbai,37,942,55,0
TXN06727,2026-01-21 13:47:00,Payment,229.24,Ahmedabad,61,720,25,0
TXN03543,2026-01-21 13:48:00,Payment,165.55,Hyderabad,35,748,47,0
TXN03801,2026-01-21 13:50:00,Transfer,611.54,Mumbai,66,1234,12,0
TXN08482,2026-01-21 13:50:00,Transfer,161.3,Mumbai,67,2106,80,0
TXN04313,2026-01-21 13:50:00,Transfer,405.16,Hyderabad,57,1212,33,0
TXN04640,2026-01-21 13:53:00,Payment,532.53,Bengaluru,57,1458,56,0
TXN07627,2026-01-21 13:55:00,Payment,1532.71,Kolkata,19,248,25,0
TXN09331,2026-01-21 13:57:00,Payment,43.3,Pune,46,1768,35,0
TXN00409,2026-01-21 13:58:00,Withdrawal,216.54,Hyderabad,42,462,31,0
TXN06375,2026-01-21 13:59:00,Payment,223.98,Ahmedabad,30,1844,19,0
TXN06411,2026-01-21 14:02:00,Payment,32.13,Bengaluru,23,1054,53,0
TXN05229,2026-01-21 14:06:00,Payment,137.1,Bengaluru,20,700,76,0
TXN05895,2026-01-21 14:09:00,Payment,961.83,Delhi,47,846,20,1
TXN06067,2026-01-21 14:09:00,Payment,400.23,Hyderabad,50,1051,22,0
TXN09999,2026-01-21 14:12:00,Payment,192.02,Bengaluru,53,1072,1,0
TXN06618,2026-01-21 14:14:00,Transfer,92.62,Kolkata,34,1876,23,0
TXN05336,2026-01-21 14:16:00,Payment,175.22,Jaipur,67,1100,4,0
TXN03902,2026-01-21 14:17:00,Payment,76.21,Pune,25,734,76,0
TXN09395,2026-01-21 14:32:00,Payment,73.07,Delhi,41,331,26,0
TXN07314,2026-01-21 14:34:00,Payment,207.14,Delhi,32,1310,20,0
TXN09483,2026-01-21 14:35:00,Payment,73.67,Hyderabad,62,711,32,0
TXN01680,2026-01-21 14:41:00,Payment,175.4,Ahmedabad,49,1013,51,0
TXN01993,2026-01-21 14:44:00,Payment,629.24,Pune,42,415,76,0
TXN07188,2026-01-21 14:46:00,Payment,54.98,Mumbai,24,438,14,0
TXN03974,2026-01-21 14:48:00,Transfer,176.77,Mumbai,66,811,24,0
TXN09528,2026-01-21 14:51:00,Payment,403.03,Bengaluru,67,364,24,0
TXN00794,2026-01-21 14:59:00,Transfer,569.76,Kolkata,32,1002,59,0
TXN04002,2026-01-21 15:00:00,Payment,185.16,Bengaluru,51,1950,55,0
TXN02813,2026-01-21 15:01:00,Payment,177.62,Bengaluru,63,307,64,0
TXN02377,2026-01-21 15:02:00,Payment,109.37,Pune,38,261,4,1
TXN02928,2026-01-21 15:10:00,Payment,54.44,Pune,38,246,115,0
TXN08770,2026-01-21 15:14:00,Withdrawal,459.21,Delhi,54,222,17,1
TXN02131,2026-01-21 15:27:00,Payment,25.76,Mumbai,45,1141,33,0
TXN00350,2026-01-21 15:28:00,Payment,90.04,Hyderabad,66,931,43,0
TXN09957,2026-01-21 15:29:00,Transfer,77.71,Pune,24,435,41,0
TXN05145,2026-01-21 15:39:00,Transfer,244.13,Bengaluru,60,1264,73,0
TXN04327,2026-01-21 15:43:00,Transfer,208.9,Pune,25,2592,20,0
TXN03496,2026-01-21 15:44:00,Transfer,145.48,Jaipur,52,1811,38,0
TXN06094,2026-01-21 15:51:00,Withdrawal,71.95,Bengaluru,41,1008,7,0
TXN07843,2026-01-21 15:52:00,Transfer,187.14,Ahmedabad,49,2290,5,0
TXN08690,2026-01-21 15:54:00,Payment,258.02,Jaipur,26,613,45,0
TXN04252,2026-01-21 15:56:00,Transfer,283.69,Kolkata,63,512,33,0
TXN03316,2026-01-21 15:59:00,Payment,122.68,Bengaluru,69,401,41,0
TXN05373,2026-01-21 16:00:00,Transfer,236.87,Jaipur,50,1229,37,0
TXN03461,2026-01-21 16:00:00,Transfer,116.66,Bengaluru,50,865,126,0
TXN07170,2026-01-21 16:02:00,Withdrawal,158.92,Kolkata,20,2688,104,0
TXN09309,2026-01-21 16:06:00,Payment,72.57,Kolkata,58,462,71,0
TXN00055,2026-01-21 16:06:00,Payment,2928.59,Delhi,42,995,37,0
TXN08486,2026-01-21 16:11:00,Withdrawal,50.81,Delhi,61,1359,25,0
TXN06716,2026-01-21 16:12:00,Transfer,290.64,Mumbai,30,1243,52,0
TXN00058,2026-01-21 16:16:00,Payment,84.65,Chennai,40,2606,30,0
TXN01731,2026-01-21 16:19:00,Transfer,532.31,Mumbai,37,872,74,0
TXN08539,2026-01-21 16:25:00,Payment,193.3,Delhi,39,383,92,0
TXN05572,2026-01-21 16:28:00,Transfer,118.64,Chennai,36,1314,47,0
TXN04778,2026-01-21 16:28:00,Withdrawal,89.66,Jaipur,49,1721,5,0
TXN01600,2026-01-21 16:37:00,Payment,108.35,Chennai,32,1313,28,0
TXN06671,2026-01-21 16:41:00,Transfer,198.97,Kolkata,29,1495,41,0
TXN04177,2026-01-21 16:46:00,Transfer,318.29,Mumbai,50,779,27,0
TXN08158,2026-01-21 16:48:00,Transfer,425.72,Delhi,37,1350,83,1
TXN03202,2026-01-21 16:55:00,Payment,182.97,Chennai,58,1760,68,0
TXN00565,2026-01-21 17:04:00,Transfer,124.0,Hyderabad,41,487,30,0
TXN07549,2026-01-21 17:05:00,Payment,41.91,Bengaluru,28,1359,5,0
TXN00752,2026-01-21 17:10:00,Payment,754.97,Delhi,25,1288,18,0
TXN02328,2026-01-21 17:10:00,Payment,918.48,Pune,18,1124,64,0
TXN01517,2026-01-21 17:11:00,Transfer,271.13,Hyderabad,21,1757,57,0
TXN09924,2026-01-21 17:14:00,Transfer,895.14,Delhi,67,1446,45,0
TXN07376,2026-01-21 17:16:00,Payment,342.4,Kolkata,37,561,15,0
TXN03046,2026-01-21 17:21:00,Transfer,434.85,Mumbai,63,692,30,0
TXN08872,2026-01-21 17:24:00,Payment,69.81,Delhi,54,602,1,0
TXN06769,2026-01-21 17:24:00,Withdrawal,132.09,Mumbai,24,237,60,0
TXN03856,2026-01-21 17:26:00,Payment,459.84,Bengaluru,25,267,8,0
TXN04902,2026-01-21 17:27:00,Payment,122.47,Mumbai,57,350,55,0
TXN07052,2026-01-21 17:28:00,Transfer,1412.47,Jaipur,56,2025,60,0
TXN05960,2026-01-21 17:31:00,Withdrawal,82.45,Delhi,54,1468,45,0
TXN01113,2026-01-21 17:35:00,Payment,442.94,Jaipur,32,823,5,0
TXN00856,2026-01-21 17:36:00,Transfer,1943.51,Bengaluru,21,724,23,0
TXN05533,2026-01-21 17:36:00,Payment,106.46,Pune,34,669,30,0
TXN05683,2026-01-21 17:37:00,Payment,69.18,Mumbai,60,167,32,0
TXN00131,2026-01-21 17:38:00,Transfer,139.66,Kolkata,41,325,16,0
TXN04534,2026-01-21 17:39:00,Payment,48.86,Jaipur,64,1147,28,0
TXN06684,2026-01-21 17:41:00,Payment,241.33,Bengaluru,41,166,31,0
TXN00358,2026-01-21 17:43:00,Payment,431.01,Delhi,60,715,58,1
TXN05163,2026-01-21 17:46:00,Payment,68.01,Mumbai,66,2886,25,0
TXN02755,2026-01-21 17:56:00,Payment,159.87,Chennai,45,444,7,0
TXN00460,2026-01-21 18:00:00,Transfer,101.47,Delhi,64,789,19,0
TXN07604,2026-01-21 18:02:00,Transfer,102.42,Mumbai,28,1240,13,0
TXN05284,2026-01-21 18:03:00,Payment,26.02,Pune,49,923,52,0
TXN05877,2026-01-21 18:07:00,Withdrawal,149.84,Pune,39,901,53,0
TXN06015,2026-01-21 18:10:00,Withdrawal,642.61,Hyderabad,46,1008,80,0
TXN01399,2026-01-21 18:11:00,Payment,52.83,Chennai,66,267,114,0
TXN00100,2026-01-21 18:12:00,Withdrawal,63.1,Hyderabad,46,476,6,0
TXN01805,2026-01-21 18:15:00,Transfer,486.97,Bengaluru,69,1393,60,0
TXN04074,2026-01-21 18:19:00,Payment,659.74,Chennai,36,1127,68,0
TXN09617,2026-01-21 18:25:00,Transfer,146.02,Delhi,65,700,41,1
TXN00850,2026-01-21 18:27:00,Payment,147.08,Mumbai,33,633,14,0
TXN00542,2026-01-21 18:29:00,Payment,89.66,Hyderabad,20,524,36,0
TXN00247,2026-01-21 18:30:00,Transfer,19.56,Ahmedabad,58,1418,128,0
TXN05879,2026-01-21 18:30:00,Transfer,62.42,Chennai,41,805,10,0
TXN09252,2026-01-21 18:32:00,Transfer,74.04,Delhi,28,658,45,0
TXN02358,2026-01-21 18:35:00,Payment,23.43,Bengaluru,22,330,16,0
TXN08442,2026-01-21 18:36:00,Transfer,225.49,Bengaluru,54,1038,22,0
TXN08422,2026-01-21 18:37:00,Withdrawal,23.01,Ahmedabad,66,527,33,0
TXN06990,2026-01-21 18:41:00,Payment,936.16,Kolkata,47,859,58,0
TXN02617,2026-01-21 18:48:00,Transfer,150.9,Delhi,52,259,11,0
TXN03787,2026-01-21 18:49:00,Transfer,53.23,Ahmedabad,53,190,5,0
TXN06059,2026-01-21 18:49:00,Payment,531.83,Kolkata,50,1417,11,0
TXN06422,2026-01-21 18:52:00,Payment,96.66,Hyderabad,54,2182,106,0
TXN09318,2026-01-21 18:52:00,Payment,96.93,Delhi,51,1348,16,0
TXN00360,2026-01-21 18:53:00,Withdrawal,39.68,Hyderabad,33,961,226,1
TXN05071,2026-01-21 18:56:00,Transfer,604.54,Bengaluru,64,98,79,0
TXN03148,2026-01-21 18:57:00,Payment,307.77,Bengaluru,43,391,4,0
TXN06735,2026-01-21 18:59:00,Transfer,518.01,Chennai,53,217,78,0
TXN06577,2026-01-21 19:00:00,Transfer,81.02,Bengaluru,28,2222,33,0
TXN03350,2026-01-21 19:11:00,Payment,1703.66,Hyderabad,59,1125,86,0
TXN06965,2026-01-21 19:12:00,Withdrawal,111.82,Delhi,54,769,180,1
TXN02154,2026-01-21 19:13:00,Withdrawal,140.8,Jaipur,37,389,28,0
TXN06322,2026-01-21 19:16:00,Payment,188.18,Delhi,37,879,10,0
TXN05725,2026-01-21 19:17:00,Payment,146.7,Jaipur,34,530,35,0
TXN08353,2026-01-21 19:23:00,Payment,416.41,Ahmedabad,64,1086,61,0
TXN09713,2026-01-21 19:24:00,Payment,238.32,Mumbai,23,301,16,0
TXN08790,2026-01-21 19:37:00,Transfer,86.24,Jaipur,66,1294,30,0
TXN04141,2026-01-21 19:40:00,Transfer,36.34,Kolkata,66,1111,66,0
TXN05718,2026-01-21 19:44:00,Payment,378.92,Bengaluru,19,748,28,0
TXN02294,2026-01-21 19:46:00,Payment,431.57,Hyderabad,42,348,13,0
TXN04970,2026-01-21 19:47:00,Payment,131.43,Mumbai,32,869,29,0
TXN00279,2026-01-21 19:47:00,Payment,17.56,Chennai,54,2417,42,0
TXN03666,2026-01-21 19:47:00,Payment,91.74,Bengaluru,43,737,96,0
TXN06119,2026-01-21 19:48:00,Withdrawal,1417.34,Delhi,32,324,58,0
TXN07440,2026-01-21 19:53:00,Withdrawal,99.76,Chennai,57,694,11,0
TXN08775,2026-01-21 19:54:00,Payment,247.21,Kolkata,22,799,43,0
TXN09773,2026-01-21 19:59:00,Withdrawal,92.09,Chennai,66,991,32,0
TXN03460,2026-01-21 20:01:00,Transfer,125.16,Delhi,51,1698,29,0
TXN06374,2026-01-21 20:01:00,Payment,640.32,Pune,64,1537,29,0
TXN00605,2026-01-21 20:03:00,Payment,1905.16,Pune,63,1623,87,0
TXN05680,2026-01-21 20:03:00,Payment,96.79,Pune,68,501,78,0
TXN06392,2026-01-21 20:05:00,Transfer,144.95,Chennai,34,1099,45,0
TXN00519,2026-01-21 20:05:00,Withdrawal,638.95,Bengaluru,38,792,41,0
TXN00133,2026-01-21 20:11:00,Payment,157.15,Bengaluru,36,3119,34,0
TXN07937,2026-01-21 20:15:00,Payment,92.89,Ahmedabad,40,399,33,0
TXN06404,2026-01-21 20:17:00,Transfer,1036.68,Mumbai,61,1757,23,0
TXN02542,2026-01-21 20:21:00,Transfer,48.41,Bengaluru,50,928,22,0
TXN06132,2026-01-21 20:23:00,Payment,137.9,Delhi,56,287,18,0
TXN08382,2026-01-21 20:23:00,Withdrawal,162.18,Kolkata,50,1076,5,0
TXN07296,2026-01-21 20:24:00,Transfer,46.57,Bengaluru,20,1829,28,0
TXN03160,2026-01-21 20:24:00,Transfer,190.02,Bengaluru,33,1895,176,0
TXN09183,2026-01-21 20:28:00,Transfer,346.55,Mumbai,62,1727,86,0
TXN08179,2026-01-21 20:32:00,Payment,45.91,Hyderabad,24,733,41,0
TXN00833,2026-01-21 20:37:00,Withdrawal,119.36,Kolkata,65,934,23,0
TXN01559,2026-01-21 20:42:00,Payment,193.68,Bengaluru,43,1272,47,0
TXN05103,2026-01-21 20:43:00,Payment,82.72,Mumbai,43,416,44,0
TXN05679,2026-01-21 20:47:00,Transfer,76.98,Jaipur,66,278,76,0
TXN03132,2026-01-21 20:53:00,Payment,152.34,Chennai,50,1310,95,0
TXN03684,2026-01-21 20:53:00,Payment,259.06,Delhi,35,359,11,0
TXN02941,2026-01-21 20:59:00,Transfer,424.98,Chennai,58,543,3,0
TXN02091,2026-01-21 21:02:00,Payment,26.09,Bengaluru,35,1932,35,0
TXN09224,2026-01-21 21:05:00,Payment,64.29,Kolkata,39,972,19,0
TXN08405,2026-01-21 21:09:00,Payment,137.01,Mumbai,60,1246,22,0
TXN04713,2026-01-21 21:10:00,Payment,18.69,Delhi,54,1257,40,0
TXN05116,2026-01-21 21:11:00,Payment,296.15,Delhi,66,502,83,0
TXN08556,2026-01-21 21:15:00,Transfer,199.98,Jaipur,67,1108,34,0
TXN07935,2026-01-21 21:15:00,Payment,358.32,Kolkata,69,1648,28,0
TXN05779,2026-01-21 21:15:00,Transfer,1190.38,Chennai,54,410,74,0
TXN06136,2026-01-21 21:19:00,Transfer,34.33,Delhi,38,237,17,0
TXN08994,2026-01-21 21:21:00,Withdrawal,253.56,Pune,43,2142,20,0
TXN00522,2026-01-21 21:23:00,Transfer,178.94,Pune,69,1161,122,0
TXN01580,2026-01-21 21:24:00,Withdrawal,182.54,Mumbai,44,436,61,0
TXN05637,2026-01-21 21:28:00,Withdrawal,315.77,Jaipur,19,28,1,0
TXN03808,2026-01-21 21:28:00,Payment,120.76,Hyderabad,24,380,42,0
TXN08007,2026-01-21 21:33:00,Withdrawal,86.1,Delhi,50,527,62,0
TXN06064,2026-01-21 21:37:00,Withdrawal,550.88,Hyderabad,62,228,72,0
TXN03722,2026-01-21 21:37:00,Withdrawal,1684.79,Delhi,31,220,16,0
TXN03435,2026-01-21 21:44:00,Payment,65.56,Chennai,20,1057,98,0
TXN04971,2026-01-21 21:47:00,Payment,141.98,Kolkata,63,619,89,0
TXN08729,2026-01-21 21:51:00,Payment,70.18,Bengaluru,31,1801,99,0
TXN04215,2026-01-21 21:51:00,Payment,25.08,Delhi,51,606,61,0
TXN05823,2026-01-21 21:51:00,Transfer,121.56,Chennai,61,924,11,0
TXN02703,2026-01-21 21:51:00,Payment,209.54,Chennai,18,1329,26,0
TXN00591,2026-01-21 21:52:00,Transfer,662.2,Bengaluru,59,906,29,1
TXN03396,2026-01-21 21:53:00,Payment,112.75,Kolkata,45,1397,143,0
TXN00223,2026-01-21 22:01:00,Payment,164.57,Mumbai,49,1075,10,0
TXN00191,2026-01-21 22:02:00,Payment,250.89,Pune,22,961,26,0
TXN00718,2026-01-21 22:02:00,Withdrawal,84.49,Delhi,32,993,33,0
TXN01025,2026-01-21 22:03:00,Withdrawal,374.5,Jaipur,24,316,60,1
TXN04876,2026-01-21 22:05:00,Transfer,71.24,Jaipur,38,336,23,0
TXN09441,2026-01-21 22:11:00,Withdrawal,519.1,Delhi,60,320,92,0
TXN03164,2026-01-21 22:19:00,Withdrawal,107.62,Jaipur,50,3948,71,0
TXN02576,2026-01-21 22:20:00,Transfer,774.55,Pune,31,880,21,0
TXN06477,2026-01-21 22:21:00,Payment,312.13,Chennai,62,873,40,0
TXN09910,2026-01-21 22:22:00,Payment,97.52,Delhi,47,569,27,0
TXN08236,2026-01-21 22:24:00,Payment,306.4,Delhi,21,888,26,0
TXN02474,2026-01-21 22:27:00,Withdrawal,116.85,Hyderabad,44,862,39,0
TXN07899,2026-01-21 22:34:00,Payment,1385.94,Mumbai,22,308,39,0
TXN08127,2026-01-21 22:42:00,Transfer,1174.32,Delhi,27,1808,115,0
TXN07708,2026-01-21 22:47:00,Transfer,129.97,Bengaluru,66,2431,14,0
TXN08618,2026-01-21 22:49:00,Payment,3537.38,Chennai,60,723,51,0
TXN06811,2026-01-21 22:49:00,Transfer,12.7,Delhi,39,1092,25,0
TXN01461,2026-01-21 22:52:00,Transfer,162.83,Bengaluru,56,1275,12,0
TXN04821,2026-01-21 22:53:00,Transfer,127.42,Bengaluru,59,355,106,0
TXN06503,2026-01-21 22:57:00,Payment,612.72,Kolkata,26,2377,51,0
TXN00789,2026-01-21 22:57:00,Transfer,89.82,Pune,21,1104,39,0
TXN09462,2026-01-22 08:02:00,Withdrawal,18.68,Kolkata,44,862,38,0
TXN09431,2026-01-22 08:02:00,Payment,373.53,Chennai,24,1430,44,0
TXN05500,2026-01-22 08:03:00,Transfer,539.29,Chennai,19,1447,39,0
TXN09770,2026-01-22 08:05:00,Payment,168.91,Bengaluru,52,439,36,0
TXN07458,2026-01-22 08:07:00,Payment,325.03,Hyderabad,40,951,30,0
TXN07152,2026-01-22 08:15:00,Payment,221.07,Mumbai,24,2003,7,0
TXN08678,2026-01-22 08:16:00,Payment,324.76,Delhi,53,599,16,0
TXN07350,2026-01-22 08:17:00,Transfer,1119.29,Mumbai,62,289,48,0
TXN04455,2026-01-22 08:18:00,Payment,249.33,Chennai,29,1387,83,0
TXN09758,2026-01-22 08:25:00,Payment,98.92,Mumbai,66,630,55,0
TXN04720,2026-01-22 08:25:00,Transfer,552.01,Hyderabad,48,737,56,0
TXN07479,2026-01-22 08:27:00,Transfer,656.81,Jaipur,35,180,23,0
TXN04064,2026-01-22 08:30:00,Withdrawal,41.43,Mumbai,34,1307,65,0
TXN09134,2026-01-22 08:32:00,Payment,1034.07,Chennai,64,398,67,0
TXN00846,2026-01-22 08:33:00,Transfer,716.69,Mumbai,49,541,17,0
TXN09403,2026-01-22 08:36:00,Payment,267.35,Kolkata,49,263,32,0
TXN04765,2026-01-22 08:39:00,Transfer,284.19,Chennai,43,1731,52,0
TXN05792,2026-01-22 08:43:00,Payment,80.0,Ahmedabad,53,251,21,0
TXN04838,2026-01-22 08:46:00,Payment,221.53,Jaipur,50,485,64,0
TXN02741,2026-01-22 08:48:00,Payment,169.65,Hyderabad,63,527,123,1
TXN03010,2026-01-22 08:49:00,Withdrawal,661.28,Kolkata,60,1495,43,0
TXN09156,2026-01-22 08:50:00,Payment,322.51,Bengaluru,56,737,133,0
TXN04559,2026-01-22 08:53:00,Payment,229.64,Bengaluru,41,660,49,0
TXN06606,2026-01-22 08:55:00,Transfer,59.01,Kolkata,20,3091,49,0
TXN03945,2026-01-22 08:55:00,Transfer,3809.93,Hyderabad,51,792,14,0
TXN04419,2026-01-22 08:59:00,Transfer,275.24,Bengaluru,66,660,9,0
TXN08296,2026-01-22 09:03:00,Withdrawal,186.75,Mumbai,19,529,56,0
TXN00249,2026-01-22 09:06:00,Transfer,57.09,Ahmedabad,62,1456,154,1
TXN04621,2026-01-22 09:15:00,Payment,546.78,Delhi,25,567,43,1
TXN00021,2026-01-22 09:16:00,Payment,285.45,Chennai,26,1782,40,0
TXN06124,2026-01-22 09:18:00,Transfer,344.36,Kolkata,46,1433,106,0
TXN02422,2026-01-22 09:24:00,Withdrawal,94.26,Bengaluru,67,756,27,0
TXN02861,2026-01-22 09:25:00,Payment,341.81,Bengaluru,34,215,13,0
TXN05082,2026-01-22 09:25:00,Payment,166.14,Bengaluru,59,1654,85,0
TXN05093,2026-01-22 09:27:00,Transfer,44.68,Mumbai,25,1123,106,0
TXN09512,2026-01-22 09:28:00,Transfer,43.2,Delhi,54,1160,26,0
TXN03471,2026-01-22 09:30:00,Payment,302.55,Bengaluru,39,772,19,0
TXN01084,2026-01-22 09:30:00,Payment,30.53,Bengaluru,62,902,42,0
TXN05860,2026-01-22 09:33:00,Transfer,235.56,Chennai,29,496,63,0
TXN08910,2026-01-22 09:35:00,Payment,157.51,Mumbai,55,1441,20,0
TXN02319,2026-01-22 09:39:00,Transfer,1057.17,Bengaluru,52,806,108,0
TXN08347,2026-01-22 09:43:00,Withdrawal,683.06,Chennai,37,288,27,0
TXN08610,2026-01-22 09:44:00,Payment,62.32,Mumbai,42,2079,16,0
TXN08109,2026-01-22 09:49:00,Withdrawal,258.14,Mumbai,47,1492,46,0
TXN07450,2026-01-22 09:58:00,Payment,671.49,Mumbai,46,1579,22,0
TXN06976,2026-01-22 10:02:00,Transfer,106.38,Delhi,52,1566,104,0
TXN01440,2026-01-22 10:03:00,Withdrawal,116.77,Hyderabad,23,986,164,0
TXN00370,2026-01-22 10:05:00,Payment,297.26,Delhi,32,829,22,0
TXN08362,2026-01-22 10:06:00,Withdrawal,292.58,Kolkata,32,652,30,0
TXN04453,2026-01-22 10:08:00,Payment,275.77,Ahmedabad,66,331,91,0
TXN03972,2026-01-22 10:09:00,Payment,32.22,Delhi,34,1465,35,1
TXN01316,2026-01-22 10:19:00,Payment,131.49,Bengaluru,65,1028,25,0
TXN00779,2026-01-22 10:19:00,Payment,168.45,Bengaluru,47,393,16,0
TXN01079,2026-01-22 10:21:00,Transfer,755.24,Pune,34,1717,69,0
TXN04987,2026-01-22 10:22:00,Withdrawal,148.75,Bengaluru,39,656,37,0
TXN00405,2026-01-22 10:24:00,Payment,458.44,Mumbai,19,200,27,0
TXN01837,2026-01-22 10:26:00,Payment,43.23,Jaipur,45,347,29,0
TXN02412,2026-01-22 10:26:00,Payment,827.9,Chennai,53,495,24,1
TXN00899,2026-01-22 10:28:00,Payment,367.06,Delhi,19,897,69,0
TXN06946,2026-01-22 10:35:00,Transfer,396.46,Bengaluru,25,727,73,1
TXN01240,2026-01-22 10:37:00,Transfer,1788.12,Ahmedabad,20,635,53,0
TXN09668,2026-01-22 10:38:00,Transfer,350.51,Bengaluru,42,999,56,1
TXN02397,2026-01-22 10:38:00,Payment,298.35,Delhi,42,469,31,0
TXN07382,2026-01-22 10:39:00,Payment,71.26,Jaipur,58,699,61,0
TXN07697,2026-01-22 10:40:00,Transfer,143.35,Chennai,64,661,2,0
TXN01047,2026-01-22 10:49:00,Transfer,459.5,Pune,21,2746,54,0
TXN07349,2026-01-22 10:53:00,Payment,797.8,Delhi,21,978,8,0
TXN04156,2026-01-22 10:54:00,Payment,172.83,Kolkata,45,1096,70,0
TXN00649,2026-01-22 10:57:00,Withdrawal,173.43,Pune,53,389,112,0
TXN01976,2026-01-22 11:01:00,Payment,207.64,Kolkata,66,361,106,0
TXN06511,2026-01-22 11:02:00,Payment,88.67,Pune,65,428,16,0
TXN00655,2026-01-22 11:05:00,Transfer,487.03,Pune,55,407,50,0
TXN08017,2026-01-22 11:06:00,Payment,222.3,Delhi,22,1799,68,0
TXN08731,2026-01-22 11:11:00,Payment,132.02,Bengaluru,68,561,28,0
TXN04187,2026-01-22 11:12:00,Payment,98.19,Hyderabad,49,140,32,0
TXN04415,2026-01-22 11:22:00,Payment,125.22,Hyderabad,33,574,21,0
TXN04662,2026-01-22 11:24:00,Withdrawal,90.31,Mumbai,59,620,59,0
TXN05423,2026-01-22 11:25:00,Withdrawal,225.55,Bengaluru,46,2264,32,0
TXN04869,2026-01-22 11:27:00,Withdrawal,170.56,Mumbai,29,961,30,0
TXN07285,2026-01-22 11:30:00,Transfer,323.05,Bengaluru,54,1976,78,0
TXN07104,2026-01-22 11:31:00,Payment,265.86,Mumbai,51,532,32,0
TXN08439,2026-01-22 11:31:00,Transfer,660.89,Hyderabad,68,322,31,0
TXN02182,2026-01-22 11:37:00,Transfer,693.23,Delhi,66,1510,62,0
TXN01651,2026-01-22 11:37:00,Payment,359.98,Mumbai,29,711,35,0
TXN07736,2026-01-22 11:39:00,Payment,33.97,Mumbai,32,1521,79,1
TXN01899,2026-01-22 11:44:00,Withdrawal,196.95,Pune,38,2101,108,0
TXN01275,2026-01-22 11:45:00,Payment,815.39,Mumbai,18,272,33,0
TXN01619,2026-01-22 11:45:00,Payment,120.01,Delhi,65,411,37,0
TXN04502,2026-01-22 11:45:00,Transfer,34.77,Bengaluru,49,1008,92,0
TXN08908,2026-01-22 11:52:00,Transfer,146.42,Jaipur,36,1215,3,1
TXN08168,2026-01-22 11:52:00,Payment,99.45,Mumbai,50,979,48,0
TXN01597,2026-01-22 11:58:00,Payment,244.01,Hyderabad,34,1798,188,0
TXN06860,2026-01-22 12:03:00,Payment,1272.88,Chennai,44,697,104,0
TXN06830,2026-01-22 12:03:00,Payment,22.1,Ahmedabad,66,369,52,0
TXN06932,2026-01-22 12:04:00,Payment,202.86,Chennai,29,1021,21,0
TXN00874,2026-01-22 12:05:00,Payment,80.92,Mumbai,58,277,19,0
TXN09940,2026-01-22 12:06:00,Transfer,289.02,Delhi,31,663,39,0
TXN08601,2026-01-22 12:09:00,Payment,425.15,Pune,48,1648,22,0
TXN05834,2026-01-22 12:14:00,Payment,20.05,Chennai,63,495,60,0
TXN03141,2026-01-22 12:15:00,Withdrawal,157.48,Hyderabad,69,1317,8,0
TXN08803,2026-01-22 12:17:00,Payment,535.56,Chennai,24,1553,14,0
TXN05897,2026-01-22 12:18:00,Payment,586.2,Kolkata,55,425,76,0
TXN09742,2026-01-22 12:19:00,Transfer,1173.45,Delhi,45,679,19,0
TXN09673,2026-01-22 12:20:00,Transfer,1241.18,Jaipur,20,570,31,0
TXN06817,2026-01-22 12:25:00,Payment,1314.02,Pune,30,955,37,0
TXN09771,2026-01-22 12:27:00,Payment,61.01,Chennai,63,1414,28,0
TXN07366,2026-01-22 12:34:00,Transfer,262.59,Kolkata,56,290,65,0
TXN00301,2026-01-22 12:34:00,Transfer,1463.51,Hyderabad,21,1424,141,0
TXN05487,2026-01-22 12:36:00,Transfer,687.45,Delhi,65,673,24,0
TXN09842,2026-01-22 12:40:00,Payment,774.73,Chennai,35,647,34,0
TXN02966,2026-01-22 12:43:00,Payment,56.05,Jaipur,62,525,169,0
TXN07614,2026-01-22 12:44:00,Payment,49.13,Bengaluru,63,875,81,0
TXN09002,2026-01-22 12:48:00,Transfer,159.4,Chennai,64,1694,26,0
TXN09973,2026-01-22 12:51:00,Transfer,812.23,Bengaluru,29,302,104,0
TXN09017,2026-01-22 12:55:00,Payment,406.87,Bengaluru,26,939,76,0
TXN09211,2026-01-22 12:58:00,Withdrawal,37.73,Delhi,65,175,36,0
TXN00739,2026-01-22 12:58:00,Payment,908.7,Hyderabad,42,854,98,0
TXN09442,2026-01-22 13:00:00,Transfer,528.53,Bengaluru,45,381,99,0
TXN01999,2026-01-22 13:01:00,Payment,21.77,Jaipur,37,2731,68,0
TXN02356,2026-01-22 13:02:00,Payment,445.51,Hyderabad,45,652,13,0
TXN01804,2026-01-22 13:02:00,Transfer,387.7,Chennai,67,750,10,0
TXN05396,2026-01-22 13:04:00,Transfer,527.06,Jaipur,50,639,12,0
TXN08120,2026-01-22 13:11:00,Payment,284.37,Bengaluru,63,866,51,0
TXN08649,2026-01-22 13:13:00,Transfer,217.09,Bengaluru,63,1845,20,0
TXN08280,2026-01-22 13:15:00,Payment,255.43,Chennai,47,1636,57,0
TXN02011,2026-01-22 13:20:00,Withdrawal,53.36,Hyderabad,22,374,34,0
TXN04095,2026-01-22 13:21:00,Payment,467.89,Kolkata,66,2650,14,0
TXN07322,2026-01-22 13:26:00,Payment,232.67,Hyderabad,42,845,24,0
TXN08443,2026-01-22 13:27:00,Transfer,144.84,Delhi,48,1004,37,0
TXN03511,2026-01-22 13:27:00,Transfer,57.74,Jaipur,63,892,84,0
TXN07646,2026-01-22 13:28:00,Payment,183.35,Bengaluru,46,1842,67,0
TXN09627,2026-01-22 13:28:00,Payment,49.02,Mumbai,26,218,68,0
TXN04263,2026-01-22 13:28:00,Withdrawal,473.47,Delhi,65,837,25,0
TXN05061,2026-01-22 13:28:00,Payment,268.79,Mumbai,32,309,70,1
TXN05468,2026-01-22 13:33:00,Payment,1290.62,Mumbai,21,357,120,0
TXN00907,2026-01-22 13:33:00,Transfer,126.38,Delhi,35,330,20,0
TXN04079,2026-01-22 13:34:00,Transfer,188.81,Pune,66,451,41,0
TXN06443,2026-01-22 13:36:00,Payment,184.29,Bengaluru,46,918,18,0
TXN02310,2026-01-22 13:41:00,Payment,294.12,Kolkata,53,1531,18,0
TXN06254,2026-01-22 13:46:00,Transfer,364.87,Delhi,29,437,97,0
TXN05159,2026-01-22 13:57:00,Payment,293.1,Bengaluru,31,1234,42,0
TXN05808,2026-01-22 14:05:00,Payment,22.25,Mumbai,21,929,67,0
TXN07676,2026-01-22 14:10:00,Transfer,438.1,Kolkata,42,1047,58,0
TXN02028,2026-01-22 14:10:00,Withdrawal,398.59,Pune,63,1535,34,0
TXN09051,2026-01-22 14:14:00,Transfer,499.22,Mumbai,36,333,43,0
TXN01487,2026-01-22 14:14:00,Transfer,62.43,Chennai,25,1531,32,1
TXN08519,2026-01-22 14:18:00,Payment,96.45,Delhi,37,827,16,0
TXN00541,2026-01-22 14:20:00,Payment,67.5,Bengaluru,22,1045,30,0
TXN09562,2026-01-22 14:24:00,Payment,359.48,Kolkata,65,1793,148,0
TXN01334,2026-01-22 14:25:00,Transfer,139.07,Jaipur,31,2514,33,0
TXN07256,2026-01-22 14:28:00,Transfer,584.59,Chennai,36,1878,80,0
TXN01051,2026-01-22 14:30:00,Payment,63.69,Hyderabad,67,1853,49,0
TXN00366,2026-01-22 14:30:00,Withdrawal,112.17,Bengaluru,62,998,66,1
TXN03342,2026-01-22 14:32:00,Transfer,1027.58,Hyderabad,18,540,36,0
TXN08098,2026-01-22 14:35:00,Transfer,154.33,Jaipur,39,1791,18,0
TXN09550,2026-01-22 14:36:00,Payment,141.47,Chennai,60,745,27,0
TXN04470,2026-01-22 14:36:00,Withdrawal,112.84,Delhi,21,1857,17,0
TXN03707,2026-01-22 14:39:00,Payment,683.51,Chennai,52,1072,70,0
TXN03656,2026-01-22 14:46:00,Payment,129.56,Bengaluru,36,1008,83,0
TXN01159,2026-01-22 14:51:00,Payment,251.42,Pune,46,729,40,0
TXN07757,2026-01-22 14:52:00,Payment,533.79,Bengaluru,45,628,11,0
TXN04330,2026-01-22 14:53:00,Payment,314.96,Hyderabad,51,576,26,0
TXN06836,2026-01-22 14:55:00,Transfer,870.08,Mumbai,22,2750,33,0
TXN02775,2026-01-22 14:55:00,Payment,260.34,Delhi,39,1421,37,0
TXN00031,2026-01-22 14:58:00,Payment,1395.92,Kolkata,51,416,5,0
TXN03089,2026-01-22 14:58:00,Transfer,140.79,Bengaluru,43,904,34,0
TXN05170,2026-01-22 14:58:00,Payment,168.79,Mumbai,40,520,43,0
TXN06660,2026-01-22 14:59:00,Transfer,65.59,Kolkata,24,1479,26,0
TXN09809,2026-01-22 15:08:00,Transfer,433.2,Pune,37,379,18,0
TXN08696,2026-01-22 15:08:00,Payment,205.69,Chennai,31,1069,35,0
TXN02984,2026-01-22 15:11:00,Transfer,107.13,Delhi,43,1097,144,0
TXN03700,2026-01-22 15:12:00,Transfer,229.69,Delhi,50,946,48,0
TXN03773,2026-01-22 15:19:00,Transfer,1108.66,Chennai,53,891,9,0
TXN06843,2026-01-22 15:20:00,Payment,179.4,Mumbai,43,347,50,0
TXN09132,2026-01-22 15:24:00,Transfer,33.56,Ahmedabad,30,368,52,0
TXN03674,2026-01-22 15:25:00,Payment,45.28,Bengaluru,42,750,19,0
TXN02073,2026-01-22 15:32:00,Transfer,67.44,Kolkata,66,589,95,1
TXN00702,2026-01-22 15:35:00,Payment,484.0,Hyderabad,25,1133,58,0
TXN03657,2026-01-22 15:36:00,Payment,515.49,Pune,19,1114,56,0
TXN05412,2026-01-22 15:36:00,Transfer,167.26,Jaipur,37,1193,11,0
TXN07983,2026-01-22 15:47:00,Payment,218.06,Bengaluru,29,316,60,0
TXN06919,2026-01-22 15:52:00,Withdrawal,43.29,Ahmedabad,52,203,24,0
TXN02113,2026-01-22 15:52:00,Withdrawal,273.03,Pune,44,176,37,0
TXN05619,2026-01-22 15:55:00,Withdrawal,1585.23,Delhi,25,778,17,0
TXN09263,2026-01-22 15:57:00,Transfer,177.17,Mumbai,62,941,56,0
TXN01417,2026-01-22 16:02:00,Payment,1985.59,Jaipur,69,1587,86,0
TXN06098,2026-01-22 16:03:00,Withdrawal,57.34,Pune,49,882,60,0
TXN04078,2026-01-22 16:05:00,Payment,165.83,Kolkata,29,975,27,0
TXN06955,2026-01-22 16:16:00,Withdrawal,275.3,Hyderabad,18,1114,14,0
TXN09976,2026-01-22 16:19:00,Transfer,293.03,Mumbai,51,1007,79,0
TXN03799,2026-01-22 16:19:00,Withdrawal,184.54,Pune,41,452,76,0
TXN08191,2026-01-22 16:21:00,Transfer,995.03,Bengaluru,33,1414,75,0
TXN04860,2026-01-22 16:22:00,Payment,120.54,Hyderabad,60,135,72,0
TXN08660,2026-01-22 16:27:00,Payment,382.48,Bengaluru,55,296,24,0
TXN00192,2026-01-22 16:28:00,Transfer,101.27,Ahmedabad,52,2197,110,0
TXN06703,2026-01-22 16:30:00,Payment,211.86,Jaipur,44,414,34,0
TXN09507,2026-01-22 16:31:00,Transfer,679.13,Mumbai,32,711,25,0
TXN06279,2026-01-22 16:32:00,Payment,780.96,Hyderabad,37,583,39,0
TXN09325,2026-01-22 16:39:00,Transfer,190.48,Bengaluru,22,942,18,0
TXN07890,2026-01-22 16:43:00,Payment,339.44,Kolkata,58,1294,61,1
TXN04508,2026-01-22 16:44:00,Payment,87.85,Delhi,41,454,47,0
TXN02591,2026-01-22 16:50:00,Payment,475.94,Ahmedabad,49,1157,65,0
TXN05656,2026-01-22 16:50:00,Withdrawal,95.03,Chennai,54,362,72,0
TXN06709,2026-01-22 16:51:00,Payment,489.5,Kolkata,66,1117,66,0
TXN05233,2026-01-22 16:52:00,Payment,260.01,Delhi,60,693,18,0
TXN01877,2026-01-22 16:54:00,Payment,104.1,Ahmedabad,47,1665,35,0
TXN03937,2026-01-22 16:58:00,Transfer,67.92,Hyderabad,20,1455,54,0
TXN06809,2026-01-22 17:03:00,Payment,301.07,Delhi,50,1080,39,0
TXN05036,2026-01-22 17:06:00,Withdrawal,80.5,Mumbai,68,2553,71,0
TXN06647,2026-01-22 17:07:00,Transfer,279.78,Kolkata,68,965,43,0
TXN08656,2026-01-22 17:10:00,Payment,235.42,Pune,24,989,21,0
TXN09801,2026-01-22 17:10:00,Transfer,218.71,Chennai,36,320,30,0
TXN06365,2026-01-22 17:13:00,Transfer,512.91,Delhi,63,1237,22,0
TXN07060,2026-01-22 17:15:00,Withdrawal,254.12,Chennai,44,1035,133,0
TXN00205,2026-01-22 17:15:00,Transfer,121.24,Mumbai,59,487,30,0
TXN08924,2026-01-22 17:16:00,Withdrawal,281.09,Jaipur,62,1185,75,0
TXN09361,2026-01-22 17:20:00,Transfer,99.33,Mumbai,19,1456,23,0
TXN07931,2026-01-22 17:26:00,Payment,397.09,Hyderabad,54,2666,71,0
TXN03203,2026-01-22 17:30:00,Transfer,730.21,Mumbai,27,1135,10,0
TXN05932,2026-01-22 17:31:00,Withdrawal,1279.71,Mumbai,65,688,22,0
TXN05452,2026-01-22 17:31:00,Transfer,475.98,Chennai,59,1486,40,0
TXN01074,2026-01-22 17:31:00,Transfer,682.86,Bengaluru,46,706,128,0
TXN03290,2026-01-22 17:33:00,Transfer,87.08,Pune,19,520,69,0
TXN03394,2026-01-22 17:35:00,Transfer,265.26,Delhi,66,797,47,0
TXN01948,2026-01-22 17:36:00,Withdrawal,284.19,Ahmedabad,19,363,38,0
TXN01477,2026-01-22 17:37:00,Payment,239.3,Kolkata,38,750,197,0
TXN04019,2026-01-22 17:44:00,Payment,607.23,Chennai,26,1115,53,0
TXN02302,2026-01-22 17:56:00,Withdrawal,476.0,Chennai,41,599,97,0
TXN09287,2026-01-22 17:56:00,Transfer,45.39,Kolkata,60,638,22,0
TXN06767,2026-01-22 17:59:00,Withdrawal,283.61,Chennai,37,1542,39,0
TXN04333,2026-01-22 18:00:00,Payment,908.15,Delhi,27,60,8,0
TXN00999,2026-01-22 18:00:00,Payment,435.15,Chennai,35,1277,43,0
TXN05515,2026-01-22 18:10:00,Payment,33.77,Pune,65,583,45,0
TXN02503,2026-01-22 18:12:00,Transfer,1178.9,Chennai,43,248,144,0
TXN07724,2026-01-22 18:13:00,Payment,224.73,Bengaluru,42,1156,5,0
TXN03771,2026-01-22 18:15:00,Payment,176.07,Mumbai,51,1679,77,0
TXN07790,2026-01-22 18:16:00,Withdrawal,484.79,Hyderabad,59,725,6,0
TXN03422,2026-01-22 18:18:00,Transfer,74.63,Delhi,27,1008,118,0
TXN06659,2026-01-22 18:19:00,Payment,101.07,Hyderabad,31,453,40,0
TXN07569,2026-01-22 18:21:00,Payment,159.53,Chennai,21,486,18,0
TXN02979,2026-01-22 18:29:00,Transfer,1009.95,Jaipur,25,1683,32,0
TXN00735,2026-01-22 18:37:00,Transfer,878.21,Kolkata,40,1631,30,0
TXN05940,2026-01-22 18:38:00,Transfer,667.53,Hyderabad,37,1177,89,0
TXN07324,2026-01-22 18:38:00,Payment,582.36,Delhi,44,324,97,0
TXN06217,2026-01-22 18:40:00,Payment,286.04,Mumbai,43,217,16,0
TXN09073,2026-01-22 18:44:00,Withdrawal,123.8,Kolkata,48,613,11,0
TXN06516,2026-01-22 18:45:00,Payment,108.86,Jaipur,46,416,26,0
TXN06389,2026-01-22 18:50:00,Transfer,316.22,Mumbai,58,1708,48,0
TXN02595,2026-01-22 18:53:00,Withdrawal,449.79,Bengaluru,69,649,71,0
TXN09340,2026-01-22 18:54:00,Payment,207.09,Chennai,26,672,81,0
TXN05121,2026-01-22 18:55:00,Transfer,488.5,Hyderabad,47,1598,31,0
TXN04553,2026-01-22 18:55:00,Transfer,390.53,Chennai,49,432,57,0
TXN05002,2026-01-22 19:01:00,Transfer,572.16,Mumbai,34,1434,96,0
TXN07114,2026-01-22 19:01:00,Payment,768.87,Delhi,29,260,64,0
TXN07994,2026-01-22 19:05:00,Payment,243.05,Bengaluru,19,386,16,0
TXN03322,2026-01-22 19:05:00,Transfer,558.96,Kolkata,46,779,44,0
TXN02099,2026-01-22 19:06:00,Payment,55.04,Delhi,25,1362,19,0
TXN07011,2026-01-22 19:10:00,Payment,1130.2,Jaipur,40,625,117,0
TXN00287,2026-01-22 19:18:00,Transfer,149.43,Jaipur,18,1077,84,0
TXN04438,2026-01-22 19:25:00,Payment,232.93,Bengaluru,41,2122,37,0
TXN02402,2026-01-22 19:29:00,Payment,440.5,Mumbai,39,479,62,0
TXN08614,2026-01-22 19:31:00,Payment,2308.05,Bengaluru,27,752,48,0
TXN02162,2026-01-22 19:32:00,Transfer,103.65,Delhi,68,1190,145,0
TXN09047,2026-01-22 19:41:00,Transfer,41.37,Kolkata,50,2384,33,0
TXN03789,2026-01-22 19:49:00,Withdrawal,275.17,Delhi,40,2272,101,0
TXN00827,2026-01-22 19:51:00,Transfer,386.78,Kolkata,37,964,33,0
TXN09793,2026-01-22 19:52:00,Withdrawal,395.32,Pune,36,2003,14,0
TXN03066,2026-01-22 19:53:00,Transfer,301.11,Pune,56,650,223,0
TXN02148,2026-01-22 19:55:00,Payment,126.59,Kolkata,60,776,100,0
TXN07980,2026-01-22 19:58:00,Payment,225.69,Pune,39,662,65,0
TXN02053,2026-01-22 19:59:00,Payment,97.73,Bengaluru,34,377,6,1
TXN07189,2026-01-22 20:05:00,Payment,44.23,Bengaluru,26,1516,67,0
TXN01513,2026-01-22 20:07:00,Payment,215.09,Mumbai,59,212,39,0
TXN07385,2026-01-22 20:08:00,Payment,417.15,Jaipur,63,117,98,0
TXN03315,2026-01-22 20:14:00,Payment,227.65,Pune,23,974,50,0
TXN01905,2026-01-22 20:23:00,Transfer,332.05,Delhi,68,647,21,0
TXN07098,2026-01-22 20:24:00,Transfer,55.51,Jaipur,58,1534,46,0
TXN03129,2026-01-22 20:26:00,Payment,339.06,Jaipur,61,573,51,0
TXN05016,2026-01-22 20:27:00,Payment,746.3,Hyderabad,38,790,30,0
TXN04929,2026-01-22 20:28:00,Transfer,1194.48,Jaipur,44,1526,68,0
TXN01279,2026-01-22 20:30:00,Transfer,105.92,Kolkata,41,1988,54,0
TXN05497,2026-01-22 20:35:00,Transfer,161.39,Mumbai,50,277,112,0
TXN03663,2026-01-22 20:35:00,Withdrawal,103.01,Pune,56,1487,36,0
TXN04724,2026-01-22 20:35:00,Payment,175.12,Jaipur,57,551,15,0
TXN07169,2026-01-22 20:36:00,Payment,105.49,Bengaluru,27,1066,50,0
TXN07968,2026-01-22 20:39:00,Transfer,652.14,Delhi,47,469,65,1
TXN02476,2026-01-22 20:40:00,Payment,105.45,Chennai,27,1041,32,0
TXN00603,2026-01-22 20:43:00,Transfer,61.17,Mumbai,42,477,30,0
TXN05425,2026-01-22 20:45:00,Payment,22.62,Kolkata,46,1678,4,0
TXN01891,2026-01-22 20:47:00,Transfer,96.14,Hyderabad,18,1423,23,0
TXN00841,2026-01-22 20:47:00,Payment,517.47,Bengaluru,42,276,35,0
TXN08364,2026-01-22 20:52:00,Payment,299.32,Chennai,50,173,79,0
TXN05101,2026-01-22 20:56:00,Transfer,694.06,Mumbai,24,1042,87,0
TXN08906,2026-01-22 20:56:00,Transfer,76.68,Pune,38,1220,28,0
TXN01947,2026-01-22 20:59:00,Transfer,89.05,Kolkata,44,1441,28,0
TXN06137,2026-01-22 21:00:00,Payment,123.68,Jaipur,52,1338,19,0
TXN02052,2026-01-22 21:05:00,Payment,88.31,Mumbai,28,810,109,0
TXN01382,2026-01-22 21:07:00,Transfer,189.27,Chennai,22,2388,120,0
TXN00024,2026-01-22 21:10:00,Payment,1092.73,Jaipur,65,456,26,0
TXN05769,2026-01-22 21:13:00,Withdrawal,45.01,Chennai,42,1288,10,0
TXN06827,2026-01-22 21:16:00,Withdrawal,317.16,Jaipur,29,1164,29,0
TXN04426,2026-01-22 21:17:00,Payment,420.55,Bengaluru,44,984,50,0
TXN06218,2026-01-22 21:18:00,Payment,750.84,Hyderabad,35,1142,27,0
TXN02911,2026-01-22 21:20:00,Transfer,139.81,Delhi,19,309,56,0
TXN01950,2026-01-22 21:21:00,Transfer,106.92,Jaipur,46,1123,28,0
TXN06717,2026-01-22 21:25:00,Withdrawal,48.67,Mumbai,54,1331,75,0
TXN02909,2026-01-22 21:25:00,Transfer,65.95,Chennai,20,1254,32,0
TXN04560,2026-01-22 21:27:00,Transfer,563.47,Hyderabad,63,531,53,1
TXN00487,2026-01-22 21:27:00,Withdrawal,388.21,Jaipur,32,1212,62,0
TXN03641,2026-01-22 21:28:00,Payment,200.35,Mumbai,23,1293,15,0
TXN00960,2026-01-22 21:36:00,Payment,404.4,Bengaluru,61,535,41,0
TXN00705,2026-01-22 21:47:00,Payment,75.18,Kolkata,25,825,17,0
TXN09610,2026-01-22 21:49:00,Transfer,1696.2,Pune,57,828,205,0
TXN09477,2026-01-22 21:51:00,Withdrawal,273.06,Bengaluru,42,1222,75,0
TXN06161,2026-01-22 21:55:00,Transfer,121.25,Chennai,58,425,9,0
TXN08298,2026-01-22 21:58:00,Transfer,204.43,Delhi,68,1271,37,0
TXN02623,2026-01-22 22:01:00,Transfer,327.16,Kolkata,20,1595,28,0
TXN05097,2026-01-22 22:02:00,Payment,48.01,Pune,66,984,117,0
TXN07827,2026-01-22 22:04:00,Transfer,117.23,Chennai,63,723,71,0
TXN00072,2026-01-22 22:04:00,Payment,44.1,Chennai,67,500,23,0
TXN06056,2026-01-22 22:08:00,Withdrawal,1244.09,Kolkata,62,400,24,0
TXN03688,2026-01-22 22:11:00,Payment,65.59,Ahmedabad,19,1206,53,0
TXN00834,2026-01-22 22:14:00,Payment,83.24,Hyderabad,57,1216,85,0
TXN06589,2026-01-22 22:16:00,Withdrawal,45.37,Chennai,56,1716,92,0
TXN00569,2026-01-22 22:16:00,Payment,430.32,Chennai,25,459,179,0
TXN06440,2026-01-22 22:17:00,Transfer,1497.59,Kolkata,58,1458,131,0
TXN07778,2026-01-22 22:20:00,Payment,114.11,Delhi,67,408,58,0
TXN06207,2026-01-22 22:21:00,Payment,312.14,Chennai,31,3655,18,0
TXN05699,2026-01-22 22:21:00,Payment,220.79,Chennai,35,1797,18,0
TXN07884,2026-01-22 22:23:00,Payment,199.7,Bengaluru,41,1122,22,0
TXN00840,2026-01-22 22:26:00,Payment,523.69,Delhi,47,1303,103,0
TXN02599,2026-01-22 22:28:00,Transfer,96.79,Kolkata,60,2537,26,1
TXN00621,2026-01-22 22:28:00,Transfer,1446.27,Ahmedabad,37,849,29,1
TXN07459,2026-01-22 22:35:00,Transfer,139.96,Pune,65,1470,27,0
TXN07784,2026-01-22 22:36:00,Transfer,76.09,Bengaluru,24,739,29,0
TXN01338,2026-01-22 22:37:00,Transfer,63.84,Chennai,67,885,28,0
TXN04520,2026-01-22 22:38:00,Transfer,140.73,Hyderabad,21,1439,35,0
TXN06742,2026-01-22 22:44:00,Withdrawal,158.54,Mumbai,38,644,16,0
TXN05752,2026-01-22 22:46:00,Payment,104.15,Kolkata,37,1928,29,0
TXN02195,2026-01-22 22:46:00,Payment,167.22,Jaipur,51,1216,22,0
TXN00688,2026-01-22 22:51:00,Payment,157.96,Mumbai,51,1796,38,0
TXN04536,2026-01-22 22:56:00,Payment,61.37,Delhi,35,716,20,0
TXN07929,2026-01-23 08:03:00,Withdrawal,210.19,Pune,62,413,13,0
TXN04337,2026-01-23 08:06:00,Payment,240.68,Delhi,29,718,12,0
TXN01927,2026-01-23 08:08:00,Withdrawal,498.38,Pune,57,783,12,0
TXN01621,2026-01-23 08:12:00,Transfer,371.57,Chennai,37,1718,76,0
TXN03547,2026-01-23 08:16:00,Withdrawal,218.79,Delhi,56,615,58,0
TXN09703,2026-01-23 08:20:00,Transfer,502.45,Chennai,48,1160,35,0
TXN01327,2026-01-23 08:21:00,Payment,166.83,Chennai,22,375,34,0
TXN09744,2026-01-23 08:25:00,Transfer,561.9,Bengaluru,19,927,27,0
TXN02677,2026-01-23 08:27:00,Transfer,140.11,Pune,34,751,121,0
TXN08215,2026-01-23 08:28:00,Payment,58.92,Chennai,45,1235,69,0
TXN00330,2026-01-23 08:28:00,Payment,132.68,Jaipur,36,785,33,0
TXN06765,2026-01-23 08:29:00,Payment,635.65,Chennai,66,1636,37,0
TXN05534,2026-01-23 08:29:00,Withdrawal,84.09,Delhi,30,2490,38,0
TXN01262,2026-01-23 08:32:00,Transfer,108.27,Bengaluru,32,302,28,0
TXN05073,2026-01-23 08:33:00,Withdrawal,963.33,Mumbai,24,878,54,0
TXN09985,2026-01-23 08:34:00,Withdrawal,461.27,Bengaluru,67,2067,13,0
TXN05532,2026-01-23 08:37:00,Withdrawal,636.83,Kolkata,66,475,5,0
TXN08358,2026-01-23 08:39:00,Withdrawal,611.03,Delhi,36,1532,43,0
TXN05841,2026-01-23 08:41:00,Payment,70.6,Kolkata,62,1315,24,0
TXN00127,2026-01-23 08:42:00,Payment,324.49,Hyderabad,33,549,4,0
TXN00267,2026-01-23 08:43:00,Withdrawal,561.18,Delhi,42,1191,47,0
TXN08192,2026-01-23 08:44:00,Withdrawal,108.69,Chennai,60,1837,28,0
TXN00943,2026-01-23 08:45:00,Transfer,175.56,Bengaluru,40,1286,71,1
TXN07277,2026-01-23 08:57:00,Payment,237.56,Ahmedabad,32,541,52,0
TXN02935,2026-01-23 09:06:00,Payment,33.54,Jaipur,26,253,10,0
TXN09067,2026-01-23 09:15:00,Payment,212.46,Kolkata,44,935,20,1
TXN05058,2026-01-23 09:17:00,Withdrawal,217.68,Pune,31,768,40,0
TXN04527,2026-01-23 09:25:00,Withdrawal,81.68,Ahmedabad,54,994,8,0
TXN08170,2026-01-23 09:26:00,Payment,691.97,Chennai,52,1442,57,0
TXN03935,2026-01-23 09:28:00,Payment,46.74,Bengaluru,62,1074,33,0
TXN06269,2026-01-23 09:29:00,Transfer,250.35,Delhi,34,1142,22,0
TXN04947,2026-01-23 09:32:00,Payment,524.9,Mumbai,24,2413,23,0
TXN03036,2026-01-23 09:36:00,Transfer,249.46,Hyderabad,36,449,82,0
TXN09363,2026-01-23 09:37:00,Transfer,37.49,Chennai,25,1365,102,0
TXN01744,2026-01-23 09:38:00,Transfer,298.72,Mumbai,50,460,27,0
TXN00469,2026-01-23 09:41:00,Transfer,190.95,Pune,51,203,55,0
TXN01764,2026-01-23 09:43:00,Transfer,88.86,Kolkata,53,946,53,0
TXN00639,2026-01-23 09:56:00,Payment,15.34,Jaipur,24,392,65,0
TXN00061,2026-01-23 10:03:00,Payment,55.92,Hyderabad,68,848,118,0
TXN06106,2026-01-23 10:06:00,Payment,1092.8,Pune,39,2186,149,0
TXN03122,2026-01-23 10:08:00,Withdrawal,1761.25,Hyderabad,22,766,40,0
TXN09304,2026-01-23 10:08:00,Payment,547.31,Ahmedabad,61,903,7,0
TXN04052,2026-01-23 10:09:00,Payment,411.56,Bengaluru,18,737,28,0
TXN02951,2026-01-23 10:12:00,Withdrawal,284.19,Chennai,30,1310,80,0
TXN01155,2026-01-23 10:14:00,Payment,29.95,Mumbai,50,957,58,0
TXN02132,2026-01-23 10:20:00,Payment,828.77,Jaipur,61,412,16,0
TXN04479,2026-01-23 10:24:00,Payment,317.37,Chennai,49,431,61,0
TXN09982,2026-01-23 10:25:00,Payment,132.99,Delhi,57,316,64,0
TXN08079,2026-01-23 10:27:00,Payment,847.54,Pune,51,1676,79,0
TXN05652,2026-01-23 10:32:00,Payment,702.3,Bengaluru,56,112,68,1
TXN04711,2026-01-23 10:33:00,Payment,220.51,Mumbai,64,264,108,0
TXN02463,2026-01-23 10:33:00,Transfer,43.5,Bengaluru,56,1142,4,0
TXN04390,2026-01-23 10:34:00,Payment,208.77,Ahmedabad,39,824,135,0
TXN03577,2026-01-23 10:37:00,Transfer,108.53,Delhi,68,1262,52,0
TXN02303,2026-01-23 10:43:00,Payment,336.11,Delhi,58,1560,96,0
TXN04933,2026-01-23 10:50:00,Payment,45.82,Chennai,18,1456,28,0
TXN01851,2026-01-23 10:51:00,Payment,185.07,Kolkata,24,599,36,0
TXN06800,2026-01-23 10:52:00,Payment,145.84,Delhi,59,1733,144,0
TXN03821,2026-01-23 10:55:00,Payment,293.86,Hyderabad,40,306,35,0
TXN00901,2026-01-23 11:02:00,Transfer,376.83,Mumbai,36,963,33,0
TXN09710,2026-01-23 11:03:00,Transfer,237.34,Pune,60,1681,39,1
TXN03210,2026-01-23 11:14:00,Withdrawal,361.87,Ahmedabad,25,333,95,0
TXN02506,2026-01-23 11:16:00,Transfer,27.7,Hyderabad,62,1888,58,0
TXN04122,2026-01-23 11:25:00,Payment,536.26,Jaipur,55,1041,121,0
TXN04284,2026-01-23 11:28:00,Transfer,105.3,Pune,30,1335,53,0
TXN09594,2026-01-23 11:29:00,Transfer,94.22,Chennai,40,889,14,0
TXN01175,2026-01-23 11:36:00,Transfer,20.82,Pune,47,232,86,0
TXN05172,2026-01-23 11:37:00,Withdrawal,83.18,Ahmedabad,33,229,39,0
TXN02850,2026-01-23 11:42:00,Payment,72.45,Mumbai,44,654,145,0
TXN03955,2026-01-23 11:44:00,Payment,332.51,Jaipur,48,459,64,0
TXN03428,2026-01-23 11:45:00,Transfer,178.58,Hyderabad,23,1393,41,0
TXN01205,2026-01-23 11:46:00,Payment,214.23,Pune,44,1824,72,0
TXN05359,2026-01-23 11:49:00,Payment,96.21,Kolkata,61,394,4,1
TXN06002,2026-01-23 11:52:00,Payment,668.72,Kolkata,23,865,23,0
TXN02643,2026-01-23 11:55:00,Transfer,322.65,Delhi,49,627,24,0
TXN02021,2026-01-23 11:57:00,Transfer,39.32,Jaipur,52,983,22,0
TXN06602,2026-01-23 11:58:00,Transfer,202.77,Mumbai,31,427,10,0
TXN01496,2026-01-23 12:00:00,Transfer,1249.26,Delhi,24,819,81,0
TXN03537,2026-01-23 12:01:00,Transfer,128.4,Bengaluru,49,1161,25,0
TXN05482,2026-01-23 12:01:00,Payment,237.09,Delhi,40,752,96,0
TXN09141,2026-01-23 12:08:00,Payment,235.42,Delhi,63,659,38,1
TXN00675,2026-01-23 12:10:00,Transfer,430.23,Pune,68,544,15,0
TXN03140,2026-01-23 12:11:00,Payment,91.02,Kolkata,18,1235,14,0
TXN02173,2026-01-23 12:11:00,Payment,26.93,Mumbai,56,130,63,0
TXN02103,2026-01-23 12:14:00,Payment,127.52,Bengaluru,55,1260,69,0
TXN03305,2026-01-23 12:21:00,Withdrawal,188.63,Pune,65,733,26,0
TXN08500,2026-01-23 12:28:00,Payment,1890.54,Chennai,43,1737,45,0
TXN04307,2026-01-23 12:33:00,Payment,234.45,Chennai,23,2439,17,0
TXN08495,2026-01-23 12:42:00,Payment,511.11,Hyderabad,61,633,42,0
TXN08554,2026-01-23 12:42:00,Withdrawal,266.74,Pune,47,189,49,0
TXN01862,2026-01-23 12:44:00,Payment,177.87,Chennai,33,1405,63,0
TXN01980,2026-01-23 12:45:00,Transfer,380.75,Pune,51,438,44,0
TXN00713,2026-01-23 12:53:00,Payment,103.91,Jaipur,50,870,28,0
TXN04866,2026-01-23 12:53:00,Payment,150.53,Hyderabad,23,587,26,0
TXN07283,2026-01-23 12:56:00,Payment,33.83,Chennai,68,1626,66,0
TXN08281,2026-01-23 13:00:00,Transfer,437.1,Ahmedabad,59,321,108,0
TXN06257,2026-01-23 13:04:00,Payment,91.25,Kolkata,20,657,69,0
TXN00148,2026-01-23 13:05:00,Withdrawal,153.08,Hyderabad,67,753,107,0
TXN00983,2026-01-23 13:05:00,Payment,135.59,Mumbai,46,982,29,0
TXN07158,2026-01-23 13:06:00,Transfer,206.43,Mumbai,51,1407,17,0
TXN04847,2026-01-23 13:13:00,Payment,1668.08,Ahmedabad,35,651,48,0
TXN08419,2026-01-23 13:20:00,Payment,159.68,Chennai,41,572,28,0
TXN02097,2026-01-23 13:21:00,Transfer,104.45,Chennai,61,172,21,0
TXN02318,2026-01-23 13:21:00,Transfer,47.46,Kolkata,19,247,38,1
TXN08161,2026-01-23 13:23:00,Payment,4974.42,Chennai,31,855,63,1
TXN04317,2026-01-23 13:23:00,Withdrawal,66.52,Delhi,68,293,24,0
TXN00720,2026-01-23 13:24:00,Payment,22.53,Mumbai,44,833,88,0
TXN08103,2026-01-23 13:28:00,Transfer,212.65,Kolkata,48,682,91,0
TXN08305,2026-01-23 13:30:00,Payment,829.11,Chennai,53,1053,99,0
TXN05961,2026-01-23 13:36:00,Withdrawal,227.59,Ahmedabad,29,474,67,0
TXN02684,2026-01-23 13:38:00,Transfer,380.48,Bengaluru,22,998,65,0
TXN03780,2026-01-23 13:41:00,Payment,551.45,Jaipur,60,1231,80,1
TXN04303,2026-01-23 13:42:00,Transfer,78.24,Ahmedabad,50,1241,142,0
TXN06070,2026-01-23 13:45:00,Withdrawal,154.36,Pune,67,827,4,0
TXN04101,2026-01-23 13:45:00,Payment,322.3,Bengaluru,27,1355,23,0
TXN00275,2026-01-23 13:47:00,Payment,149.88,Bengaluru,66,1156,46,0
TXN04864,2026-01-23 13:50:00,Transfer,1675.53,Chennai,27,907,43,1
TXN03257,2026-01-23 13:51:00,Payment,438.18,Bengaluru,30,1158,22,0
TXN00411,2026-01-23 13:54:00,Payment,634.95,Pune,52,1184,67,0
TXN02648,2026-01-23 13:55:00,Payment,112.49,Mumbai,55,1127,44,0
TXN07996,2026-01-23 13:55:00,Payment,87.54,Jaipur,48,2103,107,0
TXN02374,2026-01-23 13:56:00,Payment,55.51,Bengaluru,69,742,4,0
TXN01410,2026-01-23 13:58:00,Payment,31.48,Hyderabad,33,263,24,0
TXN02336,2026-01-23 14:01:00,Payment,2983.19,Chennai,66,479,31,0
TXN05035,2026-01-23 14:07:00,Transfer,311.98,Bengaluru,30,729,55,1
TXN04846,2026-01-23 14:07:00,Transfer,161.83,Mumbai,38,253,36,0
TXN03535,2026-01-23 14:13:00,Transfer,729.94,Jaipur,20,2147,15,0
TXN00847,2026-01-23 14:16:00,Payment,126.67,Ahmedabad,32,1115,11,0
TXN02825,2026-01-23 14:18:00,Payment,60.65,Kolkata,44,1315,62,0
TXN04262,2026-01-23 14:20:00,Withdrawal,293.72,Delhi,67,238,34,0
TXN05480,2026-01-23 14:21:00,Payment,2233.04,Hyderabad,46,1574,8,0
TXN06739,2026-01-23 14:24:00,Withdrawal,434.51,Jaipur,52,1326,65,1
TXN06026,2026-01-23 14:28:00,Withdrawal,1015.24,Chennai,18,614,28,1
TXN05788,2026-01-23 14:31:00,Payment,5319.09,Pune,69,684,74,0
TXN02435,2026-01-23 14:31:00,Payment,77.63,Kolkata,56,1044,44,0
TXN06896,2026-01-23 14:32:00,Payment,269.64,Chennai,53,532,68,0
TXN03536,2026-01-23 14:33:00,Transfer,1165.69,Hyderabad,18,824,81,0
TXN03050,2026-01-23 14:33:00,Payment,179.67,Chennai,57,560,53,0
TXN00113,2026-01-23 14:38:00,Payment,156.56,Pune,59,2362,10,0
TXN05108,2026-01-23 14:41:00,Payment,87.49,Chennai,33,124,4,0
TXN03506,2026-01-23 14:47:00,Transfer,267.87,Kolkata,39,796,89,0
TXN03276,2026-01-23 14:48:00,Payment,327.11,Hyderabad,45,799,65,0
TXN01602,2026-01-23 14:48:00,Withdrawal,9.56,Chennai,58,1222,75,0
TXN08177,2026-01-23 14:48:00,Withdrawal,387.68,Kolkata,20,2564,82,0
TXN08625,2026-01-23 14:53:00,Payment,70.21,Delhi,21,692,40,0
TXN07160,2026-01-23 15:01:00,Transfer,133.97,Hyderabad,41,1089,28,0
TXN05780,2026-01-23 15:06:00,Transfer,863.9,Hyderabad,35,90,49,0
TXN04102,2026-01-23 15:07:00,Withdrawal,893.41,Bengaluru,24,371,38,0
TXN04184,2026-01-23 15:07:00,Withdrawal,105.36,Mumbai,49,85,47,0
TXN04422,2026-01-23 15:09:00,Transfer,158.34,Mumbai,61,611,82,0
TXN07705,2026-01-23 15:17:00,Transfer,147.7,Delhi,23,329,10,0
TXN06855,2026-01-23 15:17:00,Payment,83.57,Hyderabad,41,998,49,0
TXN09091,2026-01-23 15:19:00,Payment,69.46,Bengaluru,29,1109,53,0
TXN00123,2026-01-23 15:20:00,Payment,298.1,Bengaluru,57,398,13,1
TXN01492,2026-01-23 15:22:00,Payment,119.15,Pune,45,1805,6,0
TXN08036,2026-01-23 15:26:00,Payment,134.81,Kolkata,52,725,94,0
TXN02281,2026-01-23 15:26:00,Payment,64.16,Kolkata,46,154,16,0
TXN07638,2026-01-23 15:44:00,Payment,350.5,Chennai,57,424,85,0
TXN09728,2026-01-23 15:49:00,Payment,61.4,Mumbai,28,1000,42,0
TXN05547,2026-01-23 15:51:00,Withdrawal,86.56,Delhi,32,127,101,0
TXN07653,2026-01-23 15:57:00,Payment,35.02,Hyderabad,26,1168,66,0
TXN06307,2026-01-23 15:57:00,Payment,60.03,Chennai,62,2187,11,0
TXN08675,2026-01-23 15:58:00,Withdrawal,949.52,Chennai,68,1214,52,0
TXN07718,2026-01-23 16:02:00,Withdrawal,100.16,Delhi,67,2159,16,0
TXN03087,2026-01-23 16:08:00,Payment,227.19,Delhi,18,2298,43,0
TXN08352,2026-01-23 16:09:00,Transfer,11.92,Chennai,23,2679,27,0
TXN02466,2026-01-23 16:15:00,Transfer,185.01,Mumbai,26,425,24,0
TXN09513,2026-01-23 16:15:00,Transfer,34.05,Kolkata,20,1379,10,0
TXN08762,2026-01-23 16:21:00,Transfer,1090.77,Pune,27,643,70,0
TXN00459,2026-01-23 16:21:00,Payment,198.28,Mumbai,34,699,100,0
TXN04018,2026-01-23 16:23:00,Payment,381.0,Kolkata,43,1169,17,0
TXN06287,2026-01-23 16:23:00,Payment,139.25,Bengaluru,50,417,50,0
TXN01304,2026-01-23 16:26:00,Payment,115.48,Pune,66,1293,47,0
TXN02977,2026-01-23 16:34:00,Withdrawal,202.58,Pune,64,567,6,1
TXN01088,2026-01-23 16:34:00,Payment,435.58,Pune,22,1195,118,0
TXN02571,2026-01-23 16:40:00,Transfer,122.54,Bengaluru,42,228,57,0
TXN00608,2026-01-23 16:42:00,Payment,271.13,Mumbai,45,720,85,0
TXN05129,2026-01-23 16:43:00,Transfer,403.37,Hyderabad,65,1344,16,0
TXN08952,2026-01-23 16:46:00,Transfer,99.51,Jaipur,65,433,33,0
TXN00341,2026-01-23 16:52:00,Payment,188.58,Pune,36,193,55,0
TXN02534,2026-01-23 16:58:00,Payment,533.22,Bengaluru,59,568,26,0
TXN04186,2026-01-23 16:58:00,Payment,253.63,Pune,58,265,21,0
TXN01154,2026-01-23 17:05:00,Payment,369.46,Kolkata,45,2497,20,0
TXN04475,2026-01-23 17:13:00,Transfer,169.35,Chennai,41,920,24,0
TXN03051,2026-01-23 17:13:00,Transfer,33.63,Hyderabad,22,434,8,0
TXN08359,2026-01-23 17:15:00,Payment,323.52,Kolkata,25,3370,13,0
TXN00583,2026-01-23 17:16:00,Transfer,264.06,Delhi,42,1896,12,0
TXN09583,2026-01-23 17:19:00,Payment,531.33,Bengaluru,44,1341,49,0
TXN06300,2026-01-23 17:21:00,Payment,287.06,Mumbai,65,1693,13,0
TXN08255,2026-01-23 17:21:00,Payment,3200.1,Hyderabad,38,1119,192,0
TXN06221,2026-01-23 17:23:00,Payment,68.12,Mumbai,61,174,42,0
TXN02776,2026-01-23 17:25:00,Payment,391.64,Hyderabad,53,547,15,0
TXN01613,2026-01-23 17:25:00,Transfer,593.18,Hyderabad,59,1508,19,0
TXN03614,2026-01-23 17:28:00,Transfer,281.47,Jaipur,39,689,20,0
TXN09116,2026-01-23 17:32:00,Transfer,74.36,Delhi,42,1362,121,0
TXN02728,2026-01-23 17:33:00,Transfer,178.56,Pune,62,836,43,0
TXN00080,2026-01-23 17:33:00,Payment,394.21,Kolkata,34,1211,3,0
TXN03234,2026-01-23 17:34:00,Transfer,447.87,Bengaluru,31,461,28,1
TXN02202,2026-01-23 17:36:00,Transfer,71.66,Bengaluru,45,566,57,0
TXN07634,2026-01-23 17:43:00,Payment,641.99,Pune,19,488,93,0
TXN04934,2026-01-23 17:45:00,Payment,332.93,Pune,41,927,115,0
TXN08096,2026-01-23 17:47:00,Transfer,64.68,Jaipur,65,600,47,0
TXN01771,2026-01-23 17:47:00,Transfer,5756.68,Pune,64,967,17,1
TXN01365,2026-01-23 17:51:00,Payment,599.3,Jaipur,57,912,31,0
TXN00392,2026-01-23 17:54:00,Payment,236.7,Hyderabad,43,637,77,0
TXN05839,2026-01-23 17:54:00,Transfer,82.8,Pune,31,767,36,0
TXN02209,2026-01-23 17:55:00,Payment,487.67,Pune,67,778,38,0
TXN02823,2026-01-23 17:55:00,Payment,83.92,Mumbai,26,936,108,0
TXN07015,2026-01-23 17:56:00,Payment,178.6,Delhi,45,234,22,0
TXN01528,2026-01-23 17:56:00,Payment,47.65,Hyderabad,50,596,51,0
TXN06078,2026-01-23 17:59:00,Payment,54.18,Ahmedabad,58,310,13,0
TXN04792,2026-01-23 18:01:00,Transfer,84.88,Ahmedabad,26,493,34,0
TXN06324,2026-01-23 18:04:00,Transfer,255.95,Bengaluru,37,870,29,0
TXN05282,2026-01-23 18:13:00,Payment,1152.4,Mumbai,54,1066,21,0
TXN08117,2026-01-23 18:16:00,Withdrawal,72.33,Hyderabad,63,935,50,0
TXN04511,2026-01-23 18:21:00,Payment,635.31,Delhi,33,304,0,0
TXN02561,2026-01-23 18:21:00,Payment,486.57,Bengaluru,25,2426,49,0
TXN03077,2026-01-23 18:22:00,Payment,1043.93,Pune,43,752,69,0
TXN09808,2026-01-23 18:23:00,Payment,278.2,Pune,63,273,25,1
TXN03282,2026-01-23 18:24:00,Payment,166.44,Chennai,40,826,45,0
TXN02619,2026-01-23 18:25:00,Transfer,428.52,Mumbai,52,266,119,0
TXN02764,2026-01-23 18:25:00,Payment,178.05,Pune,55,2704,141,0
TXN08948,2026-01-23 18:26:00,Payment,457.67,Bengaluru,49,1680,29,0
TXN09164,2026-01-23 18:28:00,Withdrawal,268.26,Bengaluru,51,1008,14,0
TXN05349,2026-01-23 18:34:00,Payment,305.42,Jaipur,35,196,145,0
TXN02983,2026-01-23 18:37:00,Transfer,414.41,Delhi,32,113,58,0
TXN06776,2026-01-23 18:38:00,Payment,722.09,Jaipur,36,1023,38,0
TXN07612,2026-01-23 18:40:00,Payment,144.59,Jaipur,23,2218,19,0
TXN02375,2026-01-23 18:42:00,Payment,56.68,Hyderabad,43,332,8,0
TXN05563,2026-01-23 18:44:00,Transfer,215.02,Mumbai,47,557,67,0
TXN08263,2026-01-23 18:46:00,Payment,197.27,Delhi,33,680,111,0
TXN00384,2026-01-23 18:47:00,Withdrawal,146.91,Kolkata,46,1530,67,0
TXN07952,2026-01-23 18:48:00,Transfer,363.51,Mumbai,34,648,79,0
TXN08267,2026-01-23 18:53:00,Payment,116.67,Bengaluru,61,909,63,0
TXN02738,2026-01-23 18:54:00,Payment,226.93,Hyderabad,64,347,20,0
TXN00090,2026-01-23 18:55:00,Payment,3994.41,Kolkata,29,429,17,0
TXN07353,2026-01-23 18:59:00,Payment,353.62,Ahmedabad,52,1466,80,0
TXN01264,2026-01-23 19:06:00,Payment,30.97,Mumbai,48,473,12,0
TXN07748,2026-01-23 19:07:00,Payment,103.14,Bengaluru,51,1608,29,0
TXN09219,2026-01-23 19:09:00,Payment,406.76,Bengaluru,31,306,29,1
TXN00904,2026-01-23 19:18:00,Transfer,25.38,Delhi,22,204,75,0
TXN08146,2026-01-23 19:22:00,Payment,930.34,Pune,47,268,19,0
TXN00862,2026-01-23 19:25:00,Transfer,336.33,Pune,49,1511,73,0
TXN07577,2026-01-23 19:25:00,Payment,629.26,Kolkata,61,607,9,0
TXN05019,2026-01-23 19:38:00,Transfer,46.76,Delhi,20,667,14,0
TXN06664,2026-01-23 19:38:00,Payment,42.98,Mumbai,41,2208,49,0
TXN01697,2026-01-23 19:39:00,Payment,160.2,Delhi,50,760,38,0
TXN03503,2026-01-23 19:41:00,Payment,74.19,Jaipur,66,1240,108,0
TXN00232,2026-01-23 19:41:00,Transfer,314.48,Chennai,19,695,11,0
TXN05969,2026-01-23 19:44:00,Payment,166.25,Mumbai,49,445,29,0
TXN04781,2026-01-23 19:44:00,Payment,207.72,Mumbai,65,727,111,0
TXN02473,2026-01-23 19:50:00,Transfer,161.59,Chennai,47,400,29,0
TXN07469,2026-01-23 19:50:00,Transfer,2130.21,Pune,63,469,146,0
TXN02828,2026-01-23 19:50:00,Payment,493.41,Mumbai,42,250,23,0
TXN09606,2026-01-23 19:52:00,Payment,29.57,Pune,43,2309,82,0
TXN01938,2026-01-23 19:56:00,Transfer,46.0,Kolkata,65,628,30,0
TXN01586,2026-01-23 19:56:00,Withdrawal,83.15,Pune,42,823,24,0
TXN04058,2026-01-23 19:57:00,Withdrawal,2905.47,Jaipur,55,1507,127,0
TXN03677,2026-01-23 19:59:00,Transfer,356.03,Pune,27,1500,29,0
TXN02641,2026-01-23 20:01:00,Transfer,44.43,Kolkata,32,335,43,0
TXN05748,2026-01-23 20:02:00,Payment,668.13,Chennai,50,876,13,0
TXN02889,2026-01-23 20:15:00,Payment,416.9,Kolkata,19,882,4,0
TXN02831,2026-01-23 20:16:00,Payment,270.91,Mumbai,55,627,59,0
TXN01693,2026-01-23 20:17:00,Withdrawal,238.15,Pune,34,1103,48,0
TXN06754,2026-01-23 20:20:00,Payment,301.55,Jaipur,19,248,45,0
TXN07453,2026-01-23 20:20:00,Payment,76.19,Pune,46,1300,79,0
TXN03287,2026-01-23 20:21:00,Payment,1357.72,Mumbai,42,938,110,0
TXN04532,2026-01-23 20:28:00,Transfer,213.29,Delhi,39,1390,13,0
TXN03510,2026-01-23 20:29:00,Payment,84.52,Bengaluru,42,2282,28,0
TXN03596,2026-01-23 20:37:00,Withdrawal,612.82,Kolkata,48,1959,11,0
TXN03640,2026-01-23 20:37:00,Transfer,394.02,Delhi,39,878,71,1
TXN01676,2026-01-23 20:38:00,Payment,603.78,Hyderabad,18,1095,46,0
TXN00733,2026-01-23 20:39:00,Payment,174.89,Jaipur,48,242,111,1
TXN03204,2026-01-23 20:41:00,Transfer,131.04,Pune,23,476,46,0
TXN06162,2026-01-23 20:53:00,Transfer,258.05,Delhi,21,1800,10,0
TXN07143,2026-01-23 20:54:00,Payment,112.54,Pune,47,1904,85,0
TXN05364,2026-01-23 20:55:00,Payment,744.86,Bengaluru,26,1316,21,0
TXN00810,2026-01-23 20:56:00,Payment,110.64,Kolkata,20,948,7,0
TXN09988,2026-01-23 20:58:00,Transfer,190.45,Jaipur,39,107,42,1
TXN08171,2026-01-23 21:01:00,Transfer,839.41,Bengaluru,26,480,110,0
TXN07511,2026-01-23 21:08:00,Transfer,443.7,Jaipur,49,123,37,0
TXN04152,2026-01-23 21:09:00,Payment,621.48,Ahmedabad,49,272,104,0
TXN05299,2026-01-23 21:16:00,Transfer,373.53,Pune,61,1329,48,0
TXN03039,2026-01-23 21:18:00,Payment,463.43,Jaipur,65,418,64,0
TXN01855,2026-01-23 21:18:00,Payment,125.05,Delhi,51,1740,47,0
TXN05781,2026-01-23 21:18:00,Payment,63.14,Mumbai,38,346,11,0
TXN05797,2026-01-23 21:19:00,Payment,280.81,Mumbai,67,1272,68,0
TXN08931,2026-01-23 21:23:00,Payment,274.37,Mumbai,51,1388,112,0
TXN04138,2026-01-23 21:25:00,Transfer,33.04,Delhi,30,1293,57,0
TXN03011,2026-01-23 21:26:00,Payment,194.81,Pune,42,1085,10,0
TXN06434,2026-01-23 21:28:00,Payment,95.75,Hyderabad,27,944,61,0
TXN01717,2026-01-23 21:28:00,Transfer,253.33,Chennai,39,1008,42,0
TXN02938,2026-01-23 21:30:00,Payment,371.37,Jaipur,66,1164,11,0
TXN09070,2026-01-23 21:30:00,Transfer,453.13,Delhi,31,308,21,0
TXN05034,2026-01-23 21:37:00,Payment,483.93,Jaipur,25,899,52,0
TXN08912,2026-01-23 21:39:00,Transfer,58.32,Hyderabad,44,969,61,0
TXN04598,2026-01-23 21:41:00,Withdrawal,585.37,Bengaluru,62,1795,57,0
TXN06459,2026-01-23 21:42:00,Payment,388.43,Jaipur,45,316,47,0
TXN02544,2026-01-23 21:42:00,Payment,121.46,Mumbai,21,135,63,0
TXN07600,2026-01-23 21:46:00,Payment,358.71,Hyderabad,20,783,39,0
TXN00254,2026-01-23 21:47:00,Transfer,249.34,Chennai,52,1256,42,1
TXN07874,2026-01-23 21:50:00,Transfer,68.73,Jaipur,48,1023,199,0
TXN09265,2026-01-23 21:51:00,Transfer,493.81,Kolkata,66,1034,11,0
TXN09579,2026-01-23 21:55:00,Transfer,466.6,Kolkata,37,288,119,0
TXN02138,2026-01-23 21:56:00,Withdrawal,645.34,Mumbai,22,378,65,0
TXN02925,2026-01-23 21:57:00,Payment,150.38,Ahmedabad,63,777,34,0
TXN05821,2026-01-23 21:59:00,Payment,918.46,Chennai,55,789,75,0
TXN02801,2026-01-23 22:05:00,Payment,70.16,Pune,67,455,95,0
TXN04843,2026-01-23 22:06:00,Payment,229.22,Chennai,23,467,68,0
TXN05230,2026-01-23 22:11:00,Payment,1776.76,Delhi,20,1169,30,0
TXN05391,2026-01-23 22:11:00,Payment,540.15,Mumbai,63,687,38,0
TXN05501,2026-01-23 22:12:00,Payment,272.11,Bengaluru,28,490,187,0
TXN02513,2026-01-23 22:14:00,Transfer,288.61,Pune,63,554,29,0
TXN02927,2026-01-23 22:15:00,Payment,494.21,Jaipur,55,444,114,0
TXN03620,2026-01-23 22:19:00,Withdrawal,109.83,Bengaluru,26,450,33,0
TXN01856,2026-01-23 22:21:00,Payment,84.53,Chennai,35,520,19,0
TXN03839,2026-01-23 22:22:00,Transfer,2409.12,Kolkata,21,2698,30,0
TXN06397,2026-01-23 22:24:00,Payment,461.47,Delhi,51,462,50,0
TXN04872,2026-01-23 22:25:00,Transfer,180.53,Mumbai,51,1376,61,0
TXN08960,2026-01-23 22:25:00,Payment,15.08,Kolkata,59,3948,3,0
TXN05466,2026-01-23 22:28:00,Payment,11.45,Kolkata,60,1101,57,0
TXN05370,2026-01-23 22:32:00,Payment,71.02,Delhi,45,1743,17,0
TXN02080,2026-01-23 22:32:00,Payment,293.97,Jaipur,32,196,66,0
TXN02735,2026-01-23 22:41:00,Withdrawal,42.7,Kolkata,60,1292,28,0
TXN08386,2026-01-23 22:50:00,Payment,192.08,Hyderabad,54,721,50,0
TXN04788,2026-01-23 22:52:00,Transfer,82.74,Bengaluru,32,309,37,0
TXN01433,2026-01-23 22:52:00,Payment,127.19,Pune,67,2410,42,0
TXN01648,2026-01-23 22:54:00,Payment,126.71,Hyderabad,57,602,63,0
TXN03149,2026-01-23 22:54:00,Payment,38.71,Chennai,51,732,63,0
TXN04445,2026-01-23 22:54:00,Payment,119.63,Ahmedabad,21,1118,13,0
TXN07182,2026-01-23 22:54:00,Withdrawal,336.65,Pune,41,3437,14,0
TXN00146,2026-01-23 22:58:00,Payment,130.41,Kolkata,58,401,177,0
TXN04859,2026-01-23 22:59:00,Transfer,78.26,Bengaluru,35,1082,32,0
TXN05290,2026-01-24 08:03:00,Transfer,146.19,Delhi,47,806,32,0
TXN09220,2026-01-24 08:08:00,Payment,532.53,Kolkata,62,1847,17,0
TXN03251,2026-01-24 08:09:00,Transfer,185.26,Jaipur,25,431,47,0
TXN08126,2026-01-24 08:09:00,Payment,464.42,Hyderabad,47,664,62,0
TXN05422,2026-01-24 08:09:00,Payment,309.44,Delhi,27,771,6,0
TXN06634,2026-01-24 08:10:00,Payment,21.16,Hyderabad,64,782,21,0
TXN06290,2026-01-24 08:14:00,Transfer,138.07,Mumbai,57,904,92,0
TXN02631,2026-01-24 08:14:00,Payment,204.43,Mumbai,64,2444,16,0
TXN03668,2026-01-24 08:19:00,Payment,31.4,Bengaluru,27,1092,59,0
TXN09476,2026-01-24 08:20:00,Payment,222.49,Delhi,33,1164,64,0
TXN05540,2026-01-24 08:29:00,Payment,139.46,Mumbai,41,855,79,0
TXN06772,2026-01-24 08:30:00,Withdrawal,197.21,Pune,66,1526,31,0
TXN09624,2026-01-24 08:33:00,Transfer,52.46,Hyderabad,53,1091,25,0
TXN02581,2026-01-24 08:39:00,Payment,325.93,Ahmedabad,21,481,52,0
TXN03220,2026-01-24 08:39:00,Payment,134.38,Pune,56,499,37,0
TXN05740,2026-01-24 08:41:00,Withdrawal,88.43,Kolkata,35,1141,78,0
TXN05770,2026-01-24 08:45:00,Payment,106.81,Bengaluru,53,1508,52,0
TXN09028,2026-01-24 08:46:00,Withdrawal,209.31,Ahmedabad,22,941,64,0
TXN00346,2026-01-24 08:49:00,Payment,37.37,Pune,47,551,70,0
TXN02398,2026-01-24 08:50:00,Withdrawal,90.16,Hyderabad,23,1519,41,0
TXN09680,2026-01-24 08:50:00,Payment,643.86,Delhi,34,473,36,0
TXN08654,2026-01-24 08:53:00,Payment,6136.59,Delhi,67,1272,70,0
TXN04175,2026-01-24 08:54:00,Transfer,226.87,Mumbai,63,2719,40,0
TXN01393,2026-01-24 08:56:00,Payment,69.48,Chennai,28,684,25,0
TXN02830,2026-01-24 08:57:00,Transfer,202.76,Pune,51,1191,22,0
TXN03502,2026-01-24 08:58:00,Transfer,120.79,Delhi,22,1050,59,0
TXN00837,2026-01-24 09:11:00,Transfer,111.38,Pune,67,330,31,0
TXN09692,2026-01-24 09:11:00,Withdrawal,278.15,Ahmedabad,49,556,113,0
TXN07396,2026-01-24 09:12:00,Payment,189.92,Bengaluru,40,53,58,0
TXN08798,2026-01-24 09:12:00,Payment,1092.5,Jaipur,25,771,20,0
TXN04053,2026-01-24 09:17:00,Payment,317.62,Pune,36,971,42,0
TXN08721,2026-01-24 09:17:00,Transfer,1838.91,Pune,68,1198,53,0
TXN04815,2026-01-24 09:18:00,Withdrawal,172.79,Kolkata,22,306,82,0
TXN00239,2026-01-24 09:21:00,Transfer,177.7,Kolkata,66,989,67,0
TXN08142,2026-01-24 09:21:00,Transfer,137.42,Bengaluru,66,1019,63,0
TXN06933,2026-01-24 09:27:00,Payment,101.03,Hyderabad,67,1312,195,0
TXN01555,2026-01-24 09:30:00,Withdrawal,90.43,Bengaluru,69,184,63,0
TXN02515,2026-01-24 09:33:00,Transfer,227.11,Mumbai,51,997,72,0
TXN01868,2026-01-24 09:35:00,Transfer,207.56,Hyderabad,65,543,23,0
TXN05917,2026-01-24 09:35:00,Payment,15.48,Hyderabad,50,653,71,0
TXN06117,2026-01-24 09:37:00,Payment,935.89,Pune,26,581,44,0
TXN09182,2026-01-24 09:38:00,Withdrawal,447.31,Bengaluru,62,234,31,0
TXN00217,2026-01-24 09:42:00,Payment,452.89,Mumbai,36,407,9,0
TXN00581,2026-01-24 09:45:00,Payment,85.48,Bengaluru,34,1665,74,0
TXN06092,2026-01-24 09:47:00,Transfer,119.28,Pune,27,1072,55,0
TXN03064,2026-01-24 09:48:00,Payment,49.05,Kolkata,63,1632,21,0
TXN00919,2026-01-24 09:58:00,Withdrawal,155.93,Delhi,63,992,16,0
TXN08540,2026-01-24 10:03:00,Transfer,491.2,Hyderabad,27,176,19,1
TXN02793,2026-01-24 10:04:00,Withdrawal,70.43,Hyderabad,38,724,29,1
TXN08607,2026-01-24 10:04:00,Withdrawal,140.92,Bengaluru,21,460,15,0
TXN05238,2026-01-24 10:09:00,Payment,267.06,Kolkata,33,1314,72,0
TXN07476,2026-01-24 10:12:00,Transfer,36.33,Bengaluru,68,1619,77,0
TXN09217,2026-01-24 10:15:00,Payment,1122.71,Bengaluru,24,580,122,0
TXN01350,2026-01-24 10:15:00,Payment,129.52,Pune,38,870,37,0
TXN07704,2026-01-24 10:15:00,Payment,408.65,Delhi,25,791,50,0
TXN09966,2026-01-24 10:18:00,Withdrawal,3105.22,Bengaluru,22,544,25,0
TXN02475,2026-01-24 10:20:00,Payment,120.71,Jaipur,26,1559,90,0
TXN02417,2026-01-24 10:23:00,Payment,236.09,Delhi,56,808,45,0
TXN08113,2026-01-24 10:25:00,Transfer,23.72,Bengaluru,58,844,28,0
TXN03279,2026-01-24 10:27:00,Payment,83.63,Mumbai,55,439,60,0
TXN09532,2026-01-24 10:30:00,Payment,44.86,Delhi,37,2279,108,0
TXN08669,2026-01-24 10:32:00,Transfer,94.74,Mumbai,29,627,37,0
TXN05723,2026-01-24 10:33:00,Withdrawal,259.58,Ahmedabad,24,1878,8,0
TXN08125,2026-01-24 10:36:00,Payment,304.88,Chennai,28,517,100,0
TXN01727,2026-01-24 10:39:00,Withdrawal,1215.42,Pune,31,909,142,0
TXN00402,2026-01-24 10:43:00,Withdrawal,137.0,Delhi,58,1167,111,0
TXN00867,2026-01-24 10:43:00,Payment,111.12,Hyderabad,19,534,26,0
TXN09729,2026-01-24 10:43:00,Transfer,274.44,Mumbai,47,1049,9,0
TXN09268,2026-01-24 10:43:00,Transfer,143.62,Bengaluru,26,1828,36,0
TXN03861,2026-01-24 10:49:00,Payment,1057.83,Pune,54,1242,93,0
TXN06653,2026-01-24 10:49:00,Payment,57.54,Jaipur,59,444,116,0
TXN04190,2026-01-24 10:56:00,Withdrawal,129.81,Bengaluru,23,2511,125,0
TXN09929,2026-01-24 10:58:00,Transfer,93.93,Pune,19,1084,33,0
TXN00022,2026-01-24 11:00:00,Payment,152.07,Hyderabad,68,2434,44,0
TXN05884,2026-01-24 11:04:00,Payment,117.24,Delhi,61,1011,34,0
TXN06995,2026-01-24 11:11:00,Payment,78.09,Kolkata,52,914,16,0
TXN04715,2026-01-24 11:12:00,Payment,370.08,Ahmedabad,42,1064,19,0
TXN02770,2026-01-24 11:14:00,Payment,243.74,Chennai,41,2207,59,1
TXN00467,2026-01-24 11:14:00,Payment,77.07,Bengaluru,46,472,29,0
TXN04463,2026-01-24 11:19:00,Transfer,927.65,Ahmedabad,69,761,50,0
TXN02692,2026-01-24 11:19:00,Withdrawal,199.22,Ahmedabad,45,512,97,0
TXN07512,2026-01-24 11:20:00,Withdrawal,126.0,Mumbai,26,1374,52,0
TXN04257,2026-01-24 11:34:00,Transfer,116.45,Bengaluru,63,1892,151,0
TXN01366,2026-01-24 11:37:00,Transfer,307.71,Ahmedabad,58,385,88,0
TXN07058,2026-01-24 11:39:00,Transfer,145.58,Chennai,69,371,122,0
TXN06007,2026-01-24 11:47:00,Transfer,345.23,Bengaluru,21,572,38,1
TXN02827,2026-01-24 11:49:00,Payment,51.83,Mumbai,39,223,23,0
TXN07287,2026-01-24 11:50:00,Payment,207.81,Kolkata,67,1371,25,0
TXN09254,2026-01-24 11:52:00,Payment,517.01,Pune,23,831,50,0
TXN06337,2026-01-24 11:53:00,Transfer,1458.33,Pune,60,515,81,0
TXN06779,2026-01-24 11:54:00,Transfer,183.08,Delhi,30,410,29,0
TXN00407,2026-01-24 11:54:00,Payment,524.12,Delhi,63,1802,51,0
TXN09810,2026-01-24 11:55:00,Payment,216.66,Bengaluru,48,1417,90,0
TXN07338,2026-01-24 11:55:00,Withdrawal,88.43,Bengaluru,23,1365,129,0
TXN01469,2026-01-24 11:57:00,Withdrawal,301.52,Chennai,32,347,10,0
TXN06567,2026-01-24 11:58:00,Payment,217.01,Pune,33,592,39,0
TXN05117,2026-01-24 12:03:00,Withdrawal,392.02,Mumbai,36,249,15,0
TXN07647,2026-01-24 12:16:00,Withdrawal,37.81,Pune,40,874,87,0
TXN05210,2026-01-24 12:17:00,Transfer,941.81,Pune,56,174,36,0
TXN04340,2026-01-24 12:18:00,Payment,81.3,Bengaluru,26,1144,22,0
TXN01840,2026-01-24 12:18:00,Payment,119.47,Mumbai,58,1090,51,0
TXN08494,2026-01-24 12:19:00,Transfer,58.52,Hyderabad,26,1493,119,0
TXN06332,2026-01-24 12:19:00,Withdrawal,110.74,Pune,31,807,39,0
TXN07912,2026-01-24 12:22:00,Transfer,138.84,Delhi,41,552,70,0
TXN09226,2026-01-24 12:23:00,Transfer,59.76,Chennai,29,1157,26,0
TXN09354,2026-01-24 12:27:00,Payment,284.98,Bengaluru,29,1221,25,0
TXN07030,2026-01-24 12:27:00,Transfer,319.79,Hyderabad,55,1637,26,0
TXN00238,2026-01-24 12:33:00,Transfer,827.98,Delhi,30,1101,80,0
TXN05447,2026-01-24 12:35:00,Payment,135.45,Jaipur,60,1143,71,0
TXN02315,2026-01-24 12:52:00,Payment,27.93,Chennai,57,461,26,0
TXN00211,2026-01-24 12:56:00,Payment,86.81,Kolkata,35,411,3,0
TXN00780,2026-01-24 12:57:00,Transfer,583.29,Ahmedabad,26,2015,36,0
TXN07733,2026-01-24 13:01:00,Payment,894.84,Hyderabad,66,1220,34,0
TXN06812,2026-01-24 13:08:00,Payment,180.17,Delhi,57,803,22,0
TXN00243,2026-01-24 13:12:00,Payment,203.17,Mumbai,69,1672,6,0
TXN02487,2026-01-24 13:13:00,Payment,153.0,Mumbai,26,399,53,0
TXN00390,2026-01-24 13:13:00,Transfer,420.01,Hyderabad,51,939,12,0
TXN07763,2026-01-24 13:14:00,Transfer,666.5,Pune,43,916,49,0
TXN02667,2026-01-24 13:23:00,Payment,291.67,Hyderabad,46,2595,73,0
TXN03600,2026-01-24 13:27:00,Payment,162.41,Jaipur,61,653,58,0
TXN02580,2026-01-24 13:32:00,Transfer,286.8,Hyderabad,30,904,15,0
TXN00877,2026-01-24 13:33:00,Transfer,68.33,Bengaluru,52,627,48,0
TXN05966,2026-01-24 13:37:00,Withdrawal,125.97,Chennai,29,612,34,0
TXN01801,2026-01-24 13:41:00,Transfer,98.41,Ahmedabad,21,1512,36,0
TXN08130,2026-01-24 13:41:00,Transfer,157.71,Delhi,54,533,4,0
TXN06328,2026-01-24 13:42:00,Transfer,559.81,Hyderabad,57,680,69,0
TXN02785,2026-01-24 13:43:00,Withdrawal,57.09,Delhi,20,419,18,0
TXN09414,2026-01-24 13:43:00,Transfer,42.55,Bengaluru,27,313,66,0
TXN05227,2026-01-24 13:45:00,Payment,107.46,Jaipur,51,1917,31,0
TXN01232,2026-01-24 13:49:00,Payment,94.23,Mumbai,49,1209,47,0
TXN01907,2026-01-24 13:50:00,Payment,597.31,Bengaluru,49,994,32,1
TXN05514,2026-01-24 13:50:00,Transfer,69.02,Mumbai,39,323,97,0
TXN05667,2026-01-24 13:55:00,Payment,2968.6,Bengaluru,24,2251,30,0
TXN01090,2026-01-24 14:02:00,Transfer,330.63,Pune,57,409,37,0
TXN03633,2026-01-24 14:04:00,Payment,55.16,Mumbai,53,2087,14,0
TXN03720,2026-01-24 14:05:00,Payment,196.9,Delhi,39,1030,111,0
TXN00297,2026-01-24 14:09:00,Payment,128.82,Chennai,50,774,27,0
TXN00725,2026-01-24 14:14:00,Transfer,299.57,Hyderabad,34,1260,61,0
TXN01792,2026-01-24 14:15:00,Payment,22.54,Hyderabad,59,2662,23,0
TXN09515,2026-01-24 14:15:00,Withdrawal,1443.99,Bengaluru,45,3627,20,0
TXN04952,2026-01-24 14:22:00,Payment,84.54,Kolkata,56,1276,55,0
TXN05194,2026-01-24 14:31:00,Withdrawal,608.0,Hyderabad,37,1204,75,1
TXN06201,2026-01-24 14:37:00,Transfer,510.53,Hyderabad,61,937,62,0
TXN07254,2026-01-24 14:44:00,Transfer,254.28,Mumbai,19,1503,85,0
TXN07847,2026-01-24 14:44:00,Transfer,117.25,Bengaluru,42,1986,30,0
TXN07074,2026-01-24 14:46:00,Transfer,103.33,Hyderabad,30,235,52,0
TXN03756,2026-01-24 14:48:00,Transfer,88.47,Mumbai,65,753,72,0
TXN06385,2026-01-24 14:54:00,Payment,450.51,Kolkata,19,1051,102,0
TXN03649,2026-01-24 15:09:00,Payment,19.51,Mumbai,53,464,94,0
TXN07828,2026-01-24 15:12:00,Transfer,1209.12,Mumbai,33,131,11,0
TXN06194,2026-01-24 15:23:00,Withdrawal,37.41,Hyderabad,38,618,34,0
TXN01832,2026-01-24 15:29:00,Transfer,31.13,Bengaluru,28,481,26,0
TXN07151,2026-01-24 15:31:00,Payment,234.44,Chennai,62,1458,89,0
TXN04579,2026-01-24 15:32:00,Payment,204.93,Bengaluru,30,708,8,0
TXN07964,2026-01-24 15:33:00,Withdrawal,63.79,Hyderabad,52,744,35,0
TXN03260,2026-01-24 15:37:00,Payment,106.61,Mumbai,66,1750,56,0
TXN08309,2026-01-24 15:38:00,Transfer,178.58,Bengaluru,57,877,40,0
TXN04577,2026-01-24 15:39:00,Transfer,207.44,Bengaluru,20,479,14,0
TXN01565,2026-01-24 15:43:00,Transfer,176.1,Delhi,37,956,20,0
TXN08816,2026-01-24 15:44:00,Payment,616.29,Bengaluru,36,974,63,0
TXN04854,2026-01-24 15:54:00,Transfer,151.16,Mumbai,55,2131,41,0
TXN08933,2026-01-24 15:54:00,Payment,417.53,Ahmedabad,40,857,9,0
TXN04393,2026-01-24 15:55:00,Transfer,31.16,Pune,69,1118,18,0
TXN01018,2026-01-24 15:58:00,Withdrawal,33.84,Delhi,40,148,79,0
TXN00876,2026-01-24 15:59:00,Withdrawal,122.09,Kolkata,33,1727,53,0
TXN07375,2026-01-24 16:01:00,Transfer,611.91,Bengaluru,43,2651,21,0
TXN02572,2026-01-24 16:02:00,Payment,129.91,Bengaluru,43,1904,50,0
TXN07028,2026-01-24 16:02:00,Payment,1190.47,Mumbai,36,250,56,0
TXN01617,2026-01-24 16:02:00,Transfer,85.85,Pune,65,1181,27,0
TXN06167,2026-01-24 16:13:00,Payment,29.73,Hyderabad,40,922,22,0
TXN08646,2026-01-24 16:15:00,Payment,698.13,Kolkata,58,1137,57,0
TXN05626,2026-01-24 16:16:00,Transfer,138.56,Hyderabad,23,660,62,0
TXN09844,2026-01-24 16:18:00,Payment,17.53,Kolkata,66,283,23,0
TXN05527,2026-01-24 16:18:00,Payment,36.59,Pune,24,1223,41,0
TXN07962,2026-01-24 16:22:00,Transfer,67.2,Chennai,45,527,95,0
TXN04616,2026-01-24 16:22:00,Transfer,308.0,Kolkata,28,2047,7,0
TXN01427,2026-01-24 16:24:00,Transfer,153.98,Delhi,63,181,17,0
TXN06740,2026-01-24 16:28:00,Payment,694.23,Ahmedabad,53,1399,163,0
TXN00149,2026-01-24 16:29:00,Payment,91.29,Chennai,67,3197,57,0
TXN02313,2026-01-24 16:31:00,Withdrawal,153.3,Kolkata,60,2538,16,0
TXN01315,2026-01-24 16:33:00,Withdrawal,613.74,Hyderabad,69,1421,44,0
TXN00389,2026-01-24 16:34:00,Transfer,388.02,Bengaluru,44,1027,44,0
TXN01690,2026-01-24 16:40:00,Payment,137.2,Bengaluru,54,1200,27,0
TXN08015,2026-01-24 16:46:00,Transfer,63.97,Bengaluru,37,416,56,0
TXN03572,2026-01-24 16:54:00,Payment,97.24,Pune,59,931,30,0
TXN07642,2026-01-24 16:55:00,Payment,23.33,Bengaluru,21,904,24,0
TXN00323,2026-01-24 17:02:00,Transfer,226.77,Kolkata,32,1613,34,0
TXN01550,2026-01-24 17:03:00,Payment,1139.89,Mumbai,32,1351,60,0
TXN03751,2026-01-24 17:04:00,Payment,148.71,Chennai,43,1407,22,0
TXN08214,2026-01-24 17:05:00,Payment,24.51,Bengaluru,55,360,21,0
TXN00423,2026-01-24 17:05:00,Payment,253.94,Hyderabad,32,329,18,0
TXN06284,2026-01-24 17:08:00,Withdrawal,125.69,Bengaluru,38,927,35,0
TXN04935,2026-01-24 17:13:00,Payment,29.15,Jaipur,34,236,36,0
TXN07083,2026-01-24 17:20:00,Transfer,553.62,Hyderabad,33,1395,51,0
TXN06185,2026-01-24 17:21:00,Transfer,438.91,Jaipur,34,1468,89,0
TXN09549,2026-01-24 17:25:00,Payment,422.92,Ahmedabad,20,1940,20,0
TXN09572,2026-01-24 17:29:00,Payment,159.16,Chennai,25,3313,26,0
TXN01979,2026-01-24 17:29:00,Payment,328.04,Bengaluru,30,750,23,0
TXN03402,2026-01-24 17:36:00,Payment,92.07,Pune,27,637,25,0
TXN03482,2026-01-24 17:37:00,Payment,777.21,Mumbai,69,819,23,0
TXN02023,2026-01-24 17:38:00,Payment,172.98,Pune,39,479,25,0
TXN06478,2026-01-24 17:39:00,Payment,93.17,Ahmedabad,60,1451,54,0
TXN04436,2026-01-24 17:41:00,Transfer,34.32,Jaipur,58,852,35,0
TXN01524,2026-01-24 17:44:00,Withdrawal,384.41,Mumbai,66,526,2,0
TXN06544,2026-01-24 17:48:00,Payment,105.71,Bengaluru,62,490,87,0
TXN04632,2026-01-24 17:50:00,Transfer,347.55,Pune,69,402,19,0
TXN03794,2026-01-24 17:51:00,Payment,17.29,Kolkata,26,494,63,0
TXN09968,2026-01-24 17:56:00,Payment,46.54,Hyderabad,47,1166,45,0
TXN07035,2026-01-24 18:00:00,Payment,67.41,Delhi,35,383,46,0
TXN02520,2026-01-24 18:11:00,Payment,143.44,Chennai,46,1167,58,0
TXN05065,2026-01-24 18:11:00,Payment,21.84,Kolkata,28,1847,21,0
TXN04204,2026-01-24 18:17:00,Withdrawal,218.25,Mumbai,46,698,40,0
TXN01191,2026-01-24 18:25:00,Withdrawal,670.72,Hyderabad,60,1626,42,0
TXN07603,2026-01-24 18:25:00,Withdrawal,109.02,Kolkata,63,876,11,0
TXN06456,2026-01-24 18:26:00,Payment,156.72,Delhi,57,974,25,0
TXN02690,2026-01-24 18:28:00,Payment,311.45,Delhi,53,1005,49,0
TXN03719,2026-01-24 18:28:00,Payment,448.68,Hyderabad,25,1644,71,0
TXN00122,2026-01-24 18:28:00,Payment,90.49,Bengaluru,45,494,43,0
TXN08682,2026-01-24 18:28:00,Payment,157.48,Chennai,48,1784,20,0
TXN09396,2026-01-24 18:29:00,Payment,106.86,Kolkata,52,232,42,0
TXN09148,2026-01-24 18:31:00,Transfer,303.83,Mumbai,64,891,13,0
TXN07805,2026-01-24 18:33:00,Transfer,355.07,Kolkata,43,414,31,1
TXN02362,2026-01-24 18:36:00,Withdrawal,435.79,Bengaluru,25,1143,50,0
TXN07973,2026-01-24 18:38:00,Transfer,11.94,Mumbai,59,417,14,0
TXN00339,2026-01-24 18:39:00,Withdrawal,690.32,Kolkata,53,992,18,0
TXN09150,2026-01-24 18:42:00,Transfer,199.48,Bengaluru,27,309,42,0
TXN09371,2026-01-24 18:43:00,Transfer,365.94,Kolkata,32,2132,16,0
TXN05168,2026-01-24 18:47:00,Payment,3811.92,Pune,55,592,117,0
TXN03680,2026-01-24 18:47:00,Withdrawal,46.29,Mumbai,36,1906,122,0
TXN01059,2026-01-24 18:50:00,Payment,328.45,Chennai,51,323,35,0
TXN05831,2026-01-24 18:57:00,Payment,537.59,Ahmedabad,43,236,70,0
TXN00684,2026-01-24 18:59:00,Payment,44.47,Kolkata,65,868,27,0
TXN06425,2026-01-24 19:02:00,Payment,1047.59,Chennai,57,1896,12,0
TXN04741,2026-01-24 19:03:00,Withdrawal,148.63,Delhi,28,1532,9,1
TXN06460,2026-01-24 19:04:00,Payment,493.48,Jaipur,55,448,53,0
TXN09401,2026-01-24 19:10:00,Transfer,73.08,Kolkata,40,122,17,0
TXN03857,2026-01-24 19:12:00,Payment,875.91,Delhi,19,1573,162,0
TXN03079,2026-01-24 19:13:00,Payment,289.89,Chennai,23,688,93,0
TXN04787,2026-01-24 19:14:00,Payment,301.86,Hyderabad,45,120,49,0
TXN04883,2026-01-24 19:16:00,Withdrawal,177.45,Mumbai,42,1126,13,0
TXN01909,2026-01-24 19:20:00,Payment,62.62,Pune,53,1003,54,0
TXN02577,2026-01-24 19:21:00,Payment,364.65,Mumbai,32,810,46,0
TXN03319,2026-01-24 19:24:00,Transfer,333.36,Chennai,31,717,89,0
TXN04830,2026-01-24 19:28:00,Payment,1231.37,Jaipur,64,594,90,1
TXN05232,2026-01-24 19:29:00,Transfer,287.61,Delhi,23,856,22,0
TXN06090,2026-01-24 19:33:00,Payment,89.06,Pune,36,1494,46,0
TXN06276,2026-01-24 19:51:00,Payment,56.41,Chennai,22,757,22,0
TXN03532,2026-01-24 19:51:00,Transfer,657.51,Bengaluru,60,1741,85,0
TXN00427,2026-01-24 19:53:00,Withdrawal,161.13,Delhi,54,611,41,0
TXN09006,2026-01-24 19:56:00,Payment,162.91,Mumbai,33,1951,13,0
TXN01933,2026-01-24 20:01:00,Payment,333.73,Jaipur,58,1566,42,0
TXN07047,2026-01-24 20:08:00,Transfer,60.93,Mumbai,64,1679,79,0
TXN05472,2026-01-24 20:09:00,Transfer,55.29,Bengaluru,25,2293,40,0
TXN07473,2026-01-24 20:12:00,Transfer,620.54,Hyderabad,63,504,62,0
TXN09981,2026-01-24 20:15:00,Payment,710.61,Chennai,57,1098,21,0
TXN01147,2026-01-24 20:17:00,Transfer,78.77,Bengaluru,45,2294,84,0
TXN04622,2026-01-24 20:19:00,Withdrawal,287.63,Hyderabad,57,261,107,0
TXN00336,2026-01-24 20:19:00,Transfer,100.14,Chennai,19,779,116,0
TXN07204,2026-01-24 20:20:00,Payment,69.84,Kolkata,30,347,11,0
TXN06126,2026-01-24 20:28:00,Payment,62.13,Pune,55,681,42,0
TXN09869,2026-01-24 20:31:00,Payment,99.82,Chennai,50,241,78,0
TXN09084,2026-01-24 20:35:00,Payment,214.46,Mumbai,33,1173,18,0
TXN08355,2026-01-24 20:36:00,Transfer,496.63,Mumbai,20,185,38,0
TXN03389,2026-01-24 20:37:00,Payment,195.37,Chennai,62,1316,57,0
TXN03179,2026-01-24 20:38:00,Payment,130.56,Delhi,64,837,57,0
TXN05198,2026-01-24 20:38:00,Transfer,157.39,Pune,26,1551,61,0
TXN03500,2026-01-24 20:40:00,Withdrawal,429.73,Delhi,21,1628,78,0
TXN06476,2026-01-24 20:43:00,Payment,393.52,Kolkata,20,1201,2,0
TXN02201,2026-01-24 20:44:00,Transfer,538.88,Jaipur,44,1053,59,0
TXN07541,2026-01-24 20:49:00,Transfer,14.72,Jaipur,39,981,51,0
TXN00213,2026-01-24 20:50:00,Payment,120.13,Bengaluru,32,754,38,0
TXN09364,2026-01-24 20:53:00,Withdrawal,69.0,Bengaluru,45,587,74,0
TXN00770,2026-01-24 20:54:00,Transfer,390.39,Delhi,40,857,44,0
TXN05241,2026-01-24 21:00:00,Transfer,262.53,Delhi,25,65,44,0
TXN01378,2026-01-24 21:00:00,Withdrawal,130.9,Jaipur,49,371,60,0
TXN02189,2026-01-24 21:03:00,Transfer,409.41,Bengaluru,58,185,100,0
TXN02133,2026-01-24 21:05:00,Transfer,482.18,Hyderabad,61,549,33,0
TXN06936,2026-01-24 21:05:00,Transfer,158.2,Mumbai,59,798,44,0
TXN03361,2026-01-24 21:06:00,Payment,228.47,Chennai,62,588,72,0
TXN09887,2026-01-24 21:17:00,Payment,544.55,Pune,56,2097,35,0
TXN00178,2026-01-24 21:23:00,Payment,390.2,Bengaluru,47,851,36,0
TXN04365,2026-01-24 21:25:00,Payment,89.87,Kolkata,33,1386,103,0
TXN04663,2026-01-24 21:26:00,Payment,264.8,Mumbai,25,2098,11,0
TXN00463,2026-01-24 21:26:00,Payment,155.86,Bengaluru,19,73,55,0
TXN00520,2026-01-24 21:26:00,Payment,229.26,Mumbai,47,627,35,0
TXN09270,2026-01-24 21:30:00,Payment,196.58,Hyderabad,23,1679,121,0
TXN09900,2026-01-24 21:40:00,Payment,15.5,Jaipur,41,887,71,0
TXN09992,2026-01-24 21:44:00,Payment,217.31,Chennai,29,1272,32,0
TXN09745,2026-01-24 21:49:00,Payment,72.0,Delhi,40,2542,22,0
TXN08922,2026-01-24 21:52:00,Payment,261.01,Bengaluru,61,538,56,0
TXN08289,2026-01-24 21:53:00,Payment,456.57,Mumbai,49,695,22,0
TXN09851,2026-01-24 21:54:00,Payment,867.19,Hyderabad,24,304,30,0
TXN07579,2026-01-24 21:57:00,Payment,89.7,Bengaluru,24,2084,52,0
TXN01515,2026-01-24 21:58:00,Payment,313.4,Jaipur,41,1298,45,0
TXN03163,2026-01-24 22:00:00,Payment,753.57,Pune,57,799,20,0
TXN06343,2026-01-24 22:01:00,Payment,384.95,Hyderabad,66,668,55,0
TXN03368,2026-01-24 22:06:00,Payment,171.25,Ahmedabad,32,636,50,0
TXN08426,2026-01-24 22:11:00,Withdrawal,115.84,Mumbai,48,1179,125,0
TXN07876,2026-01-24 22:12:00,Payment,129.93,Jaipur,19,1396,60,0
TXN07740,2026-01-24 22:12:00,Payment,562.24,Jaipur,46,1109,20,0
TXN03788,2026-01-24 22:21:00,Transfer,274.77,Kolkata,38,882,75,0
TXN02010,2026-01-24 22:28:00,Payment,723.18,Delhi,54,829,18,0
TXN03403,2026-01-24 22:30:00,Payment,164.92,Mumbai,65,1267,21,0
TXN08533,2026-01-24 22:33:00,Payment,106.16,Jaipur,52,402,82,0
TXN03546,2026-01-24 22:34:00,Payment,107.36,Ahmedabad,29,1081,24,0
TXN05706,2026-01-24 22:35:00,Payment,708.53,Bengaluru,37,1299,13,0
TXN02383,2026-01-24 22:37:00,Payment,189.03,Pune,36,701,2,0
TXN05983,2026-01-24 22:42:00,Payment,77.9,Pune,45,1294,16,0
TXN06240,2026-01-24 22:42:00,Transfer,272.31,Jaipur,33,1455,10,0
TXN00422,2026-01-24 22:42:00,Payment,1139.81,Hyderabad,28,610,39,0
TXN07250,2026-01-24 22:43:00,Payment,330.3,Chennai,54,4000,32,0
TXN00264,2026-01-24 22:49:00,Transfer,604.45,Hyderabad,54,849,25,0
TXN03851,2026-01-24 22:51:00,Payment,53.3,Bengaluru,54,1498,48,0
TXN07765,2026-01-24 22:53:00,Payment,213.13,Pune,57,1260,83,0
TXN05573,2026-01-24 22:55:00,Payment,942.28,Delhi,39,875,12,0
TXN03922,2026-01-25 08:01:00,Payment,727.36,Kolkata,68,715,32,0
TXN00403,2026-01-25 08:04:00,Transfer,19.83,Kolkata,55,1297,148,0
TXN06722,2026-01-25 08:05:00,Payment,81.96,Kolkata,41,622,71,0
TXN01473,2026-01-25 08:05:00,Payment,110.78,Delhi,23,389,8,0
TXN04513,2026-01-25 08:11:00,Payment,884.03,Hyderabad,69,415,45,0
TXN07538,2026-01-25 08:13:00,Transfer,146.48,Delhi,46,2137,5,0
TXN00328,2026-01-25 08:19:00,Transfer,337.83,Mumbai,58,316,66,0
TXN09861,2026-01-25 08:22:00,Payment,93.93,Mumbai,39,727,167,0
TXN01308,2026-01-25 08:22:00,Withdrawal,392.13,Chennai,41,313,1,0
TXN07012,2026-01-25 08:28:00,Transfer,445.48,Chennai,26,609,65,0
TXN06617,2026-01-25 08:30:00,Payment,305.18,Delhi,18,320,97,0
TXN05569,2026-01-25 08:33:00,Payment,151.88,Delhi,53,459,79,0
TXN09877,2026-01-25 08:35:00,Transfer,528.22,Bengaluru,53,614,62,0
TXN01652,2026-01-25 08:52:00,Payment,390.68,Delhi,48,1963,30,0
TXN01683,2026-01-25 08:57:00,Withdrawal,59.56,Jaipur,57,2506,97,0
TXN03355,2026-01-25 09:01:00,Payment,346.92,Mumbai,19,2912,106,0
TXN00490,2026-01-25 09:03:00,Payment,70.55,Hyderabad,25,1043,29,0
TXN05951,2026-01-25 09:06:00,Payment,391.87,Jaipur,23,988,27,1
TXN07781,2026-01-25 09:11:00,Transfer,253.91,Chennai,66,1949,22,0
TXN08243,2026-01-25 09:14:00,Transfer,326.53,Delhi,56,821,1,0
TXN03411,2026-01-25 09:16:00,Withdrawal,37.58,Delhi,57,596,7,0
TXN01590,2026-01-25 09:16:00,Transfer,1038.6,Mumbai,69,290,8,0
TXN09052,2026-01-25 09:17:00,Payment,363.09,Ahmedabad,66,1220,8,0
TXN04154,2026-01-25 09:20:00,Payment,28.52,Chennai,41,511,35,0
TXN07575,2026-01-25 09:20:00,Transfer,97.9,Hyderabad,33,220,82,0
TXN07005,2026-01-25 09:27:00,Payment,146.62,Bengaluru,63,748,22,0
TXN02751,2026-01-25 09:27:00,Transfer,186.73,Ahmedabad,37,679,44,0
TXN06179,2026-01-25 09:28:00,Transfer,260.3,Mumbai,31,1804,38,0
TXN02944,2026-01-25 09:29:00,Withdrawal,95.58,Bengaluru,38,723,46,1
TXN04216,2026-01-25 09:29:00,Payment,269.18,Pune,39,468,9,0
TXN06356,2026-01-25 09:32:00,Payment,1062.93,Delhi,29,1532,15,0
TXN01535,2026-01-25 09:33:00,Transfer,357.54,Delhi,41,2120,109,0
TXN09097,2026-01-25 09:34:00,Transfer,133.32,Bengaluru,45,602,9,0
TXN01582,2026-01-25 09:35:00,Transfer,82.15,Mumbai,21,315,57,0
TXN03890,2026-01-25 09:36:00,Payment,171.7,Bengaluru,32,494,90,0
TXN01660,2026-01-25 09:40:00,Payment,767.04,Hyderabad,34,2489,102,0
TXN07640,2026-01-25 09:43:00,Transfer,328.51,Ahmedabad,33,1552,6,0
TXN05710,2026-01-25 09:54:00,Transfer,74.64,Jaipur,49,938,27,0
TXN01332,2026-01-25 09:59:00,Transfer,2476.54,Jaipur,19,352,63,0
TXN09408,2026-01-25 10:01:00,Withdrawal,76.46,Mumbai,53,910,87,0
TXN07776,2026-01-25 10:01:00,Payment,31.06,Delhi,61,1210,21,0
TXN07969,2026-01-25 10:03:00,Withdrawal,129.99,Mumbai,49,569,77,0
TXN03859,2026-01-25 10:05:00,Payment,216.91,Delhi,34,550,59,0
TXN03761,2026-01-25 10:06:00,Transfer,134.71,Hyderabad,49,407,64,0
TXN03556,2026-01-25 10:08:00,Transfer,142.46,Jaipur,68,1147,101,0
TXN09613,2026-01-25 10:09:00,Transfer,1336.23,Pune,50,486,13,1
TXN05411,2026-01-25 10:09:00,Transfer,84.89,Hyderabad,18,520,13,0
TXN01885,2026-01-25 10:14:00,Payment,280.28,Mumbai,34,593,35,0
TXN09587,2026-01-25 10:18:00,Payment,22.84,Delhi,66,387,57,0
TXN08683,2026-01-25 10:18:00,Withdrawal,209.41,Hyderabad,51,941,29,0
TXN06498,2026-01-25 10:24:00,Transfer,220.34,Delhi,30,1039,27,0
TXN00663,2026-01-25 10:24:00,Payment,158.64,Hyderabad,59,879,13,0
TXN08967,2026-01-25 10:29:00,Payment,104.18,Bengaluru,27,577,26,0
TXN08592,2026-01-25 10:29:00,Payment,149.03,Chennai,62,1026,41,0
TXN07146,2026-01-25 10:30:00,Withdrawal,20.05,Hyderabad,21,601,13,0
TXN02904,2026-01-25 10:36:00,Transfer,176.91,Mumbai,54,716,48,0
TXN04394,2026-01-25 10:36:00,Payment,291.76,Bengaluru,19,393,43,0
TXN09937,2026-01-25 10:36:00,Payment,34.55,Pune,23,2972,81,0
TXN07787,2026-01-25 10:41:00,Withdrawal,224.31,Chennai,31,1140,35,0
TXN01874,2026-01-25 10:41:00,Payment,42.47,Kolkata,43,525,39,1
TXN07783,2026-01-25 10:41:00,Withdrawal,83.45,Jaipur,46,1180,68,0
TXN04409,2026-01-25 10:44:00,Withdrawal,217.52,Chennai,24,582,55,0
TXN06814,2026-01-25 10:46:00,Transfer,18.8,Delhi,50,214,87,0
TXN05717,2026-01-25 11:02:00,Payment,134.23,Pune,45,1037,33,0
TXN01058,2026-01-25 11:05:00,Payment,40.66,Delhi,32,1303,10,0
TXN06280,2026-01-25 11:10:00,Transfer,169.26,Pune,47,138,54,0
TXN06622,2026-01-25 11:11:00,Transfer,195.01,Kolkata,23,1815,27,0
TXN09860,2026-01-25 11:13:00,Payment,357.31,Bengaluru,63,524,130,0
TXN01520,2026-01-25 11:16:00,Payment,1911.25,Mumbai,57,587,38,0
TXN09378,2026-01-25 11:17:00,Withdrawal,73.3,Delhi,41,267,14,0
TXN06108,2026-01-25 11:18:00,Payment,417.43,Hyderabad,62,1174,37,0
TXN00606,2026-01-25 11:20:00,Payment,146.66,Chennai,18,2142,126,0
TXN02526,2026-01-25 11:24:00,Withdrawal,230.94,Hyderabad,32,660,13,0
TXN08929,2026-01-25 11:28:00,Payment,362.82,Delhi,54,865,31,0
TXN06042,2026-01-25 11:28:00,Transfer,875.43,Kolkata,39,704,4,0
TXN02743,2026-01-25 11:29:00,Withdrawal,51.22,Mumbai,24,1207,159,0
TXN01607,2026-01-25 11:34:00,Withdrawal,317.68,Hyderabad,62,216,9,0
TXN07172,2026-01-25 11:36:00,Transfer,241.71,Pune,45,604,37,0
TXN05525,2026-01-25 11:38:00,Payment,1466.73,Jaipur,32,487,38,0
TXN04040,2026-01-25 11:38:00,Payment,296.43,Mumbai,61,593,84,0
TXN04798,2026-01-25 11:41:00,Transfer,667.37,Pune,64,1396,6,0
TXN04604,2026-01-25 11:41:00,Transfer,176.64,Mumbai,65,441,141,0
TXN07405,2026-01-25 11:42:00,Withdrawal,300.93,Pune,19,1693,84,0
TXN04600,2026-01-25 11:47:00,Payment,353.72,Mumbai,18,794,35,0
TXN03951,2026-01-25 11:51:00,Payment,575.11,Kolkata,68,1546,26,0
TXN07025,2026-01-25 11:52:00,Payment,402.23,Bengaluru,47,599,16,0
TXN02000,2026-01-25 11:53:00,Payment,606.02,Ahmedabad,41,535,67,0
TXN00513,2026-01-25 11:59:00,Withdrawal,10.26,Chennai,20,1258,11,0
TXN03439,2026-01-25 12:04:00,Withdrawal,123.0,Bengaluru,36,1756,122,0
TXN09888,2026-01-25 12:20:00,Payment,346.65,Jaipur,37,1280,12,0
TXN04221,2026-01-25 12:26:00,Payment,625.34,Delhi,39,1063,51,0
TXN02440,2026-01-25 12:27:00,Payment,153.2,Mumbai,33,1419,96,0
TXN05274,2026-01-25 12:29:00,Payment,127.89,Jaipur,64,1341,52,0
TXN01645,2026-01-25 12:30:00,Payment,73.74,Bengaluru,52,284,79,0
TXN08303,2026-01-25 12:30:00,Payment,1903.62,Delhi,51,1797,79,1
TXN04953,2026-01-25 12:32:00,Payment,448.38,Chennai,41,772,33,0
TXN08818,2026-01-25 12:32:00,Transfer,272.79,Hyderabad,35,2615,81,0
TXN06377,2026-01-25 12:32:00,Payment,80.43,Bengaluru,32,611,8,0
TXN01506,2026-01-25 12:42:00,Payment,137.06,Kolkata,62,754,37,0
TXN01666,2026-01-25 12:45:00,Transfer,78.78,Delhi,38,498,76,0
TXN07880,2026-01-25 12:46:00,Payment,48.44,Delhi,30,1744,7,0
TXN07655,2026-01-25 12:52:00,Payment,267.08,Kolkata,28,349,65,0
TXN02834,2026-01-25 12:54:00,Payment,40.69,Mumbai,41,265,48,0
TXN00751,2026-01-25 12:55:00,Payment,47.87,Hyderabad,65,899,204,0
TXN08596,2026-01-25 13:00:00,Payment,62.69,Bengaluru,33,1133,12,0
TXN01554,2026-01-25 13:01:00,Withdrawal,1012.28,Ahmedabad,56,481,92,0
TXN05944,2026-01-25 13:10:00,Payment,49.03,Delhi,32,638,32,0
TXN04878,2026-01-25 13:13:00,Payment,209.86,Chennai,23,447,32,0
TXN06089,2026-01-25 13:14:00,Payment,46.97,Hyderabad,42,1318,143,0
TXN08857,2026-01-25 13:19:00,Payment,407.53,Pune,47,444,57,0
TXN01166,2026-01-25 13:21:00,Payment,711.68,Pune,26,756,47,0
TXN09986,2026-01-25 13:21:00,Payment,290.67,Kolkata,55,646,13,0
TXN05427,2026-01-25 13:22:00,Withdrawal,28.58,Jaipur,22,1506,104,0
TXN06204,2026-01-25 13:25:00,Payment,748.84,Pune,67,326,4,1
TXN09603,2026-01-25 13:26:00,Payment,202.45,Bengaluru,61,705,43,0
TXN05697,2026-01-25 13:27:00,Withdrawal,427.23,Pune,42,1122,51,0
TXN02895,2026-01-25 13:30:00,Payment,1635.95,Hyderabad,55,835,53,0
TXN02305,2026-01-25 13:33:00,Payment,24.22,Kolkata,27,311,76,0
TXN01537,2026-01-25 13:34:00,Withdrawal,183.95,Mumbai,45,543,106,0
TXN03240,2026-01-25 13:42:00,Transfer,475.66,Delhi,51,592,2,0
TXN07270,2026-01-25 13:43:00,Withdrawal,82.71,Delhi,42,714,24,0
TXN08980,2026-01-25 13:43:00,Payment,472.56,Jaipur,49,802,37,0
TXN08750,2026-01-25 13:46:00,Payment,103.84,Bengaluru,29,301,6,0
TXN08052,2026-01-25 13:56:00,Payment,72.15,Chennai,22,245,76,0
TXN08512,2026-01-25 14:00:00,Payment,102.49,Mumbai,61,677,135,0
TXN04218,2026-01-25 14:01:00,Transfer,74.34,Delhi,65,662,25,0
TXN00455,2026-01-25 14:07:00,Withdrawal,52.89,Mumbai,23,968,96,0
TXN04142,2026-01-25 14:09:00,Transfer,110.28,Pune,27,678,15,0
TXN00475,2026-01-25 14:09:00,Transfer,173.25,Bengaluru,56,994,22,0
TXN06150,2026-01-25 14:17:00,Transfer,34.41,Delhi,67,873,36,0
TXN00526,2026-01-25 14:18:00,Payment,174.26,Pune,40,3196,121,0
TXN09280,2026-01-25 14:20:00,Payment,452.58,Kolkata,54,258,31,0
TXN03868,2026-01-25 14:21:00,Payment,161.78,Mumbai,48,653,99,0
TXN08039,2026-01-25 14:26:00,Transfer,822.53,Mumbai,26,1054,59,0
TXN04477,2026-01-25 14:30:00,Payment,59.82,Bengaluru,69,564,103,0
TXN06535,2026-01-25 14:31:00,Payment,60.98,Delhi,30,85,35,0
TXN03583,2026-01-25 14:32:00,Payment,249.67,Bengaluru,49,580,152,0
TXN08673,2026-01-25 14:35:00,Payment,269.31,Pune,68,567,23,0
TXN04401,2026-01-25 14:36:00,Payment,63.89,Kolkata,54,354,9,0
TXN07227,2026-01-25 14:40:00,Withdrawal,241.55,Bengaluru,21,1621,5,1
TXN00479,2026-01-25 14:44:00,Transfer,583.85,Chennai,38,703,97,0
TXN02441,2026-01-25 14:50:00,Payment,36.37,Bengaluru,63,551,55,0
TXN05623,2026-01-25 14:57:00,Payment,104.13,Kolkata,34,2998,47,0
TXN05778,2026-01-25 14:59:00,Withdrawal,411.81,Mumbai,31,1335,73,0
TXN07091,2026-01-25 14:59:00,Payment,91.31,Chennai,36,856,31,0
TXN04366,2026-01-25 15:09:00,Payment,118.46,Mumbai,30,738,19,0
TXN08753,2026-01-25 15:11:00,Payment,357.83,Mumbai,54,1640,36,0
TXN04281,2026-01-25 15:15:00,Withdrawal,120.49,Jaipur,22,2671,40,0
TXN00051,2026-01-25 15:18:00,Payment,398.65,Jaipur,69,891,7,0
TXN07303,2026-01-25 15:22:00,Payment,167.42,Pune,26,2817,60,0
TXN03194,2026-01-25 15:23:00,Transfer,286.38,Mumbai,55,2634,92,0
TXN03811,2026-01-25 15:27:00,Payment,439.8,Pune,38,853,24,0
TXN04489,2026-01-25 15:29:00,Payment,32.09,Mumbai,63,1012,45,0
TXN07334,2026-01-25 15:32:00,Transfer,30.29,Hyderabad,47,1043,62,0
TXN03553,2026-01-25 15:33:00,Payment,1889.3,Jaipur,53,954,27,0
TXN05077,2026-01-25 15:43:00,Payment,37.9,Mumbai,40,1274,37,0
TXN08725,2026-01-25 15:46:00,Withdrawal,156.56,Delhi,55,1121,11,0
TXN06762,2026-01-25 15:51:00,Transfer,246.1,Chennai,36,954,54,0
TXN06055,2026-01-25 15:54:00,Withdrawal,55.07,Jaipur,21,1362,58,1
TXN02266,2026-01-25 15:55:00,Payment,352.09,Delhi,47,1728,41,0
TXN04293,2026-01-25 15:56:00,Withdrawal,115.75,Mumbai,26,814,23,0
TXN00354,2026-01-25 15:59:00,Payment,10.83,Bengaluru,62,866,100,0
TXN03216,2026-01-25 16:00:00,Payment,174.29,Kolkata,63,1343,22,0
TXN04949,2026-01-25 16:01:00,Payment,143.79,Jaipur,24,570,144,0
TXN09595,2026-01-25 16:02:00,Transfer,395.35,Bengaluru,32,1335,30,0
TXN01230,2026-01-25 16:02:00,Transfer,95.61,Chennai,62,181,55,0
TXN00457,2026-01-25 16:02:00,Payment,73.09,Chennai,25,393,7,0
TXN08228,2026-01-25 16:03:00,Payment,194.99,Mumbai,41,704,12,0
TXN03318,2026-01-25 16:07:00,Payment,28.2,Mumbai,33,717,30,0
TXN06517,2026-01-25 16:13:00,Transfer,490.34,Hyderabad,56,721,58,0
TXN06750,2026-01-25 16:15:00,Payment,84.98,Pune,66,1187,48,0
TXN05970,2026-01-25 16:15:00,Transfer,100.47,Kolkata,41,484,11,0
TXN04844,2026-01-25 16:15:00,Transfer,300.86,Bengaluru,24,266,29,0
TXN04486,2026-01-25 16:16:00,Payment,542.92,Hyderabad,35,1243,35,0
TXN01624,2026-01-25 16:17:00,Transfer,435.05,Hyderabad,61,1664,27,0
TXN01272,2026-01-25 16:23:00,Transfer,59.18,Delhi,65,1541,63,0
TXN02012,2026-01-25 16:24:00,Withdrawal,46.89,Bengaluru,26,554,126,0
TXN01846,2026-01-25 16:28:00,Transfer,1334.66,Pune,65,1885,33,0
TXN02120,2026-01-25 16:30:00,Payment,376.75,Mumbai,41,1565,19,0
TXN09186,2026-01-25 16:33:00,Transfer,323.2,Delhi,31,2383,22,0
TXN02468,2026-01-25 16:36:00,Transfer,532.42,Mumbai,58,1651,27,0
TXN06888,2026-01-25 16:44:00,Transfer,153.32,Hyderabad,69,513,15,0
TXN00492,2026-01-25 16:44:00,Withdrawal,120.76,Kolkata,19,1116,38,1
TXN04665,2026-01-25 16:45:00,Payment,417.22,Jaipur,53,249,40,0
TXN06917,2026-01-25 16:48:00,Transfer,346.29,Kolkata,60,1370,57,0
TXN09227,2026-01-25 16:49:00,Transfer,66.69,Bengaluru,42,799,66,0
TXN01134,2026-01-25 16:51:00,Payment,15.7,Ahmedabad,68,1850,43,1
TXN02221,2026-01-25 16:52:00,Withdrawal,347.14,Bengaluru,51,1791,64,0
TXN09942,2026-01-25 17:00:00,Withdrawal,261.86,Kolkata,18,852,45,0
TXN08876,2026-01-25 17:06:00,Payment,22.18,Bengaluru,43,1155,15,0
TXN00083,2026-01-25 17:12:00,Payment,92.96,Delhi,39,435,32,0
TXN03331,2026-01-25 17:15:00,Transfer,857.11,Hyderabad,30,499,38,0
TXN09814,2026-01-25 17:20:00,Payment,777.45,Mumbai,46,463,46,0
TXN01604,2026-01-25 17:20:00,Payment,297.83,Hyderabad,54,570,24,0
TXN06925,2026-01-25 17:36:00,Payment,148.94,Jaipur,51,1222,111,0
TXN02350,2026-01-25 17:37:00,Payment,292.64,Mumbai,52,387,77,0
TXN00026,2026-01-25 17:37:00,Withdrawal,359.23,Bengaluru,51,1122,17,0
TXN00851,2026-01-25 17:37:00,Payment,411.69,Bengaluru,65,366,115,0
TXN00425,2026-01-25 17:39:00,Transfer,246.35,Mumbai,30,169,80,0
TXN00289,2026-01-25 17:41:00,Transfer,138.2,Kolkata,37,544,107,0
TXN06230,2026-01-25 17:41:00,Payment,81.2,Delhi,68,1492,49,0
TXN06417,2026-01-25 17:43:00,Transfer,2140.39,Pune,38,448,41,0
TXN04343,2026-01-25 17:44:00,Transfer,136.28,Ahmedabad,31,375,15,0
TXN07492,2026-01-25 17:46:00,Payment,375.66,Pune,30,1052,40,0
TXN09461,2026-01-25 17:48:00,Payment,107.09,Delhi,21,1205,61,0
TXN05462,2026-01-25 17:57:00,Payment,118.94,Bengaluru,26,365,38,0
TXN01394,2026-01-25 18:03:00,Transfer,358.84,Kolkata,57,587,9,0
TXN05242,2026-01-25 18:10:00,Transfer,1178.39,Chennai,36,97,101,0
TXN08851,2026-01-25 18:11:00,Payment,2389.95,Kolkata,39,620,121,0
TXN00771,2026-01-25 18:11:00,Payment,1842.34,Pune,40,332,1,0
TXN02588,2026-01-25 18:12:00,Transfer,193.13,Hyderabad,29,893,23,0
TXN04755,2026-01-25 18:13:00,Payment,458.06,Bengaluru,52,537,46,0
TXN03550,2026-01-25 18:14:00,Withdrawal,149.29,Hyderabad,47,1236,63,0
TXN06601,2026-01-25 18:15:00,Transfer,209.21,Chennai,29,833,11,0
TXN00160,2026-01-25 18:16:00,Transfer,1260.8,Bengaluru,33,1713,49,0
TXN07346,2026-01-25 18:21:00,Payment,243.14,Mumbai,31,464,84,0
TXN09010,2026-01-25 18:24:00,Withdrawal,170.62,Bengaluru,56,599,66,0
TXN05941,2026-01-25 18:24:00,Transfer,38.92,Delhi,46,693,25,0
TXN04561,2026-01-25 18:30:00,Transfer,594.6,Hyderabad,65,559,84,0
TXN03188,2026-01-25 18:35:00,Payment,149.9,Delhi,56,1662,6,0
TXN09785,2026-01-25 18:38:00,Payment,55.5,Kolkata,37,138,4,0
TXN03121,2026-01-25 18:40:00,Payment,140.34,Hyderabad,59,494,93,0
TXN06623,2026-01-25 18:42:00,Payment,3420.54,Ahmedabad,68,741,24,0
TXN01560,2026-01-25 18:48:00,Payment,561.8,Delhi,68,1645,43,0
TXN07974,2026-01-25 18:50:00,Transfer,216.85,Chennai,30,1646,158,0
TXN02197,2026-01-25 18:51:00,Payment,439.59,Bengaluru,54,936,105,0
TXN00324,2026-01-25 18:53:00,Payment,261.52,Mumbai,40,822,31,0
TXN01760,2026-01-25 18:53:00,Payment,99.03,Hyderabad,42,645,13,0
TXN06372,2026-01-25 18:54:00,Transfer,682.21,Jaipur,59,923,21,0
TXN09212,2026-01-25 18:54:00,Payment,294.93,Ahmedabad,49,1303,44,0
TXN00599,2026-01-25 18:55:00,Payment,95.55,Kolkata,48,1113,67,0
TXN05675,2026-01-25 18:59:00,Payment,139.47,Bengaluru,33,74,42,0
TXN00060,2026-01-25 19:02:00,Withdrawal,107.32,Bengaluru,33,233,59,0
TXN01415,2026-01-25 19:19:00,Transfer,417.1,Mumbai,55,1274,61,0
TXN03559,2026-01-25 19:24:00,Payment,16.27,Bengaluru,52,884,24,0
TXN04674,2026-01-25 19:26:00,Transfer,67.42,Delhi,47,205,0,0
TXN07487,2026-01-25 19:28:00,Withdrawal,147.35,Mumbai,49,840,65,0
TXN05429,2026-01-25 19:35:00,Payment,249.85,Jaipur,41,1950,35,0
TXN01734,2026-01-25 19:35:00,Payment,373.94,Chennai,58,1292,36,0
TXN03468,2026-01-25 19:42:00,Withdrawal,1404.73,Mumbai,56,920,15,0
TXN09862,2026-01-25 19:43:00,Payment,685.87,Delhi,25,1596,38,0
TXN07731,2026-01-25 19:45:00,Payment,100.42,Delhi,35,256,33,0
TXN08156,2026-01-25 19:49:00,Transfer,250.36,Hyderabad,65,1082,4,0
TXN05687,2026-01-25 19:59:00,Transfer,47.94,Kolkata,20,2139,36,1
TXN09421,2026-01-25 20:08:00,Payment,143.45,Delhi,41,1365,91,0
TXN00436,2026-01-25 20:14:00,Transfer,19.21,Delhi,65,464,6,0
TXN01816,2026-01-25 20:17:00,Payment,65.65,Delhi,65,748,54,0
TXN01901,2026-01-25 20:18:00,Transfer,115.97,Hyderabad,23,386,50,0
TXN04035,2026-01-25 20:21:00,Payment,107.89,Delhi,42,866,52,0
TXN05915,2026-01-25 20:21:00,Transfer,102.68,Chennai,42,519,72,1
TXN01725,2026-01-25 20:22:00,Payment,1072.69,Pune,34,610,33,0
TXN07490,2026-01-25 20:24:00,Payment,111.69,Bengaluru,46,1765,17,0
TXN03108,2026-01-25 20:29:00,Payment,1099.16,Mumbai,54,646,40,0
TXN00286,2026-01-25 20:29:00,Transfer,49.97,Mumbai,23,413,52,0
TXN09316,2026-01-25 20:34:00,Withdrawal,68.46,Chennai,34,491,43,0
TXN03410,2026-01-25 20:34:00,Payment,70.04,Delhi,65,592,24,0
TXN09590,2026-01-25 20:36:00,Transfer,254.84,Pune,22,1333,48,0
TXN02471,2026-01-25 20:36:00,Payment,62.37,Chennai,47,1413,16,0
TXN07777,2026-01-25 20:37:00,Payment,613.1,Pune,61,1240,20,1
TXN02301,2026-01-25 20:38:00,Payment,180.49,Jaipur,59,611,17,0
TXN01027,2026-01-25 20:46:00,Payment,302.64,Mumbai,33,3195,34,0
TXN04244,2026-01-25 20:47:00,Payment,389.29,Kolkata,35,1671,38,0
TXN08313,2026-01-25 20:50:00,Withdrawal,19.78,Kolkata,58,551,26,0
TXN07677,2026-01-25 20:51:00,Payment,362.96,Kolkata,39,731,89,0
TXN08154,2026-01-25 20:52:00,Payment,80.22,Bengaluru,41,1912,37,0
TXN09531,2026-01-25 21:01:00,Payment,389.65,Delhi,54,1830,24,0
TXN06113,2026-01-25 21:01:00,Withdrawal,231.32,Kolkata,26,485,84,0
TXN05635,2026-01-25 21:05:00,Withdrawal,102.6,Hyderabad,27,1135,33,1
TXN05886,2026-01-25 21:06:00,Payment,28.98,Pune,49,541,45,0
TXN04617,2026-01-25 21:06:00,Payment,693.32,Hyderabad,29,443,86,0
TXN02912,2026-01-25 21:08:00,Withdrawal,29.26,Delhi,66,213,33,0
TXN07471,2026-01-25 21:09:00,Withdrawal,215.44,Bengaluru,18,1206,33,0
TXN00153,2026-01-25 21:14:00,Transfer,132.92,Mumbai,33,1039,7,0
TXN09980,2026-01-25 21:17:00,Transfer,9.49,Pune,31,1064,15,0
TXN05322,2026-01-25 21:25:00,Payment,589.68,Ahmedabad,51,1415,100,0
TXN07225,2026-01-25 21:36:00,Payment,14.9,Pune,23,950,79,0
TXN09444,2026-01-25 21:36:00,Transfer,116.24,Jaipur,20,705,12,0
TXN09734,2026-01-25 21:37:00,Payment,440.5,Bengaluru,54,1648,1,0
TXN00883,2026-01-25 21:38:00,Transfer,196.18,Kolkata,46,2460,39,0
TXN06524,2026-01-25 21:41:00,Transfer,292.01,Pune,49,1263,26,0
TXN09375,2026-01-25 21:42:00,Transfer,75.64,Bengaluru,30,2876,81,0
TXN00622,2026-01-25 21:46:00,Payment,749.22,Chennai,27,233,5,0
TXN04493,2026-01-25 21:48:00,Payment,208.3,Delhi,63,824,99,0
TXN03456,2026-01-25 21:51:00,Payment,103.92,Mumbai,20,1557,13,0
TXN09805,2026-01-25 21:52:00,Payment,130.85,Mumbai,66,974,24,0
TXN09705,2026-01-25 21:53:00,Transfer,154.38,Delhi,48,679,104,1
TXN03928,2026-01-25 21:53:00,Transfer,116.59,Mumbai,31,336,21,1
TXN09341,2026-01-25 21:54:00,Payment,1243.68,Chennai,48,538,55,0
TXN09752,2026-01-25 21:56:00,Withdrawal,219.0,Delhi,28,408,38,0
TXN07431,2026-01-25 22:00:00,Withdrawal,1933.4,Mumbai,41,182,31,0
TXN04753,2026-01-25 22:01:00,Withdrawal,551.07,Bengaluru,25,657,137,0
TXN06480,2026-01-25 22:02:00,Payment,77.09,Delhi,48,1344,15,0
TXN01424,2026-01-25 22:03:00,Transfer,43.53,Chennai,68,681,34,0
TXN08733,2026-01-25 22:04:00,Payment,171.04,Mumbai,61,800,30,0
TXN04057,2026-01-25 22:05:00,Payment,65.92,Mumbai,24,2652,83,0
TXN01501,2026-01-25 22:06:00,Withdrawal,150.39,Pune,68,1719,57,0
TXN02829,2026-01-25 22:07:00,Transfer,809.83,Delhi,55,980,43,0
TXN02727,2026-01-25 22:09:00,Payment,273.28,Kolkata,56,1832,62,0
TXN05075,2026-01-25 22:15:00,Withdrawal,40.46,Chennai,29,1609,52,0
TXN06118,2026-01-25 22:16:00,Payment,344.31,Bengaluru,28,1031,60,0
TXN05028,2026-01-25 22:16:00,Payment,96.59,Kolkata,47,2554,26,0
TXN09482,2026-01-25 22:20:00,Payment,450.06,Jaipur,22,629,45,0
TXN00429,2026-01-25 22:22:00,Payment,63.62,Ahmedabad,54,651,79,0
TXN06256,2026-01-25 22:23:00,Payment,349.32,Mumbai,53,1464,29,0
TXN00352,2026-01-25 22:23:00,Payment,212.56,Delhi,21,504,97,0
TXN04678,2026-01-25 22:26:00,Payment,227.28,Hyderabad,42,1125,27,0
TXN08797,2026-01-25 22:27:00,Payment,50.28,Chennai,45,610,53,0
TXN09390,2026-01-25 22:28:00,Withdrawal,358.85,Mumbai,43,631,122,0
TXN06564,2026-01-25 22:30:00,Payment,113.45,Bengaluru,27,340,11,0
TXN05098,2026-01-25 22:32:00,Transfer,722.66,Kolkata,52,481,121,0
TXN07856,2026-01-25 22:33:00,Withdrawal,198.12,Bengaluru,19,393,13,0
TXN01857,2026-01-25 22:34:00,Payment,256.75,Mumbai,66,627,42,0
TXN05942,2026-01-25 22:35:00,Payment,64.08,Delhi,68,1506,14,0
TXN02628,2026-01-25 22:35:00,Payment,7.58,Chennai,32,2012,55,0
TXN08780,2026-01-25 22:37:00,Payment,257.04,Kolkata,32,444,28,0
TXN00137,2026-01-25 22:45:00,Payment,275.33,Bengaluru,54,836,23,0
TXN01190,2026-01-25 22:47:00,Withdrawal,482.12,Pune,26,608,51,0
TXN09368,2026-01-25 22:52:00,Payment,336.82,Hyderabad,59,2090,39,0
TXN02509,2026-01-25 22:56:00,Transfer,401.49,Ahmedabad,36,1199,84,0
TXN02838,2026-01-25 22:58:00,Withdrawal,280.42,Kolkata,62,937,44,0
TXN04116,2026-01-26 08:00:00,Payment,450.29,Kolkata,18,1276,29,0
TXN00140,2026-01-26 08:02:00,Withdrawal,612.27,Hyderabad,34,1141,16,0
TXN05307,2026-01-26 08:05:00,Transfer,53.3,Bengaluru,31,1722,105,0
TXN09725,2026-01-26 08:07:00,Payment,134.8,Hyderabad,38,394,68,0
TXN04707,2026-01-26 08:08:00,Withdrawal,715.4,Hyderabad,18,1233,42,0
TXN07909,2026-01-26 08:11:00,Payment,357.98,Delhi,18,1863,4,0
TXN09740,2026-01-26 08:13:00,Payment,94.76,Hyderabad,45,980,80,0
TXN02031,2026-01-26 08:15:00,Payment,489.53,Hyderabad,41,758,79,0
TXN09035,2026-01-26 08:17:00,Payment,116.92,Mumbai,63,670,31,0
TXN06935,2026-01-26 08:18:00,Payment,282.1,Delhi,22,544,41,0
TXN00816,2026-01-26 08:19:00,Payment,1047.94,Kolkata,55,1075,59,0
TXN03774,2026-01-26 08:22:00,Withdrawal,399.36,Mumbai,49,839,4,0
TXN03718,2026-01-26 08:22:00,Payment,147.95,Bengaluru,36,711,27,0
TXN02833,2026-01-26 08:23:00,Withdrawal,94.07,Delhi,18,518,58,0
TXN08193,2026-01-26 08:25:00,Payment,831.93,Mumbai,46,1505,55,0
TXN08819,2026-01-26 08:27:00,Payment,60.43,Pune,30,1825,60,0
TXN05089,2026-01-26 08:27:00,Payment,370.48,Hyderabad,27,1648,12,0
TXN06502,2026-01-26 08:35:00,Payment,175.88,Mumbai,27,648,60,0
TXN07682,2026-01-26 08:38:00,Payment,5737.8,Bengaluru,23,950,23,1
TXN07522,2026-01-26 08:40:00,Payment,403.92,Ahmedabad,68,590,146,0
TXN08710,2026-01-26 08:42:00,Payment,136.08,Ahmedabad,65,1052,23,1
TXN07617,2026-01-26 08:47:00,Withdrawal,123.31,Mumbai,66,1732,139,0
TXN03729,2026-01-26 08:50:00,Payment,86.58,Mumbai,35,847,90,0
TXN07134,2026-01-26 08:51:00,Payment,259.18,Jaipur,56,372,9,0
TXN08420,2026-01-26 08:55:00,Payment,6.44,Bengaluru,64,913,42,0
TXN07513,2026-01-26 08:58:00,Payment,522.7,Chennai,58,261,194,0
TXN00056,2026-01-26 09:00:00,Payment,745.37,Bengaluru,48,1400,67,0
TXN03345,2026-01-26 09:08:00,Payment,128.57,Pune,18,930,39,0
TXN09646,2026-01-26 09:08:00,Payment,289.36,Chennai,61,1323,72,0
TXN08605,2026-01-26 09:08:00,Payment,211.99,Delhi,26,547,42,0
TXN02244,2026-01-26 09:11:00,Transfer,1407.38,Delhi,20,870,59,0
TXN00792,2026-01-26 09:20:00,Payment,338.22,Jaipur,53,522,39,0
TXN05223,2026-01-26 09:21:00,Payment,120.33,Bengaluru,30,945,42,0
TXN02851,2026-01-26 09:23:00,Transfer,50.69,Mumbai,49,1584,5,0
TXN07555,2026-01-26 09:29:00,Payment,124.63,Ahmedabad,28,1011,44,0
TXN07753,2026-01-26 09:35:00,Payment,27.52,Hyderabad,59,1745,36,0
TXN02349,2026-01-26 09:35:00,Transfer,86.8,Mumbai,55,1730,10,0
TXN05695,2026-01-26 09:36:00,Transfer,874.71,Mumbai,39,800,91,1
TXN02955,2026-01-26 09:36:00,Withdrawal,227.49,Pune,61,868,61,0
TXN06491,2026-01-26 09:36:00,Payment,208.49,Chennai,31,868,19,0
TXN05833,2026-01-26 09:51:00,Payment,1119.23,Ahmedabad,62,969,46,0
TXN00666,2026-01-26 09:59:00,Payment,272.86,Bengaluru,38,291,179,0
TXN01242,2026-01-26 10:00:00,Payment,92.36,Bengaluru,56,762,30,0
TXN08423,2026-01-26 10:00:00,Withdrawal,111.12,Pune,41,598,36,0
TXN08471,2026-01-26 10:08:00,Transfer,112.77,Delhi,25,990,45,0
TXN02406,2026-01-26 10:15:00,Payment,652.55,Kolkata,68,1109,34,0
TXN04070,2026-01-26 10:16:00,Payment,178.68,Pune,27,643,86,0
TXN09665,2026-01-26 10:25:00,Payment,187.61,Bengaluru,62,714,9,0
TXN00124,2026-01-26 10:25:00,Payment,4264.01,Jaipur,34,1922,54,0
TXN09904,2026-01-26 10:26:00,Payment,87.51,Kolkata,64,874,119,0
TXN01434,2026-01-26 10:29:00,Payment,217.12,Hyderabad,58,1652,5,0
TXN02070,2026-01-26 10:33:00,Withdrawal,51.21,Delhi,61,1335,45,0
TXN08613,2026-01-26 10:39:00,Transfer,159.3,Delhi,66,1568,72,0
TXN01220,2026-01-26 10:39:00,Transfer,199.33,Pune,50,1280,10,0
TXN04140,2026-01-26 10:44:00,Transfer,737.94,Bengaluru,35,1418,54,0
TXN07507,2026-01-26 10:48:00,Payment,141.84,Mumbai,43,996,37,0
TXN05029,2026-01-26 10:49:00,Payment,464.32,Ahmedabad,25,179,75,0
TXN05634,2026-01-26 10:53:00,Transfer,166.48,Hyderabad,61,2149,56,0
TXN05433,2026-01-26 10:57:00,Transfer,96.7,Jaipur,18,549,24,0
TXN04282,2026-01-26 10:59:00,Payment,406.53,Chennai,34,417,108,0
TXN02145,2026-01-26 11:06:00,Payment,403.15,Delhi,26,720,26,1
TXN04124,2026-01-26 11:07:00,Transfer,45.06,Mumbai,26,1262,46,0
TXN03904,2026-01-26 11:07:00,Withdrawal,168.1,Pune,65,463,88,0
TXN00470,2026-01-26 11:09:00,Withdrawal,12.72,Mumbai,43,1005,47,0
TXN00348,2026-01-26 11:10:00,Payment,192.89,Bengaluru,67,2578,35,0
TXN02632,2026-01-26 11:12:00,Payment,734.33,Jaipur,61,948,53,0
TXN03189,2026-01-26 11:13:00,Transfer,771.01,Mumbai,31,271,2,1
TXN02379,2026-01-26 11:14:00,Withdrawal,432.95,Mumbai,38,1620,9,0
TXN05945,2026-01-26 11:16:00,Payment,1267.2,Mumbai,68,479,18,0
TXN09144,2026-01-26 11:21:00,Withdrawal,126.67,Mumbai,58,232,123,0
TXN03201,2026-01-26 11:23:00,Payment,307.25,Pune,37,1021,24,0
TXN06566,2026-01-26 11:24:00,Payment,129.7,Kolkata,40,145,44,0
TXN09104,2026-01-26 11:24:00,Transfer,57.43,Jaipur,64,3091,34,1
TXN09328,2026-01-26 11:27:00,Payment,77.74,Bengaluru,38,1171,6,0
TXN07636,2026-01-26 11:27:00,Withdrawal,216.88,Delhi,44,3138,21,0
TXN07833,2026-01-26 11:32:00,Withdrawal,1232.75,Chennai,24,196,67,0
TXN03217,2026-01-26 11:33:00,Transfer,403.52,Jaipur,28,800,53,0
TXN07372,2026-01-26 11:43:00,Transfer,110.2,Chennai,53,664,142,0
TXN00886,2026-01-26 11:49:00,Withdrawal,88.54,Kolkata,60,1327,20,0
TXN06820,2026-01-26 11:50:00,Withdrawal,65.39,Bengaluru,29,919,32,0
TXN05674,2026-01-26 11:50:00,Payment,46.46,Delhi,49,55,82,0
TXN08523,2026-01-26 11:50:00,Payment,415.22,Hyderabad,50,783,34,0
TXN01448,2026-01-26 11:50:00,Payment,193.56,Delhi,69,839,6,0
TXN03083,2026-01-26 11:53:00,Withdrawal,486.05,Delhi,56,143,44,0
TXN08274,2026-01-26 11:54:00,Payment,93.15,Bengaluru,58,903,84,0
TXN07559,2026-01-26 11:59:00,Withdrawal,79.89,Jaipur,22,1064,109,0
TXN08982,2026-01-26 12:03:00,Transfer,54.37,Mumbai,59,2436,9,0
TXN07571,2026-01-26 12:05:00,Withdrawal,80.34,Hyderabad,59,710,25,0
TXN02790,2026-01-26 12:06:00,Transfer,32.93,Bengaluru,63,865,64,0
TXN01026,2026-01-26 12:09:00,Payment,76.77,Mumbai,69,315,24,0
TXN01277,2026-01-26 12:12:00,Payment,519.61,Mumbai,49,754,21,1
TXN04468,2026-01-26 12:16:00,Payment,9.59,Jaipur,66,1662,26,0
TXN09281,2026-01-26 12:16:00,Transfer,457.5,Kolkata,67,349,21,0
TXN00651,2026-01-26 12:20:00,Withdrawal,71.11,Bengaluru,23,459,80,0
TXN02926,2026-01-26 12:20:00,Payment,203.8,Delhi,55,1459,20,0
TXN05807,2026-01-26 12:40:00,Payment,1172.62,Delhi,46,1102,31,0
TXN05600,2026-01-26 12:43:00,Withdrawal,98.22,Hyderabad,59,664,25,0
TXN01268,2026-01-26 12:44:00,Payment,236.85,Bengaluru,49,1829,26,0
TXN00172,2026-01-26 12:45:00,Withdrawal,447.89,Bengaluru,49,117,96,0
TXN09508,2026-01-26 12:46:00,Payment,448.95,Hyderabad,58,298,89,0
TXN09510,2026-01-26 12:54:00,Payment,789.19,Delhi,45,872,27,0
TXN07016,2026-01-26 12:56:00,Withdrawal,99.09,Kolkata,28,582,33,0
TXN00825,2026-01-26 12:58:00,Transfer,217.37,Delhi,24,959,14,0
TXN00844,2026-01-26 12:59:00,Payment,126.69,Jaipur,41,1452,23,0
TXN05066,2026-01-26 13:05:00,Withdrawal,55.69,Bengaluru,51,895,14,0
TXN09604,2026-01-26 13:05:00,Withdrawal,151.86,Delhi,29,1801,98,1
TXN05838,2026-01-26 13:18:00,Payment,110.87,Bengaluru,40,3834,77,0
TXN08059,2026-01-26 13:20:00,Payment,618.3,Bengaluru,40,1137,132,0
TXN05773,2026-01-26 13:20:00,Transfer,206.69,Pune,53,630,22,0
TXN08742,2026-01-26 13:23:00,Payment,98.62,Hyderabad,51,117,81,0
TXN03754,2026-01-26 13:27:00,Withdrawal,122.16,Delhi,31,259,26,0
TXN01614,2026-01-26 13:31:00,Withdrawal,140.81,Pune,56,307,26,0
TXN05203,2026-01-26 13:32:00,Payment,419.46,Kolkata,44,646,3,0
TXN02226,2026-01-26 13:33:00,Payment,874.68,Chennai,43,1010,21,0
TXN05593,2026-01-26 13:34:00,Payment,63.04,Ahmedabad,59,563,16,0
TXN09449,2026-01-26 13:35:00,Payment,44.83,Bengaluru,21,1594,32,0
TXN08879,2026-01-26 13:36:00,Transfer,228.64,Chennai,46,408,24,0
TXN05790,2026-01-26 13:38:00,Transfer,259.34,Bengaluru,42,1767,118,0
TXN00010,2026-01-26 13:40:00,Transfer,67.41,Mumbai,36,693,25,0
TXN07807,2026-01-26 13:42:00,Payment,49.57,Pune,48,1217,35,0
TXN01177,2026-01-26 13:45:00,Withdrawal,450.38,Bengaluru,29,720,73,0
TXN05059,2026-01-26 13:49:00,Payment,307.97,Mumbai,67,807,32,0
TXN00319,2026-01-26 13:49:00,Payment,1434.3,Kolkata,52,1261,18,0
TXN01062,2026-01-26 13:53:00,Payment,70.73,Delhi,55,940,103,0
TXN00644,2026-01-26 13:54:00,Payment,19.51,Delhi,60,1980,37,0
TXN00706,2026-01-26 13:56:00,Payment,52.08,Delhi,22,418,28,0
TXN09674,2026-01-26 14:04:00,Transfer,128.63,Mumbai,33,661,15,0
TXN01514,2026-01-26 14:05:00,Payment,251.73,Chennai,58,974,186,0
TXN04283,2026-01-26 14:05:00,Withdrawal,1101.18,Kolkata,45,438,53,0
TXN02457,2026-01-26 14:06:00,Payment,2503.45,Hyderabad,37,463,46,0
TXN00164,2026-01-26 14:08:00,Payment,484.09,Chennai,52,625,47,0
TXN03002,2026-01-26 14:09:00,Withdrawal,151.26,Kolkata,29,1138,76,0
TXN03887,2026-01-26 14:09:00,Withdrawal,206.15,Chennai,39,1308,44,0
TXN09302,2026-01-26 14:11:00,Payment,53.83,Hyderabad,60,1013,2,1
TXN03534,2026-01-26 14:21:00,Payment,119.62,Mumbai,19,579,59,0
TXN04658,2026-01-26 14:24:00,Payment,296.8,Chennai,20,2077,37,0
TXN00045,2026-01-26 14:34:00,Transfer,1014.07,Kolkata,32,572,57,0
TXN04650,2026-01-26 14:35:00,Payment,108.07,Delhi,40,1444,20,0
TXN08965,2026-01-26 14:39:00,Payment,501.38,Bengaluru,28,1685,38,0
TXN09452,2026-01-26 14:39:00,Payment,397.24,Chennai,28,1172,125,0
TXN01452,2026-01-26 14:44:00,Payment,32.19,Bengaluru,59,776,52,0
TXN04225,2026-01-26 14:48:00,Payment,402.35,Mumbai,51,1635,109,0
TXN05212,2026-01-26 14:55:00,Transfer,421.51,Hyderabad,47,1099,21,0
TXN01005,2026-01-26 14:56:00,Transfer,274.49,Kolkata,48,83,55,0
TXN01317,2026-01-26 14:59:00,Withdrawal,621.52,Bengaluru,18,509,50,0
TXN09657,2026-01-26 15:01:00,Withdrawal,82.76,Chennai,54,859,85,0
TXN05531,2026-01-26 15:03:00,Payment,430.18,Hyderabad,41,263,97,0
TXN03034,2026-01-26 15:08:00,Payment,59.41,Jaipur,33,873,51,0
TXN02022,2026-01-26 15:08:00,Payment,45.96,Delhi,55,549,17,0
TXN04717,2026-01-26 15:10:00,Transfer,789.67,Bengaluru,59,409,29,0
TXN05319,2026-01-26 15:10:00,Transfer,90.55,Bengaluru,54,564,67,0
TXN05469,2026-01-26 15:12:00,Transfer,291.09,Delhi,46,441,53,0
TXN00210,2026-01-26 15:21:00,Payment,152.28,Ahmedabad,57,213,7,0
TXN06448,2026-01-26 15:21:00,Payment,286.49,Bengaluru,48,1296,21,0
TXN04619,2026-01-26 15:22:00,Transfer,38.63,Hyderabad,43,1522,25,0
TXN05420,2026-01-26 15:26:00,Transfer,87.22,Kolkata,45,1205,41,0
TXN01960,2026-01-26 15:34:00,Payment,199.66,Mumbai,52,1282,36,0
TXN09269,2026-01-26 15:36:00,Payment,30.52,Kolkata,63,715,25,0
TXN08527,2026-01-26 15:42:00,Payment,68.9,Mumbai,23,450,153,0
TXN04368,2026-01-26 15:44:00,Transfer,508.88,Jaipur,25,1136,104,0
TXN03118,2026-01-26 15:45:00,Payment,70.23,Delhi,58,562,34,0
TXN01568,2026-01-26 15:48:00,Withdrawal,229.72,Chennai,46,1711,21,0
TXN09778,2026-01-26 15:49:00,Payment,35.18,Bengaluru,40,763,97,0
TXN08438,2026-01-26 15:51:00,Payment,94.93,Kolkata,58,1116,60,0
TXN07917,2026-01-26 15:52:00,Withdrawal,573.76,Bengaluru,48,757,75,0
TXN05854,2026-01-26 15:55:00,Withdrawal,71.01,Delhi,65,416,72,0
TXN03243,2026-01-26 15:56:00,Payment,38.76,Delhi,65,589,15,0
TXN01812,2026-01-26 15:57:00,Payment,1001.46,Hyderabad,67,1165,37,0
TXN00504,2026-01-26 15:58:00,Transfer,219.02,Bengaluru,26,1735,46,0
TXN07854,2026-01-26 15:59:00,Transfer,554.11,Mumbai,19,849,21,0
TXN07860,2026-01-26 16:00:00,Payment,272.26,Pune,39,592,22,0
TXN05529,2026-01-26 16:01:00,Payment,533.92,Jaipur,30,1325,68,0
TXN06992,2026-01-26 16:02:00,Withdrawal,873.88,Mumbai,42,582,34,0
TXN08736,2026-01-26 16:04:00,Payment,836.99,Kolkata,60,1120,27,0
TXN09618,2026-01-26 16:07:00,Payment,130.85,Delhi,35,623,57,0
TXN03181,2026-01-26 16:10:00,Payment,100.73,Mumbai,30,2634,69,0
TXN06866,2026-01-26 16:16:00,Payment,273.56,Hyderabad,38,159,29,1
TXN07023,2026-01-26 16:18:00,Withdrawal,237.77,Kolkata,67,263,82,0
TXN06177,2026-01-26 16:20:00,Transfer,366.9,Pune,58,666,39,0
TXN01845,2026-01-26 16:22:00,Withdrawal,187.14,Ahmedabad,41,1267,39,0
TXN07870,2026-01-26 16:24:00,Transfer,146.39,Bengaluru,27,2138,35,0
TXN06209,2026-01-26 16:32:00,Transfer,288.01,Pune,63,763,125,0
TXN02975,2026-01-26 16:33:00,Payment,516.27,Kolkata,49,374,48,0
TXN00935,2026-01-26 16:35:00,Withdrawal,695.23,Bengaluru,29,745,48,0
TXN08060,2026-01-26 16:39:00,Payment,58.39,Bengaluru,21,714,9,0
TXN08115,2026-01-26 16:40:00,Payment,160.57,Pune,58,226,88,0
TXN05938,2026-01-26 16:43:00,Transfer,167.66,Chennai,56,1009,10,0
TXN04882,2026-01-26 16:44:00,Payment,166.02,Pune,28,2341,52,0
TXN03769,2026-01-26 16:45:00,Payment,314.27,Kolkata,59,123,42,0
TXN00872,2026-01-26 16:47:00,Payment,1025.23,Mumbai,25,2292,29,0
TXN03094,2026-01-26 16:51:00,Transfer,305.78,Delhi,61,183,92,0
TXN04341,2026-01-26 16:53:00,Withdrawal,807.5,Bengaluru,66,523,9,0
TXN03387,2026-01-26 16:54:00,Payment,504.55,Delhi,69,2521,14,0
TXN07451,2026-01-26 16:57:00,Payment,84.01,Mumbai,24,446,73,0
TXN04128,2026-01-26 17:01:00,Transfer,15.2,Jaipur,52,453,36,0
TXN08817,2026-01-26 17:07:00,Transfer,206.44,Mumbai,53,651,26,0
TXN02815,2026-01-26 17:11:00,Payment,216.54,Delhi,18,889,54,0
TXN09064,2026-01-26 17:12:00,Transfer,93.43,Bengaluru,25,1921,7,0
TXN08585,2026-01-26 17:15:00,Transfer,86.48,Chennai,48,996,27,0
TXN05264,2026-01-26 17:16:00,Payment,147.25,Bengaluru,68,557,33,0
TXN08324,2026-01-26 17:20:00,Withdrawal,74.12,Mumbai,59,368,29,0
TXN01518,2026-01-26 17:23:00,Payment,463.22,Bengaluru,63,102,16,0
TXN02413,2026-01-26 17:29:00,Transfer,147.77,Bengaluru,67,1227,16,0
TXN06195,2026-01-26 17:35:00,Withdrawal,318.6,Kolkata,43,506,21,0
TXN02196,2026-01-26 17:37:00,Transfer,18.46,Pune,22,2358,61,0
TXN05657,2026-01-26 17:39:00,Withdrawal,2030.82,Jaipur,41,40,54,1
TXN02337,2026-01-26 17:40:00,Payment,328.43,Bengaluru,48,622,60,0
TXN04719,2026-01-26 17:42:00,Payment,234.77,Ahmedabad,45,1386,26,0
TXN02378,2026-01-26 17:44:00,Payment,306.02,Jaipur,51,275,25,0
TXN07755,2026-01-26 17:44:00,Transfer,126.2,Chennai,47,363,82,0
TXN01663,2026-01-26 17:48:00,Payment,261.81,Delhi,35,787,13,0
TXN01823,2026-01-26 17:52:00,Payment,83.27,Chennai,52,1432,39,0
TXN02722,2026-01-26 17:52:00,Payment,228.37,Mumbai,55,127,53,0
TXN07457,2026-01-26 17:53:00,Payment,223.7,Delhi,34,313,55,0
TXN04304,2026-01-26 17:57:00,Payment,150.57,Bengaluru,21,643,65,0
TXN07796,2026-01-26 17:58:00,Payment,161.27,Mumbai,24,262,68,0
TXN05614,2026-01-26 17:59:00,Transfer,284.83,Bengaluru,47,3745,95,1
TXN03399,2026-01-26 17:59:00,Withdrawal,130.62,Mumbai,49,301,53,0
TXN01844,2026-01-26 18:04:00,Payment,1140.88,Jaipur,43,519,67,0
TXN06656,2026-01-26 18:05:00,Payment,513.18,Mumbai,33,3670,44,0
TXN04699,2026-01-26 18:11:00,Transfer,31.61,Ahmedabad,65,241,44,0
TXN02794,2026-01-26 18:20:00,Transfer,2936.57,Kolkata,29,1839,17,0
TXN09741,2026-01-26 18:22:00,Transfer,1124.1,Delhi,39,660,29,0
TXN00273,2026-01-26 18:22:00,Withdrawal,283.79,Hyderabad,54,1101,87,0
TXN01997,2026-01-26 18:27:00,Payment,693.88,Mumbai,53,1142,43,0
TXN08785,2026-01-26 18:28:00,Payment,677.79,Chennai,40,224,52,0
TXN03991,2026-01-26 18:31:00,Transfer,754.23,Hyderabad,23,716,39,0
TXN02005,2026-01-26 18:32:00,Payment,101.03,Bengaluru,53,963,128,0
TXN02171,2026-01-26 18:36:00,Transfer,94.29,Jaipur,56,2326,72,0
TXN01701,2026-01-26 18:42:00,Transfer,99.7,Kolkata,55,338,10,0
TXN06625,2026-01-26 18:42:00,Payment,593.61,Bengaluru,38,2354,55,1
TXN08510,2026-01-26 18:45:00,Transfer,263.2,Mumbai,59,1859,34,0
TXN09961,2026-01-26 18:47:00,Transfer,890.87,Delhi,45,1179,22,0
TXN00186,2026-01-26 18:57:00,Payment,35.37,Bengaluru,66,1054,177,0
TXN08020,2026-01-26 19:00:00,Payment,284.1,Kolkata,29,930,125,0
TXN05703,2026-01-26 19:05:00,Transfer,138.0,Pune,24,612,36,0
TXN03885,2026-01-26 19:07:00,Payment,210.38,Hyderabad,37,166,20,0
TXN00461,2026-01-26 19:10:00,Payment,124.32,Pune,51,726,23,0
TXN05178,2026-01-26 19:19:00,Withdrawal,400.03,Bengaluru,39,1861,12,0
TXN05149,2026-01-26 19:31:00,Transfer,110.78,Hyderabad,49,898,37,0
TXN02424,2026-01-26 19:32:00,Transfer,149.71,Bengaluru,69,904,17,0
TXN09173,2026-01-26 19:34:00,Withdrawal,42.79,Hyderabad,59,1206,78,0
TXN02299,2026-01-26 19:34:00,Payment,97.22,Kolkata,48,266,32,0
TXN09023,2026-01-26 19:42:00,Withdrawal,150.64,Kolkata,20,780,3,1
TXN08196,2026-01-26 19:47:00,Transfer,112.83,Pune,53,738,91,0
TXN03409,2026-01-26 19:51:00,Transfer,56.5,Delhi,35,329,88,0
TXN01383,2026-01-26 19:53:00,Transfer,302.49,Mumbai,42,2112,178,0
TXN04738,2026-01-26 19:54:00,Payment,36.66,Jaipur,50,399,16,0
TXN09491,2026-01-26 19:56:00,Transfer,76.85,Mumbai,50,732,31,0
TXN00566,2026-01-26 19:59:00,Payment,463.34,Kolkata,24,367,91,0
TXN06507,2026-01-26 20:01:00,Payment,2068.49,Delhi,59,911,70,0
TXN00814,2026-01-26 20:01:00,Payment,168.82,Delhi,34,1185,204,0
TXN05443,2026-01-26 20:02:00,Payment,369.8,Ahmedabad,51,1594,24,0
TXN04689,2026-01-26 20:02:00,Transfer,76.84,Delhi,68,1119,29,0
TXN03117,2026-01-26 20:04:00,Payment,63.16,Kolkata,19,853,6,0
TXN05489,2026-01-26 20:04:00,Payment,356.83,Hyderabad,45,1321,36,0
TXN03619,2026-01-26 20:05:00,Payment,590.41,Mumbai,56,252,16,0
TXN04768,2026-01-26 20:06:00,Transfer,274.22,Bengaluru,58,257,136,0
TXN04801,2026-01-26 20:06:00,Withdrawal,69.55,Delhi,46,448,71,0
TXN08972,2026-01-26 20:08:00,Payment,158.79,Hyderabad,42,936,72,0
TXN08344,2026-01-26 20:19:00,Payment,193.96,Delhi,38,166,32,0
TXN08037,2026-01-26 20:22:00,Payment,48.71,Jaipur,68,331,62,0
TXN06530,2026-01-26 20:22:00,Payment,153.28,Bengaluru,38,2427,29,0
TXN03702,2026-01-26 20:22:00,Payment,40.91,Hyderabad,57,914,42,0
TXN01977,2026-01-26 20:30:00,Payment,195.66,Pune,37,168,66,0
TXN04092,2026-01-26 20:30:00,Payment,98.25,Hyderabad,44,826,23,0
TXN05956,2026-01-26 20:30:00,Payment,29.24,Hyderabad,24,1774,62,0
TXN02423,2026-01-26 20:32:00,Payment,443.71,Chennai,45,1723,21,0
TXN05049,2026-01-26 20:33:00,Payment,65.53,Kolkata,60,1289,86,0
TXN00419,2026-01-26 20:33:00,Payment,356.28,Delhi,28,634,78,0
TXN04147,2026-01-26 20:33:00,Transfer,26.31,Ahmedabad,57,1295,22,0
TXN09930,2026-01-26 20:36:00,Payment,192.93,Kolkata,68,830,27,0
TXN03262,2026-01-26 20:36:00,Withdrawal,175.18,Chennai,34,1057,34,0
TXN07127,2026-01-26 20:38:00,Payment,150.51,Chennai,50,870,26,0
TXN04106,2026-01-26 20:43:00,Payment,170.22,Jaipur,53,378,131,0
TXN03100,2026-01-26 20:43:00,Payment,175.48,Hyderabad,29,592,51,0
TXN07067,2026-01-26 20:46:00,Transfer,207.96,Jaipur,22,500,16,0
TXN05549,2026-01-26 20:50:00,Transfer,272.95,Kolkata,65,677,47,0
TXN05006,2026-01-26 21:03:00,Payment,396.47,Mumbai,28,1758,37,0
TXN00270,2026-01-26 21:03:00,Withdrawal,2465.36,Mumbai,29,658,93,0
TXN05755,2026-01-26 21:07:00,Payment,987.56,Ahmedabad,44,732,10,0
TXN02059,2026-01-26 21:08:00,Transfer,51.62,Chennai,56,1919,62,0
TXN01995,2026-01-26 21:08:00,Payment,94.57,Jaipur,49,2083,38,0
TXN01291,2026-01-26 21:08:00,Transfer,463.51,Bengaluru,22,1573,17,0
TXN05947,2026-01-26 21:20:00,Withdrawal,243.42,Hyderabad,50,317,71,0
TXN08961,2026-01-26 21:20:00,Transfer,1135.07,Delhi,54,634,23,0
TXN03466,2026-01-26 21:27:00,Transfer,227.17,Delhi,29,1277,35,0
TXN06833,2026-01-26 21:28:00,Payment,51.4,Chennai,54,869,151,0
TXN08013,2026-01-26 21:30:00,Transfer,232.81,Hyderabad,50,1108,20,0
TXN06499,2026-01-26 21:30:00,Withdrawal,133.16,Hyderabad,37,667,28,0
TXN04012,2026-01-26 21:33:00,Payment,3274.67,Chennai,65,1618,13,0
TXN08297,2026-01-26 21:40:00,Payment,92.59,Jaipur,29,2028,35,0
TXN00167,2026-01-26 21:42:00,Payment,348.3,Chennai,22,1437,103,0
TXN06928,2026-01-26 21:50:00,Transfer,120.74,Kolkata,52,1238,121,0
TXN07824,2026-01-26 21:51:00,Transfer,264.72,Mumbai,52,394,32,0
TXN03162,2026-01-26 21:51:00,Withdrawal,3211.03,Chennai,52,604,55,0
TXN02245,2026-01-26 21:52:00,Transfer,579.14,Kolkata,59,1962,72,0
TXN08256,2026-01-26 21:52:00,Withdrawal,137.74,Bengaluru,26,603,37,0
TXN08513,2026-01-26 21:58:00,Transfer,1402.34,Bengaluru,30,570,88,0
TXN01259,2026-01-26 22:02:00,Payment,290.72,Delhi,59,1559,19,0
TXN08934,2026-01-26 22:03:00,Payment,726.18,Bengaluru,34,982,14,0
TXN05581,2026-01-26 22:05:00,Transfer,208.45,Chennai,51,654,52,0
TXN04127,2026-01-26 22:05:00,Payment,213.95,Ahmedabad,31,849,21,0
TXN04347,2026-01-26 22:06:00,Payment,255.62,Bengaluru,34,1596,36,0
TXN06512,2026-01-26 22:10:00,Withdrawal,458.17,Chennai,47,1517,13,0
TXN00627,2026-01-26 22:14:00,Transfer,98.95,Delhi,43,1428,18,0
TXN00683,2026-01-26 22:15:00,Payment,140.86,Kolkata,40,1324,35,0
TXN04757,2026-01-26 22:15:00,Transfer,62.46,Mumbai,59,361,23,0
TXN08128,2026-01-26 22:19:00,Payment,243.33,Delhi,48,1176,23,0
TXN03055,2026-01-26 22:26:00,Payment,215.12,Chennai,60,1369,48,0
TXN04206,2026-01-26 22:27:00,Payment,915.9,Ahmedabad,18,2453,51,0
TXN09049,2026-01-26 22:28:00,Payment,202.02,Bengaluru,51,1396,46,0
TXN02200,2026-01-26 22:30:00,Payment,477.81,Delhi,20,397,8,1
TXN05629,2026-01-26 22:30:00,Payment,406.81,Bengaluru,47,701,65,0
TXN03732,2026-01-26 22:31:00,Withdrawal,19.26,Hyderabad,60,2658,36,0
TXN03961,2026-01-26 22:32:00,Payment,365.6,Bengaluru,55,1190,26,1
TXN06485,2026-01-26 22:33:00,Transfer,191.99,Mumbai,60,2119,98,0
TXN04651,2026-01-26 22:34:00,Transfer,256.72,Delhi,43,1978,15,0
TXN06152,2026-01-26 22:36:00,Transfer,40.27,Chennai,39,2287,20,0
TXN05399,2026-01-26 22:39:00,Transfer,169.04,Kolkata,52,1964,15,0
TXN07174,2026-01-26 22:41:00,Payment,590.34,Kolkata,60,1009,8,0
TXN08226,2026-01-26 22:41:00,Withdrawal,337.78,Bengaluru,36,730,8,0
TXN00041,2026-01-26 22:45:00,Payment,222.42,Hyderabad,62,1026,48,0
TXN07544,2026-01-26 22:45:00,Transfer,23.21,Ahmedabad,37,773,26,0
TXN05962,2026-01-26 22:48:00,Payment,201.46,Mumbai,25,1313,52,0
TXN07274,2026-01-26 22:52:00,Withdrawal,524.91,Kolkata,27,1550,50,1
TXN03093,2026-01-26 22:52:00,Withdrawal,40.29,Pune,39,1019,19,0
TXN06037,2026-01-26 22:54:00,Payment,65.78,Chennai,63,370,15,0
TXN01499,2026-01-26 22:56:00,Payment,98.37,Ahmedabad,39,365,106,0
TXN09020,2026-01-27 08:01:00,Transfer,9.7,Delhi,46,445,34,0
TXN01233,2026-01-27 08:06:00,Transfer,366.6,Pune,25,522,29,0
TXN06596,2026-01-27 08:06:00,Payment,555.55,Hyderabad,64,1464,86,0
TXN08220,2026-01-27 08:11:00,Transfer,159.46,Delhi,31,645,134,0
TXN06518,2026-01-27 08:11:00,Transfer,550.4,Ahmedabad,62,1204,21,0
TXN04033,2026-01-27 08:11:00,Transfer,67.44,Hyderabad,28,1774,1,0
TXN01296,2026-01-27 08:13:00,Payment,303.55,Chennai,38,1235,64,0
TXN07540,2026-01-27 08:15:00,Withdrawal,141.69,Bengaluru,48,1009,88,0
TXN05262,2026-01-27 08:19:00,Payment,26.8,Jaipur,51,370,19,0
TXN06049,2026-01-27 08:20:00,Payment,436.64,Jaipur,36,2676,62,0
TXN09558,2026-01-27 08:24:00,Transfer,150.71,Delhi,63,1105,63,0
TXN04338,2026-01-27 08:27:00,Payment,300.13,Kolkata,31,474,46,0
TXN02854,2026-01-27 08:27:00,Payment,84.76,Kolkata,52,573,17,0
TXN04465,2026-01-27 08:29:00,Transfer,16.93,Delhi,21,760,65,0
TXN05126,2026-01-27 08:29:00,Payment,233.79,Kolkata,53,540,38,1
TXN02973,2026-01-27 08:37:00,Payment,584.6,Bengaluru,31,853,44,0
TXN07117,2026-01-27 08:38:00,Payment,91.06,Delhi,48,1123,41,0
TXN00672,2026-01-27 08:40:00,Payment,205.13,Bengaluru,38,478,38,0
TXN00453,2026-01-27 08:41:00,Transfer,101.36,Hyderabad,45,1174,51,1
TXN03569,2026-01-27 08:48:00,Transfer,929.38,Kolkata,31,999,44,0
TXN07979,2026-01-27 08:50:00,Payment,202.66,Bengaluru,44,1494,24,1
TXN09429,2026-01-27 08:56:00,Payment,1034.68,Bengaluru,48,747,9,0
TXN06861,2026-01-27 08:56:00,Transfer,475.12,Kolkata,57,160,56,0
TXN07272,2026-01-27 09:01:00,Withdrawal,146.81,Jaipur,18,1433,89,0
TXN09914,2026-01-27 09:01:00,Payment,157.84,Hyderabad,69,998,20,0
TXN03303,2026-01-27 09:02:00,Payment,238.27,Kolkata,64,428,67,0
TXN02396,2026-01-27 09:11:00,Transfer,51.45,Hyderabad,33,1840,11,0
TXN05730,2026-01-27 09:12:00,Transfer,94.13,Delhi,65,1795,10,1
TXN01353,2026-01-27 09:18:00,Withdrawal,695.6,Chennai,41,466,21,0
TXN09506,2026-01-27 09:19:00,Payment,53.21,Chennai,45,235,19,1
TXN06361,2026-01-27 09:20:00,Payment,478.41,Pune,18,409,12,0
TXN08650,2026-01-27 09:24:00,Payment,284.83,Delhi,59,665,148,0
TXN09927,2026-01-27 09:27:00,Payment,26.16,Delhi,59,629,23,0
TXN05528,2026-01-27 09:27:00,Payment,308.15,Bengaluru,19,919,133,0
TXN09700,2026-01-27 09:28:00,Transfer,110.41,Bengaluru,37,1193,17,1
TXN05199,2026-01-27 09:35:00,Payment,56.77,Delhi,33,510,4,1
TXN09829,2026-01-27 09:40:00,Transfer,41.01,Kolkata,25,648,53,0
TXN08611,2026-01-27 09:44:00,Payment,584.34,Kolkata,30,755,41,0
TXN05605,2026-01-27 09:46:00,Transfer,85.52,Pune,26,903,117,0
TXN01894,2026-01-27 09:51:00,Payment,202.24,Bengaluru,36,273,53,0
TXN04119,2026-01-27 09:56:00,Payment,759.3,Mumbai,34,1924,46,0
TXN03082,2026-01-27 09:59:00,Payment,325.19,Bengaluru,34,475,24,0
TXN04062,2026-01-27 10:02:00,Payment,244.91,Delhi,56,737,73,0
TXN07814,2026-01-27 10:03:00,Transfer,246.28,Hyderabad,39,1360,16,0
TXN03582,2026-01-27 10:03:00,Withdrawal,216.33,Chennai,49,941,45,0
TXN03914,2026-01-27 10:03:00,Payment,80.41,Jaipur,35,226,60,0
TXN00449,2026-01-27 10:09:00,Payment,1648.15,Delhi,64,1989,30,0
TXN01944,2026-01-27 10:10:00,Payment,1682.64,Bengaluru,59,940,25,0
TXN01223,2026-01-27 10:12:00,Payment,650.84,Chennai,66,2408,5,0
TXN05291,2026-01-27 10:13:00,Payment,84.8,Jaipur,55,374,45,0
TXN05828,2026-01-27 10:14:00,Payment,186.44,Jaipur,22,1365,5,0
TXN06147,2026-01-27 10:19:00,Payment,123.68,Ahmedabad,22,1013,104,0
TXN02647,2026-01-27 10:20:00,Transfer,2979.37,Chennai,63,797,9,0
TXN01437,2026-01-27 10:22:00,Payment,695.49,Chennai,60,1210,55,0
TXN05920,2026-01-27 10:24:00,Payment,1349.36,Hyderabad,67,1468,40,0
TXN02239,2026-01-27 10:24:00,Payment,175.38,Hyderabad,65,275,133,0
TXN00173,2026-01-27 10:31:00,Withdrawal,116.92,Bengaluru,66,1304,80,1
TXN09467,2026-01-27 10:32:00,Payment,35.5,Ahmedabad,52,1124,73,0
TXN02448,2026-01-27 10:33:00,Payment,320.55,Bengaluru,34,305,31,1
TXN04302,2026-01-27 10:34:00,Payment,532.86,Ahmedabad,47,130,73,0
TXN00646,2026-01-27 10:40:00,Payment,33.29,Ahmedabad,37,671,77,0
TXN03446,2026-01-27 10:40:00,Payment,240.04,Mumbai,57,306,9,0
TXN07321,2026-01-27 10:47:00,Payment,197.62,Kolkata,62,647,15,0
TXN06291,2026-01-27 10:54:00,Transfer,22.65,Kolkata,31,714,55,0
TXN00480,2026-01-27 10:55:00,Withdrawal,110.15,Bengaluru,40,598,21,1
TXN09170,2026-01-27 10:57:00,Transfer,319.85,Delhi,42,446,71,1
TXN06584,2026-01-27 11:01:00,Payment,797.72,Jaipur,46,727,28,0
TXN07202,2026-01-27 11:02:00,Payment,841.85,Kolkata,51,1330,131,0
TXN04416,2026-01-27 11:07:00,Transfer,454.06,Bengaluru,36,781,29,0
TXN00824,2026-01-27 11:08:00,Withdrawal,120.75,Bengaluru,63,130,41,0
TXN08902,2026-01-27 11:10:00,Payment,782.51,Kolkata,41,924,152,0
TXN04888,2026-01-27 11:10:00,Payment,68.14,Chennai,42,1684,57,1
TXN08930,2026-01-27 11:11:00,Payment,331.53,Chennai,48,467,94,0
TXN00044,2026-01-27 11:12:00,Payment,166.73,Pune,40,986,59,0
TXN03070,2026-01-27 11:14:00,Transfer,1351.48,Mumbai,47,499,51,0
TXN09350,2026-01-27 11:18:00,Transfer,864.96,Chennai,44,322,30,1
TXN02852,2026-01-27 11:19:00,Transfer,34.82,Chennai,68,1119,69,0
TXN05661,2026-01-27 11:20:00,Payment,138.98,Mumbai,44,1122,26,0
TXN07918,2026-01-27 11:22:00,Payment,298.28,Mumbai,44,259,9,0
TXN00028,2026-01-27 11:29:00,Transfer,115.48,Chennai,57,417,146,0
TXN07720,2026-01-27 11:31:00,Payment,248.72,Pune,63,746,27,0
TXN05757,2026-01-27 11:34:00,Withdrawal,25.64,Mumbai,61,1165,24,0
TXN09216,2026-01-27 11:40:00,Payment,258.72,Chennai,36,450,26,0
TXN00495,2026-01-27 11:42:00,Transfer,242.2,Mumbai,34,337,43,0
TXN01384,2026-01-27 11:45:00,Transfer,344.15,Kolkata,49,822,12,0
TXN09424,2026-01-27 11:49:00,Payment,6844.16,Hyderabad,40,1117,56,0
TXN08524,2026-01-27 11:53:00,Payment,31.47,Chennai,55,1184,8,0
TXN08489,2026-01-27 11:54:00,Withdrawal,345.86,Ahmedabad,43,787,54,1
TXN03021,2026-01-27 11:56:00,Payment,807.29,Delhi,51,1572,9,0
TXN07535,2026-01-27 12:06:00,Payment,646.93,Jaipur,67,445,101,0
TXN05380,2026-01-27 12:08:00,Withdrawal,134.6,Mumbai,32,449,85,0
TXN01241,2026-01-27 12:09:00,Payment,32.56,Jaipur,29,629,41,0
TXN09235,2026-01-27 12:10:00,Payment,114.48,Mumbai,29,1486,87,0
TXN03338,2026-01-27 12:12:00,Payment,171.7,Bengaluru,36,282,35,0
TXN01646,2026-01-27 12:13:00,Transfer,107.1,Mumbai,27,1849,110,0
TXN08265,2026-01-27 12:19:00,Withdrawal,134.91,Jaipur,61,2746,46,0
TXN03863,2026-01-27 12:20:00,Withdrawal,222.82,Bengaluru,43,505,31,0
TXN03340,2026-01-27 12:28:00,Payment,251.78,Chennai,40,621,20,0
TXN05179,2026-01-27 12:29:00,Transfer,79.59,Jaipur,49,866,41,0
TXN04139,2026-01-27 12:30:00,Payment,147.76,Bengaluru,30,1281,20,0
TXN08450,2026-01-27 12:32:00,Payment,167.25,Jaipur,34,2948,24,0
TXN07685,2026-01-27 12:34:00,Withdrawal,266.52,Bengaluru,61,828,36,0
TXN01367,2026-01-27 12:39:00,Payment,135.25,Bengaluru,51,719,33,0
TXN01179,2026-01-27 12:42:00,Transfer,439.71,Chennai,41,626,53,0
TXN04857,2026-01-27 12:51:00,Payment,429.4,Kolkata,44,755,19,0
TXN05509,2026-01-27 12:53:00,Withdrawal,156.84,Hyderabad,48,545,173,0
TXN08114,2026-01-27 12:58:00,Payment,89.4,Kolkata,41,345,52,0
TXN05471,2026-01-27 13:01:00,Transfer,203.1,Hyderabad,54,593,30,0
TXN01200,2026-01-27 13:02:00,Transfer,1073.89,Kolkata,21,691,18,0
TXN05648,2026-01-27 13:02:00,Payment,294.26,Pune,55,397,58,0
TXN05958,2026-01-27 13:04:00,Payment,156.22,Pune,60,703,48,1
TXN08349,2026-01-27 13:05:00,Payment,4401.07,Mumbai,63,119,19,0
TXN04164,2026-01-27 13:09:00,Withdrawal,15.05,Delhi,27,989,49,0
TXN08388,2026-01-27 13:15:00,Transfer,1378.23,Chennai,55,1884,60,0
TXN03819,2026-01-27 13:17:00,Transfer,364.59,Pune,46,939,50,0
TXN02320,2026-01-27 13:22:00,Payment,31.41,Hyderabad,41,773,23,0
TXN09314,2026-01-27 13:22:00,Payment,304.73,Kolkata,22,697,53,0
TXN00954,2026-01-27 13:26:00,Payment,157.86,Ahmedabad,61,795,19,0
TXN08920,2026-01-27 13:30:00,Payment,10.87,Delhi,23,152,32,0
TXN00941,2026-01-27 13:32:00,Payment,71.8,Bengaluru,63,522,14,0
TXN04541,2026-01-27 13:39:00,Payment,464.62,Ahmedabad,59,311,38,0
TXN04346,2026-01-27 13:42:00,Withdrawal,379.12,Kolkata,30,1473,48,0
TXN05467,2026-01-27 13:45:00,Transfer,2059.23,Pune,37,237,36,0
TXN07455,2026-01-27 13:45:00,Payment,67.16,Kolkata,44,1054,137,0
TXN04545,2026-01-27 13:47:00,Payment,346.79,Pune,49,425,92,0
TXN02291,2026-01-27 13:50:00,Transfer,34.74,Bengaluru,38,949,15,0
TXN00712,2026-01-27 13:51:00,Transfer,104.15,Mumbai,52,401,13,0
TXN04331,2026-01-27 13:53:00,Withdrawal,362.68,Kolkata,55,484,24,0
TXN08843,2026-01-27 13:54:00,Payment,29.09,Mumbai,67,838,80,0
TXN03612,2026-01-27 14:00:00,Transfer,20.59,Delhi,41,840,40,0
TXN04884,2026-01-27 14:00:00,Payment,248.26,Chennai,55,1101,22,0
TXN03271,2026-01-27 14:03:00,Payment,84.95,Delhi,33,1768,60,0
TXN02470,2026-01-27 14:04:00,Transfer,652.15,Mumbai,38,755,39,0
TXN09110,2026-01-27 14:08:00,Withdrawal,225.47,Kolkata,60,2111,48,0
TXN06801,2026-01-27 14:09:00,Payment,1117.33,Bengaluru,31,958,28,0
TXN02559,2026-01-27 14:09:00,Payment,374.82,Delhi,21,1674,100,0
TXN08734,2026-01-27 14:12:00,Payment,122.32,Mumbai,65,1651,43,0
TXN09274,2026-01-27 14:14:00,Payment,174.79,Mumbai,61,1148,41,0
TXN04503,2026-01-27 14:18:00,Transfer,114.29,Chennai,21,518,43,0
TXN04123,2026-01-27 14:31:00,Transfer,409.26,Mumbai,52,246,122,0
TXN08805,2026-01-27 14:34:00,Payment,33.72,Mumbai,28,382,18,0
TXN05995,2026-01-27 14:37:00,Payment,120.89,Ahmedabad,34,692,10,0
TXN04325,2026-01-27 14:37:00,Payment,669.51,Chennai,42,528,79,0
TXN00069,2026-01-27 14:39:00,Payment,171.89,Mumbai,28,1016,43,0
TXN07949,2026-01-27 14:40:00,Payment,310.72,Chennai,57,206,7,0
TXN00296,2026-01-27 14:40:00,Transfer,3624.44,Kolkata,37,909,44,0
TXN06529,2026-01-27 14:41:00,Payment,52.97,Delhi,55,506,104,0
TXN02961,2026-01-27 14:42:00,Transfer,81.91,Pune,26,318,117,0
TXN03199,2026-01-27 14:43:00,Payment,744.98,Delhi,31,948,10,0
TXN04383,2026-01-27 14:50:00,Payment,281.84,Pune,38,1245,65,0
TXN04457,2026-01-27 14:53:00,Transfer,1344.55,Bengaluru,48,677,58,0
TXN00828,2026-01-27 14:54:00,Transfer,162.75,Chennai,53,1368,69,0
TXN01092,2026-01-27 14:54:00,Transfer,18.75,Jaipur,46,1513,34,1
TXN06012,2026-01-27 14:55:00,Withdrawal,248.78,Chennai,24,1493,26,0
TXN07672,2026-01-27 14:58:00,Payment,351.1,Ahmedabad,27,538,41,0
TXN02602,2026-01-27 14:58:00,Transfer,3101.99,Delhi,63,493,13,1
TXN02135,2026-01-27 14:59:00,Payment,362.98,Delhi,47,680,15,0
TXN02744,2026-01-27 15:01:00,Withdrawal,267.3,Mumbai,57,625,17,0
TXN00728,2026-01-27 15:05:00,Payment,87.68,Bengaluru,58,451,86,0
TXN09308,2026-01-27 15:16:00,Payment,54.03,Delhi,63,1398,24,0
TXN05499,2026-01-27 15:16:00,Transfer,10.85,Ahmedabad,32,995,47,0
TXN07154,2026-01-27 15:19:00,Transfer,311.55,Mumbai,52,2271,45,0
TXN00142,2026-01-27 15:20:00,Payment,587.91,Hyderabad,47,1016,10,0
TXN07484,2026-01-27 15:22:00,Payment,68.92,Hyderabad,46,1566,29,0
TXN08004,2026-01-27 15:27:00,Payment,1142.89,Mumbai,35,698,26,0
TXN02557,2026-01-27 15:29:00,Withdrawal,308.95,Hyderabad,55,884,67,0
TXN00195,2026-01-27 15:32:00,Payment,252.21,Chennai,58,992,16,0
TXN01641,2026-01-27 15:34:00,Withdrawal,55.33,Hyderabad,32,1996,35,0
TXN06845,2026-01-27 15:37:00,Payment,1211.73,Delhi,18,1490,12,0
TXN04505,2026-01-27 15:37:00,Withdrawal,797.21,Delhi,49,837,34,0
TXN09317,2026-01-27 15:39:00,Payment,274.32,Kolkata,26,238,88,0
TXN03103,2026-01-27 15:40:00,Withdrawal,348.5,Mumbai,66,1632,41,0
TXN09602,2026-01-27 15:42:00,Transfer,1406.55,Ahmedabad,36,1385,15,0
TXN08520,2026-01-27 15:45:00,Transfer,109.45,Delhi,66,403,65,0
TXN08971,2026-01-27 15:47:00,Payment,128.59,Ahmedabad,46,383,4,0
TXN00927,2026-01-27 15:49:00,Transfer,171.67,Pune,19,465,88,0
TXN09200,2026-01-27 15:56:00,Payment,143.07,Bengaluru,51,1192,41,0
TXN06771,2026-01-27 15:56:00,Payment,1476.26,Mumbai,28,1374,81,0
TXN09707,2026-01-27 15:57:00,Withdrawal,570.02,Bengaluru,42,602,86,0
TXN09819,2026-01-27 15:58:00,Transfer,136.41,Delhi,25,863,44,0
TXN09176,2026-01-27 16:03:00,Transfer,59.75,Pune,26,846,27,0
TXN03855,2026-01-27 16:07:00,Payment,354.68,Delhi,64,327,13,0
TXN04684,2026-01-27 16:14:00,Withdrawal,2129.88,Hyderabad,50,289,62,0
TXN06757,2026-01-27 16:22:00,Payment,508.62,Delhi,41,589,38,0
TXN00769,2026-01-27 16:25:00,Payment,137.08,Kolkata,27,810,64,0
TXN02533,2026-01-27 16:29:00,Payment,203.58,Pune,67,589,32,0
TXN00150,2026-01-27 16:29:00,Payment,168.94,Mumbai,64,771,21,0
TXN03187,2026-01-27 16:29:00,Payment,466.97,Pune,39,1224,52,0
TXN07573,2026-01-27 16:33:00,Withdrawal,73.28,Delhi,62,809,40,0
TXN03060,2026-01-27 16:34:00,Payment,116.46,Hyderabad,66,1882,23,0
TXN02917,2026-01-27 16:36:00,Withdrawal,204.01,Bengaluru,41,316,16,0
TXN06696,2026-01-27 16:39:00,Transfer,60.26,Jaipur,47,969,39,0
TXN00550,2026-01-27 16:43:00,Transfer,17.12,Bengaluru,40,351,83,0
TXN09834,2026-01-27 16:44:00,Transfer,891.48,Bengaluru,27,241,5,0
TXN00636,2026-01-27 16:44:00,Payment,158.31,Hyderabad,45,491,6,0
TXN05840,2026-01-27 16:46:00,Transfer,734.68,Pune,46,1811,9,0
TXN03173,2026-01-27 16:46:00,Payment,152.09,Kolkata,55,352,34,0
TXN09355,2026-01-27 16:50:00,Transfer,38.43,Ahmedabad,66,1304,60,0
TXN02446,2026-01-27 16:50:00,Payment,29.85,Chennai,57,1383,21,0
TXN00414,2026-01-27 16:57:00,Payment,232.59,Mumbai,22,280,18,0
TXN07669,2026-01-27 17:01:00,Withdrawal,228.04,Ahmedabad,69,1465,19,0
TXN07764,2026-01-27 17:03:00,Payment,383.49,Bengaluru,30,1808,12,0
TXN00693,2026-01-27 17:05:00,Payment,95.25,Jaipur,58,1451,203,0
TXN05442,2026-01-27 17:07:00,Payment,489.25,Kolkata,49,395,3,0
TXN08427,2026-01-27 17:09:00,Payment,138.27,Pune,44,2214,39,0
TXN08832,2026-01-27 17:10:00,Transfer,90.1,Delhi,67,1111,42,0
TXN02454,2026-01-27 17:13:00,Transfer,418.51,Kolkata,55,667,42,0
TXN01211,2026-01-27 17:14:00,Payment,87.77,Kolkata,28,396,55,0
TXN09204,2026-01-27 17:16:00,Payment,291.56,Bengaluru,65,927,9,1
TXN07528,2026-01-27 17:16:00,Payment,289.64,Kolkata,26,1024,38,0
TXN07017,2026-01-27 17:17:00,Payment,1916.14,Bengaluru,22,1008,26,0
TXN06470,2026-01-27 17:22:00,Payment,431.11,Chennai,66,2596,28,0
TXN09644,2026-01-27 17:23:00,Payment,3657.36,Bengaluru,33,748,22,0
TXN01710,2026-01-27 17:26:00,Payment,58.8,Chennai,37,1054,76,0
TXN08637,2026-01-27 17:27:00,Withdrawal,89.2,Ahmedabad,48,1298,57,0
TXN03376,2026-01-27 17:27:00,Withdrawal,620.12,Bengaluru,59,479,31,0
TXN05278,2026-01-27 17:29:00,Transfer,72.56,Chennai,42,1397,147,0
TXN03156,2026-01-27 17:30:00,Payment,31.8,Ahmedabad,19,150,60,1
TXN08541,2026-01-27 17:31:00,Withdrawal,759.16,Mumbai,37,641,52,0
TXN08301,2026-01-27 17:48:00,Payment,69.73,Hyderabad,20,418,37,0
TXN02528,2026-01-27 17:54:00,Payment,269.89,Chennai,39,912,88,0
TXN00629,2026-01-27 17:55:00,Payment,32.22,Bengaluru,51,1774,22,0
TXN07198,2026-01-27 17:58:00,Transfer,86.11,Mumbai,60,1957,15,0
TXN00905,2026-01-27 18:02:00,Payment,94.76,Jaipur,63,291,40,0
TXN06673,2026-01-27 18:05:00,Transfer,228.08,Delhi,42,767,5,1
TXN06670,2026-01-27 18:17:00,Payment,2440.1,Bengaluru,46,440,43,0
TXN08825,2026-01-27 18:17:00,Withdrawal,54.53,Ahmedabad,52,1798,26,0
TXN06190,2026-01-27 18:18:00,Payment,48.55,Chennai,46,951,34,0
TXN04306,2026-01-27 18:19:00,Payment,2550.94,Kolkata,29,694,70,0
TXN01523,2026-01-27 18:21:00,Transfer,589.35,Delhi,25,227,22,0
TXN07613,2026-01-27 18:22:00,Payment,2515.52,Mumbai,38,688,7,0
TXN00775,2026-01-27 18:23:00,Payment,195.42,Hyderabad,31,925,10,0
TXN05454,2026-01-27 18:32:00,Payment,82.47,Delhi,51,636,48,0
TXN06453,2026-01-27 18:39:00,Transfer,207.19,Hyderabad,51,1256,158,0
TXN02596,2026-01-27 18:39:00,Transfer,8.68,Pune,58,1395,25,0
TXN07546,2026-01-27 18:40:00,Transfer,118.95,Delhi,63,1039,54,0
TXN02467,2026-01-27 18:41:00,Payment,11.64,Bengaluru,31,651,87,0
TXN08926,2026-01-27 18:42:00,Payment,324.6,Delhi,33,255,74,0
TXN09458,2026-01-27 18:48:00,Withdrawal,393.17,Bengaluru,53,845,23,0
TXN05965,2026-01-27 18:49:00,Payment,423.87,Bengaluru,57,1182,68,0
TXN08653,2026-01-27 18:51:00,Transfer,1164.95,Bengaluru,61,1349,108,0
TXN06379,2026-01-27 18:55:00,Payment,178.57,Kolkata,42,339,104,0
TXN04874,2026-01-27 18:59:00,Payment,108.59,Hyderabad,66,812,44,0
TXN02574,2026-01-27 19:05:00,Transfer,146.09,Pune,54,1022,147,0
TXN09712,2026-01-27 19:06:00,Transfer,198.24,Pune,43,1473,73,0
TXN09296,2026-01-27 19:06:00,Payment,202.61,Delhi,30,1693,20,0
TXN05042,2026-01-27 19:09:00,Transfer,34.2,Chennai,24,827,81,0
TXN07055,2026-01-27 19:09:00,Withdrawal,251.78,Pune,60,1830,7,0
TXN03224,2026-01-27 19:09:00,Transfer,195.39,Pune,54,1450,131,0
TXN05301,2026-01-27 19:13:00,Payment,108.74,Delhi,31,530,27,0
TXN00819,2026-01-27 19:14:00,Transfer,410.86,Bengaluru,35,1235,77,0
TXN09965,2026-01-27 19:17:00,Transfer,98.2,Pune,42,745,106,0
TXN09393,2026-01-27 19:18:00,Payment,192.52,Delhi,26,343,24,1
TXN06770,2026-01-27 19:18:00,Payment,2089.19,Jaipur,20,963,49,0
TXN05574,2026-01-27 19:19:00,Payment,181.04,Delhi,68,624,78,0
TXN01085,2026-01-27 19:19:00,Payment,53.81,Jaipur,24,216,64,0
TXN04071,2026-01-27 19:22:00,Payment,413.0,Kolkata,39,1613,8,0
TXN08124,2026-01-27 19:23:00,Payment,281.44,Ahmedabad,57,323,59,0
TXN08088,2026-01-27 19:28:00,Transfer,264.11,Hyderabad,36,479,25,1
TXN00602,2026-01-27 19:28:00,Payment,83.16,Chennai,56,644,31,0
TXN06050,2026-01-27 19:29:00,Payment,248.03,Chennai,24,1804,30,0
TXN03474,2026-01-27 19:30:00,Payment,249.0,Bengaluru,38,327,79,0
TXN05152,2026-01-27 19:38:00,Payment,418.69,Hyderabad,30,1140,37,0
TXN05589,2026-01-27 19:41:00,Withdrawal,621.73,Delhi,47,903,25,0
TXN02634,2026-01-27 19:45:00,Payment,274.39,Mumbai,26,72,75,1
TXN08904,2026-01-27 19:51:00,Payment,107.66,Bengaluru,29,920,38,0
TXN00363,2026-01-27 19:52:00,Payment,445.69,Chennai,27,1808,47,0
TXN01137,2026-01-27 19:53:00,Withdrawal,313.24,Ahmedabad,20,1309,58,0
TXN04552,2026-01-27 19:55:00,Transfer,37.69,Chennai,47,723,32,0
TXN09128,2026-01-27 20:00:00,Transfer,1174.16,Pune,60,1218,67,0
TXN00635,2026-01-27 20:00:00,Transfer,28.87,Mumbai,58,859,83,0
TXN01544,2026-01-27 20:02:00,Payment,227.5,Mumbai,56,626,57,0
TXN06867,2026-01-27 20:03:00,Transfer,115.66,Pune,47,861,187,0
TXN03314,2026-01-27 20:03:00,Payment,812.32,Bengaluru,24,181,49,0
TXN08927,2026-01-27 20:03:00,Payment,216.28,Hyderabad,24,1204,139,0
TXN03585,2026-01-27 20:06:00,Payment,114.13,Pune,44,1425,32,0
TXN01204,2026-01-27 20:06:00,Payment,222.2,Bengaluru,57,1254,104,0
TXN01014,2026-01-27 20:11:00,Payment,78.11,Bengaluru,38,129,65,0
TXN05816,2026-01-27 20:11:00,Payment,94.58,Bengaluru,22,407,29,0
TXN07034,2026-01-27 20:13:00,Transfer,104.12,Hyderabad,58,1691,107,0
TXN01931,2026-01-27 20:13:00,Transfer,323.47,Hyderabad,38,1103,134,0
TXN06858,2026-01-27 20:15:00,Transfer,846.05,Mumbai,35,932,7,0
TXN01374,2026-01-27 20:15:00,Transfer,373.45,Ahmedabad,62,954,179,0
TXN07193,2026-01-27 20:18:00,Withdrawal,268.29,Kolkata,69,787,65,0
TXN09189,2026-01-27 20:21:00,Payment,866.93,Delhi,45,1154,51,0
TXN02971,2026-01-27 20:21:00,Payment,941.65,Kolkata,51,1060,76,0
TXN09367,2026-01-27 20:25:00,Withdrawal,124.43,Mumbai,45,497,79,0
TXN04829,2026-01-27 20:32:00,Transfer,231.55,Mumbai,35,834,82,0
TXN03623,2026-01-27 20:35:00,Transfer,45.36,Chennai,23,137,93,0
TXN08528,2026-01-27 20:35:00,Payment,207.18,Mumbai,66,1174,39,0
TXN09599,2026-01-27 20:36:00,Payment,525.32,Mumbai,30,833,23,0
TXN02013,2026-01-27 20:38:00,Payment,115.45,Chennai,23,986,50,0
TXN00452,2026-01-27 20:41:00,Payment,218.48,Kolkata,34,171,19,0
TXN09629,2026-01-27 20:41:00,Transfer,227.28,Hyderabad,29,1918,43,0
TXN09065,2026-01-27 20:43:00,Payment,281.78,Delhi,57,1323,29,0
TXN08065,2026-01-27 20:46:00,Transfer,60.01,Pune,20,694,36,0
TXN09223,2026-01-27 20:54:00,Payment,285.3,Hyderabad,63,559,170,0
TXN01922,2026-01-27 20:55:00,Payment,93.88,Jaipur,57,2212,22,0
TXN07666,2026-01-27 21:09:00,Payment,426.06,Ahmedabad,56,1055,32,0
TXN00861,2026-01-27 21:16:00,Withdrawal,954.85,Bengaluru,52,88,84,0
TXN09021,2026-01-27 21:17:00,Payment,869.78,Mumbai,26,641,52,0
TXN07695,2026-01-27 21:19:00,Withdrawal,282.45,Bengaluru,38,941,109,0
TXN09117,2026-01-27 21:22:00,Transfer,196.82,Hyderabad,25,253,47,0
TXN01379,2026-01-27 21:24:00,Payment,271.96,Delhi,39,847,68,0
TXN00435,2026-01-27 21:25:00,Transfer,735.75,Mumbai,38,292,89,1
TXN06387,2026-01-27 21:35:00,Payment,42.06,Ahmedabad,20,1208,30,0
TXN01928,2026-01-27 21:35:00,Payment,142.89,Mumbai,20,903,115,0
TXN04036,2026-01-27 21:36:00,Payment,58.59,Hyderabad,55,721,98,0
TXN02919,2026-01-27 21:38:00,Payment,1172.37,Bengaluru,31,928,112,0
TXN05151,2026-01-27 21:39:00,Withdrawal,80.03,Pune,37,1388,14,0
TXN05321,2026-01-27 21:41:00,Payment,294.6,Pune,44,283,107,0
TXN08752,2026-01-27 21:45:00,Transfer,510.27,Mumbai,35,482,57,0
TXN08737,2026-01-27 21:45:00,Transfer,41.37,Delhi,34,887,96,0
TXN03621,2026-01-27 21:51:00,Payment,118.83,Mumbai,37,509,36,0
TXN00132,2026-01-27 21:59:00,Transfer,338.3,Hyderabad,69,751,36,0
TXN04412,2026-01-27 22:00:00,Payment,125.4,Bengaluru,39,562,40,0
TXN01533,2026-01-27 22:02:00,Payment,77.12,Ahmedabad,21,1257,39,0
TXN05809,2026-01-27 22:07:00,Payment,107.72,Bengaluru,61,434,31,0
TXN02035,2026-01-27 22:07:00,Payment,176.99,Bengaluru,51,1128,115,0
TXN00749,2026-01-27 22:09:00,Transfer,126.09,Chennai,31,411,24,0
TXN02847,2026-01-27 22:12:00,Payment,632.07,Pune,22,310,107,1
TXN00902,2026-01-27 22:12:00,Payment,88.78,Bengaluru,68,1263,13,0
TXN07181,2026-01-27 22:16:00,Payment,202.69,Mumbai,68,1520,44,0
TXN06035,2026-01-27 22:18:00,Transfer,96.18,Mumbai,44,1609,71,0
TXN01577,2026-01-27 22:25:00,Withdrawal,382.53,Hyderabad,25,546,24,0
TXN07693,2026-01-27 22:27:00,Payment,203.45,Kolkata,52,911,97,0
TXN04178,2026-01-27 22:31:00,Payment,661.45,Jaipur,25,755,33,0
TXN09299,2026-01-27 22:34:00,Payment,508.13,Kolkata,25,1954,66,0
TXN04376,2026-01-27 22:34:00,Payment,2127.81,Mumbai,66,163,50,0
TXN06346,2026-01-27 22:37:00,Payment,498.4,Jaipur,51,564,38,0
TXN02392,2026-01-27 22:38:00,Transfer,260.07,Mumbai,59,972,26,0
TXN06074,2026-01-27 22:39:00,Payment,67.17,Kolkata,63,2052,59,0
TXN03266,2026-01-27 22:41:00,Withdrawal,56.69,Bengaluru,31,633,12,0
TXN07913,2026-01-27 22:43:00,Transfer,130.68,Hyderabad,48,1104,74,0
TXN02664,2026-01-27 22:44:00,Payment,120.25,Bengaluru,60,601,64,0
TXN03192,2026-01-27 22:46:00,Transfer,935.26,Ahmedabad,52,1284,48,0
TXN07966,2026-01-27 22:48:00,Transfer,1895.82,Jaipur,35,1035,9,0
TXN08514,2026-01-27 22:51:00,Payment,44.29,Pune,38,603,18,0
TXN01143,2026-01-27 22:54:00,Transfer,16.59,Mumbai,38,516,92,0
TXN01368,2026-01-27 22:57:00,Transfer,847.59,Kolkata,48,526,28,0
TXN01880,2026-01-28 08:02:00,Transfer,198.07,Delhi,36,1331,19,0
TXN09003,2026-01-28 08:05:00,Transfer,203.37,Bengaluru,68,845,18,1
TXN05976,2026-01-28 08:08:00,Payment,327.79,Mumbai,33,2379,55,0
TXN01192,2026-01-28 08:11:00,Payment,438.54,Kolkata,25,1592,14,0
TXN09527,2026-01-28 08:14:00,Payment,92.77,Bengaluru,33,642,70,0
TXN07167,2026-01-28 08:14:00,Withdrawal,26.05,Kolkata,56,69,20,0
TXN05888,2026-01-28 08:14:00,Payment,209.71,Kolkata,39,237,110,0
TXN05304,2026-01-28 08:15:00,Transfer,390.59,Kolkata,30,1518,16,1
TXN03430,2026-01-28 08:17:00,Payment,242.68,Mumbai,48,534,34,0
TXN02990,2026-01-28 08:19:00,Transfer,31.36,Hyderabad,19,1481,15,0
TXN07841,2026-01-28 08:19:00,Transfer,260.19,Kolkata,29,1446,10,0
TXN05416,2026-01-28 08:24:00,Payment,115.24,Pune,39,985,37,0
TXN09193,2026-01-28 08:24:00,Payment,161.12,Chennai,65,1008,57,0
TXN04817,2026-01-28 08:25:00,Transfer,372.96,Bengaluru,39,696,12,0
TXN09621,2026-01-28 08:30:00,Transfer,286.72,Mumbai,51,1855,87,0
TXN02039,2026-01-28 08:30:00,Transfer,986.66,Pune,59,516,20,0
TXN05555,2026-01-28 08:30:00,Payment,272.35,Pune,21,1503,19,0
TXN01745,2026-01-28 08:31:00,Withdrawal,78.31,Chennai,41,297,77,0
TXN09291,2026-01-28 08:34:00,Transfer,74.03,Delhi,62,312,106,0
TXN07707,2026-01-28 08:35:00,Payment,38.99,Delhi,37,931,23,1
TXN02753,2026-01-28 08:37:00,Payment,157.61,Ahmedabad,19,276,86,0
TXN04375,2026-01-28 08:37:00,Withdrawal,729.99,Mumbai,43,449,23,0
TXN05592,2026-01-28 08:43:00,Payment,440.73,Delhi,35,588,37,0
TXN09190,2026-01-28 08:49:00,Payment,281.33,Delhi,63,587,70,0
TXN03313,2026-01-28 08:50:00,Payment,133.68,Bengaluru,23,1807,36,0
TXN04476,2026-01-28 08:52:00,Withdrawal,247.34,Bengaluru,19,253,33,0
TXN07456,2026-01-28 08:53:00,Withdrawal,130.02,Pune,58,1477,104,0
TXN02047,2026-01-28 08:55:00,Payment,635.45,Bengaluru,42,1302,24,1
TXN02565,2026-01-28 08:58:00,Payment,56.72,Jaipur,38,1185,41,0
TXN03544,2026-01-28 08:59:00,Transfer,319.56,Pune,27,898,83,0
TXN03932,2026-01-28 09:02:00,Transfer,248.02,Ahmedabad,48,1485,36,0
TXN02649,2026-01-28 09:02:00,Transfer,604.42,Hyderabad,60,450,6,1
TXN08190,2026-01-28 09:04:00,Transfer,157.06,Mumbai,25,760,52,0
TXN04259,2026-01-28 09:05:00,Payment,20.21,Ahmedabad,68,326,8,0
TXN00120,2026-01-28 09:05:00,Payment,84.51,Bengaluru,59,94,17,0
TXN08095,2026-01-28 09:06:00,Payment,208.31,Kolkata,24,795,67,0
TXN00570,2026-01-28 09:07:00,Payment,150.89,Chennai,64,1428,56,0
TXN00525,2026-01-28 09:10:00,Withdrawal,111.46,Bengaluru,30,1315,94,0
TXN05911,2026-01-28 09:14:00,Payment,38.23,Bengaluru,69,354,146,0
TXN06180,2026-01-28 09:15:00,Transfer,393.0,Bengaluru,49,785,44,1
TXN03190,2026-01-28 09:16:00,Payment,125.93,Mumbai,63,529,35,0
TXN02372,2026-01-28 09:20:00,Payment,324.64,Mumbai,37,1251,65,0
TXN03764,2026-01-28 09:24:00,Transfer,201.38,Mumbai,18,1300,14,0
TXN09589,2026-01-28 09:24:00,Transfer,275.08,Kolkata,40,844,12,0
TXN09246,2026-01-28 09:29:00,Withdrawal,167.54,Mumbai,59,528,83,0
TXN02687,2026-01-28 09:31:00,Withdrawal,176.36,Mumbai,49,674,63,0
TXN07795,2026-01-28 09:37:00,Transfer,122.31,Hyderabad,68,869,33,0
TXN05691,2026-01-28 09:38:00,Withdrawal,1437.77,Ahmedabad,18,869,131,0
TXN06609,2026-01-28 09:44:00,Payment,148.08,Hyderabad,39,676,33,0
TXN01176,2026-01-28 09:48:00,Transfer,211.71,Kolkata,62,1821,76,0
TXN07865,2026-01-28 09:51:00,Payment,436.36,Pune,66,451,33,1
TXN04027,2026-01-28 09:53:00,Payment,65.12,Bengaluru,57,2652,38,0
TXN05365,2026-01-28 09:55:00,Payment,279.65,Delhi,58,1454,84,0
TXN04818,2026-01-28 10:03:00,Payment,129.33,Hyderabad,68,1077,54,0
TXN05952,2026-01-28 10:05:00,Payment,56.56,Hyderabad,53,980,63,0
TXN03796,2026-01-28 10:08:00,Transfer,1851.58,Delhi,43,1171,44,0
TXN05910,2026-01-28 10:08:00,Payment,117.71,Delhi,63,1123,38,0
TXN05209,2026-01-28 10:11:00,Payment,64.52,Chennai,49,1247,56,0
TXN03429,2026-01-28 10:17:00,Payment,422.81,Kolkata,41,1408,69,1
TXN08878,2026-01-28 10:20:00,Payment,439.81,Mumbai,58,959,13,0
TXN08311,2026-01-28 10:24:00,Payment,341.01,Mumbai,37,2412,25,0
TXN00961,2026-01-28 10:25:00,Payment,294.37,Mumbai,22,272,29,0
TXN09409,2026-01-28 10:28:00,Payment,52.3,Hyderabad,37,1079,18,0
TXN04865,2026-01-28 10:30:00,Payment,144.67,Bengaluru,25,730,55,0
TXN04318,2026-01-28 10:30:00,Transfer,216.68,Mumbai,38,2070,64,0
TXN07908,2026-01-28 10:38:00,Withdrawal,1043.31,Chennai,69,660,78,0
TXN09681,2026-01-28 10:43:00,Payment,53.03,Delhi,47,259,35,0
TXN04510,2026-01-28 10:47:00,Payment,138.81,Mumbai,24,998,36,1
TXN00496,2026-01-28 10:49:00,Transfer,1129.98,Pune,21,930,48,0
TXN04032,2026-01-28 10:49:00,Payment,325.92,Kolkata,25,1282,46,0
TXN07894,2026-01-28 10:57:00,Payment,93.11,Hyderabad,47,1063,36,1
TXN01283,2026-01-28 10:59:00,Transfer,1605.32,Pune,53,811,42,1
TXN08621,2026-01-28 11:00:00,Transfer,1238.43,Pune,37,421,54,0
TXN03230,2026-01-28 11:04:00,Payment,28.58,Delhi,59,1801,149,0
TXN08953,2026-01-28 11:04:00,Payment,663.79,Delhi,42,1300,6,0
TXN07413,2026-01-28 11:05:00,Transfer,239.35,Chennai,57,834,36,0
TXN09542,2026-01-28 11:20:00,Withdrawal,140.98,Delhi,41,1357,36,0
TXN09348,2026-01-28 11:22:00,Transfer,2497.64,Pune,38,1778,78,0
TXN01702,2026-01-28 11:25:00,Payment,142.27,Delhi,49,1742,72,0
TXN00333,2026-01-28 11:36:00,Payment,440.91,Bengaluru,46,571,45,0
TXN03237,2026-01-28 11:37:00,Withdrawal,839.46,Pune,42,814,64,0
TXN06712,2026-01-28 11:39:00,Payment,599.6,Delhi,49,119,68,0
TXN06447,2026-01-28 11:40:00,Withdrawal,23.1,Mumbai,35,181,54,0
TXN00385,2026-01-28 11:40:00,Payment,83.47,Jaipur,18,2802,35,0
TXN05132,2026-01-28 11:46:00,Payment,95.54,Pune,33,2617,5,0
TXN06839,2026-01-28 11:51:00,Payment,316.04,Mumbai,63,1408,60,0
TXN03487,2026-01-28 11:51:00,Transfer,539.77,Chennai,37,1724,13,0
TXN06810,2026-01-28 11:52:00,Withdrawal,159.37,Chennai,25,1711,97,0
TXN04117,2026-01-28 11:57:00,Withdrawal,438.87,Mumbai,42,378,25,0
TXN00369,2026-01-28 12:03:00,Payment,104.86,Mumbai,55,778,15,0
TXN02900,2026-01-28 12:05:00,Payment,215.46,Hyderabad,51,630,68,0
TXN09029,2026-01-28 12:06:00,Transfer,683.34,Chennai,60,854,48,0
TXN09895,2026-01-28 12:07:00,Payment,415.14,Bengaluru,20,567,97,0
TXN07551,2026-01-28 12:09:00,Payment,193.96,Ahmedabad,51,375,93,0
TXN06795,2026-01-28 12:15:00,Transfer,89.29,Chennai,54,901,83,0
TXN08133,2026-01-28 12:19:00,Payment,251.81,Ahmedabad,66,1686,55,1
TXN00224,2026-01-28 12:20:00,Transfer,262.73,Bengaluru,35,900,84,1
TXN03874,2026-01-28 12:32:00,Transfer,230.52,Ahmedabad,35,645,29,0
TXN05625,2026-01-28 12:42:00,Payment,1986.66,Ahmedabad,30,806,22,0
TXN06099,2026-01-28 12:44:00,Payment,1984.15,Chennai,55,842,28,0
TXN00798,2026-01-28 12:49:00,Payment,1433.16,Hyderabad,50,247,149,0
TXN01904,2026-01-28 12:54:00,Payment,643.49,Bengaluru,25,442,29,0
TXN07626,2026-01-28 12:55:00,Payment,56.97,Bengaluru,29,3578,43,0
TXN06101,2026-01-28 12:58:00,Payment,254.34,Hyderabad,29,696,21,0
TXN04355,2026-01-28 13:00:00,Payment,344.06,Pune,42,1035,29,0
TXN07387,2026-01-28 13:14:00,Payment,326.56,Delhi,60,614,34,0
TXN09597,2026-01-28 13:14:00,Payment,178.01,Ahmedabad,59,729,7,0
TXN07022,2026-01-28 13:15:00,Payment,32.85,Jaipur,44,2146,124,0
TXN09102,2026-01-28 13:20:00,Payment,1808.66,Kolkata,68,186,57,0
TXN01870,2026-01-28 13:24:00,Withdrawal,70.42,Delhi,28,505,14,0
TXN05475,2026-01-28 13:30:00,Withdrawal,521.56,Bengaluru,67,619,102,0
TXN01609,2026-01-28 13:34:00,Transfer,388.76,Pune,30,1189,96,0
TXN00147,2026-01-28 13:35:00,Payment,227.14,Bengaluru,45,716,68,0
TXN08356,2026-01-28 13:45:00,Transfer,324.46,Kolkata,26,457,34,0
TXN08071,2026-01-28 14:00:00,Payment,41.05,Kolkata,55,1415,91,0
TXN02385,2026-01-28 14:05:00,Transfer,29.88,Bengaluru,60,3153,24,0
TXN03032,2026-01-28 14:05:00,Payment,167.22,Hyderabad,29,862,99,0
TXN09983,2026-01-28 14:06:00,Transfer,349.82,Kolkata,53,685,41,0
TXN08602,2026-01-28 14:09:00,Payment,81.85,Pune,52,772,25,0
TXN03244,2026-01-28 14:15:00,Payment,133.56,Chennai,68,412,42,0
TXN03883,2026-01-28 14:17:00,Payment,226.35,Chennai,35,208,24,0
TXN03877,2026-01-28 14:19:00,Payment,742.63,Chennai,36,593,0,0
TXN02949,2026-01-28 14:21:00,Transfer,1095.13,Mumbai,52,202,77,0
TXN07316,2026-01-28 14:22:00,Withdrawal,725.57,Pune,44,616,58,1
TXN02772,2026-01-28 14:24:00,Transfer,890.65,Bengaluru,63,636,55,0
TXN07947,2026-01-28 14:28:00,Payment,151.86,Pune,47,1855,15,0
TXN06312,2026-01-28 14:29:00,Withdrawal,93.47,Delhi,69,1446,132,0
TXN00654,2026-01-28 14:34:00,Payment,210.25,Hyderabad,34,804,36,0
TXN00759,2026-01-28 14:35:00,Withdrawal,74.98,Bengaluru,62,1027,57,0
TXN05010,2026-01-28 14:37:00,Payment,138.95,Chennai,46,1771,5,1
TXN03022,2026-01-28 14:37:00,Transfer,799.3,Mumbai,22,154,69,0
TXN05927,2026-01-28 14:43:00,Transfer,93.92,Mumbai,64,813,47,0
TXN03393,2026-01-28 14:45:00,Payment,931.64,Mumbai,50,947,18,1
TXN02289,2026-01-28 14:48:00,Transfer,467.7,Delhi,65,2805,9,0
TXN00947,2026-01-28 15:01:00,Transfer,438.87,Mumbai,52,744,27,0
TXN03009,2026-01-28 15:02:00,Transfer,188.55,Ahmedabad,48,1414,108,0
TXN00985,2026-01-28 15:04:00,Withdrawal,38.16,Pune,28,733,172,1
TXN09337,2026-01-28 15:04:00,Payment,164.32,Jaipur,31,415,28,0
TXN01345,2026-01-28 15:06:00,Payment,43.3,Jaipur,38,1617,23,0
TXN07887,2026-01-28 15:07:00,Withdrawal,445.7,Mumbai,35,751,45,0
TXN04515,2026-01-28 15:07:00,Transfer,165.64,Bengaluru,48,312,46,0
TXN01918,2026-01-28 15:09:00,Payment,237.0,Kolkata,30,297,94,0
TXN07495,2026-01-28 15:13:00,Payment,332.3,Pune,59,1361,58,0
TXN09524,2026-01-28 15:15:00,Withdrawal,176.68,Pune,35,634,57,0
TXN08588,2026-01-28 15:21:00,Payment,300.8,Mumbai,65,804,25,0
TXN05100,2026-01-28 15:22:00,Payment,1509.54,Bengaluru,21,597,73,0
TXN00909,2026-01-28 15:22:00,Payment,271.12,Kolkata,35,370,85,0
TXN04364,2026-01-28 15:22:00,Transfer,1621.46,Ahmedabad,30,308,92,0
TXN06546,2026-01-28 15:23:00,Payment,41.14,Chennai,21,1404,11,0
TXN09333,2026-01-28 15:27:00,Transfer,365.0,Bengaluru,46,862,32,0
TXN09516,2026-01-28 15:30:00,Transfer,2007.78,Mumbai,50,1565,17,0
TXN03942,2026-01-28 15:31:00,Payment,134.6,Delhi,53,1210,16,0
TXN01532,2026-01-28 15:32:00,Transfer,264.31,Bengaluru,44,562,29,0
TXN09130,2026-01-28 15:33:00,Payment,1158.88,Delhi,28,720,52,0
TXN09695,2026-01-28 15:34:00,Payment,45.87,Ahmedabad,38,1396,79,0
TXN07852,2026-01-28 15:39:00,Payment,352.59,Ahmedabad,30,355,54,0
TXN08976,2026-01-28 15:41:00,Transfer,184.39,Chennai,19,1331,68,0
TXN08947,2026-01-28 15:43:00,Payment,263.41,Delhi,23,2272,48,0
TXN06340,2026-01-28 15:44:00,Withdrawal,1954.14,Hyderabad,51,430,10,0
TXN02747,2026-01-28 15:52:00,Transfer,277.71,Bengaluru,44,930,64,0
TXN02857,2026-01-28 15:53:00,Payment,255.2,Delhi,58,1817,104,1
TXN03968,2026-01-28 15:54:00,Payment,3020.39,Chennai,66,1252,25,0
TXN07032,2026-01-28 15:54:00,Withdrawal,60.96,Hyderabad,34,1318,20,0
TXN04090,2026-01-28 15:57:00,Payment,313.61,Chennai,45,2196,65,0
TXN06859,2026-01-28 16:02:00,Transfer,332.46,Chennai,29,1395,54,0
TXN08864,2026-01-28 16:04:00,Payment,270.95,Mumbai,34,970,5,0
TXN01575,2026-01-28 16:05:00,Payment,87.67,Jaipur,65,696,10,0
TXN08449,2026-01-28 16:07:00,Payment,278.85,Kolkata,40,527,38,0
TXN08054,2026-01-28 16:08:00,Payment,702.95,Chennai,63,479,10,0
TXN01328,2026-01-28 16:15:00,Transfer,140.68,Chennai,33,1302,36,1
TXN04572,2026-01-28 16:16:00,Payment,543.9,Bengaluru,60,937,25,0
TXN06782,2026-01-28 16:16:00,Payment,81.14,Pune,27,2739,25,0
TXN01108,2026-01-28 16:22:00,Transfer,33.6,Kolkata,61,643,74,0
TXN03522,2026-01-28 16:26:00,Payment,160.45,Chennai,28,1762,42,0
TXN05893,2026-01-28 16:27:00,Transfer,34.25,Chennai,53,321,23,0
TXN04890,2026-01-28 16:27:00,Payment,1804.74,Ahmedabad,31,541,57,0
TXN00668,2026-01-28 16:28:00,Transfer,172.39,Chennai,53,869,37,0
TXN08764,2026-01-28 16:31:00,Transfer,918.64,Jaipur,26,979,83,0
TXN07292,2026-01-28 16:35:00,Withdrawal,1160.46,Pune,61,195,26,0
TXN05094,2026-01-28 16:43:00,Payment,62.21,Mumbai,21,1101,13,0
TXN08122,2026-01-28 16:46:00,Payment,203.66,Bengaluru,50,1940,84,0
TXN00586,2026-01-28 16:47:00,Payment,147.08,Chennai,65,631,19,0
TXN01149,2026-01-28 16:48:00,Transfer,115.9,Bengaluru,49,623,62,0
TXN01527,2026-01-28 16:50:00,Transfer,431.47,Pune,53,905,10,0
TXN08515,2026-01-28 16:50:00,Withdrawal,232.6,Pune,38,2484,29,0
TXN05437,2026-01-28 16:53:00,Transfer,671.14,Jaipur,47,613,15,0
TXN05564,2026-01-28 16:54:00,Payment,55.85,Mumbai,66,1903,90,0
TXN02630,2026-01-28 16:54:00,Payment,374.82,Jaipur,52,1182,8,0
TXN02426,2026-01-28 16:58:00,Transfer,170.0,Hyderabad,46,1049,14,0
TXN04201,2026-01-28 17:05:00,Payment,330.54,Chennai,64,693,101,0
TXN05360,2026-01-28 17:10:00,Transfer,394.49,Mumbai,65,656,7,1
TXN09066,2026-01-28 17:12:00,Payment,21.34,Kolkata,50,2791,16,1
TXN09853,2026-01-28 17:18:00,Payment,316.76,Delhi,69,428,7,0
TXN02112,2026-01-28 17:18:00,Payment,105.77,Ahmedabad,36,1316,58,0
TXN04103,2026-01-28 17:22:00,Payment,53.87,Jaipur,27,1108,48,0
TXN08582,2026-01-28 17:26:00,Payment,125.65,Hyderabad,23,643,10,0
TXN09984,2026-01-28 17:34:00,Payment,539.73,Delhi,26,1020,35,0
TXN09015,2026-01-28 17:40:00,Transfer,121.99,Delhi,32,594,36,0
TXN05953,2026-01-28 17:41:00,Payment,717.27,Jaipur,37,1361,88,0
TXN06151,2026-01-28 17:46:00,Withdrawal,294.76,Chennai,29,1062,53,0
TXN03114,2026-01-28 17:46:00,Withdrawal,23.85,Hyderabad,28,3441,40,0
TXN06073,2026-01-28 17:51:00,Transfer,171.35,Mumbai,46,1961,52,0
TXN09140,2026-01-28 17:55:00,Payment,851.32,Bengaluru,21,387,63,0
TXN00557,2026-01-28 18:03:00,Payment,417.35,Ahmedabad,66,1949,32,0
TXN01202,2026-01-28 18:04:00,Payment,110.53,Kolkata,45,1142,86,0
TXN06901,2026-01-28 18:07:00,Payment,41.98,Bengaluru,58,2234,33,0
TXN01336,2026-01-28 18:08:00,Withdrawal,361.06,Hyderabad,66,520,69,0
TXN02222,2026-01-28 18:16:00,Transfer,190.83,Bengaluru,63,449,15,0
TXN08205,2026-01-28 18:17:00,Transfer,183.36,Pune,28,956,50,0
TXN05335,2026-01-28 18:17:00,Payment,382.42,Bengaluru,45,383,38,0
TXN05743,2026-01-28 18:17:00,Withdrawal,499.35,Jaipur,19,1134,249,0
TXN09469,2026-01-28 18:19:00,Payment,84.62,Hyderabad,47,1288,37,0
TXN04209,2026-01-28 18:20:00,Payment,37.01,Kolkata,57,349,192,0
TXN05870,2026-01-28 18:20:00,Payment,175.12,Bengaluru,28,613,15,0
TXN02713,2026-01-28 18:21:00,Withdrawal,178.31,Jaipur,22,1283,88,0
TXN07347,2026-01-28 18:21:00,Payment,67.5,Pune,35,1297,92,0
TXN02652,2026-01-28 18:21:00,Transfer,115.16,Bengaluru,46,837,122,0
TXN07164,2026-01-28 18:26:00,Withdrawal,57.63,Pune,58,951,28,0
TXN02014,2026-01-28 18:31:00,Payment,151.03,Mumbai,68,641,6,0
TXN03067,2026-01-28 18:32:00,Withdrawal,99.92,Jaipur,67,1241,68,0
TXN00445,2026-01-28 18:34:00,Payment,192.73,Delhi,24,191,40,0
TXN07679,2026-01-28 18:38:00,Withdrawal,219.96,Chennai,61,1249,66,0
TXN05793,2026-01-28 18:41:00,Withdrawal,108.7,Mumbai,39,2724,36,0
TXN03813,2026-01-28 18:43:00,Withdrawal,140.31,Jaipur,60,1144,47,0
TXN00803,2026-01-28 18:43:00,Payment,90.92,Jaipur,51,929,39,0
TXN08040,2026-01-28 18:48:00,Withdrawal,743.45,Kolkata,53,833,43,0
TXN01273,2026-01-28 18:48:00,Withdrawal,99.33,Chennai,44,112,84,0
TXN07244,2026-01-28 18:49:00,Withdrawal,118.62,Ahmedabad,57,494,4,0
TXN02608,2026-01-28 18:49:00,Payment,357.33,Jaipur,65,1448,57,0
TXN00711,2026-01-28 18:53:00,Transfer,60.8,Mumbai,30,527,25,0
TXN00227,2026-01-28 18:54:00,Transfer,169.42,Kolkata,60,433,78,0
TXN04185,2026-01-28 18:57:00,Transfer,246.78,Kolkata,41,762,12,0
TXN07384,2026-01-28 18:58:00,Transfer,89.31,Kolkata,20,867,58,0
TXN00955,2026-01-28 18:59:00,Payment,468.67,Chennai,66,573,127,0
TXN04226,2026-01-28 19:06:00,Payment,839.47,Chennai,59,1700,24,0
TXN03138,2026-01-28 19:18:00,Transfer,219.55,Chennai,54,1953,145,0
TXN03565,2026-01-28 19:22:00,Transfer,191.12,Chennai,18,429,50,0
TXN08496,2026-01-28 19:28:00,Transfer,192.91,Jaipur,47,2819,18,0
TXN03776,2026-01-28 19:34:00,Withdrawal,260.86,Mumbai,30,416,39,0
TXN06540,2026-01-28 19:39:00,Payment,2613.87,Mumbai,57,586,7,0
TXN01245,2026-01-28 19:42:00,Payment,17.54,Bengaluru,58,114,10,0
TXN08681,2026-01-28 19:43:00,Payment,230.97,Jaipur,45,1088,70,0
TXN08853,2026-01-28 19:43:00,Payment,62.92,Jaipur,54,1152,39,0
TXN04144,2026-01-28 19:46:00,Payment,475.61,Mumbai,18,2775,68,0
TXN08224,2026-01-28 19:51:00,Payment,30.21,Mumbai,64,914,38,0
TXN04828,2026-01-28 19:54:00,Payment,84.47,Chennai,28,651,163,0
TXN01363,2026-01-28 19:59:00,Transfer,129.16,Kolkata,59,1085,23,0
TXN09875,2026-01-28 20:00:00,Withdrawal,37.68,Kolkata,47,617,28,0
TXN08771,2026-01-28 20:04:00,Payment,218.86,Hyderabad,53,1314,106,0
TXN02300,2026-01-28 20:06:00,Payment,1158.3,Hyderabad,55,1446,42,0
TXN05803,2026-01-28 20:09:00,Transfer,88.99,Mumbai,61,283,95,0
TXN04849,2026-01-28 20:14:00,Payment,45.37,Hyderabad,53,244,47,0
TXN09124,2026-01-28 20:21:00,Transfer,405.19,Mumbai,42,2041,69,0
TXN04350,2026-01-28 20:22:00,Transfer,80.17,Mumbai,33,1113,41,0
TXN08679,2026-01-28 20:23:00,Payment,51.57,Bengaluru,43,1318,30,0
TXN08275,2026-01-28 20:24:00,Payment,913.1,Hyderabad,63,983,47,0
TXN04819,2026-01-28 20:25:00,Transfer,936.92,Jaipur,66,479,57,0
TXN05372,2026-01-28 20:30:00,Payment,77.81,Chennai,57,2946,51,0
TXN09222,2026-01-28 20:35:00,Withdrawal,306.22,Chennai,53,161,32,0
TXN04108,2026-01-28 20:41:00,Transfer,1395.96,Chennai,42,1960,68,0
TXN03917,2026-01-28 20:44:00,Withdrawal,405.31,Mumbai,33,362,9,0
TXN08503,2026-01-28 20:44:00,Payment,74.31,Chennai,28,1631,62,0
TXN03445,2026-01-28 20:45:00,Transfer,451.96,Chennai,43,1106,42,1
TXN00364,2026-01-28 20:50:00,Withdrawal,33.0,Chennai,55,1108,46,0
TXN03504,2026-01-28 20:51:00,Transfer,141.36,Pune,65,982,87,0
TXN06191,2026-01-28 20:52:00,Payment,28.06,Kolkata,38,875,56,0
TXN01392,2026-01-28 20:55:00,Payment,321.82,Kolkata,61,1348,83,0
TXN00257,2026-01-28 20:56:00,Payment,422.81,Mumbai,31,1774,110,0
TXN06904,2026-01-28 21:01:00,Payment,1206.7,Delhi,59,639,33,0
TXN04314,2026-01-28 21:05:00,Transfer,96.47,Kolkata,69,1126,17,0
TXN08648,2026-01-28 21:08:00,Payment,118.41,Pune,45,1858,40,0
TXN07332,2026-01-28 21:13:00,Payment,139.3,Bengaluru,40,523,31,0
TXN00848,2026-01-28 21:16:00,Payment,125.46,Mumbai,59,566,43,0
TXN04528,2026-01-28 21:18:00,Payment,86.86,Mumbai,63,933,31,0
TXN01866,2026-01-28 21:20:00,Payment,144.49,Pune,30,1382,15,0
TXN04775,2026-01-28 21:21:00,Payment,424.85,Mumbai,61,818,30,0
TXN06902,2026-01-28 21:22:00,Withdrawal,391.12,Jaipur,57,183,1,0
TXN05813,2026-01-28 21:23:00,Payment,131.05,Chennai,34,766,13,0
TXN08499,2026-01-28 21:26:00,Transfer,186.04,Mumbai,42,573,25,0
TXN06170,2026-01-28 21:26:00,Payment,167.15,Delhi,45,479,154,0
TXN01148,2026-01-28 21:28:00,Payment,388.74,Ahmedabad,48,573,16,0
TXN09394,2026-01-28 21:34:00,Transfer,627.37,Bengaluru,58,523,3,0
TXN01260,2026-01-28 21:49:00,Transfer,509.08,Hyderabad,36,719,33,0
TXN04043,2026-01-28 21:49:00,Payment,246.58,Jaipur,26,789,42,0
TXN05747,2026-01-28 21:54:00,Transfer,1276.07,Chennai,33,693,18,0
TXN02991,2026-01-28 21:55:00,Transfer,80.36,Hyderabad,49,1109,83,0
TXN06893,2026-01-28 21:56:00,Withdrawal,107.6,Ahmedabad,58,537,28,0
TXN09038,2026-01-28 21:57:00,Transfer,1294.65,Kolkata,64,722,46,0
TXN07785,2026-01-28 21:57:00,Transfer,180.69,Delhi,53,973,32,0
TXN01039,2026-01-28 22:03:00,Payment,718.06,Hyderabad,46,358,64,0
TXN09487,2026-01-28 22:16:00,Payment,1722.48,Pune,45,574,28,0
TXN07305,2026-01-28 22:22:00,Transfer,545.94,Chennai,62,324,36,0
TXN07712,2026-01-28 22:28:00,Transfer,372.4,Bengaluru,40,594,50,0
TXN01100,2026-01-28 22:28:00,Transfer,108.89,Ahmedabad,62,366,46,0
TXN03908,2026-01-28 22:32:00,Transfer,513.31,Kolkata,46,1182,54,0
TXN08384,2026-01-28 22:40:00,Transfer,320.17,Delhi,21,465,21,1
TXN07554,2026-01-28 22:41:00,Transfer,80.64,Mumbai,59,238,31,0
TXN09448,2026-01-28 22:43:00,Payment,190.23,Hyderabad,54,335,77,0
TXN08230,2026-01-28 22:48:00,Payment,294.0,Pune,51,775,33,0
TXN08035,2026-01-28 22:51:00,Payment,560.51,Bengaluru,57,1327,16,0
TXN02445,2026-01-28 22:51:00,Payment,100.11,Kolkata,62,3499,65,0
TXN04162,2026-01-28 22:58:00,Payment,131.11,Chennai,38,992,104,0
TXN08955,2026-01-28 22:59:00,Transfer,203.1,Pune,67,501,22,0
TXN04172,2026-01-29 08:04:00,Payment,222.36,Delhi,47,478,65,0
TXN02510,2026-01-29 08:05:00,Payment,615.06,Pune,24,1410,115,0
TXN09817,2026-01-29 08:08:00,Payment,205.01,Hyderabad,43,1246,90,0
TXN05167,2026-01-29 08:12:00,Withdrawal,26.25,Bengaluru,21,481,29,0
TXN00768,2026-01-29 08:21:00,Payment,286.63,Kolkata,20,548,47,0
TXN07267,2026-01-29 08:21:00,Withdrawal,219.7,Pune,29,1161,89,0
TXN07422,2026-01-29 08:22:00,Payment,92.34,Pune,69,1895,24,0
TXN04357,2026-01-29 08:25:00,Payment,84.14,Delhi,18,1097,93,0
TXN02765,2026-01-29 08:25:00,Payment,912.58,Pune,37,541,8,0
TXN04334,2026-01-29 08:29:00,Payment,208.32,Delhi,20,161,41,0
TXN07485,2026-01-29 08:33:00,Transfer,54.79,Delhi,56,1534,7,0
TXN00482,2026-01-29 08:39:00,Withdrawal,492.2,Bengaluru,58,628,52,0
TXN09151,2026-01-29 08:43:00,Payment,39.57,Kolkata,68,297,61,0
TXN09162,2026-01-29 08:44:00,Transfer,188.46,Hyderabad,53,399,20,0
TXN01289,2026-01-29 08:49:00,Payment,34.13,Mumbai,44,501,85,0
TXN00012,2026-01-29 08:53:00,Payment,588.69,Pune,59,746,17,0
TXN04962,2026-01-29 08:56:00,Payment,81.15,Hyderabad,46,2064,146,0
TXN01519,2026-01-29 08:56:00,Payment,89.32,Kolkata,36,774,79,0
TXN08711,2026-01-29 08:59:00,Withdrawal,615.79,Delhi,51,1143,19,0
TXN04519,2026-01-29 09:05:00,Withdrawal,14.52,Jaipur,42,1634,38,0
TXN09290,2026-01-29 09:14:00,Payment,54.09,Delhi,54,1688,59,0
TXN08319,2026-01-29 09:15:00,Transfer,550.04,Ahmedabad,21,1786,100,0
TXN08055,2026-01-29 09:19:00,Transfer,260.84,Bengaluru,52,595,19,1
TXN07596,2026-01-29 09:21:00,Transfer,47.22,Mumbai,47,2131,90,0
TXN09178,2026-01-29 09:31:00,Payment,200.36,Hyderabad,19,597,56,0
TXN02701,2026-01-29 09:33:00,Transfer,163.28,Bengaluru,27,1524,78,0
TXN01742,2026-01-29 09:37:00,Transfer,118.52,Bengaluru,58,2339,26,0
TXN00483,2026-01-29 09:41:00,Payment,202.75,Mumbai,18,516,73,0
TXN04669,2026-01-29 09:43:00,Payment,462.39,Chennai,27,1568,100,0
TXN08536,2026-01-29 09:47:00,Transfer,950.6,Mumbai,67,564,32,0
TXN03853,2026-01-29 09:49:00,Payment,1044.1,Delhi,49,2152,58,0
TXN05689,2026-01-29 09:53:00,Payment,61.15,Mumbai,51,1911,89,0
TXN04894,2026-01-29 09:56:00,Payment,918.34,Delhi,52,1386,21,0
TXN01094,2026-01-29 09:57:00,Transfer,245.99,Mumbai,27,1277,49,0
TXN01984,2026-01-29 10:00:00,Transfer,127.13,Pune,66,875,24,0
TXN03265,2026-01-29 10:03:00,Withdrawal,542.55,Mumbai,34,2051,66,0
TXN08369,2026-01-29 10:06:00,Transfer,35.28,Delhi,57,1355,5,0
TXN05186,2026-01-29 10:06:00,Transfer,81.5,Bengaluru,61,1724,24,0
TXN04582,2026-01-29 10:08:00,Payment,135.14,Delhi,40,676,79,0
TXN07085,2026-01-29 10:08:00,Payment,679.53,Mumbai,56,1394,7,0
TXN09847,2026-01-29 10:15:00,Withdrawal,97.19,Mumbai,30,370,7,0
TXN04253,2026-01-29 10:18:00,Withdrawal,35.63,Mumbai,41,965,17,0
TXN05382,2026-01-29 10:22:00,Transfer,212.77,Hyderabad,22,471,23,0
TXN06355,2026-01-29 10:30:00,Withdrawal,17.99,Bengaluru,68,609,9,0
TXN01896,2026-01-29 10:32:00,Transfer,267.04,Hyderabad,26,883,11,0
TXN05964,2026-01-29 10:38:00,Payment,1039.27,Kolkata,52,1386,19,0
TXN04850,2026-01-29 10:40:00,Payment,914.58,Delhi,25,1393,46,0
TXN01111,2026-01-29 10:40:00,Transfer,96.41,Bengaluru,66,2449,91,0
TXN09092,2026-01-29 10:43:00,Payment,1236.79,Bengaluru,29,993,103,0
TXN09787,2026-01-29 10:47:00,Withdrawal,397.24,Hyderabad,25,1703,56,0
TXN02550,2026-01-29 10:49:00,Transfer,8.97,Mumbai,65,430,82,0
TXN05638,2026-01-29 10:49:00,Transfer,3452.82,Chennai,33,1430,82,0
TXN05306,2026-01-29 10:52:00,Payment,32.67,Mumbai,49,436,11,0
TXN09266,2026-01-29 10:53:00,Payment,373.96,Pune,62,791,23,0
TXN00686,2026-01-29 10:54:00,Payment,729.36,Mumbai,25,2844,205,0
TXN01803,2026-01-29 10:58:00,Payment,95.62,Jaipur,48,3614,16,0
TXN07616,2026-01-29 11:03:00,Payment,402.16,Delhi,38,1221,30,0
TXN07213,2026-01-29 11:05:00,Transfer,404.73,Bengaluru,63,931,23,0
TXN03768,2026-01-29 11:07:00,Payment,69.12,Jaipur,32,1254,42,0
TXN02219,2026-01-29 11:09:00,Payment,229.88,Hyderabad,55,374,11,0
TXN07802,2026-01-29 11:14:00,Transfer,24.07,Chennai,20,998,67,0
TXN01777,2026-01-29 11:15:00,Transfer,168.47,Chennai,59,430,65,0
TXN03161,2026-01-29 11:17:00,Payment,1302.73,Chennai,69,1851,55,0
TXN00802,2026-01-29 11:17:00,Payment,206.14,Pune,29,1838,49,0
TXN03028,2026-01-29 11:23:00,Transfer,676.81,Jaipur,41,486,6,0
TXN05255,2026-01-29 11:35:00,Payment,198.16,Kolkata,37,526,47,0
TXN09131,2026-01-29 11:35:00,Withdrawal,408.08,Hyderabad,54,885,37,0
TXN04452,2026-01-29 11:44:00,Transfer,401.59,Chennai,66,1845,87,1
TXN06591,2026-01-29 11:51:00,Payment,66.7,Mumbai,63,614,108,0
TXN05494,2026-01-29 11:52:00,Payment,48.14,Chennai,54,595,34,0
TXN09439,2026-01-29 11:54:00,Transfer,109.35,Kolkata,23,1594,70,1
TXN06171,2026-01-29 11:54:00,Transfer,836.81,Hyderabad,26,871,92,1
TXN09083,2026-01-29 11:55:00,Payment,89.03,Hyderabad,53,1281,94,0
TXN09152,2026-01-29 12:00:00,Payment,85.4,Delhi,45,748,83,0
TXN04893,2026-01-29 12:00:00,Payment,33.49,Delhi,21,958,119,0
TXN02493,2026-01-29 12:08:00,Payment,279.98,Chennai,62,1847,18,0
TXN01329,2026-01-29 12:08:00,Transfer,67.65,Mumbai,27,735,35,0
TXN03750,2026-01-29 12:09:00,Payment,316.94,Ahmedabad,41,539,44,0
TXN01671,2026-01-29 12:12:00,Payment,1729.45,Ahmedabad,61,617,45,0
TXN02556,2026-01-29 12:13:00,Payment,594.78,Chennai,33,447,15,0
TXN04219,2026-01-29 12:14:00,Payment,89.0,Pune,24,281,51,0
TXN03783,2026-01-29 12:15:00,Payment,336.18,Ahmedabad,68,302,23,0
TXN07806,2026-01-29 12:16:00,Payment,311.88,Ahmedabad,69,980,8,0
TXN04288,2026-01-29 12:20:00,Payment,169.0,Pune,51,2100,52,0
TXN02082,2026-01-29 12:25:00,Payment,560.49,Pune,66,1974,44,0
TXN02442,2026-01-29 12:25:00,Withdrawal,35.41,Hyderabad,35,1627,46,0
TXN09666,2026-01-29 12:27:00,Payment,1047.99,Kolkata,23,495,41,0
TXN00263,2026-01-29 12:29:00,Payment,37.61,Kolkata,66,186,79,0
TXN07031,2026-01-29 12:31:00,Withdrawal,109.77,Bengaluru,47,1656,31,0
TXN09839,2026-01-29 12:33:00,Payment,345.27,Mumbai,32,693,53,0
TXN08163,2026-01-29 12:33:00,Withdrawal,1725.68,Mumbai,29,2506,61,0
TXN02724,2026-01-29 12:34:00,Transfer,813.69,Mumbai,48,3672,77,0
TXN09938,2026-01-29 12:36:00,Payment,98.94,Pune,46,474,18,0
TXN01267,2026-01-29 12:39:00,Payment,344.69,Chennai,22,1419,16,0
TXN09419,2026-01-29 12:43:00,Payment,143.7,Chennai,60,1417,46,0
TXN06087,2026-01-29 12:45:00,Payment,320.74,Bengaluru,44,1109,52,0
TXN02277,2026-01-29 12:46:00,Withdrawal,391.52,Ahmedabad,56,663,35,0
TXN08462,2026-01-29 12:47:00,Withdrawal,59.12,Bengaluru,39,1141,25,0
TXN01369,2026-01-29 12:53:00,Payment,50.2,Delhi,44,1011,75,0
TXN08850,2026-01-29 12:54:00,Transfer,972.74,Jaipur,64,674,73,0
TXN04537,2026-01-29 12:54:00,Withdrawal,698.51,Pune,68,244,86,0
TXN09055,2026-01-29 12:56:00,Transfer,2828.51,Bengaluru,20,627,9,0
TXN00048,2026-01-29 13:02:00,Payment,62.15,Ahmedabad,18,283,62,0
TXN06096,2026-01-29 13:04:00,Payment,252.01,Ahmedabad,18,924,106,0
TXN00342,2026-01-29 13:06:00,Withdrawal,274.04,Jaipur,28,602,68,0
TXN01797,2026-01-29 13:09:00,Transfer,715.36,Ahmedabad,34,779,39,0
TXN03735,2026-01-29 13:14:00,Withdrawal,58.65,Delhi,61,1332,12,0
TXN08307,2026-01-29 13:16:00,Withdrawal,57.79,Kolkata,19,2412,95,0
TXN09143,2026-01-29 13:16:00,Payment,293.12,Bengaluru,43,2370,22,0
TXN02806,2026-01-29 13:17:00,Payment,78.24,Pune,55,731,84,0
TXN05182,2026-01-29 13:18:00,Payment,268.07,Chennai,20,870,49,0
TXN00379,2026-01-29 13:23:00,Payment,203.08,Mumbai,39,2165,58,0
TXN01675,2026-01-29 13:24:00,Transfer,149.38,Chennai,26,2178,58,0
TXN05023,2026-01-29 13:28:00,Payment,64.84,Mumbai,29,872,59,0
TXN06688,2026-01-29 13:31:00,Withdrawal,604.14,Mumbai,39,399,26,0
TXN06783,2026-01-29 13:32:00,Payment,354.99,Pune,39,855,37,0
TXN03404,2026-01-29 13:33:00,Payment,219.34,Jaipur,39,646,59,0
TXN09351,2026-01-29 13:34:00,Payment,191.05,Delhi,27,816,26,0
TXN02043,2026-01-29 13:34:00,Payment,277.64,Kolkata,27,542,55,0
TXN09721,2026-01-29 13:47:00,Transfer,1987.28,Delhi,37,1305,24,0
TXN06977,2026-01-29 13:53:00,Transfer,163.76,Kolkata,56,964,115,0
TXN08221,2026-01-29 13:56:00,Payment,1128.2,Jaipur,28,2182,28,0
TXN01033,2026-01-29 14:06:00,Transfer,407.68,Bengaluru,54,969,75,0
TXN05310,2026-01-29 14:06:00,Payment,19.01,Jaipur,39,1022,11,0
TXN03346,2026-01-29 14:15:00,Payment,121.83,Pune,62,1445,101,0
TXN05653,2026-01-29 14:17:00,Payment,48.93,Bengaluru,61,613,32,0
TXN01183,2026-01-29 14:21:00,Payment,134.83,Mumbai,65,912,11,0
TXN07165,2026-01-29 14:21:00,Transfer,96.41,Delhi,30,704,41,0
TXN07506,2026-01-29 14:23:00,Payment,720.76,Pune,51,1309,11,0
TXN00065,2026-01-29 14:27:00,Payment,115.95,Bengaluru,67,1028,19,0
TXN06863,2026-01-29 14:28:00,Payment,76.93,Delhi,18,558,22,0
TXN06918,2026-01-29 14:29:00,Payment,169.01,Hyderabad,44,590,17,0
TXN01849,2026-01-29 14:29:00,Payment,193.35,Hyderabad,20,1612,43,0
TXN08765,2026-01-29 14:32:00,Payment,14.81,Jaipur,52,1583,40,0
TXN09310,2026-01-29 14:33:00,Transfer,1024.77,Kolkata,61,497,12,0
TXN05012,2026-01-29 14:45:00,Payment,1646.46,Hyderabad,47,2248,36,0
TXN09903,2026-01-29 14:46:00,Transfer,149.24,Ahmedabad,25,1035,87,0
TXN07333,2026-01-29 14:48:00,Payment,175.32,Hyderabad,53,2503,54,0
TXN00560,2026-01-29 14:52:00,Payment,288.94,Bengaluru,39,1045,19,0
TXN05801,2026-01-29 14:52:00,Withdrawal,114.14,Delhi,20,1459,61,0
TXN03998,2026-01-29 14:57:00,Withdrawal,116.95,Hyderabad,29,648,47,0
TXN05414,2026-01-29 15:01:00,Payment,1072.58,Bengaluru,61,1531,60,0
TXN06309,2026-01-29 15:01:00,Payment,266.07,Jaipur,53,465,44,0
TXN04748,2026-01-29 15:05:00,Withdrawal,302.22,Pune,62,1968,26,0
TXN04895,2026-01-29 15:06:00,Payment,822.15,Mumbai,26,151,37,0
TXN04542,2026-01-29 15:07:00,Payment,333.9,Delhi,49,363,29,0
TXN06311,2026-01-29 15:08:00,Transfer,459.41,Delhi,46,1135,61,0
TXN04094,2026-01-29 15:10:00,Payment,1361.63,Bengaluru,53,1304,9,0
TXN09672,2026-01-29 15:13:00,Transfer,12.39,Hyderabad,26,1929,81,0
TXN09108,2026-01-29 15:19:00,Withdrawal,258.56,Delhi,59,679,95,0
TXN09585,2026-01-29 15:19:00,Payment,30.96,Delhi,40,1454,46,0
TXN01883,2026-01-29 15:25:00,Transfer,35.11,Bengaluru,32,1037,89,1
TXN00539,2026-01-29 15:25:00,Payment,465.08,Pune,21,64,21,1
TXN04647,2026-01-29 15:27:00,Transfer,341.37,Hyderabad,37,130,15,0
TXN08615,2026-01-29 15:31:00,Payment,729.86,Chennai,49,1107,47,0
TXN02659,2026-01-29 15:35:00,Payment,68.99,Pune,22,1174,113,0
TXN08502,2026-01-29 15:37:00,Transfer,621.3,Ahmedabad,19,855,26,0
TXN02645,2026-01-29 15:39:00,Transfer,90.81,Hyderabad,61,1426,120,0
TXN04169,2026-01-29 15:41:00,Payment,17.43,Pune,54,814,36,0
TXN08890,2026-01-29 15:51:00,Transfer,285.64,Hyderabad,19,739,58,0
TXN09525,2026-01-29 15:51:00,Payment,159.62,Bengaluru,43,630,50,0
TXN06131,2026-01-29 15:52:00,Payment,326.4,Chennai,66,1556,10,0
TXN04747,2026-01-29 15:52:00,Transfer,1912.6,Jaipur,30,1153,12,0
TXN05303,2026-01-29 15:54:00,Transfer,35.91,Kolkata,54,748,102,0
TXN06734,2026-01-29 15:56:00,Transfer,601.33,Bengaluru,21,1805,70,1
TXN03705,2026-01-29 16:00:00,Payment,323.85,Jaipur,43,3100,156,0
TXN04440,2026-01-29 16:03:00,Transfer,134.31,Kolkata,27,1133,37,0
TXN05294,2026-01-29 16:03:00,Transfer,199.1,Pune,25,62,25,0
TXN08881,2026-01-29 16:05:00,Payment,124.56,Bengaluru,49,1234,28,0
TXN06627,2026-01-29 16:07:00,Payment,511.44,Mumbai,59,725,27,0
TXN09344,2026-01-29 16:08:00,Payment,2436.58,Bengaluru,38,356,105,0
TXN05856,2026-01-29 16:08:00,Transfer,178.81,Mumbai,39,697,58,1
TXN09451,2026-01-29 16:09:00,Payment,1300.08,Hyderabad,24,562,5,0
TXN03607,2026-01-29 16:17:00,Payment,179.63,Hyderabad,45,491,83,0
TXN04587,2026-01-29 16:18:00,Withdrawal,251.19,Bengaluru,45,2143,32,0
TXN06114,2026-01-29 16:22:00,Payment,235.87,Mumbai,29,1660,13,0
TXN02420,2026-01-29 16:26:00,Withdrawal,156.9,Mumbai,53,525,27,0
TXN07402,2026-01-29 16:29:00,Transfer,76.04,Mumbai,47,151,7,0
TXN03427,2026-01-29 16:32:00,Payment,75.84,Hyderabad,40,1003,106,0
TXN06450,2026-01-29 16:33:00,Payment,731.6,Mumbai,54,795,47,0
TXN07235,2026-01-29 16:35:00,Payment,395.01,Ahmedabad,39,284,16,0
TXN05315,2026-01-29 16:45:00,Withdrawal,593.31,Mumbai,47,964,62,0
TXN09691,2026-01-29 16:46:00,Withdrawal,269.18,Mumbai,56,1255,94,0
TXN06655,2026-01-29 16:47:00,Withdrawal,170.52,Chennai,33,1569,134,0
TXN00594,2026-01-29 16:50:00,Withdrawal,165.92,Chennai,23,423,48,0
TXN04606,2026-01-29 16:51:00,Transfer,248.87,Hyderabad,49,953,130,0
TXN01988,2026-01-29 16:57:00,Transfer,500.64,Mumbai,56,1260,42,0
TXN03249,2026-01-29 17:01:00,Transfer,34.45,Kolkata,51,425,56,0
TXN04973,2026-01-29 17:02:00,Payment,76.44,Mumbai,42,2110,54,0
TXN00724,2026-01-29 17:06:00,Payment,503.03,Delhi,26,319,75,0
TXN08223,2026-01-29 17:07:00,Transfer,437.34,Kolkata,53,672,41,0
TXN07566,2026-01-29 17:10:00,Transfer,205.83,Bengaluru,43,1298,16,0
TXN00119,2026-01-29 17:12:00,Payment,105.43,Hyderabad,20,238,62,0
TXN09811,2026-01-29 17:12:00,Transfer,731.02,Kolkata,39,389,24,0
TXN07326,2026-01-29 17:14:00,Payment,226.21,Jaipur,27,686,34,0
TXN06345,2026-01-29 17:22:00,Payment,827.15,Mumbai,45,346,9,0
TXN06441,2026-01-29 17:24:00,Payment,55.78,Mumbai,42,1101,47,0
TXN06733,2026-01-29 17:25:00,Withdrawal,296.32,Chennai,53,1073,42,0
TXN06320,2026-01-29 17:31:00,Payment,170.32,Mumbai,69,1084,31,0
TXN01505,2026-01-29 17:35:00,Payment,95.65,Mumbai,56,1617,10,0
TXN09459,2026-01-29 17:38:00,Transfer,487.31,Delhi,59,782,62,1
TXN08970,2026-01-29 17:38:00,Transfer,423.88,Jaipur,39,2218,126,0
TXN09243,2026-01-29 17:42:00,Transfer,93.6,Bengaluru,47,1264,33,0
TXN03207,2026-01-29 17:43:00,Transfer,743.14,Mumbai,69,844,11,0
TXN09555,2026-01-29 17:43:00,Payment,728.08,Kolkata,58,1233,60,0
TXN00990,2026-01-29 17:48:00,Withdrawal,91.09,Delhi,60,460,7,0
TXN07851,2026-01-29 17:52:00,Payment,64.83,Delhi,42,722,2,0
TXN02033,2026-01-29 17:53:00,Transfer,439.7,Jaipur,38,1614,16,0
TXN00489,2026-01-29 17:54:00,Transfer,188.27,Hyderabad,46,1666,35,0
TXN02130,2026-01-29 17:55:00,Transfer,176.55,Hyderabad,53,468,12,0
TXN07061,2026-01-29 17:55:00,Transfer,186.67,Delhi,55,2729,78,0
TXN07381,2026-01-29 18:02:00,Transfer,30.69,Pune,32,460,81,1
TXN07988,2026-01-29 18:03:00,Transfer,61.45,Kolkata,51,624,7,0
TXN03256,2026-01-29 18:07:00,Payment,542.58,Mumbai,47,1487,5,0
TXN09146,2026-01-29 18:08:00,Transfer,637.04,Hyderabad,19,1097,16,0
TXN03457,2026-01-29 18:08:00,Payment,157.59,Pune,61,351,27,0
TXN05811,2026-01-29 18:10:00,Transfer,371.35,Pune,39,1012,54,1
TXN09775,2026-01-29 18:12:00,Transfer,20.5,Jaipur,56,1158,41,0
TXN02662,2026-01-29 18:14:00,Transfer,147.92,Delhi,65,376,35,0
TXN08094,2026-01-29 18:16:00,Payment,56.84,Chennai,57,840,31,0
TXN02635,2026-01-29 18:22:00,Payment,154.91,Kolkata,27,1452,40,0
TXN08258,2026-01-29 18:22:00,Payment,53.43,Chennai,25,679,46,0
TXN02699,2026-01-29 18:24:00,Payment,34.5,Hyderabad,63,1504,7,0
TXN08823,2026-01-29 18:29:00,Withdrawal,2671.1,Mumbai,62,113,68,0
TXN04042,2026-01-29 18:31:00,Payment,254.28,Chennai,65,403,139,0
TXN01420,2026-01-29 18:32:00,Transfer,1911.29,Pune,37,174,61,1
TXN07290,2026-01-29 18:33:00,Withdrawal,80.15,Mumbai,51,294,21,0
TXN02118,2026-01-29 18:36:00,Withdrawal,196.84,Mumbai,25,465,28,0
TXN08538,2026-01-29 18:40:00,Payment,118.71,Bengaluru,23,335,38,0
TXN06420,2026-01-29 18:40:00,Payment,108.29,Mumbai,25,1432,49,0
TXN02287,2026-01-29 18:48:00,Payment,323.79,Pune,68,703,9,0
TXN02978,2026-01-29 18:48:00,Payment,107.68,Chennai,47,1515,66,0
TXN01390,2026-01-29 18:49:00,Transfer,89.61,Hyderabad,56,862,34,0
TXN04853,2026-01-29 18:49:00,Payment,499.87,Bengaluru,59,305,50,0
TXN08295,2026-01-29 18:50:00,Transfer,135.75,Bengaluru,44,337,19,0
TXN09620,2026-01-29 18:50:00,Transfer,139.32,Delhi,22,2964,49,0
TXN03226,2026-01-29 18:51:00,Withdrawal,317.51,Bengaluru,36,402,26,0
TXN01466,2026-01-29 18:53:00,Payment,68.36,Mumbai,50,1825,90,0
TXN09215,2026-01-29 18:55:00,Payment,135.65,Pune,59,609,39,0
TXN05826,2026-01-29 18:56:00,Transfer,508.73,Bengaluru,52,516,55,0
TXN00762,2026-01-29 18:58:00,Withdrawal,176.21,Jaipur,19,598,22,0
TXN08744,2026-01-29 18:58:00,Transfer,153.18,Ahmedabad,18,1433,59,0
TXN03578,2026-01-29 19:06:00,Transfer,59.32,Bengaluru,38,1033,10,0
TXN02967,2026-01-29 19:06:00,Transfer,114.46,Ahmedabad,39,1024,36,0
TXN09614,2026-01-29 19:11:00,Payment,303.93,Mumbai,44,1251,43,0
TXN04210,2026-01-29 19:12:00,Payment,197.63,Ahmedabad,30,1904,64,0
TXN01790,2026-01-29 19:12:00,Withdrawal,12.45,Delhi,56,651,17,0
TXN06319,2026-01-29 19:16:00,Payment,77.68,Bengaluru,50,1892,97,0
TXN08207,2026-01-29 19:16:00,Payment,91.22,Mumbai,25,1071,52,0
TXN00108,2026-01-29 19:22:00,Transfer,439.19,Bengaluru,43,2002,96,0
TXN06446,2026-01-29 19:30:00,Transfer,397.54,Jaipur,31,1710,114,0
TXN02074,2026-01-29 19:30:00,Transfer,97.31,Delhi,24,697,22,0
TXN09466,2026-01-29 19:31:00,Transfer,174.31,Bengaluru,39,806,95,0
TXN00889,2026-01-29 19:32:00,Transfer,43.17,Ahmedabad,57,429,42,0
TXN05353,2026-01-29 19:33:00,Transfer,197.5,Bengaluru,68,796,19,0
TXN02766,2026-01-29 19:38:00,Transfer,118.49,Jaipur,65,1137,69,0
TXN03476,2026-01-29 19:40:00,Payment,475.63,Hyderabad,40,500,73,0
TXN00734,2026-01-29 19:40:00,Payment,473.52,Bengaluru,63,406,14,0
TXN09551,2026-01-29 19:42:00,Payment,999.1,Jaipur,56,485,27,0
TXN08467,2026-01-29 19:44:00,Withdrawal,123.87,Jaipur,41,1403,68,0
TXN05080,2026-01-29 19:44:00,Payment,826.51,Chennai,63,412,49,0
TXN00761,2026-01-29 19:51:00,Payment,23.97,Jaipur,27,717,55,0
TXN03602,2026-01-29 19:52:00,Payment,377.86,Jaipur,55,604,26,0
TXN07719,2026-01-29 19:56:00,Transfer,593.04,Pune,47,444,47,0
TXN07903,2026-01-29 20:00:00,Transfer,29.9,Bengaluru,61,997,16,0
TXN06736,2026-01-29 20:07:00,Payment,248.02,Jaipur,62,838,46,0
TXN04381,2026-01-29 20:08:00,Transfer,333.09,Hyderabad,21,934,121,0
TXN01867,2026-01-29 20:10:00,Payment,1268.35,Bengaluru,56,908,26,0
TXN05728,2026-01-29 20:10:00,Transfer,436.57,Pune,56,1104,48,0
TXN06452,2026-01-29 20:11:00,Payment,304.82,Kolkata,19,1070,54,0
TXN06121,2026-01-29 20:11:00,Withdrawal,614.04,Delhi,43,880,57,0
TXN07260,2026-01-29 20:11:00,Payment,659.87,Mumbai,55,227,23,0
TXN06973,2026-01-29 20:14:00,Transfer,68.53,Chennai,64,764,32,0
TXN04763,2026-01-29 20:17:00,Payment,368.84,Chennai,55,1060,92,0
TXN04207,2026-01-29 20:17:00,Payment,318.9,Ahmedabad,26,1162,39,0
TXN04954,2026-01-29 20:23:00,Transfer,1056.67,Kolkata,36,303,17,0
TXN03223,2026-01-29 20:27:00,Withdrawal,1002.26,Hyderabad,39,1050,64,0
TXN05056,2026-01-29 20:31:00,Payment,127.86,Delhi,22,235,20,0
TXN05083,2026-01-29 20:35:00,Payment,305.73,Mumbai,21,633,60,0
TXN07412,2026-01-29 20:36:00,Transfer,253.06,Delhi,32,690,118,0
TXN00647,2026-01-29 20:36:00,Transfer,823.6,Mumbai,67,165,9,1
TXN02449,2026-01-29 20:39:00,Transfer,218.21,Hyderabad,30,647,26,0
TXN03128,2026-01-29 20:41:00,Withdrawal,153.53,Pune,54,2263,17,0
TXN06091,2026-01-29 20:46:00,Payment,649.45,Mumbai,55,1024,60,0
TXN05603,2026-01-29 20:51:00,Transfer,109.85,Jaipur,36,1117,48,0
TXN00143,2026-01-29 20:52:00,Payment,123.12,Delhi,49,421,95,0
TXN00398,2026-01-29 20:54:00,Transfer,540.43,Bengaluru,33,710,118,0
TXN00466,2026-01-29 20:54:00,Withdrawal,325.98,Bengaluru,62,960,141,0
TXN01802,2026-01-29 20:56:00,Payment,298.93,Chennai,50,2376,70,0
TXN09468,2026-01-29 20:59:00,Payment,87.17,Chennai,29,100,37,0
TXN06737,2026-01-29 21:06:00,Payment,277.32,Delhi,59,380,38,0
TXN04856,2026-01-29 21:08:00,Payment,434.91,Chennai,56,878,67,0
TXN02492,2026-01-29 21:08:00,Payment,88.66,Chennai,64,1306,119,0
TXN07939,2026-01-29 21:09:00,Payment,1737.76,Mumbai,25,761,58,0
TXN06253,2026-01-29 21:11:00,Payment,143.81,Kolkata,47,166,38,0
TXN09373,2026-01-29 21:13:00,Payment,260.22,Pune,19,721,9,0
TXN07416,2026-01-29 21:16:00,Transfer,28.17,Mumbai,54,811,31,0
TXN01897,2026-01-29 21:19:00,Payment,169.61,Bengaluru,69,1076,54,0
TXN03590,2026-01-29 21:21:00,Payment,1937.96,Kolkata,68,2063,18,0
TXN02756,2026-01-29 21:24:00,Transfer,603.52,Ahmedabad,55,344,41,1
TXN06192,2026-01-29 21:24:00,Withdrawal,245.63,Kolkata,44,1054,67,0
TXN07611,2026-01-29 21:25:00,Transfer,58.81,Kolkata,42,469,27,0
TXN09716,2026-01-29 21:29:00,Payment,24.26,Ahmedabad,47,675,14,0
TXN04229,2026-01-29 21:31:00,Transfer,97.17,Bengaluru,20,1884,38,0
TXN02582,2026-01-29 21:34:00,Payment,1942.09,Jaipur,35,1172,99,0
TXN01075,2026-01-29 21:39:00,Payment,351.41,Bengaluru,58,1033,19,0
TXN03711,2026-01-29 21:39:00,Transfer,115.1,Hyderabad,63,803,77,0
TXN04277,2026-01-29 21:40:00,Payment,70.93,Bengaluru,51,819,88,0
TXN04580,2026-01-29 21:40:00,Withdrawal,389.65,Kolkata,67,601,12,0
TXN05930,2026-01-29 21:43:00,Transfer,86.64,Delhi,55,1120,17,0
TXN00995,2026-01-29 21:46:00,Transfer,1039.19,Ahmedabad,28,1339,17,0
TXN00518,2026-01-29 21:46:00,Payment,1448.49,Delhi,68,174,71,0
TXN06719,2026-01-29 21:47:00,Transfer,255.01,Mumbai,54,822,67,0
TXN02216,2026-01-29 21:47:00,Payment,230.65,Chennai,25,836,74,0
TXN03014,2026-01-29 21:48:00,Payment,232.98,Bengaluru,59,631,27,0
TXN03215,2026-01-29 21:54:00,Payment,188.83,Hyderabad,54,1937,74,0
TXN02016,2026-01-29 22:01:00,Transfer,810.83,Mumbai,26,920,87,0
TXN09994,2026-01-29 22:04:00,Payment,599.88,Kolkata,40,1292,155,0
TXN03178,2026-01-29 22:08:00,Transfer,74.61,Bengaluru,34,521,9,0
TXN01086,2026-01-29 22:14:00,Payment,242.56,Mumbai,58,552,95,0
TXN01331,2026-01-29 22:14:00,Payment,77.22,Delhi,61,1467,54,0
TXN05594,2026-01-29 22:16:00,Transfer,15.02,Delhi,59,702,34,0
TXN02229,2026-01-29 22:18:00,Transfer,911.76,Bengaluru,41,1445,47,1
TXN04113,2026-01-29 22:18:00,Payment,126.97,Delhi,49,1713,83,0
TXN08407,2026-01-29 22:19:00,Transfer,120.83,Chennai,24,1482,108,0
TXN03703,2026-01-29 22:20:00,Payment,375.3,Hyderabad,22,1941,93,0
TXN08300,2026-01-29 22:22:00,Transfer,230.67,Pune,40,158,61,0
TXN06793,2026-01-29 22:22:00,Payment,962.32,Jaipur,36,1005,101,1
TXN06641,2026-01-29 22:25:00,Payment,29.68,Bengaluru,20,280,36,0
TXN03845,2026-01-29 22:32:00,Payment,151.39,Jaipur,41,613,82,0
TXN08481,2026-01-29 22:36:00,Payment,486.37,Delhi,29,699,31,0
TXN08029,2026-01-29 22:41:00,Transfer,146.03,Jaipur,37,535,122,0
TXN01942,2026-01-29 22:42:00,Payment,242.04,Mumbai,35,1179,123,0
TXN06210,2026-01-29 22:45:00,Transfer,384.19,Pune,62,1232,74,0
TXN00704,2026-01-29 22:47:00,Transfer,156.4,Kolkata,55,1113,25,0
TXN07054,2026-01-29 22:52:00,Payment,49.08,Chennai,38,939,4,0
TXN04585,2026-01-29 22:52:00,Withdrawal,190.88,Delhi,68,1640,11,0
TXN03470,2026-01-29 22:52:00,Transfer,347.68,Delhi,38,276,50,0
TXN01006,2026-01-29 22:54:00,Transfer,92.47,Ahmedabad,64,2573,31,0
TXN02660,2026-01-30 08:00:00,Payment,114.48,Bengaluru,32,890,37,0
TXN08571,2026-01-30 08:01:00,Payment,37.76,Delhi,60,861,97,0
TXN04220,2026-01-30 08:05:00,Transfer,96.11,Chennai,58,1577,73,0
TXN04919,2026-01-30 08:08:00,Payment,141.07,Delhi,36,1389,93,0
TXN02338,2026-01-30 08:09:00,Payment,51.2,Mumbai,23,482,58,0
TXN04324,2026-01-30 08:11:00,Payment,148.25,Pune,30,1275,57,0
TXN08123,2026-01-30 08:24:00,Payment,92.6,Pune,26,748,79,0
TXN09412,2026-01-30 08:30:00,Payment,46.26,Pune,28,2131,26,0
TXN03458,2026-01-30 08:31:00,Payment,88.16,Chennai,38,1420,43,0
TXN07823,2026-01-30 08:38:00,Payment,170.12,Mumbai,20,965,19,0
TXN01630,2026-01-30 08:38:00,Payment,100.83,Pune,18,1823,23,0
TXN07531,2026-01-30 08:39:00,Transfer,214.14,Jaipur,18,2386,14,0
TXN09484,2026-01-30 08:43:00,Transfer,1359.68,Chennai,60,713,41,0
TXN06419,2026-01-30 08:46:00,Payment,47.12,Pune,20,1356,70,0
TXN09011,2026-01-30 08:46:00,Withdrawal,59.9,Pune,57,1117,23,0
TXN01497,2026-01-30 08:46:00,Payment,84.06,Pune,34,525,4,0
TXN06483,2026-01-30 08:50:00,Payment,406.23,Jaipur,18,1319,52,0
TXN00548,2026-01-30 08:54:00,Transfer,274.68,Delhi,56,239,15,0
TXN03273,2026-01-30 08:57:00,Transfer,295.52,Delhi,68,1131,25,0
TXN03973,2026-01-30 09:01:00,Payment,467.11,Hyderabad,58,1474,52,0
TXN09319,2026-01-30 09:02:00,Withdrawal,329.03,Ahmedabad,37,788,10,0
TXN02808,2026-01-30 09:08:00,Transfer,426.54,Hyderabad,22,1959,10,0
TXN04966,2026-01-30 09:17:00,Transfer,1050.06,Ahmedabad,43,822,7,0
TXN08429,2026-01-30 09:20:00,Payment,424.94,Delhi,49,1269,9,0
TXN05902,2026-01-30 09:27:00,Payment,264.38,Kolkata,63,3113,22,0
TXN04349,2026-01-30 09:30:00,Payment,81.82,Hyderabad,64,923,58,0
TXN02036,2026-01-30 09:33:00,Payment,184.35,Mumbai,18,1859,54,0
TXN08354,2026-01-30 09:37:00,Transfer,158.0,Delhi,19,1760,35,0
TXN01738,2026-01-30 09:38:00,Payment,338.68,Delhi,22,823,119,0
TXN06543,2026-01-30 09:44:00,Transfer,202.43,Mumbai,45,771,55,0
TXN07811,2026-01-30 09:51:00,Withdrawal,1121.44,Mumbai,66,768,44,0
TXN05954,2026-01-30 09:55:00,Withdrawal,666.12,Chennai,47,1038,93,0
TXN09894,2026-01-30 09:55:00,Withdrawal,194.6,Mumbai,47,1162,55,0
TXN08558,2026-01-30 09:56:00,Payment,282.11,Chennai,62,1019,59,0
TXN03401,2026-01-30 09:58:00,Payment,182.55,Mumbai,19,519,14,1
TXN03042,2026-01-30 09:58:00,Payment,62.04,Bengaluru,20,737,67,0
TXN04983,2026-01-30 09:58:00,Payment,294.06,Mumbai,47,269,47,0
TXN09684,2026-01-30 10:02:00,Payment,63.18,Jaipur,64,563,34,0
TXN01540,2026-01-30 10:09:00,Payment,188.67,Chennai,48,1987,36,0
TXN08225,2026-01-30 10:11:00,Payment,114.09,Hyderabad,28,1415,32,0
TXN07879,2026-01-30 10:22:00,Payment,200.99,Kolkata,25,1730,43,0
TXN02675,2026-01-30 10:27:00,Payment,111.87,Pune,48,424,46,0
TXN08577,2026-01-30 10:28:00,Transfer,384.38,Bengaluru,35,206,157,0
TXN02275,2026-01-30 10:29:00,Payment,1300.3,Jaipur,51,467,78,0
TXN08049,2026-01-30 10:33:00,Payment,181.62,Chennai,40,630,39,0
TXN00375,2026-01-30 10:35:00,Payment,121.62,Jaipur,53,371,47,0
TXN09962,2026-01-30 10:35:00,Transfer,234.82,Mumbai,65,929,105,0
TXN08957,2026-01-30 10:37:00,Payment,346.02,Kolkata,46,600,10,0
TXN08345,2026-01-30 10:38:00,Payment,500.39,Hyderabad,57,354,33,1
TXN06915,2026-01-30 10:39:00,Transfer,350.98,Delhi,68,1238,90,0
TXN01414,2026-01-30 10:42:00,Payment,397.64,Bengaluru,38,220,6,0
TXN05136,2026-01-30 10:42:00,Payment,701.35,Bengaluru,22,2071,20,0
TXN05418,2026-01-30 10:42:00,Payment,63.04,Bengaluru,30,1066,6,0
TXN00451,2026-01-30 10:45:00,Payment,1864.64,Hyderabad,38,883,30,0
TXN08164,2026-01-30 10:45:00,Transfer,108.49,Jaipur,68,701,11,0
TXN08317,2026-01-30 10:47:00,Transfer,25.33,Hyderabad,69,1612,37,0
TXN01968,2026-01-30 10:50:00,Payment,138.8,Kolkata,24,742,138,0
TXN04487,2026-01-30 10:53:00,Payment,63.39,Mumbai,49,1222,24,0
TXN08087,2026-01-30 10:53:00,Payment,301.17,Delhi,28,1228,5,0
TXN07327,2026-01-30 10:56:00,Payment,138.47,Chennai,69,891,3,1
TXN08272,2026-01-30 10:58:00,Payment,2557.23,Mumbai,18,329,34,0
TXN04020,2026-01-30 11:00:00,Payment,347.85,Bengaluru,60,1451,81,0
TXN07302,2026-01-30 11:00:00,Payment,54.76,Hyderabad,35,514,61,0
TXN02192,2026-01-30 11:01:00,Payment,149.82,Bengaluru,34,679,41,0
TXN03018,2026-01-30 11:11:00,Payment,38.26,Hyderabad,52,1599,15,1
TXN08213,2026-01-30 11:16:00,Transfer,1356.53,Bengaluru,32,470,49,0
TXN07191,2026-01-30 11:17:00,Payment,239.76,Jaipur,42,423,18,0
TXN00271,2026-01-30 11:20:00,Payment,873.99,Mumbai,41,1764,42,0
TXN07211,2026-01-30 11:22:00,Payment,42.98,Mumbai,22,369,76,0
TXN06650,2026-01-30 11:24:00,Withdrawal,80.53,Kolkata,36,1051,34,0
TXN08886,2026-01-30 11:28:00,Transfer,461.1,Hyderabad,51,1004,25,0
TXN09022,2026-01-30 11:28:00,Transfer,132.11,Bengaluru,35,773,64,0
TXN01145,2026-01-30 11:28:00,Payment,638.21,Jaipur,58,900,54,0
TXN06954,2026-01-30 11:29:00,Payment,1122.15,Delhi,59,1273,98,0
TXN09873,2026-01-30 11:31:00,Payment,372.15,Hyderabad,27,504,16,0
TXN00497,2026-01-30 11:32:00,Payment,318.84,Jaipur,61,466,55,0
TXN01442,2026-01-30 11:34:00,Transfer,125.03,Bengaluru,62,1309,83,0
TXN06873,2026-01-30 11:35:00,Payment,68.68,Chennai,34,664,117,1
TXN05137,2026-01-30 11:35:00,Transfer,47.11,Bengaluru,26,525,20,0
TXN08873,2026-01-30 11:42:00,Transfer,604.22,Mumbai,26,547,27,0
TXN00716,2026-01-30 11:43:00,Transfer,32.37,Hyderabad,42,1083,32,0
TXN00698,2026-01-30 11:44:00,Payment,59.38,Jaipur,26,1048,25,0
TXN00052,2026-01-30 11:45:00,Transfer,307.14,Kolkata,36,519,30,0
TXN02414,2026-01-30 11:46:00,Transfer,124.88,Delhi,18,2430,16,0
TXN02308,2026-01-30 11:47:00,Transfer,28.25,Mumbai,69,645,25,0
TXN03185,2026-01-30 11:49:00,Withdrawal,992.11,Chennai,52,1490,38,0
TXN08757,2026-01-30 11:49:00,Transfer,413.45,Delhi,36,702,41,0
TXN06675,2026-01-30 11:51:00,Transfer,126.33,Bengaluru,68,721,24,0
TXN08401,2026-01-30 11:58:00,Transfer,182.2,Pune,27,846,49,0
TXN03672,2026-01-30 11:58:00,Payment,247.54,Delhi,43,482,46,0
TXN05645,2026-01-30 11:59:00,Payment,87.35,Jaipur,37,1108,41,0
TXN05371,2026-01-30 12:02:00,Payment,98.04,Kolkata,31,912,16,0
TXN08333,2026-01-30 12:02:00,Transfer,211.8,Delhi,64,555,39,0
TXN07062,2026-01-30 12:04:00,Payment,348.89,Chennai,62,1232,78,0
TXN07194,2026-01-30 12:12:00,Transfer,91.7,Delhi,39,319,65,0
TXN07446,2026-01-30 12:17:00,Transfer,1464.13,Pune,59,452,42,0
TXN09631,2026-01-30 12:19:00,Withdrawal,96.27,Bengaluru,69,1033,86,0
TXN07311,2026-01-30 12:21:00,Payment,9.55,Hyderabad,69,1124,28,0
TXN02878,2026-01-30 12:21:00,Withdrawal,116.0,Hyderabad,39,1666,13,0
TXN04423,2026-01-30 12:25:00,Withdrawal,1042.81,Delhi,33,920,38,0
TXN08594,2026-01-30 12:29:00,Payment,396.51,Mumbai,57,279,11,0
TXN01030,2026-01-30 12:29:00,Transfer,2058.81,Ahmedabad,46,941,6,0
TXN08041,2026-01-30 12:31:00,Payment,59.48,Chennai,29,1135,5,0
TXN09928,2026-01-30 12:35:00,Payment,133.99,Delhi,50,204,76,0
TXN01028,2026-01-30 12:37:00,Payment,70.82,Jaipur,29,921,17,0
TXN05738,2026-01-30 12:37:00,Payment,224.23,Hyderabad,19,344,34,0
TXN06926,2026-01-30 12:38:00,Payment,126.74,Bengaluru,37,431,49,0
TXN04915,2026-01-30 12:40:00,Payment,406.04,Delhi,50,1703,134,1
TXN09645,2026-01-30 12:42:00,Payment,280.44,Hyderabad,59,370,47,0
TXN04877,2026-01-30 12:45:00,Transfer,164.11,Delhi,49,894,19,0
TXN07539,2026-01-30 13:08:00,Payment,86.87,Bengaluru,28,1469,87,0
TXN03431,2026-01-30 13:10:00,Payment,898.91,Mumbai,62,1364,67,0
TXN00977,2026-01-30 13:13:00,Transfer,405.24,Bengaluru,51,674,26,0
TXN08183,2026-01-30 13:14:00,Transfer,636.42,Kolkata,20,612,116,0
TXN03104,2026-01-30 13:15:00,Transfer,581.13,Mumbai,35,302,40,0
TXN06088,2026-01-30 13:17:00,Payment,33.59,Ahmedabad,64,397,39,0
TXN00722,2026-01-30 13:20:00,Transfer,34.21,Jaipur,52,1188,14,0
TXN07594,2026-01-30 13:20:00,Payment,237.77,Bengaluru,23,1953,30,0
TXN00468,2026-01-30 13:25:00,Payment,447.17,Hyderabad,47,684,11,0
TXN06924,2026-01-30 13:26:00,Transfer,30.1,Mumbai,26,432,1,0
TXN05259,2026-01-30 13:36:00,Transfer,1038.44,Mumbai,61,965,11,0
TXN00240,2026-01-30 13:38:00,Withdrawal,190.9,Kolkata,44,1085,56,0
TXN01589,2026-01-30 13:39:00,Payment,42.37,Kolkata,57,290,50,0
TXN07425,2026-01-30 13:42:00,Payment,177.63,Bengaluru,51,323,43,0
TXN02389,2026-01-30 13:43:00,Withdrawal,451.78,Jaipur,50,664,36,0
TXN07331,2026-01-30 13:43:00,Payment,33.07,Jaipur,61,481,8,0
TXN08204,2026-01-30 13:46:00,Payment,139.47,Chennai,46,629,67,0
TXN05931,2026-01-30 13:47:00,Payment,362.74,Hyderabad,29,447,53,0
TXN02538,2026-01-30 13:51:00,Payment,689.95,Bengaluru,60,495,179,0
TXN09896,2026-01-30 13:52:00,Payment,400.46,Bengaluru,65,316,15,0
TXN06296,2026-01-30 13:54:00,Payment,590.5,Bengaluru,51,1474,65,0
TXN08544,2026-01-30 13:54:00,Payment,181.24,Jaipur,43,755,30,0
TXN02670,2026-01-30 13:55:00,Payment,708.15,Hyderabad,29,767,11,0
TXN02165,2026-01-30 13:57:00,Transfer,81.95,Ahmedabad,46,577,49,0
TXN02799,2026-01-30 13:59:00,Withdrawal,84.25,Pune,68,296,12,0
TXN02360,2026-01-30 14:00:00,Payment,92.56,Bengaluru,33,2805,102,0
TXN09974,2026-01-30 14:10:00,Payment,115.56,Kolkata,28,801,64,0
TXN03133,2026-01-30 14:10:00,Payment,24.69,Pune,20,666,39,0
TXN01376,2026-01-30 14:15:00,Payment,1167.73,Mumbai,40,546,81,0
TXN00200,2026-01-30 14:17:00,Payment,60.49,Jaipur,49,663,142,0
TXN02745,2026-01-30 14:20:00,Transfer,140.93,Hyderabad,66,197,54,0
TXN08632,2026-01-30 14:22:00,Transfer,74.5,Kolkata,34,635,4,0
TXN05384,2026-01-30 14:26:00,Transfer,230.24,Bengaluru,34,793,101,0
TXN05847,2026-01-30 14:28:00,Payment,27.34,Mumbai,41,551,26,0
TXN03074,2026-01-30 14:32:00,Payment,638.95,Chennai,28,1010,65,0
TXN08376,2026-01-30 14:33:00,Withdrawal,366.91,Mumbai,53,802,64,0
TXN08101,2026-01-30 14:46:00,Transfer,256.18,Mumbai,19,445,20,0
TXN08233,2026-01-30 14:47:00,Transfer,450.82,Bengaluru,57,1087,39,0
TXN02425,2026-01-30 15:01:00,Withdrawal,936.88,Pune,35,2054,20,0
TXN05009,2026-01-30 15:02:00,Transfer,198.92,Delhi,63,1043,40,0
TXN05189,2026-01-30 15:02:00,Withdrawal,151.33,Kolkata,21,1208,110,0
TXN01659,2026-01-30 15:06:00,Payment,74.97,Jaipur,53,1589,41,0
TXN00190,2026-01-30 15:14:00,Payment,304.34,Pune,51,458,58,0
TXN03567,2026-01-30 15:18:00,Payment,44.28,Delhi,19,1622,33,0
TXN06643,2026-01-30 15:18:00,Payment,688.91,Pune,39,839,60,0
TXN06635,2026-01-30 15:19:00,Payment,26.51,Ahmedabad,47,1800,27,0
TXN09347,2026-01-30 15:23:00,Payment,203.47,Jaipur,54,719,63,0
TXN08165,2026-01-30 15:27:00,Transfer,32.71,Pune,27,439,86,0
TXN02639,2026-01-30 15:34:00,Payment,65.49,Bengaluru,59,1222,54,0
TXN03483,2026-01-30 15:49:00,Payment,873.53,Delhi,36,838,43,0
TXN04336,2026-01-30 15:50:00,Payment,539.66,Kolkata,22,1164,22,0
TXN06837,2026-01-30 15:51:00,Withdrawal,78.0,Kolkata,26,1174,140,0
TXN07286,2026-01-30 15:52:00,Transfer,634.36,Bengaluru,40,1122,53,0
TXN07057,2026-01-30 15:52:00,Payment,118.46,Hyderabad,19,1141,7,0
TXN01640,2026-01-30 15:55:00,Transfer,52.7,Bengaluru,66,1847,36,0
TXN05015,2026-01-30 15:56:00,Transfer,230.38,Kolkata,57,746,38,0
TXN00394,2026-01-30 16:04:00,Payment,232.33,Pune,65,1057,14,0
TXN06490,2026-01-30 16:06:00,Transfer,154.98,Hyderabad,41,1035,25,0
TXN04233,2026-01-30 16:07:00,Withdrawal,353.37,Chennai,66,447,52,0
TXN07657,2026-01-30 16:08:00,Payment,168.47,Hyderabad,55,2339,107,0
TXN04301,2026-01-30 16:21:00,Payment,507.45,Pune,21,610,39,0
TXN03031,2026-01-30 16:24:00,Payment,224.84,Delhi,55,1371,61,0
TXN03841,2026-01-30 16:25:00,Payment,143.62,Pune,51,1758,32,0
TXN08072,2026-01-30 16:30:00,Payment,168.73,Kolkata,22,584,48,0
TXN06869,2026-01-30 16:39:00,Transfer,109.28,Bengaluru,34,2832,64,0
TXN00534,2026-01-30 16:43:00,Transfer,2163.22,Bengaluru,44,2050,38,0
TXN00265,2026-01-30 16:44:00,Payment,174.61,Mumbai,45,2028,61,0
TXN00417,2026-01-30 16:47:00,Transfer,110.96,Hyderabad,62,1793,54,0
TXN00742,2026-01-30 16:47:00,Payment,22.18,Bengaluru,37,107,9,0
TXN06467,2026-01-30 16:49:00,Withdrawal,75.14,Mumbai,27,1667,36,0
TXN03746,2026-01-30 16:50:00,Withdrawal,430.72,Bengaluru,22,1470,60,0
TXN04193,2026-01-30 16:51:00,Payment,573.34,Ahmedabad,61,507,66,0
TXN07190,2026-01-30 16:56:00,Withdrawal,97.36,Delhi,35,2362,13,0
TXN06281,2026-01-30 16:56:00,Payment,50.78,Chennai,50,1030,7,0
TXN09623,2026-01-30 16:58:00,Payment,169.86,Ahmedabad,29,2160,133,0
TXN07673,2026-01-30 16:59:00,Payment,469.65,Delhi,44,418,83,0
TXN06053,2026-01-30 16:59:00,Withdrawal,853.2,Jaipur,24,85,80,0
TXN01974,2026-01-30 17:03:00,Payment,117.18,Chennai,25,713,34,0
TXN05305,2026-01-30 17:04:00,Payment,607.51,Delhi,36,657,58,0
TXN07442,2026-01-30 17:06:00,Payment,357.74,Bengaluru,51,264,105,0
TXN02578,2026-01-30 17:08:00,Payment,449.61,Chennai,54,1142,56,0
TXN02488,2026-01-30 17:08:00,Payment,189.58,Delhi,43,333,99,0
TXN05578,2026-01-30 17:11:00,Transfer,145.57,Hyderabad,41,627,53,0
TXN03206,2026-01-30 17:13:00,Transfer,440.23,Hyderabad,28,889,9,0
TXN04372,2026-01-30 17:19:00,Withdrawal,227.81,Mumbai,47,615,72,0
TXN04414,2026-01-30 17:21:00,Transfer,94.66,Delhi,47,2277,82,0
TXN01488,2026-01-30 17:23:00,Payment,131.09,Bengaluru,22,1646,86,0
TXN01508,2026-01-30 17:24:00,Payment,91.96,Jaipur,30,845,70,0
TXN02514,2026-01-30 17:27:00,Transfer,2679.34,Bengaluru,44,943,44,0
TXN09089,2026-01-30 17:28:00,Payment,411.16,Bengaluru,62,858,102,0
TXN02982,2026-01-30 17:32:00,Payment,109.1,Delhi,58,643,18,0
TXN01679,2026-01-30 17:35:00,Payment,40.21,Hyderabad,48,1006,51,1
TXN06541,2026-01-30 17:37:00,Payment,2888.28,Ahmedabad,40,861,49,0
TXN09085,2026-01-30 17:41:00,Payment,269.09,Hyderabad,62,1246,32,0
TXN08332,2026-01-30 17:42:00,Payment,511.43,Delhi,46,3157,11,0
TXN05406,2026-01-30 17:47:00,Payment,170.58,Pune,20,2468,93,0
TXN09568,2026-01-30 17:49:00,Payment,102.29,Kolkata,28,1986,73,0
TXN03693,2026-01-30 17:50:00,Payment,194.58,Pune,54,264,50,0
TXN07398,2026-01-30 17:51:00,Transfer,182.07,Chennai,67,260,29,0
TXN07602,2026-01-30 17:51:00,Payment,72.49,Chennai,59,798,17,0
TXN06244,2026-01-30 17:52:00,Payment,190.46,Kolkata,57,883,23,0
TXN06366,2026-01-30 18:09:00,Transfer,1002.22,Bengaluru,23,759,40,0
TXN03610,2026-01-30 18:09:00,Transfer,576.64,Jaipur,37,529,71,0
TXN07848,2026-01-30 18:14:00,Transfer,873.15,Chennai,50,1064,80,0
TXN02161,2026-01-30 18:18:00,Payment,103.83,Pune,40,996,51,0
TXN02994,2026-01-30 18:18:00,Transfer,482.16,Mumbai,19,1808,55,0
TXN09320,2026-01-30 18:23:00,Payment,1625.32,Chennai,52,328,58,0
TXN07517,2026-01-30 18:28:00,Payment,78.63,Bengaluru,46,422,117,0
TXN09398,2026-01-30 18:29:00,Withdrawal,95.48,Hyderabad,32,1500,10,1
TXN04068,2026-01-30 18:29:00,Payment,146.26,Hyderabad,58,691,32,0
TXN01547,2026-01-30 18:32:00,Payment,35.49,Pune,48,1597,112,0
TXN06458,2026-01-30 18:33:00,Payment,47.78,Hyderabad,31,1714,23,0
TXN08802,2026-01-30 18:34:00,Withdrawal,210.75,Kolkata,56,982,38,0
TXN09792,2026-01-30 18:35:00,Transfer,74.48,Pune,27,561,9,0
TXN05201,2026-01-30 18:35:00,Withdrawal,3277.19,Hyderabad,46,223,46,0
TXN07563,2026-01-30 18:38:00,Transfer,2218.44,Kolkata,68,1982,97,0
TXN09138,2026-01-30 18:38:00,Payment,428.49,Kolkata,33,743,126,0
TXN01916,2026-01-30 18:49:00,Payment,221.13,Bengaluru,68,807,28,0
TXN01391,2026-01-30 18:49:00,Payment,146.05,Hyderabad,43,165,105,0
TXN02959,2026-01-30 18:52:00,Transfer,339.93,Bengaluru,32,1387,54,0
TXN01309,2026-01-30 18:53:00,Payment,72.81,Hyderabad,45,338,39,0
TXN06542,2026-01-30 18:54:00,Payment,510.23,Kolkata,48,1120,18,0
TXN03228,2026-01-30 18:54:00,Payment,339.04,Chennai,68,1194,78,0
TXN06031,2026-01-30 18:59:00,Payment,24.05,Pune,64,1106,47,0
TXN08647,2026-01-30 19:04:00,Transfer,183.62,Mumbai,61,553,87,0
TXN00590,2026-01-30 19:08:00,Payment,340.56,Mumbai,56,362,28,0
TXN04956,2026-01-30 19:09:00,Transfer,86.94,Chennai,49,323,18,0
TXN08772,2026-01-30 19:13:00,Payment,262.76,Delhi,63,1228,57,0
TXN08738,2026-01-30 19:14:00,Payment,36.37,Pune,53,922,95,0
TXN01655,2026-01-30 19:17:00,Payment,28.72,Mumbai,46,1439,146,0
TXN00524,2026-01-30 19:19:00,Transfer,153.01,Jaipur,44,612,9,0
TXN09048,2026-01-30 19:22:00,Payment,132.92,Chennai,53,275,114,0
TXN06436,2026-01-30 19:28:00,Payment,147.62,Kolkata,54,1247,32,0
TXN09807,2026-01-30 19:29:00,Payment,170.52,Pune,40,451,62,0
TXN09284,2026-01-30 19:37:00,Payment,164.27,Jaipur,38,1015,28,0
TXN01854,2026-01-30 19:37:00,Transfer,558.19,Hyderabad,21,314,32,0
TXN04795,2026-01-30 19:37:00,Payment,244.4,Mumbai,21,396,35,0
TXN02530,2026-01-30 19:38:00,Payment,108.82,Kolkata,23,1396,17,0
TXN04046,2026-01-30 19:43:00,Transfer,175.28,Ahmedabad,56,244,87,0
TXN05138,2026-01-30 19:52:00,Transfer,1411.66,Delhi,55,1472,67,1
TXN00517,2026-01-30 19:55:00,Payment,70.59,Jaipur,42,360,26,0
TXN07073,2026-01-30 19:56:00,Payment,284.55,Pune,35,1245,57,0
TXN09115,2026-01-30 20:01:00,Withdrawal,162.31,Jaipur,24,506,59,0
TXN08366,2026-01-30 20:05:00,Payment,213.56,Mumbai,24,1149,21,0
TXN03907,2026-01-30 20:12:00,Withdrawal,452.04,Mumbai,27,1168,17,0
TXN04000,2026-01-30 20:15:00,Transfer,1638.7,Chennai,61,2477,90,0
TXN00843,2026-01-30 20:20:00,Payment,39.81,Delhi,23,687,58,0
TXN08245,2026-01-30 20:22:00,Withdrawal,262.29,Bengaluru,68,847,32,0
TXN05367,2026-01-30 20:23:00,Payment,129.93,Jaipur,60,157,26,0
TXN01952,2026-01-30 20:24:00,Payment,3456.58,Delhi,36,774,22,1
TXN04767,2026-01-30 20:26:00,Payment,108.64,Bengaluru,29,599,24,0
TXN05543,2026-01-30 20:32:00,Transfer,367.51,Pune,25,1477,177,1
TXN02535,2026-01-30 20:32:00,Payment,2953.01,Delhi,23,705,29,0
TXN04004,2026-01-30 20:35:00,Payment,234.57,Mumbai,69,444,30,0
TXN02004,2026-01-30 20:36:00,Withdrawal,46.71,Delhi,23,1513,63,0
TXN04494,2026-01-30 20:41:00,Transfer,137.24,Bengaluru,48,321,60,0
TXN05074,2026-01-30 20:43:00,Payment,157.93,Pune,35,150,25,0
TXN03555,2026-01-30 20:45:00,Transfer,270.3,Pune,58,1869,76,0
TXN05535,2026-01-30 20:50:00,Transfer,231.13,Delhi,55,834,58,0
TXN02536,2026-01-30 20:51:00,Transfer,153.74,Ahmedabad,39,1563,44,0
TXN06565,2026-01-30 20:53:00,Payment,125.74,Mumbai,51,680,70,0
TXN08444,2026-01-30 20:58:00,Payment,622.08,Pune,44,115,22,0
TXN09633,2026-01-30 21:04:00,Transfer,389.25,Ahmedabad,38,611,31,0
TXN08242,2026-01-30 21:05:00,Payment,339.96,Kolkata,67,1104,40,0
TXN08932,2026-01-30 21:15:00,Transfer,1407.14,Hyderabad,20,392,112,0
TXN08134,2026-01-30 21:30:00,Withdrawal,506.33,Kolkata,59,713,126,0
TXN07129,2026-01-30 21:30:00,Payment,193.98,Mumbai,43,924,27,0
TXN09054,2026-01-30 21:30:00,Transfer,412.34,Pune,42,1038,22,0
TXN06994,2026-01-30 21:34:00,Payment,65.66,Kolkata,66,204,30,0
TXN01917,2026-01-30 21:36:00,Payment,279.33,Chennai,65,642,38,0
TXN08703,2026-01-30 21:39:00,Payment,143.7,Mumbai,66,827,10,0
TXN07717,2026-01-30 21:44:00,Payment,67.37,Pune,55,475,101,0
TXN03351,2026-01-30 21:44:00,Payment,680.44,Chennai,35,1238,36,0
TXN06225,2026-01-30 21:45:00,Withdrawal,85.89,Chennai,46,2077,22,0
TXN06381,2026-01-30 21:46:00,Transfer,900.01,Delhi,60,751,52,0
TXN00198,2026-01-30 21:46:00,Transfer,599.63,Kolkata,30,679,39,0
TXN08121,2026-01-30 21:47:00,Payment,117.45,Bengaluru,68,1418,6,0
TXN03805,2026-01-30 21:50:00,Transfer,42.63,Bengaluru,23,600,22,0
TXN01830,2026-01-30 21:58:00,Payment,630.44,Pune,40,2097,51,0
TXN01031,2026-01-30 22:00:00,Transfer,61.0,Bengaluru,56,391,50,0
TXN07518,2026-01-30 22:02:00,Transfer,67.26,Kolkata,20,1412,29,1
TXN02062,2026-01-30 22:09:00,Transfer,554.33,Ahmedabad,31,534,73,0
TXN03523,2026-01-30 22:10:00,Withdrawal,957.49,Delhi,39,2254,6,0
TXN02321,2026-01-30 22:12:00,Transfer,503.06,Bengaluru,47,666,75,0
TXN08219,2026-01-30 22:12:00,Payment,257.19,Ahmedabad,62,2138,6,0
TXN08590,2026-01-30 22:16:00,Payment,202.63,Bengaluru,55,505,79,0
TXN02390,2026-01-30 22:17:00,Payment,623.84,Ahmedabad,25,1365,53,0
TXN00269,2026-01-30 22:18:00,Transfer,96.35,Kolkata,21,439,72,0
TXN07269,2026-01-30 22:21:00,Transfer,67.13,Mumbai,29,97,75,0
TXN08557,2026-01-30 22:23:00,Transfer,641.84,Mumbai,60,365,109,0
TXN08329,2026-01-30 22:25:00,Withdrawal,364.54,Bengaluru,21,452,50,0
TXN07572,2026-01-30 22:29:00,Payment,576.54,Bengaluru,36,123,17,0
TXN01898,2026-01-30 22:29:00,Payment,968.38,Chennai,67,1388,95,1
TXN05993,2026-01-30 22:34:00,Payment,343.94,Delhi,53,1710,25,0
TXN00303,2026-01-30 22:34:00,Payment,69.35,Chennai,36,399,58,0
TXN07144,2026-01-30 22:36:00,Payment,51.6,Hyderabad,68,400,53,0
TXN02284,2026-01-30 22:37:00,Payment,527.16,Chennai,64,924,65,0
TXN01322,2026-01-30 22:38:00,Payment,145.86,Mumbai,45,1209,15,0
TXN02409,2026-01-30 22:42:00,Transfer,583.17,Jaipur,68,749,8,1
TXN04361,2026-01-30 22:46:00,Transfer,99.61,Chennai,35,1130,5,0
TXN06819,2026-01-30 22:47:00,Payment,67.48,Bengaluru,55,503,53,0
TXN06678,2026-01-30 22:50:00,Transfer,320.98,Ahmedabad,49,1369,16,0
TXN05599,2026-01-30 22:53:00,Withdrawal,23.74,Kolkata,27,2077,43,0
TXN02408,2026-01-30 22:54:00,Transfer,1026.62,Delhi,52,272,24,0
TXN03837,2026-01-30 22:54:00,Payment,99.22,Mumbai,60,360,51,0
TXN04247,2026-01-30 22:58:00,Transfer,129.45,Chennai,63,2190,18,0
